dish_id,food_id,grams,note
FNDDS-2705384,171265,40,"Milk, whole, 3.25% milkfat, with added vitamin D"
FNDDS-2705384,171269,8,"Milk, nonfat, fluid, with added vitamin A and vitamin D (fat free or skim)"
FNDDS-2705384,170872,14,"Milk, lowfat, fluid, 1% milkfat, with added vitamin A and vitamin D"
FNDDS-2705384,171267,38,"Milk, reduced fat, fluid, 2% milkfat, with added vitamin A and vitamin D"
FNDDS-2705385,171265,100,"Milk, whole, 3.25% milkfat, with added vitamin D"
FNDDS-2705386,171267,100,"Milk, reduced fat, fluid, 2% milkfat, with added vitamin A and vitamin D"
FNDDS-2705387,170872,100,"Milk, lowfat, fluid, 1% milkfat, with added vitamin A and vitamin D"
FNDDS-2705388,171269,100,"Milk, nonfat, fluid, with added vitamin A and vitamin D (fat free or skim)"
FNDDS-2705389,170872,100,"Milk, lowfat, fluid, 1% milkfat, with added vitamin A and vitamin D"
FNDDS-2705390,171269,100,"Milk, nonfat, fluid, with added vitamin A and vitamin D (fat free or skim)"
FNDDS-2705391,171267,100,"Milk, reduced fat, fluid, 2% milkfat, with added vitamin A and vitamin D"
FNDDS-2705392,171265,100,"Milk, whole, 3.25% milkfat, with added vitamin D"
FNDDS-2705393,170874,100,"Buttermilk, low fat"
FNDDS-2705394,171301,50,"Kefir, lowfat, strawberry, LIFEWAY"
FNDDS-2705394,170904,50,"Kefir, lowfat, plain, LIFEWAY"
FNDDS-2705395,171278,100,"Milk, goat, fluid, with added vitamin D"
FNDDS-2705396,172195,23,"Milk, dry, nonfat, regular, with added vitamin A and vitamin D"
FNDDS-2705396,173647,237,"Beverages, water, tap, drinking"
FNDDS-2705397,170876,42.662,"Milk, dry, whole, with added vitamin D"
FNDDS-2705397,173647,237,"Beverages, water, tap, drinking"
FNDDS-2705398,171276,100,"Milk, canned, evaporated, with added vitamin D and without added vitamin A"
FNDDS-2705399,171276,100,"Milk, canned, evaporated, with added vitamin D and without added vitamin A"
FNDDS-2705400,170878,100,"Milk, canned, evaporated, nonfat, with added vitamin A and vitamin D"
FNDDS-2705400,173412,1.8,"Butter oil, anhydrous"
FNDDS-2705401,170878,100,"Milk, canned, evaporated, nonfat, with added vitamin A and vitamin D"
FNDDS-2705402,171275,100,"Milk, canned, condensed, sweetened"
FNDDS-2705404,175215,96,"Soy milk, unsweetened, plain, shelf stable"
FNDDS-2705404,169655,4,"Sugars, granulated"
FNDDS-2705405,175215,100,"Soy milk, unsweetened, plain, shelf stable"
FNDDS-2705407,174832,96,"Almond milk, unsweetened, plain, shelf stable"
FNDDS-2705407,169655,4,"Sugars, granulated"
FNDDS-2705409,174832,100,"Almond milk, unsweetened, plain, shelf stable"
FNDDS-2705411,171942,100,"Beverages, rice milk, unsweetened"
FNDDS-2705413,174116,100,"Beverages, coconut milk, sweetened, fortified with calcium, vitamins A, B12, D2"
FNDDS-2705422,171304,100,"Yogurt, Greek, plain, whole milk"
FNDDS-2705423,173412,1,"Butter oil, anhydrous"
FNDDS-2705423,170894,99,"Yogurt, Greek, plain, nonfat"
FNDDS-2705424,170894,100,"Yogurt, Greek, plain, nonfat"
FNDDS-2705444,171009,20,"Salad dressing, mayonnaise, regular"
FNDDS-2705444,173468,1.3,"Salt, table"
FNDDS-2705444,170106,2,"Peppers, hot chili, red, raw"
FNDDS-2705444,170903,80,"Yogurt, Greek, plain, lowfat"
FNDDS-2705451,168105,100,"Frozen yogurts, flavors other than chocolate"
FNDDS-2705452,168105,100,"Frozen yogurts, flavors other than chocolate"
FNDDS-2705453,168104,100,"Frozen yogurts, chocolate"
FNDDS-2705454,168815,100,"Frozen yogurts, vanilla, soft-serve"
FNDDS-2705456,172714,25,"Cookies, chocolate wafers"
FNDDS-2705456,168105,75,"Frozen yogurts, flavors other than chocolate"
FNDDS-2705457,168105,100,"Frozen yogurts, flavors other than chocolate"
FNDDS-2705458,168104,100,"Frozen yogurts, chocolate"
FNDDS-2705459,175000,5,"Ice cream cones, cake or wafer-type"
FNDDS-2705459,168104,120,"Frozen yogurts, chocolate"
FNDDS-2705460,175000,5,"Ice cream cones, cake or wafer-type"
FNDDS-2705460,168105,120,"Frozen yogurts, flavors other than chocolate"
FNDDS-2705461,168105,240,"Frozen yogurts, flavors other than chocolate"
FNDDS-2705461,175001,15,"Ice cream cones, sugar, rolled-type"
FNDDS-2705462,175001,15,"Ice cream cones, sugar, rolled-type"
FNDDS-2705462,168104,240,"Frozen yogurts, chocolate"
FNDDS-2705466,170881,75,"Milk, chocolate, lowfat, with added vitamin A and vitamin D"
FNDDS-2705466,171303,25,"Milk, chocolate, fat free, with added vitamin A and vitamin D"
FNDDS-2705467,170879,100,"Milk, chocolate, fluid, commercial, whole, with added vitamin A and vitamin D"
FNDDS-2705468,170880,100,"Milk, chocolate, fluid, commercial, reduced fat, with added vitamin A and vitamin D"
FNDDS-2705469,171303,100,"Milk, chocolate, fat free, with added vitamin A and vitamin D"
FNDDS-2705470,170881,100,"Milk, chocolate, lowfat, with added vitamin A and vitamin D"
FNDDS-2705473,171267,244,"Milk, reduced fat, fluid, 2% milkfat, with added vitamin A and vitamin D"
FNDDS-2705473,170681,56,"Syrup, NESTLE, chocolate"
FNDDS-2705474,170681,56,"Syrup, NESTLE, chocolate"
FNDDS-2705474,171269,244,"Milk, nonfat, fluid, with added vitamin A and vitamin D (fat free or skim)"
FNDDS-2705479,171265,244,"Milk, whole, 3.25% milkfat, with added vitamin D"
FNDDS-2705479,168834,35,"Syrups, chocolate, HERSHEY'S Genuine Chocolate Flavored Lite Syrup"
FNDDS-2705480,168834,35,"Syrups, chocolate, HERSHEY'S Genuine Chocolate Flavored Lite Syrup"
FNDDS-2705480,171267,244,"Milk, reduced fat, fluid, 2% milkfat, with added vitamin A and vitamin D"
FNDDS-2705481,170872,244,"Milk, lowfat, fluid, 1% milkfat, with added vitamin A and vitamin D"
FNDDS-2705481,168834,35,"Syrups, chocolate, HERSHEY'S Genuine Chocolate Flavored Lite Syrup"
FNDDS-2705482,171269,244,"Milk, nonfat, fluid, with added vitamin A and vitamin D (fat free or skim)"
FNDDS-2705482,168834,35,"Syrups, chocolate, HERSHEY'S Genuine Chocolate Flavored Lite Syrup"
FNDDS-2705483,173647,180,"Beverages, water, tap, drinking"
FNDDS-2705483,174122,28,"Beverages, Cocoa mix, powder"
FNDDS-2705484,174122,28,"Beverages, Cocoa mix, powder"
FNDDS-2705484,171267,180,"Milk, reduced fat, fluid, 2% milkfat, with added vitamin A and vitamin D"
FNDDS-2705485,171269,180,"Milk, nonfat, fluid, with added vitamin A and vitamin D (fat free or skim)"
FNDDS-2705485,174122,28,"Beverages, Cocoa mix, powder"
FNDDS-2705488,173647,180,"Beverages, water, tap, drinking"
FNDDS-2705488,171886,16,"Beverages, Cocoa mix, no sugar added, powder"
FNDDS-2705489,171886,16,"Beverages, Cocoa mix, no sugar added, powder"
FNDDS-2705489,171267,180,"Milk, reduced fat, fluid, 2% milkfat, with added vitamin A and vitamin D"
FNDDS-2705491,168834,56,"Syrups, chocolate, HERSHEY'S Genuine Chocolate Flavored Lite Syrup"
FNDDS-2705491,171267,244,"Milk, reduced fat, fluid, 2% milkfat, with added vitamin A and vitamin D"
FNDDS-2705492,171269,180,"Milk, nonfat, fluid, with added vitamin A and vitamin D (fat free or skim)"
FNDDS-2705492,171886,16,"Beverages, Cocoa mix, no sugar added, powder"
FNDDS-2705493,171269,244,"Milk, nonfat, fluid, with added vitamin A and vitamin D (fat free or skim)"
FNDDS-2705493,168834,56,"Syrups, chocolate, HERSHEY'S Genuine Chocolate Flavored Lite Syrup"
FNDDS-2705496,171265,244,"Milk, whole, 3.25% milkfat, with added vitamin D"
FNDDS-2705496,174869,20,"Strawberry-flavor beverage mix, powder"
FNDDS-2705497,171267,244,"Milk, reduced fat, fluid, 2% milkfat, with added vitamin A and vitamin D"
FNDDS-2705497,174869,16,"Strawberry-flavor beverage mix, powder"
FNDDS-2705498,174869,20,"Strawberry-flavor beverage mix, powder"
FNDDS-2705498,170872,244,"Milk, lowfat, fluid, 1% milkfat, with added vitamin A and vitamin D"
FNDDS-2705499,171269,244,"Milk, nonfat, fluid, with added vitamin A and vitamin D (fat free or skim)"
FNDDS-2705499,174869,20,"Strawberry-flavor beverage mix, powder"
FNDDS-2705502,171258,100,Eggnog
FNDDS-2705503,171265,488,"Milk, whole, 3.25% milkfat, with added vitamin D"
FNDDS-2705503,168809,296,"Ice creams, chocolate"
FNDDS-2705504,167575,270,"Ice creams, vanilla"
FNDDS-2705504,171265,488,"Milk, whole, 3.25% milkfat, with added vitamin D"
FNDDS-2705505,170872,488,"Milk, lowfat, fluid, 1% milkfat, with added vitamin A and vitamin D"
FNDDS-2705505,167585,296,"Ice creams, chocolate, light"
FNDDS-2705506,170872,488,"Milk, lowfat, fluid, 1% milkfat, with added vitamin A and vitamin D"
FNDDS-2705506,167572,270,"Ice creams, vanilla, light"
FNDDS-2705507,173220,29.6,"Beverages, Malted drink mix, natural, powder, dairy based."
FNDDS-2705507,167575,270,"Ice creams, vanilla"
FNDDS-2705507,171265,488,"Milk, whole, 3.25% milkfat, with added vitamin D"
FNDDS-2705509,173226,100,"Shake, fast food, vanilla"
FNDDS-2705511,173226,100,"Shake, fast food, vanilla"
FNDDS-2705516,170775,100,"Fast foods, strawberry banana smoothie made with ice and low-fat yogurt"
FNDDS-2705517,167711,100,"Beverages, Chocolate-flavored drink, whey and milk based"
FNDDS-2705520,172318,100,"Infant formula, ABBOTT NUTRITION, SIMILAC, ALIMENTUM, ADVANCE, ready-to-feed, with ARA and DHA"
FNDDS-2705521,172318,100,"Infant formula, ABBOTT NUTRITION, SIMILAC, ALIMENTUM, ADVANCE, ready-to-feed, with ARA and DHA"
FNDDS-2705522,172253,59.2,"Babyfood, water, bottled, GERBER, without added fluoride"
FNDDS-2705522,173561,8.5,"Infant formula, ABBOTT NUTRITION, SIMILAC, ADVANCE, with iron, powder, not reconstituted"
FNDDS-2705523,173647,59.2,"Beverages, water, tap, drinking"
FNDDS-2705523,173561,8.5,"Infant formula, ABBOTT NUTRITION, SIMILAC, ADVANCE, with iron, powder, not reconstituted"
FNDDS-2705524,174158,59.2,"Water, bottled, generic"
FNDDS-2705524,173561,8.5,"Infant formula, ABBOTT NUTRITION, SIMILAC, ADVANCE, with iron, powder, not reconstituted"
FNDDS-2705525,173561,8.5,"Infant formula, ABBOTT NUTRITION, SIMILAC, ADVANCE, with iron, powder, not reconstituted"
FNDDS-2705525,172253,59.2,"Babyfood, water, bottled, GERBER, without added fluoride"
FNDDS-2705526,173559,8.5,"Infant formula, ABBOTT NUTRITION, SIMILAC, SENSITIVE, (LACTOSE FREE), powder, with ARA and DHA"
FNDDS-2705526,172253,59.2,"Babyfood, water, bottled, GERBER, without added fluoride"
FNDDS-2705527,173647,59.2,"Beverages, water, tap, drinking"
FNDDS-2705527,173559,8.5,"Infant formula, ABBOTT NUTRITION, SIMILAC, SENSITIVE, (LACTOSE FREE), powder, with ARA and DHA"
FNDDS-2705528,173559,8.5,"Infant formula, ABBOTT NUTRITION, SIMILAC, SENSITIVE, (LACTOSE FREE), powder, with ARA and DHA"
FNDDS-2705528,174158,59.2,"Water, bottled, generic"
FNDDS-2705529,172253,59.2,"Babyfood, water, bottled, GERBER, without added fluoride"
FNDDS-2705529,173559,8.5,"Infant formula, ABBOTT NUTRITION, SIMILAC, SENSITIVE, (LACTOSE FREE), powder, with ARA and DHA"
FNDDS-2705530,172253,59.2,"Babyfood, water, bottled, GERBER, without added fluoride"
FNDDS-2705530,171399,8.5,"Infant formula, ABBOTT NUTRITION, SIMILAC, For Spit Up, powder, with ARA and DHA"
FNDDS-2705531,171399,8.5,"Infant formula, ABBOTT NUTRITION, SIMILAC, For Spit Up, powder, with ARA and DHA"
FNDDS-2705531,172253,59.2,"Babyfood, water, bottled, GERBER, without added fluoride"
FNDDS-2705532,168971,15,"Infant formula, ABBOTT NUTRITION, SIMILAC, GO AND GROW, powder, with ARA and DHA"
FNDDS-2705532,172253,118.4,"Babyfood, water, bottled, GERBER, without added fluoride"
FNDDS-2705534,172253,59.2,"Babyfood, water, bottled, GERBER, without added fluoride"
FNDDS-2705534,168967,8.8,"Infant Formula, MEAD JOHNSON, ENFAMIL, Premium LIPIL, Infant, powder"
FNDDS-2705535,168967,8.8,"Infant Formula, MEAD JOHNSON, ENFAMIL, Premium LIPIL, Infant, powder"
FNDDS-2705535,173647,59.2,"Beverages, water, tap, drinking"
FNDDS-2705536,174158,59.2,"Water, bottled, generic"
FNDDS-2705536,168967,8.8,"Infant Formula, MEAD JOHNSON, ENFAMIL, Premium LIPIL, Infant, powder"
FNDDS-2705537,168967,8.8,"Infant Formula, MEAD JOHNSON, ENFAMIL, Premium LIPIL, Infant, powder"
FNDDS-2705537,172253,59.2,"Babyfood, water, bottled, GERBER, without added fluoride"
FNDDS-2705538,172322,8.8,"Infant formula, MEAD JOHNSON, ENFAMIL, AR, powder, with ARA and DHA"
FNDDS-2705538,172253,59.2,"Babyfood, water, bottled, GERBER, without added fluoride"
FNDDS-2705539,172322,8.8,"Infant formula, MEAD JOHNSON, ENFAMIL, AR, powder, with ARA and DHA"
FNDDS-2705539,172253,59.2,"Babyfood, water, bottled, GERBER, without added fluoride"
FNDDS-2705540,171389,8.8,"Infant Formula, MEAD JOHNSON, ENFAMIL, GENTLEASE, with ARA and DHA powder not reconstituted"
FNDDS-2705540,172253,59.2,"Babyfood, water, bottled, GERBER, without added fluoride"
FNDDS-2705541,171389,8.8,"Infant Formula, MEAD JOHNSON, ENFAMIL, GENTLEASE, with ARA and DHA powder not reconstituted"
FNDDS-2705541,173647,59.2,"Beverages, water, tap, drinking"
FNDDS-2705542,174158,59.2,"Water, bottled, generic"
FNDDS-2705542,171389,8.8,"Infant Formula, MEAD JOHNSON, ENFAMIL, GENTLEASE, with ARA and DHA powder not reconstituted"
FNDDS-2705543,172253,59.2,"Babyfood, water, bottled, GERBER, without added fluoride"
FNDDS-2705543,171389,8.8,"Infant Formula, MEAD JOHNSON, ENFAMIL, GENTLEASE, with ARA and DHA powder not reconstituted"
FNDDS-2705544,170992,20.25,"Toddler formula, MEAD JOHNSON, ENFAGROW, Toddler Transitions, with ARA and DHA, powder"
FNDDS-2705544,172253,177.4,"Babyfood, water, bottled, GERBER, without added fluoride"
FNDDS-2705544,168970,6.75,"Infant formula, MEAD JOHNSON, ENFAMIL, ENFAGROW, GENTLEASE, Toddler transitions, with ARA and DHA, powder"
FNDDS-2705545,172313,100,"Child formula, ABBOTT NUTRITION, PEDIASURE, ready-to-feed"
FNDDS-2705548,172313,100,"Child formula, ABBOTT NUTRITION, PEDIASURE, ready-to-feed"
FNDDS-2705550,172253,59.2,"Babyfood, water, bottled, GERBER, without added fluoride"
FNDDS-2705550,169785,8.7,"Infant formula, GERBER, GOOD START, PROTECT PLUS, powder"
FNDDS-2705551,173647,59.2,"Beverages, water, tap, drinking"
FNDDS-2705551,169785,8.7,"Infant formula, GERBER, GOOD START, PROTECT PLUS, powder"
FNDDS-2705552,169785,8.7,"Infant formula, GERBER, GOOD START, PROTECT PLUS, powder"
FNDDS-2705552,174158,59.2,"Water, bottled, generic"
FNDDS-2705553,172253,59.2,"Babyfood, water, bottled, GERBER, without added fluoride"
FNDDS-2705553,169785,8.7,"Infant formula, GERBER, GOOD START, PROTECT PLUS, powder"
FNDDS-2705554,169785,8.7,"Infant formula, GERBER, GOOD START, PROTECT PLUS, powder"
FNDDS-2705554,172253,59.2,"Babyfood, water, bottled, GERBER, without added fluoride"
FNDDS-2705556,170986,50,"Infant Formula, MEAD JOHNSON, ENFAMIL, ENFACARE, ready-to-feed, with ARA and DHA"
FNDDS-2705556,172323,50,"Infant formula, ABBOTT NUTRITION, SIMILAC NEOSURE, ready-to-feed, with ARA and DHA"
FNDDS-2705557,172323,50,"Infant formula, ABBOTT NUTRITION, SIMILAC NEOSURE, ready-to-feed, with ARA and DHA"
FNDDS-2705557,170986,50,"Infant Formula, MEAD JOHNSON, ENFAMIL, ENFACARE, ready-to-feed, with ARA and DHA"
FNDDS-2705565,173545,8.8,"Infant formula, MEAD JOHNSON, ENFAMIL, PROSOBEE, with iron, powder, not reconstituted, with ARA and DHA"
FNDDS-2705565,172253,59.2,"Babyfood, water, bottled, GERBER, without added fluoride"
FNDDS-2705566,173647,59.2,"Beverages, water, tap, drinking"
FNDDS-2705566,173545,8.8,"Infant formula, MEAD JOHNSON, ENFAMIL, PROSOBEE, with iron, powder, not reconstituted, with ARA and DHA"
FNDDS-2705567,173545,8.8,"Infant formula, MEAD JOHNSON, ENFAMIL, PROSOBEE, with iron, powder, not reconstituted, with ARA and DHA"
FNDDS-2705567,174158,59.2,"Water, bottled, generic"
FNDDS-2705568,172253,59.2,"Babyfood, water, bottled, GERBER, without added fluoride"
FNDDS-2705568,173545,8.8,"Infant formula, MEAD JOHNSON, ENFAMIL, PROSOBEE, with iron, powder, not reconstituted, with ARA and DHA"
FNDDS-2705569,172253,59.2,"Babyfood, water, bottled, GERBER, without added fluoride"
FNDDS-2705569,171384,8.5,"Infant formula, ABBOTT NUTRITION, SIMILAC, ISOMIL, ADVANCE with iron, powder, not reconstituted"
FNDDS-2705570,173647,59.2,"Beverages, water, tap, drinking"
FNDDS-2705570,171384,8.5,"Infant formula, ABBOTT NUTRITION, SIMILAC, ISOMIL, ADVANCE with iron, powder, not reconstituted"
FNDDS-2705571,174158,59.2,"Water, bottled, generic"
FNDDS-2705571,171384,8.5,"Infant formula, ABBOTT NUTRITION, SIMILAC, ISOMIL, ADVANCE with iron, powder, not reconstituted"
FNDDS-2705572,171384,8.5,"Infant formula, ABBOTT NUTRITION, SIMILAC, ISOMIL, ADVANCE with iron, powder, not reconstituted"
FNDDS-2705572,172253,59.2,"Babyfood, water, bottled, GERBER, without added fluoride"
FNDDS-2705573,171396,100,"Infant formula, ABBOTT NUTRITION, SIMILAC, Expert Care, Diarrhea, ready- to- feed with ARA and DHA"
FNDDS-2705574,172253,59.2,"Babyfood, water, bottled, GERBER, without added fluoride"
FNDDS-2705574,172316,8.7,"Infant formula, NESTLE, GOOD START SOY, with ARA and DHA, powder"
FNDDS-2705575,173647,59.2,"Beverages, water, tap, drinking"
FNDDS-2705575,172316,8.7,"Infant formula, NESTLE, GOOD START SOY, with ARA and DHA, powder"
FNDDS-2705576,174158,59.2,"Water, bottled, generic"
FNDDS-2705576,172316,8.7,"Infant formula, NESTLE, GOOD START SOY, with ARA and DHA, powder"
FNDDS-2705577,172316,8.7,"Infant formula, NESTLE, GOOD START SOY, with ARA and DHA, powder"
FNDDS-2705577,172253,59.2,"Babyfood, water, bottled, GERBER, without added fluoride"
FNDDS-2705579,172308,8.8,"Infant formula, MEAD JOHNSON, ENFAMIL, NUTRAMIGEN WITH LGG, with iron, powder, not reconstituted, with ARA and DHA"
FNDDS-2705579,172253,59.2,"Babyfood, water, bottled, GERBER, without added fluoride"
FNDDS-2705580,172308,8.8,"Infant formula, MEAD JOHNSON, ENFAMIL, NUTRAMIGEN WITH LGG, with iron, powder, not reconstituted, with ARA and DHA"
FNDDS-2705580,172253,59.2,"Babyfood, water, bottled, GERBER, without added fluoride"
FNDDS-2705581,172253,59.2,"Babyfood, water, bottled, GERBER, without added fluoride"
FNDDS-2705581,173538,8.8,"Infant formula, MEAD JOHNSON, PREGESTIMIL, with iron, powder, with ARA and DHA, not reconstituted"
FNDDS-2705582,173538,8.8,"Infant formula, MEAD JOHNSON, PREGESTIMIL, with iron, powder, with ARA and DHA, not reconstituted"
FNDDS-2705582,172253,59.2,"Babyfood, water, bottled, GERBER, without added fluoride"
FNDDS-2705583,172253,59.2,"Babyfood, water, bottled, GERBER, without added fluoride"
FNDDS-2705583,168973,8.8,"Infant formula, MEAD JOHNSON, ENFAMIL, NUTRAMIGEN, PurAmino, powder, not reconstituted"
FNDDS-2705584,172253,59.2,"Babyfood, water, bottled, GERBER, without added fluoride"
FNDDS-2705584,172307,8.5,"Infant formula, ABBOTT NUTRITION, SIMILAC, PM 60/40, powder not reconstituted"
FNDDS-2705585,172195,100,"Milk, dry, nonfat, regular, with added vitamin A and vitamin D"
FNDDS-2705586,171283,100,"Whey, sweet, dried"
FNDDS-2705588,174159,100,"Beverages, chocolate-flavor beverage mix for milk, powder, with added nutrients"
FNDDS-2705589,174824,100,"Beverages, chocolate powder, no sugar added"
FNDDS-2705590,173222,100,"Beverages, OVALTINE, chocolate malt powder"
FNDDS-2705591,174869,100,"Strawberry-flavor beverage mix, powder"
FNDDS-2705593,170857,100,"Cream, fluid, light (coffee cream or table cream)"
FNDDS-2705594,171255,100,"Cream, fluid, half and half"
FNDDS-2705595,171255,100,"Cream, fluid, half and half"
FNDDS-2705595,172236,2,"Vanilla extract, imitation, no alcohol"
FNDDS-2705596,172212,100,"Cream, half and half, fat free"
FNDDS-2705597,170859,100,"Cream, heavy"
FNDDS-2705598,170859,238,"Cream, heavy"
FNDDS-2705598,169656,15,"Sugars, powdered"
FNDDS-2705599,171261,100,"Cream substitute, liquid, with hydrogenated vegetable oil and soy protein"
FNDDS-2705600,171261,100,"Cream substitute, liquid, with hydrogenated vegetable oil and soy protein"
FNDDS-2705601,173453,100,"Cream substitute, flavored, liquid"
FNDDS-2705602,168097,100,"Cream substitute, liquid, light"
FNDDS-2705603,169655,25,"Sugars, granulated"
FNDDS-2705603,168097,75,"Cream substitute, liquid, light"
FNDDS-2705604,168097,100,"Cream substitute, liquid, light"
FNDDS-2705605,168097,100,"Cream substitute, liquid, light"
FNDDS-2705606,171263,100,"Cream substitute, powdered"
FNDDS-2705607,172214,100,"Cream substitute, flavored, powdered"
FNDDS-2705608,167688,100,"Cream substitute, powdered, light"
FNDDS-2705609,171263,100,"Cream substitute, powdered"
FNDDS-2705610,171261,100,"Cream substitute, liquid, with hydrogenated vegetable oil and soy protein"
FNDDS-2705611,170868,100,"Dessert topping, semi solid, frozen"
FNDDS-2705612,167687,100,"Whipped topping, frozen, low fat"
FNDDS-2705613,167687,100,"Whipped topping, frozen, low fat"
FNDDS-2705614,171257,100,"Cream, sour, full fat"
FNDDS-2705615,173443,100,"Sour cream, light"
FNDDS-2705616,173444,100,"Sour cream, fat free"
FNDDS-2705617,170869,100,"Sour cream, imitation, cultured"
FNDDS-2705619,171257,50,"Cream, sour, full fat"
FNDDS-2705619,170106,2,"Peppers, hot chili, red, raw"
FNDDS-2705619,173468,1,"Salt, table"
FNDDS-2705619,171009,50,"Salad dressing, mayonnaise, regular"
FNDDS-2705620,173443,50,"Sour cream, light"
FNDDS-2705620,173594,50,"Salad dressing, mayonnaise, light"
FNDDS-2705620,169655,6,"Sugars, granulated"
FNDDS-2705620,173468,0.5,"Salt, table"
FNDDS-2705620,170106,2,"Peppers, hot chili, red, raw"
FNDDS-2705630,167575,100,"Ice creams, vanilla"
FNDDS-2705631,169583,10,"Candies, MARS SNACKFOOD US, M&M's Milk Chocolate Candies"
FNDDS-2705631,172718,5,"Cookies, chocolate sandwich, with creme filling, regular"
FNDDS-2705631,167575,135,"Ice creams, vanilla"
FNDDS-2705631,168835,10,"Syrups, chocolate, fudge-type"
FNDDS-2705632,168809,100,"Ice creams, chocolate"
FNDDS-2705633,168809,135,"Ice creams, chocolate"
FNDDS-2705633,169583,10,"Candies, MARS SNACKFOOD US, M&M's Milk Chocolate Candies"
FNDDS-2705633,168835,10,"Syrups, chocolate, fudge-type"
FNDDS-2705633,172718,5,"Cookies, chocolate sandwich, with creme filling, regular"
FNDDS-2705634,167572,100,"Ice creams, vanilla, light"
FNDDS-2705635,167585,100,"Ice creams, chocolate, light"
FNDDS-2705636,167573,100,"Ice creams, vanilla, rich"
FNDDS-2705637,168136,100,"Ice creams, chocolate, rich"
FNDDS-2705638,171294,100,"Ice cream bar, stick or nugget, with crunch coating"
FNDDS-2705639,173466,100,"Ice cream, bar or stick, chocolate covered"
FNDDS-2705640,168130,100,"Frozen novelties, ice cream type, chocolate or caramel covered, with nuts"
FNDDS-2705642,167575,75,"Ice creams, vanilla"
FNDDS-2705642,172714,25,"Cookies, chocolate wafers"
FNDDS-2705643,168809,75,"Ice creams, chocolate"
FNDDS-2705643,172714,25,"Cookies, chocolate wafers"
FNDDS-2705644,167575,55,"Ice creams, vanilla"
FNDDS-2705644,172715,45,"Cookies, chocolate chip, commercially prepared, regular, lower fat"
FNDDS-2705645,175000,5,"Ice cream cones, cake or wafer-type"
FNDDS-2705645,167575,120,"Ice creams, vanilla"
FNDDS-2705646,167575,240,"Ice creams, vanilla"
FNDDS-2705646,175001,15,"Ice cream cones, sugar, rolled-type"
FNDDS-2705648,168809,120,"Ice creams, chocolate"
FNDDS-2705648,175000,5,"Ice cream cones, cake or wafer-type"
FNDDS-2705649,168809,240,"Ice creams, chocolate"
FNDDS-2705649,175001,15,"Ice cream cones, sugar, rolled-type"
FNDDS-2705650,167572,120,"Ice creams, vanilla, light"
FNDDS-2705650,175000,5,"Ice cream cones, cake or wafer-type"
FNDDS-2705651,175000,5,"Ice cream cones, cake or wafer-type"
FNDDS-2705651,167585,120,"Ice creams, chocolate, light"
FNDDS-2705652,167572,240,"Ice creams, vanilla, light"
FNDDS-2705652,175001,15,"Ice cream cones, sugar, rolled-type"
FNDDS-2705653,175001,15,"Ice cream cones, sugar, rolled-type"
FNDDS-2705653,167585,240,"Ice creams, chocolate, light"
FNDDS-2705654,172228,100,"Ice cream cone, chocolate covered, with nuts, flavors other than chocolate"
FNDDS-2705656,171871,246.4,"Beverages, carbonated, root beer"
FNDDS-2705656,167575,88,"Ice creams, vanilla"
FNDDS-2705657,168809,88,"Ice creams, chocolate"
FNDDS-2705657,171871,246.4,"Beverages, carbonated, root beer"
FNDDS-2705663,174957,20,"Cookies, graham crackers, plain or honey (includes cinnamon)"
FNDDS-2705663,173584,5,"Shortening, vegetable, household, composite"
FNDDS-2705663,167575,80,"Ice creams, vanilla"
FNDDS-2705664,167572,50,"Ice creams, vanilla, light"
FNDDS-2705664,169631,50,"Ice creams, vanilla, light, no sugar added"
FNDDS-2705665,167572,50,"Ice creams, vanilla, light"
FNDDS-2705665,169631,50,"Ice creams, vanilla, light, no sugar added"
FNDDS-2705666,169633,50,"Ice creams, chocolate, light, no sugar added"
FNDDS-2705666,167585,50,"Ice creams, chocolate, light"
FNDDS-2705667,173324,50,"Light Ice Cream, soft serve, blended with milk chocolate candies"
FNDDS-2705667,172085,50,"Light Ice Cream, soft serve, blended with cookie pieces"
FNDDS-2705673,171307,100,"Light ice cream, Creamsicle"
FNDDS-2705674,175103,15,"Beverages, water, tap, municipal"
FNDDS-2705674,173468,0.1,"Salt, table"
FNDDS-2705674,170258,75,"Frozen novelties, No Sugar Added, FUDGSICLE pops"
FNDDS-2705674,172365,2.5,"Oil, industrial, coconut, confection fat, typical basis for ice cream coatings"
FNDDS-2705674,169655,15,"Sugars, granulated"
FNDDS-2705677,167577,100,"Sherbet, orange"
FNDDS-2705678,170258,100,"Frozen novelties, No Sugar Added, FUDGSICLE pops"
FNDDS-2705679,168778,100,"Puddings, chocolate, ready-to-eat"
FNDDS-2705681,169608,100,"Puddings, vanilla, ready-to-eat"
FNDDS-2705683,173468,3,"Salt, table"
FNDDS-2705683,171287,300,"Eggs, Grade A, Large, egg whole"
FNDDS-2705683,171276,378,"Milk, canned, evaporated, with added vitamin D and without added vitamin A"
FNDDS-2705683,173647,355.5,"Beverages, water, tap, drinking"
FNDDS-2705683,169655,300,"Sugars, granulated"
FNDDS-2705685,168782,100,"Puddings, rice, ready-to-eat"
FNDDS-2705687,169614,100,"Puddings, tapioca, ready-to-eat"
FNDDS-2705692,169608,100,"Puddings, vanilla, ready-to-eat"
FNDDS-2705694,168778,100,"Puddings, chocolate, ready-to-eat"
FNDDS-2705696,169614,100,"Puddings, tapioca, ready-to-eat"
FNDDS-2705699,173461,100,Dulce de Leche
FNDDS-2705705,172175,100,"Cheese, blue"
FNDDS-2705706,172176,100,"Cheese, brick"
FNDDS-2705707,172178,100,"Cheese, camembert"
FNDDS-2705708,172177,100,"Cheese, brie"
FNDDS-2705709,173414,100,"Cheese, cheddar"
FNDDS-2705710,171292,100,"Cheese, cheddar, reduced fat (Includes foods for USDA's Food Distribution Program)"
FNDDS-2705711,171295,100,"Cheese, cheddar, nonfat or fat free"
FNDDS-2705712,173416,100,"Cheese, colby"
FNDDS-2705714,173420,100,"Cheese, feta, whole milk, crumbled"
FNDDS-2705715,170843,100,"Cheese, fontina"
FNDDS-2705716,173433,100,"Cheese, goat, semisoft type"
FNDDS-2705717,171241,100,"Cheese, gouda"
FNDDS-2705718,171242,100,"Cheese, gruyere"
FNDDS-2705719,171243,100,"Cheese, limburger"
FNDDS-2705721,168098,100,"Cheese, monterey, low fat"
FNDDS-2705722,171244,100,"Cheese, mozzarella, low moisture, part-skim"
FNDDS-2705723,171244,100,"Cheese, mozzarella, low moisture, part-skim"
FNDDS-2705724,167735,100,"Cheese, mozzarella, low sodium"
FNDDS-2705725,169051,100,"Cheese, mozzarella, nonfat"
FNDDS-2705726,171245,100,"Cheese, muenster"
FNDDS-2705727,169050,100,"Cheese, muenster, low fat"
FNDDS-2705729,172206,50,"Parmesan cheese topping, fat free"
FNDDS-2705729,171247,50,"Cheese, parmesan, grated"
FNDDS-2705731,172206,100,"Parmesan cheese topping, fat free"
FNDDS-2705732,171241,100,"Cheese, gouda"
FNDDS-2705734,172215,100,"Cheese, provolone, reduced fat"
FNDDS-2705735,171251,100,"Cheese, swiss"
FNDDS-2705736,168124,100,"Cheese, swiss, low sodium"
FNDDS-2705737,168141,100,"Cheese, swiss, low fat"
FNDDS-2705738,170897,100,"Cheese, Swiss, nonfat or fat free"
FNDDS-2705739,173440,100,"Cheese, low-sodium, cheddar or colby"
FNDDS-2705740,171265,97,"Milk, whole, 3.25% milkfat, with added vitamin D"
FNDDS-2705740,172237,3,"Vinegar, distilled"
FNDDS-2705742,172216,100,"Cheese, Mexican, blend, reduced fat"
FNDDS-2705743,172201,100,"Cheese, mexican, queso anejo"
FNDDS-2705747,172182,100,"Cheese, cottage, lowfat, 2% milkfat"
FNDDS-2705748,172179,100,"Cottage cheese, full fat, large or small curd"
FNDDS-2705749,172179,94.22,"Cottage cheese, full fat, large or small curd"
FNDDS-2705749,173412,5.78,"Butter oil, anhydrous"
FNDDS-2705750,171248,50,"Cheese, ricotta, part skim milk"
FNDDS-2705750,170851,50,"Cheese, ricotta, whole milk"
FNDDS-2705751,174667,15,"Fruit cocktail, (peach and pineapple and pear and grape and cherry), canned, water pack, solids and liquids"
FNDDS-2705751,172182,85,"Cheese, cottage, lowfat, 2% milkfat"
FNDDS-2705752,172182,85,"Cheese, cottage, lowfat, 2% milkfat"
FNDDS-2705752,170472,15,"Vegetables, mixed, frozen, cooked, boiled, drained, without salt"
FNDDS-2705753,172181,100,"Cheese, cottage, nonfat, uncreamed, dry, large or small curd"
FNDDS-2705754,172181,99,"Cheese, cottage, nonfat, uncreamed, dry, large or small curd"
FNDDS-2705754,173468,1,"Salt, table"
FNDDS-2705756,172182,100,"Cheese, cottage, lowfat, 2% milkfat"
FNDDS-2705757,169655,3,"Sugars, granulated"
FNDDS-2705757,172182,65,"Cheese, cottage, lowfat, 2% milkfat"
FNDDS-2705757,169124,32,"Pineapple, raw"
FNDDS-2705758,168114,100,"Cheese, cottage, lowfat, 1% milkfat, no sodium added"
FNDDS-2705759,172182,100,"Cheese, cottage, lowfat, 2% milkfat"
FNDDS-2705760,173418,100,"Cream cheese, full fat, block"
FNDDS-2705762,173418,66,"Cream cheese, full fat, block"
FNDDS-2705762,172207,33,"Cheese, cream, fat free"
FNDDS-2705765,173455,100,"Cheese product, pasteurized process, American, reduced fat, fortified with vitamin D"
FNDDS-2705766,170863,100,"Cheese, American, nonfat or fat free"
FNDDS-2705767,168121,100,"Cheese, pasteurized process, cheddar or American, low sodium"
FNDDS-2705768,170896,100,"Cheese spread, American or Cheddar cheese base, reduced fat"
FNDDS-2705769,172207,100,"Cheese, cream, fat free"
FNDDS-2705770,171289,100,"Cheese product, pasteurized process, American, vitamin D fortified"
FNDDS-2705771,173414,50,"Cheese, cheddar"
FNDDS-2705771,168559,5,"Pimento, canned"
FNDDS-2705771,173468,1.2,"Salt, table"
FNDDS-2705771,173418,45,"Cream cheese, full fat, block"
FNDDS-2705772,171289,100,"Cheese product, pasteurized process, American, vitamin D fortified"
FNDDS-2705773,171254,100,"Cheese spread, pasteurized process, American"
FNDDS-2705774,171254,100,"Cheese spread, pasteurized process, American"
FNDDS-2705775,169081,100,"Cheese spread, cream cheese base"
FNDDS-2705776,171254,100,"Cheese spread, pasteurized process, American"
FNDDS-2705777,168089,100,"Imitation cheese, american or cheddar, low cholesterol"
FNDDS-2705778,169596,180,"Gelatin desserts, dry mix, prepared with water"
FNDDS-2705778,172179,210,"Cottage cheese, full fat, large or small curd"
FNDDS-2705779,174667,186,"Fruit cocktail, (peach and pineapple and pear and grape and cherry), canned, water pack, solids and liquids"
FNDDS-2705779,169596,180,"Gelatin desserts, dry mix, prepared with water"
FNDDS-2705779,172179,210,"Cottage cheese, full fat, large or small curd"
FNDDS-2705780,169988,7.5,"Celery, raw"
FNDDS-2705780,169596,79.2,"Gelatin desserts, dry mix, prepared with water"
FNDDS-2705780,170393,6.93,"Carrots, mature, raw"
FNDDS-2705780,170427,9.3,"Peppers, bell, green, raw"
FNDDS-2705780,172179,210,"Cottage cheese, full fat, large or small curd"
FNDDS-2705780,169975,5.88,"Cabbage, green, raw"
FNDDS-2705782,168386,20,"Artichokes, (globe or french), cooked, boiled, drained, without salt"
FNDDS-2705782,171247,10,"Cheese, parmesan, grated"
FNDDS-2705782,171257,50,"Cream, sour, full fat"
FNDDS-2705782,173468,1,"Salt, table"
FNDDS-2705782,170001,20,"Onions, cooked, boiled, drained, without salt"
FNDDS-2705782,171009,50,"Salad dressing, mayonnaise, regular"
FNDDS-2705783,173468,1,"Salt, table"
FNDDS-2705783,171009,50,"Salad dressing, mayonnaise, regular"
FNDDS-2705783,169288,20,"Spinach, frozen, chopped or leaf, cooked, boiled, drained, without salt"
FNDDS-2705783,168386,20,"Artichokes, (globe or french), cooked, boiled, drained, without salt"
FNDDS-2705783,171247,10,"Cheese, parmesan, grated"
FNDDS-2705783,171257,50,"Cream, sour, full fat"
FNDDS-2705784,171009,50,"Salad dressing, mayonnaise, regular"
FNDDS-2705784,171257,50,"Cream, sour, full fat"
FNDDS-2705784,171972,20,"Crustaceans, shrimp, mixed species, canned"
FNDDS-2705784,170001,20,"Onions, cooked, boiled, drained, without salt"
FNDDS-2705784,173468,1,"Salt, table"
FNDDS-2705784,171247,10,"Cheese, parmesan, grated"
FNDDS-2705785,174068,100,"Dip, salsa con queso, cheese and salsa- medium"
FNDDS-2705787,171244,142,"Cheese, mozzarella, low moisture, part-skim"
FNDDS-2705787,171192,120,"Sauce, pasta, spaghetti/marinara, ready-to-serve"
FNDDS-2705788,169094,57,"Olives, ripe, canned (small-extra large)"
FNDDS-2705788,171192,120,"Sauce, pasta, spaghetti/marinara, ready-to-serve"
FNDDS-2705788,170428,57,"Peppers, sweet, green, cooked, boiled, drained, without salt"
FNDDS-2705788,171244,142,"Cheese, mozzarella, low moisture, part-skim"
FNDDS-2705788,170001,57,"Onions, cooked, boiled, drained, without salt"
FNDDS-2705789,174586,99,"Sausage, Italian, pork, mild, cooked, pan-fried"
FNDDS-2705789,171244,142,"Cheese, mozzarella, low moisture, part-skim"
FNDDS-2705789,174575,53,"Pepperoni, beef and pork, sliced"
FNDDS-2705789,171192,120,"Sauce, pasta, spaghetti/marinara, ready-to-serve"
FNDDS-2705790,171192,120,"Sauce, pasta, spaghetti/marinara, ready-to-serve"
FNDDS-2705790,174575,53,"Pepperoni, beef and pork, sliced"
FNDDS-2705790,171244,142,"Cheese, mozzarella, low moisture, part-skim"
FNDDS-2705790,170428,57,"Peppers, sweet, green, cooked, boiled, drained, without salt"
FNDDS-2705790,170001,57,"Onions, cooked, boiled, drained, without salt"
FNDDS-2705790,174586,99,"Sausage, Italian, pork, mild, cooked, pan-fried"
FNDDS-2705791,168894,7.813,"Flour, wheat, all-purpose, enriched, bleached"
FNDDS-2705791,171251,216,"Cheese, swiss"
FNDDS-2705791,171242,216,"Cheese, gruyere"
FNDDS-2705791,174157,240,"Beverages, Wine, non-alcoholic"
FNDDS-2705797,174924,60,"Bread, white, commercially prepared"
FNDDS-2705797,173414,42,"Cheese, cheddar"
FNDDS-2705799,174924,60,"Bread, white, commercially prepared"
FNDDS-2705799,173455,42,"Cheese product, pasteurized process, American, reduced fat, fortified with vitamin D"
FNDDS-2705809,173410,14,"Butter, stick, salted"
FNDDS-2705809,171247,20,"Cheese, parmesan, grated"
FNDDS-2705809,173647,240,"Beverages, water, tap, drinking"
FNDDS-2705809,173468,4.5,"Salt, table"
FNDDS-2705809,170859,120,"Cream, heavy"
FNDDS-2705817,169015,100,"Restaurant, family style, fried mozzarella sticks"
FNDDS-2705818,172232,36,"Basil, fresh"
FNDDS-2705818,170457,728,"Tomatoes, red, ripe, raw, year round average"
FNDDS-2705818,171244,340.2,"Cheese, mozzarella, low moisture, part-skim"
FNDDS-2705818,173468,0.4,"Salt, table"
FNDDS-2705818,171417,125,"Salad dressing, home recipe, vinegar and oil"
FNDDS-2705821,172250,25,"Babyfood, meat, turkey, strained"
FNDDS-2705821,173483,45,"Babyfood, meat, chicken, strained"
FNDDS-2705821,173479,20,"Babyfood, meat, beef, strained"
FNDDS-2705821,172247,10,"Babyfood, meat, ham, strained"
FNDDS-2705825,170816,100,"Beef, chuck, under blade center steak, boneless, Denver Cut, separable lean and fat, trimmed to 0"" fat, all grades, cooked, grilled"
FNDDS-2705825,173468,0.8,"Salt, table"
FNDDS-2705827,173468,0.8,"Salt, table"
FNDDS-2705827,173395,100,"Beef, plate steak, boneless, inside skirt, separable lean and fat, trimmed to 0"" fat, all grades, cooked, grilled"
FNDDS-2705829,173392,100,"Beef, rib eye steak, boneless, lip-on, separable lean and fat, trimmed to 1/8"" fat, all grades, cooked, grilled"
FNDDS-2705829,173468,0.8,"Salt, table"
FNDDS-2705830,173392,30,"Beef, rib eye steak, boneless, lip-on, separable lean and fat, trimmed to 1/8"" fat, all grades, cooked, grilled"
FNDDS-2705830,171209,70,"Beef, rib eye steak, boneless, lip-on, separable lean only, trimmed to 1/8"" fat, all grades, cooked, grilled"
FNDDS-2705830,173468,0.8,"Salt, table"
FNDDS-2705831,173468,0.8,"Salt, table"
FNDDS-2705831,169560,100,"Beef, round, top round steak, boneless, separable lean and fat, trimmed to 0"" fat, all grades, cooked, grilled"
FNDDS-2705833,173468,0.8,"Salt, table"
FNDDS-2705833,169539,100,"Beef, loin, top loin, separable lean and fat, trimmed to 1/8"" fat, all grades, cooked, grilled"
FNDDS-2705834,173071,70,"Beef, loin, top loin steak, boneless, lip-on, separable lean only, trimmed to 1/8"" fat, all grades, cooked, grilled"
FNDDS-2705834,173468,0.8,"Salt, table"
FNDDS-2705834,169539,30,"Beef, loin, top loin, separable lean and fat, trimmed to 1/8"" fat, all grades, cooked, grilled"
FNDDS-2705836,169539,100,"Beef, loin, top loin, separable lean and fat, trimmed to 1/8"" fat, all grades, cooked, grilled"
FNDDS-2705836,173468,0.8,"Salt, table"
FNDDS-2705837,173468,0.8,"Salt, table"
FNDDS-2705837,173071,70,"Beef, loin, top loin steak, boneless, lip-on, separable lean only, trimmed to 1/8"" fat, all grades, cooked, grilled"
FNDDS-2705837,169539,30,"Beef, loin, top loin, separable lean and fat, trimmed to 1/8"" fat, all grades, cooked, grilled"
FNDDS-2705839,172115,100,"Beef, short loin, porterhouse steak, separable lean and fat, trimmed to 1/8"" fat, all grades, cooked, grilled"
FNDDS-2705839,173468,0.8,"Salt, table"
FNDDS-2705840,173468,0.8,"Salt, table"
FNDDS-2705840,172115,30,"Beef, short loin, porterhouse steak, separable lean and fat, trimmed to 1/8"" fat, all grades, cooked, grilled"
FNDDS-2705840,168637,70,"Beef, short loin, porterhouse steak, separable lean only,  trimmed to 1/8"" fat, all grades, cooked, grilled"
FNDDS-2705841,173468,0.8,"Salt, table"
FNDDS-2705841,170641,100,"Beef, loin, tenderloin steak, boneless, separable lean only, trimmed to 0"" fat, all grades, cooked, grilled"
FNDDS-2705843,173468,0.8,"Salt, table"
FNDDS-2705843,169484,100,"Beef, composite of trimmed retail cuts, separable lean and fat, trimmed to 1/8"" fat, all grades, cooked"
FNDDS-2705844,169484,100,"Beef, composite of trimmed retail cuts, separable lean and fat, trimmed to 1/8"" fat, all grades, cooked"
FNDDS-2705844,173468,0.8,"Salt, table"
FNDDS-2705845,174523,30,"Sauce, barbecue"
FNDDS-2705845,169510,70,"Beef, rib, small end (ribs 10-12), separable lean and fat, trimmed to 1/8"" fat, all grades, cooked, broiled"
FNDDS-2705845,173468,0.8,"Salt, table"
FNDDS-2705846,169484,100,"Beef, composite of trimmed retail cuts, separable lean and fat, trimmed to 1/8"" fat, all grades, cooked"
FNDDS-2705846,173468,0.8,"Salt, table"
FNDDS-2705847,169444,25,"Beef, chuck, under blade pot roast, boneless, separable lean only, trimmed to 0"" fat, all grades, cooked, braised"
FNDDS-2705847,171208,25,"Beef, chuck, under blade pot roast, boneless, separable lean and fat, trimmed to 0"" fat, all grades, cooked, braised"
FNDDS-2705847,174007,25,"Beef, round, top round roast, boneless, separable lean only, trimmed to 0"" fat, all grades, cooked, roasted"
FNDDS-2705847,173468,0.8,"Salt, table"
FNDDS-2705847,171755,25,"Beef, round, top round roast, boneless, separable lean and fat, trimmed to 0"" fat, all grades, cooked, roasted"
FNDDS-2705848,173468,0.8,"Salt, table"
FNDDS-2705848,169444,50,"Beef, chuck, under blade pot roast, boneless, separable lean only, trimmed to 0"" fat, all grades, cooked, braised"
FNDDS-2705848,171208,50,"Beef, chuck, under blade pot roast, boneless, separable lean and fat, trimmed to 0"" fat, all grades, cooked, braised"
FNDDS-2705850,170200,100,"Beef, cured, corned beef, brisket, cooked"
FNDDS-2705851,170612,33,"Beef, brisket, whole, separable lean only, trimmed to 0"" fat, all grades, cooked, braised"
FNDDS-2705851,173468,0.8,"Salt, table"
FNDDS-2705851,171203,33,"Beef, chuck for stew, separable lean and fat, all grades, cooked, braised"
FNDDS-2705851,170611,33,"Beef, brisket, whole, separable lean and fat, trimmed to 0"" fat, all grades, cooked, braised"
FNDDS-2705852,171400,5,"Fat, beef tallow"
FNDDS-2705852,173647,15,"Beverages, water, tap, drinking"
FNDDS-2705852,173468,0.8,"Salt, table"
FNDDS-2705852,168682,80,"Beef, rib, large end (ribs 6-9), separable lean and fat, trimmed to 1/8"" fat, all grades, cooked, roasted"
FNDDS-2705853,171796,100,"Beef, ground, 85% lean meat / 15% fat, raw (Includes foods for USDA's Food Distribution Program)"
FNDDS-2705853,173468,0.8,"Salt, table"
FNDDS-2705854,174032,15,"Beef, ground, 85% lean meat / 15% fat, patty, cooked, broiled"
FNDDS-2705854,171797,30,"Beef, ground, 80% lean meat / 20% fat, patty, cooked, broiled"
FNDDS-2705854,173468,0.8,"Salt, table"
FNDDS-2705854,174031,15,"Beef, ground, 90% lean meat / 10% fat, patty, cooked, broiled"
FNDDS-2705854,174038,40,"Beef, ground, 75% lean meat / 25% fat, patty, cooked, broiled"
FNDDS-2705855,174038,50,"Beef, ground, 75% lean meat / 25% fat, patty, cooked, broiled"
FNDDS-2705855,171797,50,"Beef, ground, 80% lean meat / 20% fat, patty, cooked, broiled"
FNDDS-2705855,173468,0.8,"Salt, table"
FNDDS-2705856,170198,100,"Beef, cured, breakfast strips, cooked"
FNDDS-2705857,167712,100,"Pork, cured, bacon, cooked, broiled, pan-fried or roasted, reduced sodium"
FNDDS-2705858,170604,100,"Beef, cured, dried"
FNDDS-2705859,171401,12,Lard
FNDDS-2705859,170604,113.4,"Beef, cured, dried"
FNDDS-2705860,167536,100,"Snacks, beef jerky, chopped and formed"
FNDDS-2705861,173479,100,"Babyfood, meat, beef, strained"
FNDDS-2705863,173468,0.8,"Salt, table"
FNDDS-2705863,168374,100,"Pork, ground, 84% lean / 16% fat, cooked, pan-broiled"
FNDDS-2705865,167850,100,"Pork, fresh, shoulder, (Boston butt), blade (steaks), separable lean and fat, cooked, braised"
FNDDS-2705865,173468,3.2,"Salt, table"
FNDDS-2705865,169655,7,"Sugars, granulated"
FNDDS-2705867,169183,30,"Pork, fresh, loin, top loin (chops), boneless, separable lean and fat, with added solution, cooked, broiled"
FNDDS-2705867,173468,0.6,"Salt, table"
FNDDS-2705867,167841,70,"Pork, fresh, loin, top loin (chops), boneless, separable lean and fat, cooked, broiled"
FNDDS-2705868,173468,0.6,"Salt, table"
FNDDS-2705868,168364,30,"Pork, fresh, loin, top loin (chops), boneless, separable lean only, with added solution, cooked, broiled"
FNDDS-2705868,168253,70,"Pork, fresh, loin, top loin (chops), boneless, separable lean only, cooked, broiled"
FNDDS-2705874,173468,0.6,"Salt, table"
FNDDS-2705874,168366,30,"Pork, fresh, shoulder, (Boston butt), blade (steaks), separable lean and fat, with added solution, cooked, braised"
FNDDS-2705874,167850,70,"Pork, fresh, shoulder, (Boston butt), blade (steaks), separable lean and fat, cooked, braised"
FNDDS-2705875,168261,70,"Pork, fresh, shoulder, (Boston butt), blade (steaks), separable lean only, cooked, braised"
FNDDS-2705875,173468,0.6,"Salt, table"
FNDDS-2705875,168362,30,"Pork, fresh, shoulder, (Boston butt), blade (steaks), separable lean only, with added solution cooked, braised"
FNDDS-2705877,168250,70,"Pork, fresh, loin, tenderloin, separable lean only, cooked, roasted"
FNDDS-2705877,169180,30,"Pork, fresh, loin, tenderloin, separable lean only, with added solution, cooked, roasted"
FNDDS-2705877,173468,0.6,"Salt, table"
FNDDS-2705879,168282,100,"Pork, cured, ham, center slice, country-style, separable lean only, raw"
FNDDS-2705880,167886,100,"Pork, cured, ham, extra lean and regular, canned, roasted"
FNDDS-2705881,167886,100,"Pork, cured, ham, extra lean and regular, canned, roasted"
FNDDS-2705882,167842,50,"Pork, fresh, loin, top loin (roasts), boneless, separable lean and fat, cooked, roasted"
FNDDS-2705882,173468,0.8,"Salt, table"
FNDDS-2705882,168254,50,"Pork, fresh, loin, top loin (roasts), boneless, separable lean only, cooked, roasted"
FNDDS-2705883,172951,100,"Luncheon meat, pork with ham, minced, canned, includes Spam (Hormel)"
FNDDS-2705883,173584,2.5,"Shortening, vegetable, household, composite"
FNDDS-2705884,168383,100,"Canadian bacon, cooked, pan-fried"
FNDDS-2705886,171640,100,"Bacon, turkey, low sodium"
FNDDS-2705888,167712,100,"Pork, cured, bacon, cooked, broiled, pan-fried or roasted, reduced sodium"
FNDDS-2705889,168322,100,"Pork, cured, bacon, pre-sliced, cooked, pan-fried"
FNDDS-2705890,168322,100,"Pork, cured, bacon, pre-sliced, cooked, pan-fried"
FNDDS-2705891,167712,100,"Pork, cured, bacon, cooked, broiled, pan-fried or roasted, reduced sodium"
FNDDS-2705892,168221,40,"Pork, fresh, separable fat, cooked"
FNDDS-2705892,171401,60,Lard
FNDDS-2705892,173468,5.5,"Salt, table"
FNDDS-2705894,168300,70,"Pork, fresh, backribs, separable lean and fat, cooked, roasted"
FNDDS-2705894,173468,0.8,"Salt, table"
FNDDS-2705894,174523,30,"Sauce, barbecue"
FNDDS-2705895,168221,30,"Pork, fresh, separable fat, cooked"
FNDDS-2705895,167961,70,"Snacks, pork skins, plain"
FNDDS-2705896,168297,100,"Pork, fresh, composite of trimmed retail cuts (leg, loin, shoulder, and spareribs), separable lean and fat, cooked"
FNDDS-2705896,173468,0.8,"Salt, table"
FNDDS-2705897,173468,0.8,"Salt, table"
FNDDS-2705897,168297,100,"Pork, fresh, composite of trimmed retail cuts (leg, loin, shoulder, and spareribs), separable lean and fat, cooked"
FNDDS-2705898,173468,0.8,"Salt, table"
FNDDS-2705898,168290,100,"Pork, fresh, variety meats and by-products, feet, cooked, simmered"
FNDDS-2705899,167870,100,"Pork, cured, feet, pickled"
FNDDS-2705900,173468,0.5,"Salt, table"
FNDDS-2705900,169148,70,"Pork, cured, ham -- water added, whole, boneless, separable lean only, heated, roasted"
FNDDS-2705900,168221,30,"Pork, fresh, separable fat, cooked"
FNDDS-2705901,168221,10,"Pork, fresh, separable fat, cooked"
FNDDS-2705901,168300,90,"Pork, fresh, backribs, separable lean and fat, cooked, roasted"
FNDDS-2705901,173468,0.7,"Salt, table"
FNDDS-2705902,167961,100,"Snacks, pork skins, plain"
FNDDS-2705903,172247,100,"Babyfood, meat, ham, strained"
FNDDS-2705904,173484,100,"Babyfood, meat, turkey sticks, junior"
FNDDS-2705905,173468,0.8,"Salt, table"
FNDDS-2705905,172480,100,"Lamb, composite of trimmed retail cuts, separable lean and fat, trimmed to 1/4"" fat, choice, cooked"
FNDDS-2705906,172492,50,"Lamb, loin, separable lean only, trimmed to 1/4"" fat, choice, cooked, broiled"
FNDDS-2705906,173468,0.8,"Salt, table"
FNDDS-2705906,172489,50,"Lamb, loin, separable lean and fat, trimmed to 1/4"" fat, choice, cooked, broiled"
FNDDS-2705907,173468,0.8,"Salt, table"
FNDDS-2705907,172544,100,"Lamb, ground, cooked, broiled"
FNDDS-2705908,175304,100,"Game meat, goat, cooked, roasted"
FNDDS-2705908,173468,0.8,"Salt, table"
FNDDS-2705909,173468,0.8,"Salt, table"
FNDDS-2705909,172644,100,"Veal, loin, chop, separable lean only, cooked, grilled"
FNDDS-2705910,174879,100,"Veal, ground, cooked, pan-fried"
FNDDS-2705910,173468,0.8,"Salt, table"
FNDDS-2705912,173468,0.8,"Salt, table"
FNDDS-2705912,174346,100,"Game meat, rabbit, domesticated, composite of cuts, cooked, stewed"
FNDDS-2705913,172603,50,"Game meat, deer, ground, cooked, pan-broiled"
FNDDS-2705913,172604,50,"Game meat, deer, loin, separable lean only, 1"" steak, cooked, broiled"
FNDDS-2705913,173468,0.8,"Salt, table"
FNDDS-2705914,173468,0.8,"Salt, table"
FNDDS-2705914,172604,100,"Game meat, deer, loin, separable lean only, 1"" steak, cooked, broiled"
FNDDS-2705915,172602,100,"Game meat, deer, ground, raw"
FNDDS-2705915,169655,10,"Sugars, granulated"
FNDDS-2705915,171401,8,Lard
FNDDS-2705915,173468,5,"Salt, table"
FNDDS-2705916,172603,70,"Game meat, deer, ground, cooked, pan-broiled"
FNDDS-2705916,168221,30,"Pork, fresh, separable fat, cooked"
FNDDS-2705916,173468,2,"Salt, table"
FNDDS-2705917,174345,100,"Game meat, moose, cooked, roasted"
FNDDS-2705917,173468,0.8,"Salt, table"
FNDDS-2705918,173468,0.8,"Salt, table"
FNDDS-2705918,173846,100,"Game meat, bear, cooked, simmered"
FNDDS-2705919,173854,100,"Game meat, caribou, cooked, roasted"
FNDDS-2705919,173468,0.8,"Salt, table"
FNDDS-2705920,173468,0.8,"Salt, table"
FNDDS-2705920,173847,100,"Bison, ground, grass-fed, cooked"
FNDDS-2705921,173468,0.8,"Salt, table"
FNDDS-2705921,175298,100,"Game meat, boar, wild, cooked, roasted"
FNDDS-2705922,173468,0.8,"Salt, table"
FNDDS-2705922,172520,100,"Game meat, opossum, cooked, roasted"
FNDDS-2705923,172524,100,"Game meat, squirrel, cooked, roasted"
FNDDS-2705923,173468,0.8,"Salt, table"
FNDDS-2705924,175295,100,"Game meat, beaver, cooked, roasted"
FNDDS-2705924,173468,0.8,"Salt, table"
FNDDS-2705925,174349,100,"Game meat, raccoon, cooked, roasted"
FNDDS-2705925,173468,0.8,"Salt, table"
FNDDS-2705926,175298,100,"Game meat, boar, wild, cooked, roasted"
FNDDS-2705926,173468,0.8,"Salt, table"
FNDDS-2705927,175298,100,"Game meat, boar, wild, cooked, roasted"
FNDDS-2705927,173468,0.8,"Salt, table"
FNDDS-2705928,173468,0.84,"Salt, table"
FNDDS-2705928,174482,100,"Ostrich, ground, cooked, pan-broiled"
FNDDS-2705929,171118,30,"Chicken, broiler, rotisserie, BBQ, thigh, meat only"
FNDDS-2705929,171445,50,"Chicken, broiler, rotisserie, BBQ, breast, meat only"
FNDDS-2705929,171114,20,"Chicken, broiler, rotisserie, BBQ, drumstick, meat only"
FNDDS-2705930,171125,50,"Chicken, broiler, rotisserie, BBQ, breast, meat and skin"
FNDDS-2705930,171126,20,"Chicken, broiler, rotisserie, BBQ, drumstick, meat and skin"
FNDDS-2705930,171127,30,"Chicken, broiler, rotisserie, BBQ, thigh, meat and skin"
FNDDS-2705931,171114,20,"Chicken, broiler, rotisserie, BBQ, drumstick, meat only"
FNDDS-2705931,171118,30,"Chicken, broiler, rotisserie, BBQ, thigh, meat only"
FNDDS-2705931,171445,50,"Chicken, broiler, rotisserie, BBQ, breast, meat only"
FNDDS-2705935,171445,50,"Chicken, broiler, rotisserie, BBQ, breast, meat only"
FNDDS-2705935,171118,30,"Chicken, broiler, rotisserie, BBQ, thigh, meat only"
FNDDS-2705935,171114,20,"Chicken, broiler, rotisserie, BBQ, drumstick, meat only"
FNDDS-2705936,171125,50,"Chicken, broiler, rotisserie, BBQ, breast, meat and skin"
FNDDS-2705936,171126,20,"Chicken, broiler, rotisserie, BBQ, drumstick, meat and skin"
FNDDS-2705936,171127,30,"Chicken, broiler, rotisserie, BBQ, thigh, meat and skin"
FNDDS-2705937,171445,50,"Chicken, broiler, rotisserie, BBQ, breast, meat only"
FNDDS-2705937,171118,30,"Chicken, broiler, rotisserie, BBQ, thigh, meat only"
FNDDS-2705937,171114,20,"Chicken, broiler, rotisserie, BBQ, drumstick, meat only"
FNDDS-2705949,170757,20,"Fast Foods, Fried Chicken, Drumstick, meat and skin with breading"
FNDDS-2705949,170359,30,"Fast Foods, Fried Chicken, Thigh, meat and skin and breading"
FNDDS-2705949,170756,50,"Fast Foods, Fried Chicken, Breast, meat and skin and breading"
FNDDS-2705950,170358,30,"Fast Foods, Fried Chicken, Thigh, meat only, skin and breading removed"
FNDDS-2705950,170356,50,"Fast Foods, Fried Chicken, Breast, meat only, skin and breading removed"
FNDDS-2705950,170357,20,"Fast Foods, Fried Chicken, Drumstick, meat only, skin and breading removed"
FNDDS-2705951,170757,20,"Fast Foods, Fried Chicken, Drumstick, meat and skin with breading"
FNDDS-2705951,170359,30,"Fast Foods, Fried Chicken, Thigh, meat and skin and breading"
FNDDS-2705951,170756,50,"Fast Foods, Fried Chicken, Breast, meat and skin and breading"
FNDDS-2705952,170357,20,"Fast Foods, Fried Chicken, Drumstick, meat only, skin and breading removed"
FNDDS-2705952,170358,30,"Fast Foods, Fried Chicken, Thigh, meat only, skin and breading removed"
FNDDS-2705952,170356,50,"Fast Foods, Fried Chicken, Breast, meat only, skin and breading removed"
FNDDS-2705953,171125,100,"Chicken, broiler, rotisserie, BBQ, breast, meat and skin"
FNDDS-2705954,171445,100,"Chicken, broiler, rotisserie, BBQ, breast, meat only"
FNDDS-2705955,171077,85,"Chicken, broiler or fryers, breast, skinless, boneless, meat only, raw"
FNDDS-2705955,173468,0.6,"Salt, table"
FNDDS-2705955,171452,15,"Chicken, broilers or fryers, skin only, raw"
FNDDS-2705956,171077,100,"Chicken, broiler or fryers, breast, skinless, boneless, meat only, raw"
FNDDS-2705956,173468,0.6,"Salt, table"
FNDDS-2705957,171125,100,"Chicken, broiler, rotisserie, BBQ, breast, meat and skin"
FNDDS-2705958,171445,100,"Chicken, broiler, rotisserie, BBQ, breast, meat only"
FNDDS-2705963,171125,100,"Chicken, broiler, rotisserie, BBQ, breast, meat and skin"
FNDDS-2705964,171445,100,"Chicken, broiler, rotisserie, BBQ, breast, meat only"
FNDDS-2705965,171077,85,"Chicken, broiler or fryers, breast, skinless, boneless, meat only, raw"
FNDDS-2705965,171452,15,"Chicken, broilers or fryers, skin only, raw"
FNDDS-2705965,173468,0.6,"Salt, table"
FNDDS-2705966,171077,100,"Chicken, broiler or fryers, breast, skinless, boneless, meat only, raw"
FNDDS-2705966,173468,0.6,"Salt, table"
FNDDS-2705982,171126,40,"Chicken, broiler, rotisserie, BBQ, drumstick, meat and skin"
FNDDS-2705982,171127,60,"Chicken, broiler, rotisserie, BBQ, thigh, meat and skin"
FNDDS-2705983,171114,40,"Chicken, broiler, rotisserie, BBQ, drumstick, meat only"
FNDDS-2705983,171118,60,"Chicken, broiler, rotisserie, BBQ, thigh, meat only"
FNDDS-2705984,173612,40,"Chicken, broilers or fryers, drumstick, meat and skin, cooked, roasted"
FNDDS-2705984,173468,0.6,"Salt, table"
FNDDS-2705984,173625,60,"Chicken, broilers or fryers, thigh, meat and skin, cooked, roasted"
FNDDS-2705985,173468,0.6,"Salt, table"
FNDDS-2705985,172388,60,"Chicken, broilers or fryers, thigh, meat only, cooked, roasted"
FNDDS-2705985,172376,40,"Chicken, broilers or fryers, dark meat, drumstick, meat only, cooked, roasted"
FNDDS-2705986,171127,60,"Chicken, broiler, rotisserie, BBQ, thigh, meat and skin"
FNDDS-2705986,171126,40,"Chicken, broiler, rotisserie, BBQ, drumstick, meat and skin"
FNDDS-2705987,171114,40,"Chicken, broiler, rotisserie, BBQ, drumstick, meat only"
FNDDS-2705987,171118,60,"Chicken, broiler, rotisserie, BBQ, thigh, meat only"
FNDDS-2705988,174498,60,"Chicken, broilers or fryers, dark meat, thigh, meat and skin, cooked, braised"
FNDDS-2705988,173468,0.8,"Salt, table"
FNDDS-2705988,174497,40,"Chicken, broilers or fryers, dark meat, drumstick, meat and skin, cooked, braised"
FNDDS-2705989,172852,40,"Chicken, broilers or fryers, drumstick, meat only, cooked, braised"
FNDDS-2705989,173468,0.8,"Salt, table"
FNDDS-2705989,172853,60,"Chicken, broilers or fryers, dark meat, thigh, meat only, cooked, braised"
FNDDS-2706000,171126,100,"Chicken, broiler, rotisserie, BBQ, drumstick, meat and skin"
FNDDS-2706001,171114,100,"Chicken, broiler, rotisserie, BBQ, drumstick, meat only"
FNDDS-2706002,173612,100,"Chicken, broilers or fryers, drumstick, meat and skin, cooked, roasted"
FNDDS-2706002,173468,0.6,"Salt, table"
FNDDS-2706003,173468,0.6,"Salt, table"
FNDDS-2706003,172376,100,"Chicken, broilers or fryers, dark meat, drumstick, meat only, cooked, roasted"
FNDDS-2706004,171126,100,"Chicken, broiler, rotisserie, BBQ, drumstick, meat and skin"
FNDDS-2706005,171114,100,"Chicken, broiler, rotisserie, BBQ, drumstick, meat only"
FNDDS-2706008,171126,100,"Chicken, broiler, rotisserie, BBQ, drumstick, meat and skin"
FNDDS-2706009,171114,100,"Chicken, broiler, rotisserie, BBQ, drumstick, meat only"
FNDDS-2706014,174497,100,"Chicken, broilers or fryers, dark meat, drumstick, meat and skin, cooked, braised"
FNDDS-2706014,173468,0.8,"Salt, table"
FNDDS-2706015,172852,100,"Chicken, broilers or fryers, drumstick, meat only, cooked, braised"
FNDDS-2706015,173468,0.8,"Salt, table"
FNDDS-2706027,171127,100,"Chicken, broiler, rotisserie, BBQ, thigh, meat and skin"
FNDDS-2706028,171118,100,"Chicken, broiler, rotisserie, BBQ, thigh, meat only"
FNDDS-2706029,173468,0.6,"Salt, table"
FNDDS-2706029,173625,100,"Chicken, broilers or fryers, thigh, meat and skin, cooked, roasted"
FNDDS-2706030,172388,100,"Chicken, broilers or fryers, thigh, meat only, cooked, roasted"
FNDDS-2706030,173468,0.6,"Salt, table"
FNDDS-2706031,171127,100,"Chicken, broiler, rotisserie, BBQ, thigh, meat and skin"
FNDDS-2706032,171118,100,"Chicken, broiler, rotisserie, BBQ, thigh, meat only"
FNDDS-2706035,171127,100,"Chicken, broiler, rotisserie, BBQ, thigh, meat and skin"
FNDDS-2706036,171118,100,"Chicken, broiler, rotisserie, BBQ, thigh, meat only"
FNDDS-2706037,174498,100,"Chicken, broilers or fryers, dark meat, thigh, meat and skin, cooked, braised"
FNDDS-2706037,173468,0.8,"Salt, table"
FNDDS-2706038,172853,100,"Chicken, broilers or fryers, dark meat, thigh, meat only, cooked, braised"
FNDDS-2706038,173468,0.8,"Salt, table"
FNDDS-2706056,172830,100,"Chicken, broiler, rotisserie, BBQ, wing, meat and skin"
FNDDS-2706057,173630,100,"Chicken, broilers or fryers, wing, meat and skin, cooked, roasted"
FNDDS-2706057,173468,0.8,"Salt, table"
FNDDS-2706058,172830,100,"Chicken, broiler, rotisserie, BBQ, wing, meat and skin"
FNDDS-2706060,172830,100,"Chicken, broiler, rotisserie, BBQ, wing, meat and skin"
FNDDS-2706061,173631,100,"Chicken, broilers or fryers, wing, meat and skin, cooked, stewed"
FNDDS-2706061,173468,0.8,"Salt, table"
FNDDS-2706081,171071,100,"Chicken, broilers or fryers, back, meat and skin, cooked, roasted"
FNDDS-2706081,173468,0.84,"Salt, table"
FNDDS-2706082,173622,100,"Chicken, broilers or fryers, neck, meat and skin, cooked simmered"
FNDDS-2706082,173468,0.84,"Salt, table"
FNDDS-2706083,171055,100,"Chicken, broilers or fryers, skin only, cooked, roasted"
FNDDS-2706084,173468,0.84,"Salt, table"
FNDDS-2706084,171055,100,"Chicken, broilers or fryers, skin only, cooked, roasted"
FNDDS-2706085,171119,100,"Chicken, feet, boiled"
FNDDS-2706086,171110,100,"Chicken, canned, no broth"
FNDDS-2706088,171513,100,"Chicken patty, frozen, cooked"
FNDDS-2706089,173346,100,"Chicken tenders, breaded, frozen, prepared"
FNDDS-2706090,169714,3,"Flour, rice, white, unenriched"
FNDDS-2706090,173647,15,"Beverages, water, tap, drinking"
FNDDS-2706090,171445,80,"Chicken, broiler, rotisserie, BBQ, breast, meat only"
FNDDS-2706090,172336,3,"Oil, canola"
FNDDS-2706090,173468,0.5,"Salt, table"
FNDDS-2706091,173468,0.84,"Salt, table"
FNDDS-2706091,171506,100,"Turkey, Ground, cooked"
FNDDS-2706093,170718,100,"Fast foods, chicken, breaded and fried, boneless pieces, plain"
FNDDS-2706094,170718,100,"Fast foods, chicken, breaded and fried, boneless pieces, plain"
FNDDS-2706095,170795,100,"School Lunch, chicken nuggets, whole grain breaded"
FNDDS-2706096,172111,100,"Chicken, nuggets, dark and white meat, precooked, frozen, not reheated"
FNDDS-2706099,173321,100,"Fast foods, chicken tenders"
FNDDS-2706100,173321,100,"Fast foods, chicken tenders"
FNDDS-2706100,173564,2,"Fat, chicken"
FNDDS-2706100,173468,0.1,"Salt, table"
FNDDS-2706101,170795,100,"School Lunch, chicken nuggets, whole grain breaded"
FNDDS-2706102,173346,100,"Chicken tenders, breaded, frozen, prepared"
FNDDS-2706104,172865,34,"Turkey from whole, light meat, meat only, with added solution, cooked, roasted"
FNDDS-2706104,171491,66,"Turkey, all classes, light meat, cooked, roasted"
FNDDS-2706104,173468,0.84,"Salt, table"
FNDDS-2706105,173468,0.84,"Salt, table"
FNDDS-2706105,172865,34,"Turkey from whole, light meat, meat only, with added solution, cooked, roasted"
FNDDS-2706105,171491,66,"Turkey, all classes, light meat, cooked, roasted"
FNDDS-2706106,173468,0.84,"Salt, table"
FNDDS-2706106,171089,66,"Turkey, whole, light meat, meat and skin, cooked, roasted"
FNDDS-2706106,174512,34,"Turkey from whole, light meat, meat and skin, with added solution, cooked, roasted"
FNDDS-2706107,172865,34,"Turkey from whole, light meat, meat only, with added solution, cooked, roasted"
FNDDS-2706107,174928,10,"Bread, crumbs, dry, grated, plain"
FNDDS-2706107,173584,1.5,"Shortening, vegetable, household, composite"
FNDDS-2706107,171491,66,"Turkey, all classes, light meat, cooked, roasted"
FNDDS-2706108,173584,1.5,"Shortening, vegetable, household, composite"
FNDDS-2706108,174928,10,"Bread, crumbs, dry, grated, plain"
FNDDS-2706108,171089,66,"Turkey, whole, light meat, meat and skin, cooked, roasted"
FNDDS-2706108,174512,34,"Turkey from whole, light meat, meat and skin, with added solution, cooked, roasted"
FNDDS-2706109,173468,0.84,"Salt, table"
FNDDS-2706109,171491,66,"Turkey, all classes, light meat, cooked, roasted"
FNDDS-2706109,172865,34,"Turkey from whole, light meat, meat only, with added solution, cooked, roasted"
FNDDS-2706110,171089,66,"Turkey, whole, light meat, meat and skin, cooked, roasted"
FNDDS-2706110,174512,34,"Turkey from whole, light meat, meat and skin, with added solution, cooked, roasted"
FNDDS-2706110,173468,0.84,"Salt, table"
FNDDS-2706111,173468,0.84,"Salt, table"
FNDDS-2706111,171091,66,"Turkey, whole, dark meat, cooked, roasted"
FNDDS-2706111,174508,34,"Turkey, dark meat, meat only, with added solution, cooked, roasted"
FNDDS-2706112,171489,66,"Turkey, whole, dark meat, meat and skin, cooked, roasted"
FNDDS-2706112,173468,0.84,"Salt, table"
FNDDS-2706112,174510,34,"Turkey, dark meat from whole, meat and skin, with added solution, cooked, roasted"
FNDDS-2706113,172869,34,"Turkey, whole, meat only, with added solution, roasted"
FNDDS-2706113,173468,0.84,"Salt, table"
FNDDS-2706113,171481,66,"Turkey, whole, meat only, cooked, roasted"
FNDDS-2706114,172871,34,"Turkey, whole, meat and skin, with added solution, roasted"
FNDDS-2706114,173468,0.84,"Salt, table"
FNDDS-2706114,171479,66,"Turkey, whole, meat and skin, cooked, roasted"
FNDDS-2706115,170877,0.21,"Milk, dry, nonfat, regular, without added vitamin A and vitamin D"
FNDDS-2706115,175103,2.5,"Beverages, water, tap, municipal"
FNDDS-2706115,171481,66,"Turkey, whole, meat only, cooked, roasted"
FNDDS-2706115,173468,0.37,"Salt, table"
FNDDS-2706115,172869,34,"Turkey, whole, meat only, with added solution, roasted"
FNDDS-2706115,173584,1.4,"Shortening, vegetable, household, composite"
FNDDS-2706115,168894,1.77,"Flour, wheat, all-purpose, enriched, bleached"
FNDDS-2706115,171287,1.05,"Eggs, Grade A, Large, egg whole"
FNDDS-2706116,171287,1.05,"Eggs, Grade A, Large, egg whole"
FNDDS-2706116,173584,1.4,"Shortening, vegetable, household, composite"
FNDDS-2706116,175103,2.5,"Beverages, water, tap, municipal"
FNDDS-2706116,173468,0.37,"Salt, table"
FNDDS-2706116,168894,1.77,"Flour, wheat, all-purpose, enriched, bleached"
FNDDS-2706116,171479,66,"Turkey, whole, meat and skin, cooked, roasted"
FNDDS-2706116,172871,34,"Turkey, whole, meat and skin, with added solution, roasted"
FNDDS-2706116,170877,0.21,"Milk, dry, nonfat, regular, without added vitamin A and vitamin D"
FNDDS-2706117,173468,0.84,"Salt, table"
FNDDS-2706117,171480,100,"Turkey, whole, meat only, raw"
FNDDS-2706118,173468,0.84,"Salt, table"
FNDDS-2706118,171130,34,"Turkey, retail parts, breast, meat and skin, with added solution, raw"
FNDDS-2706118,171081,66,"Turkey, whole, meat and skin, raw"
FNDDS-2706119,168120,100,"Turkey, light or dark meat, smoked, cooked, with skin, bone removed"
FNDDS-2706120,167713,100,"Turkey, light or dark meat, smoked, cooked, skin and bone removed"
FNDDS-2706121,171530,66,"Turkey, drumstick, from whole bird, meat only, roasted"
FNDDS-2706121,173468,0.84,"Salt, table"
FNDDS-2706121,171128,34,"Turkey, drumstick, from whole bird, meat only, with added solution, roasted"
FNDDS-2706122,173468,0.84,"Salt, table"
FNDDS-2706122,171494,100,"Turkey, all classes, leg, meat and skin, cooked, roasted"
FNDDS-2706123,171530,66,"Turkey, drumstick, from whole bird, meat only, roasted"
FNDDS-2706123,173468,0.84,"Salt, table"
FNDDS-2706123,171128,34,"Turkey, drumstick, from whole bird, meat only, with added solution, roasted"
FNDDS-2706124,171494,66,"Turkey, all classes, leg, meat and skin, cooked, roasted"
FNDDS-2706124,173468,0.84,"Salt, table"
FNDDS-2706124,174510,34,"Turkey, dark meat from whole, meat and skin, with added solution, cooked, roasted"
FNDDS-2706125,171137,66,"Turkey, retail parts, thigh, meat and skin, cooked, roasted"
FNDDS-2706125,171131,31,"Turkey, thigh, from whole bird, meat only, with added solution, roasted"
FNDDS-2706125,173468,0.84,"Salt, table"
FNDDS-2706125,172867,3,"Turkey, skin from whole, (light and dark), with added solution, roasted"
FNDDS-2706126,173468,0.84,"Salt, table"
FNDDS-2706126,171131,34,"Turkey, thigh, from whole bird, meat only, with added solution, roasted"
FNDDS-2706126,171532,66,"Turkey, thigh, from whole bird, meat only, roasted"
FNDDS-2706127,171087,100,"Turkey, whole, neck, meat only, cooked, simmered"
FNDDS-2706127,173468,0.84,"Salt, table"
FNDDS-2706128,171527,34,"Turkey, wing, from whole bird, meat only, with added solution, roasted"
FNDDS-2706128,173468,0.84,"Salt, table"
FNDDS-2706128,171498,66,"Turkey, whole, wing, meat only, cooked, roasted"
FNDDS-2706129,173468,0.84,"Salt, table"
FNDDS-2706129,171094,66,"Turkey, all classes, wing, meat and skin, cooked, roasted"
FNDDS-2706129,171527,31,"Turkey, wing, from whole bird, meat only, with added solution, roasted"
FNDDS-2706129,172867,3,"Turkey, skin from whole, (light and dark), with added solution, roasted"
FNDDS-2706130,173468,0.84,"Salt, table"
FNDDS-2706130,173571,15.1,"Fat, turkey"
FNDDS-2706130,171139,100,"Turkey, back, from whole bird, meat and skin, with added solution, roasted"
FNDDS-2706131,171139,100,"Turkey, back, from whole bird, meat and skin, with added solution, roasted"
FNDDS-2706131,173468,0.84,"Salt, table"
FNDDS-2706132,171110,100,"Chicken, canned, no broth"
FNDDS-2706133,173468,0.84,"Salt, table"
FNDDS-2706133,172851,100,"Turkey, ground, 93% lean, 7% fat, pan-broiled crumbles"
FNDDS-2706134,173584,5,"Shortening, vegetable, household, composite"
FNDDS-2706134,172869,75,"Turkey, whole, meat only, with added solution, roasted"
FNDDS-2706134,174928,25,"Bread, crumbs, dry, grated, plain"
FNDDS-2706135,171639,100,"Bacon, turkey, microwaved"
FNDDS-2706136,171640,100,"Bacon, turkey, low sodium"
FNDDS-2706137,173468,0.42,"Salt, table"
FNDDS-2706137,172409,100,"Duck, domesticated, meat and skin, cooked, roasted"
FNDDS-2706138,172411,100,"Duck, domesticated, meat only, cooked, roasted"
FNDDS-2706138,173468,0.42,"Salt, table"
FNDDS-2706139,173468,0.42,"Salt, table"
FNDDS-2706139,172409,100,"Duck, domesticated, meat and skin, cooked, roasted"
FNDDS-2706140,172411,100,"Duck, domesticated, meat only, cooked, roasted"
FNDDS-2706140,173468,0.42,"Salt, table"
FNDDS-2706142,172412,100,"Goose, domesticated, meat and skin, cooked, roasted"
FNDDS-2706142,173468,0.42,"Salt, table"
FNDDS-2706143,171107,100,"Chicken, cornish game hens, meat and skin, cooked, roasted"
FNDDS-2706143,173468,0.84,"Salt, table"
FNDDS-2706144,171109,100,"Chicken, cornish game hens, meat only, cooked, roasted"
FNDDS-2706144,173468,0.84,"Salt, table"
FNDDS-2706145,171107,100,"Chicken, cornish game hens, meat and skin, cooked, roasted"
FNDDS-2706145,173468,0.84,"Salt, table"
FNDDS-2706146,173468,0.84,"Salt, table"
FNDDS-2706146,171109,100,"Chicken, cornish game hens, meat only, cooked, roasted"
FNDDS-2706147,173468,0.42,"Salt, table"
FNDDS-2706147,169905,100,"Dove, cooked (includes squab)"
FNDDS-2706148,175103,2.5,"Beverages, water, tap, municipal"
FNDDS-2706148,173468,0.37,"Salt, table"
FNDDS-2706148,172195,0.21,"Milk, dry, nonfat, regular, with added vitamin A and vitamin D"
FNDDS-2706148,168894,1.77,"Flour, wheat, all-purpose, enriched, bleached"
FNDDS-2706148,171287,1.05,"Eggs, Grade A, Large, egg whole"
FNDDS-2706148,173584,1.4,"Shortening, vegetable, household, composite"
FNDDS-2706148,169905,96.5,"Dove, cooked (includes squab)"
FNDDS-2706149,169902,100,"Quail, cooked, total edible"
FNDDS-2706149,173468,0.42,"Salt, table"
FNDDS-2706150,169903,100,"Pheasant, cooked, total edible"
FNDDS-2706150,173468,0.42,"Salt, table"
FNDDS-2706151,173483,100,"Babyfood, meat, chicken, strained"
FNDDS-2706152,172250,100,"Babyfood, meat, turkey, strained"
FNDDS-2706153,168627,100,"Beef, variety meats and by-products, liver, cooked, pan-fried"
FNDDS-2706153,173468,0.8,"Salt, table"
FNDDS-2706154,173584,2.5,"Shortening, vegetable, household, composite"
FNDDS-2706154,171060,91.6,"Chicken, liver, all classes, raw"
FNDDS-2706154,168894,5.9,"Flour, wheat, all-purpose, enriched, bleached"
FNDDS-2706154,173468,0.8,"Salt, table"
FNDDS-2706155,172928,100,"Pate, chicken liver, canned"
FNDDS-2706156,173468,0.8,"Salt, table"
FNDDS-2706156,169448,100,"Beef, variety meats and by-products, heart, cooked, simmered"
FNDDS-2706157,173468,0.8,"Salt, table"
FNDDS-2706157,169450,100,"Beef, variety meats and by-products, kidneys, cooked, simmered"
FNDDS-2706158,173468,0.8,"Salt, table"
FNDDS-2706158,172543,100,"Veal, variety meats and by-products, thymus, cooked, braised"
FNDDS-2706159,173468,0.8,"Salt, table"
FNDDS-2706159,168624,100,"Beef, variety meats and by-products, brain, cooked, simmered"
FNDDS-2706160,173468,0.8,"Salt, table"
FNDDS-2706160,170598,100,"Beef, variety meats and by-products, tongue, cooked, simmered"
FNDDS-2706162,170599,100,"Beef, variety meats and by-products, tripe, raw"
FNDDS-2706162,173468,0.8,"Salt, table"
FNDDS-2706163,167856,100,"Pork, fresh, variety meats and by-products, chitterlings, cooked, simmered"
FNDDS-2706163,173468,0.8,"Salt, table"
FNDDS-2706164,167867,100,"Pork, fresh, variety meats and by-products, stomach, raw"
FNDDS-2706164,173468,0.8,"Salt, table"
FNDDS-2706165,171457,100,"Chicken, gizzard, all classes, cooked, simmered"
FNDDS-2706165,173468,0.8,"Salt, table"
FNDDS-2706166,173862,100,"Frankfurter, beef, unheated"
FNDDS-2706167,173862,100,"Frankfurter, beef, unheated"
FNDDS-2706168,173875,100,"Frankfurter, meat and poultry, unheated"
FNDDS-2706169,168131,50,"Frankfurter, low sodium"
FNDDS-2706169,169866,50,"Frankfurter, meat and poultry, low fat"
FNDDS-2706170,171625,100,"Frankfurter, turkey"
FNDDS-2706171,174616,100,"Sausage, breakfast sausage, beef, pre-cooked, unprepared"
FNDDS-2706173,171618,100,Blood sausage
FNDDS-2706174,171620,100,"Bratwurst, pork, cooked"
FNDDS-2706176,171637,100,"Bologna, meat and poultry"
FNDDS-2706177,168101,100,"Bologna, beef, low fat"
FNDDS-2706180,171630,100,"Headcheese, pork"
FNDDS-2706181,173867,100,"Knackwurst, knockwurst, pork, beef"
FNDDS-2706182,174573,100,"Mortadella, beef, pork"
FNDDS-2706183,170204,100,"Beef, cured, pastrami"
FNDDS-2706184,174570,100,"Roast beef, deli style, prepackaged, sliced"
FNDDS-2706185,174575,100,"Pepperoni, beef and pork, sliced"
FNDDS-2706186,174582,100,"Salami, dry or hard, pork, beef"
FNDDS-2706188,173877,100,"Kielbasa, fully cooked, grilled"
FNDDS-2706189,174586,100,"Sausage, Italian, pork, mild, cooked, pan-fried"
FNDDS-2706190,174578,100,"Pork sausage, link/patty, cooked, pan-fried"
FNDDS-2706191,174578,100,"Pork sausage, link/patty, cooked, pan-fried"
FNDDS-2706192,171636,100,"Pork sausage, link/patty, reduced fat, cooked, pan-fried"
FNDDS-2706193,173564,7,"Fat, chicken"
FNDDS-2706193,173880,93,"Sausage, chicken or turkey, Italian style,  lower sodium"
FNDDS-2706194,174578,50,"Pork sausage, link/patty, cooked, pan-fried"
FNDDS-2706194,174616,50,"Sausage, breakfast sausage, beef, pre-cooked, unprepared"
FNDDS-2706195,174582,100,"Salami, dry or hard, pork, beef"
FNDDS-2706196,172937,100,"Salami, cooked, turkey"
FNDDS-2706198,172969,100,"Scrapple, pork"
FNDDS-2706199,172940,100,"Thuringer, cervelat, summer sausage, beef, pork"
FNDDS-2706200,174600,100,"Sausage, turkey, breakfast links, mild, raw"
FNDDS-2706201,173880,100,"Sausage, chicken or turkey, Italian style,  lower sodium"
FNDDS-2706201,173564,7,"Fat, chicken"
FNDDS-2706202,167694,100,"Sausage, turkey and pork, fresh, bulk, patty or link, cooked"
FNDDS-2706203,172942,100,"Sausage, Vienna, canned, chicken, beef, pork"
FNDDS-2706204,174586,100,"Sausage, Italian, pork, mild, cooked, pan-fried"
FNDDS-2706204,173468,0.8,"Salt, table"
FNDDS-2706205,173863,100,"Ham, sliced, pre-packaged, deli meat (96%fat free, water added)"
FNDDS-2706206,173863,100,"Ham, sliced, pre-packaged, deli meat (96%fat free, water added)"
FNDDS-2706208,173874,100,"Chicken breast, deli, rotisserie seasoned, sliced, prepackaged"
FNDDS-2706210,169148,100,"Pork, cured, ham -- water added, whole, boneless, separable lean only, heated, roasted"
FNDDS-2706211,172951,100,"Luncheon meat, pork with ham, minced, canned, includes Spam (Hormel)"
FNDDS-2706212,172950,100,"Luncheon meat, pork, ham, and chicken, minced, canned, reduced sodium, added ascorbic acid, includes SPAM, 25% less sodium"
FNDDS-2706213,171621,100,"Braunschweiger (a liver sausage), pork"
FNDDS-2706214,174576,100,"Pickle and pimiento loaf, pork"
FNDDS-2706215,172941,100,"Turkey breast, sliced, prepackaged"
FNDDS-2706217,172941,100,"Turkey breast, sliced, prepackaged"
FNDDS-2706218,174570,100,"Roast beef, deli style, prepackaged, sliced"
FNDDS-2706220,174583,100,"Sandwich spread, pork, beef"
FNDDS-2706221,174581,100,Poultry salad sandwich spread
FNDDS-2706222,173866,100,Ham salad spread
FNDDS-2706223,173713,25,"Fish, whiting, mixed species, raw"
FNDDS-2706223,175176,25,"Fish, tilapia, raw"
FNDDS-2706223,174191,25,"Fish, cod, Pacific, raw (may have been previously frozen)"
FNDDS-2706223,175165,25,"Fish, catfish, channel, farmed, raw"
FNDDS-2706228,174191,10,"Fish, cod, Pacific, raw (may have been previously frozen)"
FNDDS-2706228,173468,0.2,"Salt, table"
FNDDS-2706228,175167,30,"Fish, salmon, Atlantic, farmed, raw"
FNDDS-2706228,175176,25,"Fish, tilapia, raw"
FNDDS-2706228,175165,25,"Fish, catfish, channel, farmed, raw"
FNDDS-2706228,175138,10,"Fish, salmon, pink, raw"
FNDDS-2706229,175121,100,"Fish, mackerel, jack, canned, drained solids"
FNDDS-2706230,174199,100,"Fish, haddock, smoked"
FNDDS-2706231,174195,100,"Fish, fish sticks, frozen, prepared"
FNDDS-2706232,174183,100,"Fish, anchovy, european, canned in oil, drained solids"
FNDDS-2706239,173468,0.2,"Salt, table"
FNDDS-2706239,175165,100,"Fish, catfish, channel, farmed, raw"
FNDDS-2706245,174191,100,"Fish, cod, Pacific, raw (may have been previously frozen)"
FNDDS-2706245,173468,0.2,"Salt, table"
FNDDS-2706253,174196,100,"Fish, flatfish (flounder and sole species), raw"
FNDDS-2706253,173468,0.2,"Salt, table"
FNDDS-2706259,171964,100,"Fish, haddock, raw"
FNDDS-2706259,173468,0.2,"Salt, table"
FNDDS-2706262,175118,100,"Fish, herring, Atlantic, pickled"
FNDDS-2706268,175121,100,"Fish, mackerel, jack, canned, drained solids"
FNDDS-2706275,173678,100,"Fish, perch, mixed species, raw"
FNDDS-2706275,173468,0.2,"Salt, table"
FNDDS-2706282,173682,100,"Fish, pompano, florida, raw"
FNDDS-2706282,173468,0.2,"Salt, table"
FNDDS-2706284,175138,25,"Fish, salmon, pink, raw"
FNDDS-2706284,175167,75,"Fish, salmon, Atlantic, farmed, raw"
FNDDS-2706290,173468,0.2,"Salt, table"
FNDDS-2706290,175138,25,"Fish, salmon, pink, raw"
FNDDS-2706290,175167,75,"Fish, salmon, Atlantic, farmed, raw"
FNDDS-2706291,173724,100,"Fish, Salmon, pink, canned, drained solids, without skin and bones"
FNDDS-2706292,173687,100,"Fish, salmon, chinook, smoked"
FNDDS-2706293,175139,100,"Fish, sardine, Atlantic, canned in oil, drained solids with bone"
FNDDS-2706299,173468,0.2,"Salt, table"
FNDDS-2706299,175142,100,"Fish, sea bass, mixed species, raw"
FNDDS-2706307,173717,100,"Fish, trout, rainbow, farmed, raw"
FNDDS-2706307,173468,0.2,"Salt, table"
FNDDS-2706308,175159,100,"Fish, tuna, fresh, yellowfin, raw"
FNDDS-2706311,173709,100,"Fish, tuna, light, canned in water, drained solids"
FNDDS-2706317,173713,100,"Fish, whiting, mixed species, raw"
FNDDS-2706317,173468,0.2,"Salt, table"
FNDDS-2706323,175176,100,"Fish, tilapia, raw"
FNDDS-2706323,173468,0.2,"Salt, table"
FNDDS-2706328,173468,0.2,"Salt, table"
FNDDS-2706328,174191,50,"Fish, cod, Pacific, raw (may have been previously frozen)"
FNDDS-2706328,175176,50,"Fish, tilapia, raw"
FNDDS-2706332,174188,100,"Fish, caviar, black and red, granular"
FNDDS-2706338,174214,100,"Mollusks, clam, mixed species, raw"
FNDDS-2706342,174214,100,"Mollusks, clam, mixed species, raw"
FNDDS-2706343,174214,100,"Mollusks, clam, mixed species, raw"
FNDDS-2706344,174205,100,"Crustaceans, crab, blue, cooked, moist heat"
FNDDS-2706345,171966,100,"Crustaceans, crab, blue, canned"
FNDDS-2706348,174206,100,"Crustaceans, crayfish, mixed species, wild, raw"
FNDDS-2706349,174208,100,"Crustaceans, lobster, northern, raw"
FNDDS-2706350,174216,100,"Mollusks, mussel, blue, raw"
FNDDS-2706351,171978,100,"Mollusks, oyster, eastern, wild, raw"
FNDDS-2706353,171978,100,"Mollusks, oyster, eastern, wild, raw"
FNDDS-2706355,171981,100,"Mollusks, oyster, eastern, canned"
FNDDS-2706358,173468,0.2,"Salt, table"
FNDDS-2706358,174220,100,"Mollusks, scallop, mixed species, raw"
FNDDS-2706363,174210,100,"Crustaceans, shrimp, mixed species, raw (may contain additives to retain moisture)"
FNDDS-2706363,173468,0.2,"Salt, table"
FNDDS-2706366,171972,100,"Crustaceans, shrimp, mixed species, canned"
FNDDS-2706367,171972,100,"Crustaceans, shrimp, mixed species, canned"
FNDDS-2706370,173468,0.5,"Salt, table"
FNDDS-2706370,169531,70,"Beef, round, top round steak, separable lean and fat, trimmed to 1/8"" fat, all grades, cooked, broiled"
FNDDS-2706370,170054,30,"Tomato products, canned, sauce"
FNDDS-2706379,169531,70,"Beef, round, top round steak, separable lean and fat, trimmed to 1/8"" fat, all grades, cooked, broiled"
FNDDS-2706379,173468,0.56,"Salt, table"
FNDDS-2706379,171566,30,"Gravy, chicken, canned or bottled, ready-to-serve"
FNDDS-2706380,168965,100,"Salisbury steak with gravy, frozen"
FNDDS-2706387,171167,12,"Sauce, teriyaki, ready-to-serve"
FNDDS-2706387,169531,88,"Beef, round, top round steak, separable lean and fat, trimmed to 1/8"" fat, all grades, cooked, broiled"
FNDDS-2706391,173468,0.9,"Salt, table"
FNDDS-2706391,171208,50,"Beef, chuck, under blade pot roast, boneless, separable lean and fat, trimmed to 0"" fat, all grades, cooked, braised"
FNDDS-2706391,170612,50,"Beef, brisket, whole, separable lean only, trimmed to 0"" fat, all grades, cooked, braised"
FNDDS-2706394,171796,85,"Beef, ground, 85% lean meat / 15% fat, raw (Includes foods for USDA's Food Distribution Program)"
FNDDS-2706394,172184,10,"Eggs, Grade A, Large, egg yolk"
FNDDS-2706394,173468,0.5,"Salt, table"
FNDDS-2706394,172238,5,"Capers, canned"
FNDDS-2706398,173468,0.5,"Salt, table"
FNDDS-2706398,168233,70,"Pork, fresh, loin, whole, separable lean only, cooked, roasted"
FNDDS-2706398,171566,30,"Gravy, chicken, canned or bottled, ready-to-serve"
FNDDS-2706400,167850,50,"Pork, fresh, shoulder, (Boston butt), blade (steaks), separable lean and fat, cooked, braised"
FNDDS-2706400,168256,50,"Pork, fresh, shoulder, arm picnic, separable lean and fat, cooked, braised"
FNDDS-2706400,173468,0.9,"Salt, table"
FNDDS-2706401,168082,100,"Restaurant, Chinese, sweet and sour pork"
FNDDS-2706404,173468,0.44,"Salt, table"
FNDDS-2706404,170054,30,"Tomato products, canned, sauce"
FNDDS-2706404,168233,70,"Pork, fresh, loin, whole, separable lean only, cooked, roasted"
FNDDS-2706405,174578,70,"Pork sausage, link/patty, cooked, pan-fried"
FNDDS-2706405,173468,0.4,"Salt, table"
FNDDS-2706405,170054,30,"Tomato products, canned, sauce"
FNDDS-2706411,170000,75,"Onions, raw"
FNDDS-2706411,168230,680.4,"Pork, fresh, loin, whole, separable lean only, raw"
FNDDS-2706411,171401,12,Lard
FNDDS-2706411,168576,150,"Peppers, jalapeno, raw"
FNDDS-2706411,170457,453.6,"Tomatoes, red, ripe, raw, year round average"
FNDDS-2706411,173468,3,"Salt, table"
FNDDS-2706411,170931,1.05,"Spices, pepper, black"
FNDDS-2706413,173468,0.5,"Salt, table"
FNDDS-2706413,171566,30,"Gravy, chicken, canned or bottled, ready-to-serve"
FNDDS-2706413,172480,70,"Lamb, composite of trimmed retail cuts, separable lean and fat, trimmed to 1/4"" fat, choice, cooked"
FNDDS-2706419,170054,30,"Tomato products, canned, sauce"
FNDDS-2706419,172605,70,"Game meat, deer, shoulder clod, separable lean only, cooked, braised"
FNDDS-2706419,173468,0.44,"Salt, table"
FNDDS-2706420,171566,30,"Gravy, chicken, canned or bottled, ready-to-serve"
FNDDS-2706420,172605,70,"Game meat, deer, shoulder clod, separable lean only, cooked, braised"
FNDDS-2706420,173468,0.5,"Salt, table"
FNDDS-2706430,171481,70,"Turkey, whole, meat only, cooked, roasted"
FNDDS-2706430,173468,0.44,"Salt, table"
FNDDS-2706430,171566,30,"Gravy, chicken, canned or bottled, ready-to-serve"
FNDDS-2706435,168081,100,"Restaurant, Chinese, sweet and sour chicken"
FNDDS-2706436,168081,100,"Restaurant, Chinese, sweet and sour chicken"
FNDDS-2706443,167679,100,"Restaurant, Chinese, orange chicken"
FNDDS-2706444,168087,100,"Restaurant, Chinese, sesame chicken"
FNDDS-2706445,173410,9.7,"Butter, stick, salted"
FNDDS-2706445,170756,90.3,"Fast Foods, Fried Chicken, Breast, meat and skin and breading"
FNDDS-2706448,173468,3,"Salt, table"
FNDDS-2706448,171287,100,"Eggs, Grade A, Large, egg whole"
FNDDS-2706448,170859,119.5,"Cream, heavy"
FNDDS-2706448,168894,7.813,"Flour, wheat, all-purpose, enriched, bleached"
FNDDS-2706448,173410,21,"Butter, stick, salted"
FNDDS-2706448,174196,453.6,"Fish, flatfish (flounder and sole species), raw"
FNDDS-2706448,171265,61,"Milk, whole, 3.25% milkfat, with added vitamin D"
FNDDS-2706451,173468,0.3,"Salt, table"
FNDDS-2706451,172184,4,"Eggs, Grade A, Large, egg yolk"
FNDDS-2706451,168894,2,"Flour, wheat, all-purpose, enriched, bleached"
FNDDS-2706451,173410,6,"Butter, stick, salted"
FNDDS-2706451,174208,12,"Crustaceans, lobster, northern, raw"
FNDDS-2706451,170857,52,"Cream, fluid, light (coffee cream or table cream)"
FNDDS-2706451,174205,12,"Crustaceans, crab, blue, cooked, moist heat"
FNDDS-2706451,174210,12,"Crustaceans, shrimp, mixed species, raw (may contain additives to retain moisture)"
FNDDS-2706453,171976,30,"Mollusks, clam, mixed species, canned, drained solids"
FNDDS-2706453,171972,30,"Crustaceans, shrimp, mixed species, canned"
FNDDS-2706453,171192,260,"Sauce, pasta, spaghetti/marinara, ready-to-serve"
FNDDS-2706457,174531,100,"Sauce, fish, ready-to-serve"
FNDDS-2706459,171956,70,"Fish, cod, Atlantic, cooked, dry heat"
FNDDS-2706459,173468,0.4,"Salt, table"
FNDDS-2706459,170054,30,"Tomato products, canned, sauce"
FNDDS-2706462,171167,12,"Sauce, teriyaki, ready-to-serve"
FNDDS-2706462,171971,88,"Crustaceans, shrimp, mixed species, cooked, moist heat (may contain additives to retain moisture)"
FNDDS-2706463,168576,5,"Peppers, jalapeno, raw"
FNDDS-2706463,168156,15,"Lime juice, raw"
FNDDS-2706463,173468,0.3,"Salt, table"
FNDDS-2706463,167747,15,"Lemon juice, raw"
FNDDS-2706463,170457,8,"Tomatoes, red, ripe, raw, year round average"
FNDDS-2706463,170000,7,"Onions, raw"
FNDDS-2706463,173698,50,"Fish, snapper, mixed species, raw"
FNDDS-2706469,169531,70,"Beef, round, top round steak, separable lean and fat, trimmed to 1/8"" fat, all grades, cooked, broiled"
FNDDS-2706469,173468,0.48,"Salt, table"
FNDDS-2706469,170054,30,"Tomato products, canned, sauce"
FNDDS-2706473,171566,30,"Gravy, chicken, canned or bottled, ready-to-serve"
FNDDS-2706473,173468,0.56,"Salt, table"
FNDDS-2706473,169531,70,"Beef, round, top round steak, separable lean and fat, trimmed to 1/8"" fat, all grades, cooked, broiled"
FNDDS-2706477,173332,100,"Beef, corned beef hash, with potato, canned"
FNDDS-2706478,172200,30,"Cheese sauce, prepared from recipe"
FNDDS-2706478,173647,15,"Beverages, water, tap, drinking"
FNDDS-2706478,169531,15,"Beef, round, top round steak, separable lean and fat, trimmed to 1/8"" fat, all grades, cooked, broiled"
FNDDS-2706478,170440,50,"Potatoes, boiled, cooked without skin, flesh, without salt"
FNDDS-2706478,173468,0.45,"Salt, table"
FNDDS-2706499,170000,80,"Onions, raw"
FNDDS-2706499,170931,0.525,"Spices, pepper, black"
FNDDS-2706499,171799,428.652,"Beef, ground, 80% lean meat / 20% fat, crumbles, cooked, pan-browned"
FNDDS-2706499,171287,50,"Eggs, Grade A, Large, egg whole"
FNDDS-2706499,174924,84,"Bread, white, commercially prepared"
FNDDS-2706499,173432,122.5,"Milk, nonfat, fluid, without added vitamin A and vitamin D (fat free or skim)"
FNDDS-2706499,173468,6,"Salt, table"
FNDDS-2706500,171799,428.652,"Beef, ground, 80% lean meat / 20% fat, crumbles, cooked, pan-browned"
FNDDS-2706500,170054,226.8,"Tomato products, canned, sauce"
FNDDS-2706500,173432,122.5,"Milk, nonfat, fluid, without added vitamin A and vitamin D (fat free or skim)"
FNDDS-2706500,170000,80,"Onions, raw"
FNDDS-2706500,174924,84,"Bread, white, commercially prepared"
FNDDS-2706500,170931,0.525,"Spices, pepper, black"
FNDDS-2706500,171287,50,"Eggs, Grade A, Large, egg whole"
FNDDS-2706500,173468,6,"Salt, table"
FNDDS-2706502,173332,100,"Beef, corned beef hash, with potato, canned"
FNDDS-2706507,173468,0.1,"Salt, table"
FNDDS-2706507,168233,15,"Pork, fresh, loin, whole, separable lean only, cooked, roasted"
FNDDS-2706507,174931,50,"Bread, stuffing, dry mix, prepared"
FNDDS-2706507,173647,30,"Beverages, water, tap, drinking"
FNDDS-2706512,172200,30,"Cheese sauce, prepared from recipe"
FNDDS-2706512,174578,15,"Pork sausage, link/patty, cooked, pan-fried"
FNDDS-2706512,168878,50,"Rice, white, long-grain, regular, enriched, cooked"
FNDDS-2706512,173647,25,"Beverages, water, tap, drinking"
FNDDS-2706512,173468,0.4,"Salt, table"
FNDDS-2706517,172200,30,"Cheese sauce, prepared from recipe"
FNDDS-2706517,173647,15,"Beverages, water, tap, drinking"
FNDDS-2706517,170440,50,"Potatoes, boiled, cooked without skin, flesh, without salt"
FNDDS-2706517,168233,15,"Pork, fresh, loin, whole, separable lean only, cooked, roasted"
FNDDS-2706517,173468,0.4,"Salt, table"
FNDDS-2706524,169732,50,"Noodles, egg, enriched, cooked"
FNDDS-2706524,172480,15,"Lamb, composite of trimmed retail cuts, separable lean and fat, trimmed to 1/4"" fat, choice, cooked"
FNDDS-2706524,171566,30,"Gravy, chicken, canned or bottled, ready-to-serve"
FNDDS-2706524,173468,0.4,"Salt, table"
FNDDS-2706547,170931,0.525,"Spices, pepper, black"
FNDDS-2706547,168559,28.35,"Pimento, canned"
FNDDS-2706547,170000,80,"Onions, raw"
FNDDS-2706547,171506,412.75,"Turkey, Ground, cooked"
FNDDS-2706547,171287,50,"Eggs, Grade A, Large, egg whole"
FNDDS-2706547,173432,122.5,"Milk, nonfat, fluid, without added vitamin A and vitamin D (fat free or skim)"
FNDDS-2706547,174924,84,"Bread, white, commercially prepared"
FNDDS-2706547,173468,6,"Salt, table"
FNDDS-2706550,174189,40,"Fish, cod, Atlantic, canned, solids and liquid"
FNDDS-2706550,173468,0.3,"Salt, table"
FNDDS-2706550,168894,3,"Flour, wheat, all-purpose, enriched, bleached"
FNDDS-2706550,171287,5,"Eggs, Grade A, Large, egg whole"
FNDDS-2706550,173584,7,"Shortening, vegetable, household, composite"
FNDDS-2706550,169768,45,"Potatoes, mashed, ready-to-eat"
FNDDS-2706551,175103,19,"Beverages, water, tap, municipal"
FNDDS-2706551,174191,60,"Fish, cod, Pacific, raw (may have been previously frozen)"
FNDDS-2706551,170001,10,"Onions, cooked, boiled, drained, without salt"
FNDDS-2706551,168894,10,"Flour, wheat, all-purpose, enriched, bleached"
FNDDS-2706551,173468,1,"Salt, table"
FNDDS-2706558,172200,30,"Cheese sauce, prepared from recipe"
FNDDS-2706558,173647,18,"Beverages, water, tap, drinking"
FNDDS-2706558,169732,50,"Noodles, egg, enriched, cooked"
FNDDS-2706558,171971,15,"Crustaceans, shrimp, mixed species, cooked, moist heat (may contain additives to retain moisture)"
FNDDS-2706558,173468,0.1,"Salt, table"
FNDDS-2706563,173410,28,"Butter, stick, salted"
FNDDS-2706563,174924,64.08,"Bread, white, commercially prepared"
FNDDS-2706563,174209,226.8,"Crustaceans, lobster, northern, cooked, moist heat"
FNDDS-2706563,173468,1.5,"Salt, table"
FNDDS-2706563,170000,10,"Onions, raw"
FNDDS-2706568,174203,100,"Crustaceans, crab, alaska king, imitation, made from surimi"
FNDDS-2706580,171799,428.652,"Beef, ground, 80% lean meat / 20% fat, crumbles, cooked, pan-browned"
FNDDS-2706580,174924,84,"Bread, white, commercially prepared"
FNDDS-2706580,170000,80,"Onions, raw"
FNDDS-2706580,173468,6,"Salt, table"
FNDDS-2706580,173432,122.5,"Milk, nonfat, fluid, without added vitamin A and vitamin D (fat free or skim)"
FNDDS-2706580,171287,50,"Eggs, Grade A, Large, egg whole"
FNDDS-2706580,171564,480,"Gravy, beef, canned, ready-to-serve"
FNDDS-2706580,170931,0.525,"Spices, pepper, black"
FNDDS-2706584,173332,100,"Beef, corned beef hash, with potato, canned"
FNDDS-2706586,169230,9,"Garlic, raw"
FNDDS-2706586,173468,5.5,"Salt, table"
FNDDS-2706586,170457,80,"Tomatoes, red, ripe, raw, year round average"
FNDDS-2706586,170000,40,"Onions, raw"
FNDDS-2706586,170427,40,"Peppers, bell, green, raw"
FNDDS-2706586,168220,454,"Pork, fresh, composite of trimmed retail cuts (leg, loin, shoulder), separable lean only, raw"
FNDDS-2706586,170026,250,"Potatoes, flesh and skin, raw"
FNDDS-2706586,170931,0.5,"Spices, pepper, black"
FNDDS-2706586,173647,237,"Beverages, water, tap, drinking"
FNDDS-2706586,170923,1.5,"Spices, cumin seed"
FNDDS-2706586,174036,454,"Beef, ground, 80% lean meat / 20% fat, raw"
FNDDS-2706586,168894,3.9,"Flour, wheat, all-purpose, enriched, bleached"
FNDDS-2706601,169969,10,"Broccoli, frozen, chopped, cooked, boiled, drained, without salt"
FNDDS-2706601,172200,30,"Cheese sauce, prepared from recipe"
FNDDS-2706601,170440,50,"Potatoes, boiled, cooked without skin, flesh, without salt"
FNDDS-2706601,169531,15,"Beef, round, top round steak, separable lean and fat, trimmed to 1/8"" fat, all grades, cooked, broiled"
FNDDS-2706601,169984,10,"Carrots, frozen, cooked, boiled, drained, without salt"
FNDDS-2706601,173468,0.44,"Salt, table"
FNDDS-2706602,170440,50,"Potatoes, boiled, cooked without skin, flesh, without salt"
FNDDS-2706602,173468,0.46,"Salt, table"
FNDDS-2706602,168399,10,"Corn, sweet, yellow, frozen, kernels cut off cob, boiled, drained, without salt"
FNDDS-2706602,169963,10,"Beans, snap, green, frozen, cooked, boiled, drained without salt"
FNDDS-2706602,172200,30,"Cheese sauce, prepared from recipe"
FNDDS-2706602,169531,15,"Beef, round, top round steak, separable lean and fat, trimmed to 1/8"" fat, all grades, cooked, broiled"
FNDDS-2706607,168905,141.75,"Noodles, chinese, chow mein"
FNDDS-2706607,171755,335,"Beef, round, top round roast, boneless, separable lean and fat, trimmed to 0"" fat, all grades, cooked, roasted"
FNDDS-2706607,168084,680.4,"Restaurant, Chinese, vegetable chow mein, without meat or noodles"
FNDDS-2706624,172200,30,"Cheese sauce, prepared from recipe"
FNDDS-2706624,169984,10,"Carrots, frozen, cooked, boiled, drained, without salt"
FNDDS-2706624,173468,0.44,"Salt, table"
FNDDS-2706624,169969,10,"Broccoli, frozen, chopped, cooked, boiled, drained, without salt"
FNDDS-2706624,168878,50,"Rice, white, long-grain, regular, enriched, cooked"
FNDDS-2706624,169531,15,"Beef, round, top round steak, separable lean and fat, trimmed to 1/8"" fat, all grades, cooked, broiled"
FNDDS-2706625,169963,10,"Beans, snap, green, frozen, cooked, boiled, drained without salt"
FNDDS-2706625,168399,10,"Corn, sweet, yellow, frozen, kernels cut off cob, boiled, drained, without salt"
FNDDS-2706625,169531,15,"Beef, round, top round steak, separable lean and fat, trimmed to 1/8"" fat, all grades, cooked, broiled"
FNDDS-2706625,168878,50,"Rice, white, long-grain, regular, enriched, cooked"
FNDDS-2706625,173468,0.5,"Salt, table"
FNDDS-2706625,172200,30,"Cheese sauce, prepared from recipe"
FNDDS-2706636,173468,0.44,"Salt, table"
FNDDS-2706636,168399,10,"Corn, sweet, yellow, frozen, kernels cut off cob, boiled, drained, without salt"
FNDDS-2706636,169963,10,"Beans, snap, green, frozen, cooked, boiled, drained without salt"
FNDDS-2706636,172200,30,"Cheese sauce, prepared from recipe"
FNDDS-2706636,169732,50,"Noodles, egg, enriched, cooked"
FNDDS-2706636,168233,15,"Pork, fresh, loin, whole, separable lean only, cooked, roasted"
FNDDS-2706648,168084,680.4,"Restaurant, Chinese, vegetable chow mein, without meat or noodles"
FNDDS-2706648,168233,335,"Pork, fresh, loin, whole, separable lean only, cooked, roasted"
FNDDS-2706648,168905,141.75,"Noodles, chinese, chow mein"
FNDDS-2706712,168084,680.4,"Restaurant, Chinese, vegetable chow mein, without meat or noodles"
FNDDS-2706712,171971,363,"Crustaceans, shrimp, mixed species, cooked, moist heat (may contain additives to retain moisture)"
FNDDS-2706712,168905,141.75,"Noodles, chinese, chow mein"
FNDDS-2706715,172200,30,"Cheese sauce, prepared from recipe"
FNDDS-2706715,173468,0.44,"Salt, table"
FNDDS-2706715,169969,10,"Broccoli, frozen, chopped, cooked, boiled, drained, without salt"
FNDDS-2706715,169732,50,"Noodles, egg, enriched, cooked"
FNDDS-2706715,171956,15,"Fish, cod, Atlantic, cooked, dry heat"
FNDDS-2706715,169984,10,"Carrots, frozen, cooked, boiled, drained, without salt"
FNDDS-2706716,169732,50,"Noodles, egg, enriched, cooked"
FNDDS-2706716,169963,10,"Beans, snap, green, frozen, cooked, boiled, drained without salt"
FNDDS-2706716,168399,10,"Corn, sweet, yellow, frozen, kernels cut off cob, boiled, drained, without salt"
FNDDS-2706716,171956,15,"Fish, cod, Atlantic, cooked, dry heat"
FNDDS-2706716,172200,30,"Cheese sauce, prepared from recipe"
FNDDS-2706716,173468,0.44,"Salt, table"
FNDDS-2706740,168072,100,"Restaurant, Chinese, beef and vegetables"
FNDDS-2706741,168072,100,"Restaurant, Chinese, beef and vegetables"
FNDDS-2706742,168084,680.4,"Restaurant, Chinese, vegetable chow mein, without meat or noodles"
FNDDS-2706742,171755,335,"Beef, round, top round roast, boneless, separable lean and fat, trimmed to 0"" fat, all grades, cooked, roasted"
FNDDS-2706749,173468,1.5,"Salt, table"
FNDDS-2706749,174050,268,"Beef, chuck, arm pot roast, separable lean only, trimmed to 1/8"" fat, all grades, cooked, braised"
FNDDS-2706749,168561,30.625,"Pickle relish, sweet"
FNDDS-2706749,171009,110,"Salad dressing, mayonnaise, regular"
FNDDS-2706749,169988,120,"Celery, raw"
FNDDS-2706750,174040,21.75,"Beef, ground, 75% lean meat / 25% fat, crumbles, cooked, pan-browned"
FNDDS-2706750,170457,11.25,"Tomatoes, red, ripe, raw, year round average"
FNDDS-2706750,171595,17.063,"Sauce, tomato chili sauce, bottled, with salt"
FNDDS-2706750,169248,6.875,"Lettuce, iceberg, raw"
FNDDS-2706750,173414,10.594,"Cheese, cheddar"
FNDDS-2706754,170931,2.1,"Spices, pepper, black"
FNDDS-2706754,171029,74.592,"Oil, corn"
FNDDS-2706754,168694,606,"Beef, round, full cut, separable lean and fat, trimmed to 1/8"" fat, choice, raw"
FNDDS-2706754,173469,15,"Vinegar, cider"
FNDDS-2706754,173468,15,"Salt, table"
FNDDS-2706754,169230,6,"Garlic, raw"
FNDDS-2706754,170000,220,"Onions, raw"
FNDDS-2706756,171009,110,"Salad dressing, mayonnaise, regular"
FNDDS-2706756,168284,280,"Pork, cured, ham, whole, separable lean only, roasted"
FNDDS-2706756,168561,30.625,"Pickle relish, sweet"
FNDDS-2706756,169988,120,"Celery, raw"
FNDDS-2706756,173468,1.5,"Salt, table"
FNDDS-2706771,168084,680.4,"Restaurant, Chinese, vegetable chow mein, without meat or noodles"
FNDDS-2706771,168233,335,"Pork, fresh, loin, whole, separable lean only, cooked, roasted"
FNDDS-2706776,174586,453.6,"Sausage, Italian, pork, mild, cooked, pan-fried"
FNDDS-2706776,170428,146,"Peppers, sweet, green, cooked, boiled, drained, without salt"
FNDDS-2706790,167678,100,"Restaurant, Chinese, chicken and vegetables"
FNDDS-2706794,167675,100,"Restaurant, Chinese, general tso's chicken"
FNDDS-2706796,167676,100,"Restaurant, Chinese, kung pao chicken"
FNDDS-2706824,169988,120,"Celery, raw"
FNDDS-2706824,174205,270,"Crustaceans, crab, blue, cooked, moist heat"
FNDDS-2706824,171009,110,"Salad dressing, mayonnaise, regular"
FNDDS-2706824,173468,1.5,"Salt, table"
FNDDS-2706824,167747,31,"Lemon juice, raw"
FNDDS-2706825,174209,290,"Crustaceans, lobster, northern, cooked, moist heat"
FNDDS-2706825,169988,120,"Celery, raw"
FNDDS-2706825,171009,110,"Salad dressing, mayonnaise, regular"
FNDDS-2706825,167747,31,"Lemon juice, raw"
FNDDS-2706825,173468,1.5,"Salt, table"
FNDDS-2706826,173690,300,"Fish, salmon, pink, canned, total can contents"
FNDDS-2706826,168561,30.625,"Pickle relish, sweet"
FNDDS-2706826,173468,1.5,"Salt, table"
FNDDS-2706826,171009,110,"Salad dressing, mayonnaise, regular"
FNDDS-2706826,169988,120,"Celery, raw"
FNDDS-2706827,171971,363,"Crustaceans, shrimp, mixed species, cooked, moist heat (may contain additives to retain moisture)"
FNDDS-2706827,168084,680.4,"Restaurant, Chinese, vegetable chow mein, without meat or noodles"
FNDDS-2706828,168561,30.625,"Pickle relish, sweet"
FNDDS-2706828,173709,276,"Fish, tuna, light, canned in water, drained solids"
FNDDS-2706828,173468,1.5,"Salt, table"
FNDDS-2706828,171009,110,"Salad dressing, mayonnaise, regular"
FNDDS-2706828,169988,120,"Celery, raw"
FNDDS-2706829,173594,120,"Salad dressing, mayonnaise, light"
FNDDS-2706829,169988,120,"Celery, raw"
FNDDS-2706829,168561,30.625,"Pickle relish, sweet"
FNDDS-2706829,173468,1.5,"Salt, table"
FNDDS-2706829,173709,276,"Fish, tuna, light, canned in water, drained solids"
FNDDS-2706830,171403,117.5,"Salad dressing, mayonnaise type, regular, with salt"
FNDDS-2706830,168561,30.625,"Pickle relish, sweet"
FNDDS-2706830,173709,276,"Fish, tuna, light, canned in water, drained solids"
FNDDS-2706830,173468,1.5,"Salt, table"
FNDDS-2706830,169988,120,"Celery, raw"
FNDDS-2706831,173709,276,"Fish, tuna, light, canned in water, drained solids"
FNDDS-2706831,169988,120,"Celery, raw"
FNDDS-2706831,173468,1.5,"Salt, table"
FNDDS-2706831,173594,120,"Salad dressing, mayonnaise, light"
FNDDS-2706831,168561,30.625,"Pickle relish, sweet"
FNDDS-2706832,169988,120,"Celery, raw"
FNDDS-2706832,168561,30.625,"Pickle relish, sweet"
FNDDS-2706832,173592,120,"Salad dressing, ranch dressing, regular"
FNDDS-2706832,173709,276,"Fish, tuna, light, canned in water, drained solids"
FNDDS-2706832,173468,1.5,"Salt, table"
FNDDS-2706833,168099,132,"Creamy dressing, made with sour cream and/or buttermilk and oil, reduced calorie, fat-free"
FNDDS-2706833,173709,276,"Fish, tuna, light, canned in water, drained solids"
FNDDS-2706833,169988,120,"Celery, raw"
FNDDS-2706833,173468,1.5,"Salt, table"
FNDDS-2706833,168561,30.625,"Pickle relish, sweet"
FNDDS-2706834,173709,276,"Fish, tuna, light, canned in water, drained solids"
FNDDS-2706834,168561,30.625,"Pickle relish, sweet"
FNDDS-2706834,169988,120,"Celery, raw"
FNDDS-2706834,173468,1.5,"Salt, table"
FNDDS-2706834,171019,117.5,"Salad dressing, italian dressing, commercial, regular"
FNDDS-2706835,168561,30.625,"Pickle relish, sweet"
FNDDS-2706835,173468,1.5,"Salt, table"
FNDDS-2706835,171405,120,"Salad dressing, italian dressing, commercial, reduced fat"
FNDDS-2706835,169988,120,"Celery, raw"
FNDDS-2706835,173709,276,"Fish, tuna, light, canned in water, drained solids"
FNDDS-2706836,167700,128,"Salad Dressing, mayonnaise-like, fat-free"
FNDDS-2706836,168561,30.625,"Pickle relish, sweet"
FNDDS-2706836,169988,120,"Celery, raw"
FNDDS-2706836,173709,276,"Fish, tuna, light, canned in water, drained solids"
FNDDS-2706836,173468,1.5,"Salt, table"
FNDDS-2706837,169988,120,"Celery, raw"
FNDDS-2706837,171009,110,"Salad dressing, mayonnaise, regular"
FNDDS-2706837,171972,270,"Crustaceans, shrimp, mixed species, canned"
FNDDS-2706837,167747,31,"Lemon juice, raw"
FNDDS-2706837,173468,1.5,"Salt, table"
FNDDS-2706838,171009,110,"Salad dressing, mayonnaise, regular"
FNDDS-2706838,173468,1.5,"Salt, table"
FNDDS-2706838,171966,90.005,"Crustaceans, crab, blue, canned"
FNDDS-2706838,169988,120,"Celery, raw"
FNDDS-2706838,171972,90.005,"Crustaceans, shrimp, mixed species, canned"
FNDDS-2706838,167747,31,"Lemon juice, raw"
FNDDS-2706838,174209,96.672,"Crustaceans, lobster, northern, cooked, moist heat"
FNDDS-2706839,173468,1.5,"Salt, table"
FNDDS-2706839,173414,56.7,"Cheese, cheddar"
FNDDS-2706839,171009,110,"Salad dressing, mayonnaise, regular"
FNDDS-2706839,173709,276,"Fish, tuna, light, canned in water, drained solids"
FNDDS-2706839,169988,120,"Celery, raw"
FNDDS-2706839,168561,30.625,"Pickle relish, sweet"
FNDDS-2706840,173468,1.5,"Salt, table"
FNDDS-2706840,173424,50,"Egg, whole, cooked, hard-boiled"
FNDDS-2706840,169988,120,"Celery, raw"
FNDDS-2706840,171009,110,"Salad dressing, mayonnaise, regular"
FNDDS-2706840,168561,30.625,"Pickle relish, sweet"
FNDDS-2706840,173709,276,"Fish, tuna, light, canned in water, drained solids"
FNDDS-2706843,171009,110,"Salad dressing, mayonnaise, regular"
FNDDS-2706843,173468,1.5,"Salt, table"
FNDDS-2706843,169988,120,"Celery, raw"
FNDDS-2706843,174203,252,"Crustaceans, crab, alaska king, imitation, made from surimi"
FNDDS-2706843,167747,31,"Lemon juice, raw"
FNDDS-2706849,170000,5,"Onions, raw"
FNDDS-2706849,173410,4,"Butter, stick, salted"
FNDDS-2706849,174928,7,"Bread, crumbs, dry, grated, plain"
FNDDS-2706849,173468,0.4,"Salt, table"
FNDDS-2706849,169288,36,"Spinach, frozen, chopped or leaf, cooked, boiled, drained, without salt"
FNDDS-2706849,168322,6,"Pork, cured, bacon, pre-sliced, cooked, pan-fried"
FNDDS-2706849,171978,42,"Mollusks, oyster, eastern, wild, raw"
FNDDS-2706850,173690,453.6,"Fish, salmon, pink, canned, total can contents"
FNDDS-2706850,170005,120,"Onions, spring or scallions (includes tops and bulb), raw"
FNDDS-2706850,170457,615,"Tomatoes, red, ripe, raw, year round average"
FNDDS-2706850,170000,110,"Onions, raw"
FNDDS-2706873,167810,680.4,"Pork, fresh, composite of trimmed leg, loin, shoulder, and spareribs, (includes cuts to be cured), separable lean and fat, raw"
FNDDS-2706873,174196,680.4,"Fish, flatfish (flounder and sole species), raw"
FNDDS-2706873,173468,6,"Salt, table"
FNDDS-2706874,173863,113,"Ham, sliced, pre-packaged, deli meat (96%fat free, water added)"
FNDDS-2706874,171244,113,"Cheese, mozzarella, low moisture, part-skim"
FNDDS-2706874,174582,113,"Salami, dry or hard, pork, beef"
FNDDS-2706874,174183,113.4,"Fish, anchovy, european, canned in oil, drained solids"
FNDDS-2706874,168409,208,"Cucumber, with peel, raw"
FNDDS-2706874,169096,58,"Olives, pickled, canned or bottled, green"
FNDDS-2706874,173414,113.4,"Cheese, cheddar"
FNDDS-2706874,170394,312,"Carrots, cooked, boiled, drained, without salt"
FNDDS-2706875,173564,12.8,"Fat, chicken"
FNDDS-2706875,171061,42,"Chicken, liver, all classes, cooked, simmered"
FNDDS-2706875,173424,16,"Egg, whole, cooked, hard-boiled"
FNDDS-2706875,170000,24.1,"Onions, raw"
FNDDS-2706875,173468,2.5,"Salt, table"
FNDDS-2706892,170691,100,"Fast foods, cheeseburger; single, regular patty, with condiments"
FNDDS-2706898,170710,100,"Fast foods, hamburger, large, single patty, with condiments"
FNDDS-2706899,172081,100,"Fast foods, cheeseburger; single, large patty; with condiments, vegetables and mayonnaise"
FNDDS-2706900,172082,100,"Fast foods, cheeseburger; single, large patty; with condiments"
FNDDS-2706914,173319,100,"Fast foods, cheeseburger; double, regular patty; with condiments"
FNDDS-2706915,173319,100,"Fast foods, cheeseburger; double, regular patty; with condiments"
FNDDS-2706916,172084,100,"Fast foods, cheeseburger; double, regular patty; double decker bun with condiments and special sauce"
FNDDS-2706919,173468,0.1,"Salt, table"
FNDDS-2706919,169447,20,"Beef, ground, patties, frozen, cooked, broiled"
FNDDS-2706919,172796,28,"Rolls, hamburger or hotdog, plain"
FNDDS-2706921,172796,52,"Rolls, hamburger or hotdog, plain"
FNDDS-2706921,169447,40,"Beef, ground, patties, frozen, cooked, broiled"
FNDDS-2706921,173468,0.2,"Salt, table"
FNDDS-2706922,169447,40,"Beef, ground, patties, frozen, cooked, broiled"
FNDDS-2706922,168556,5,Catsup
FNDDS-2706922,168558,5,"Pickles, cucumber, dill or kosher dill"
FNDDS-2706922,172234,5,"Mustard, prepared, yellow"
FNDDS-2706922,172796,52,"Rolls, hamburger or hotdog, plain"
FNDDS-2706924,170694,100,"Fast foods, hamburger; single, regular patty; with condiments"
FNDDS-2706926,169447,43,"Beef, ground, patties, frozen, cooked, broiled"
FNDDS-2706926,172796,28,"Rolls, hamburger or hotdog, plain"
FNDDS-2706926,173468,0.2,"Salt, table"
FNDDS-2706927,172796,52,"Rolls, hamburger or hotdog, plain"
FNDDS-2706927,173468,0.3,"Salt, table"
FNDDS-2706927,169447,65,"Beef, ground, patties, frozen, cooked, broiled"
FNDDS-2706929,169447,85,"Beef, ground, patties, frozen, cooked, broiled"
FNDDS-2706929,173468,0.4,"Salt, table"
FNDDS-2706929,172796,60,"Rolls, hamburger or hotdog, plain"
FNDDS-2706930,169447,115,"Beef, ground, patties, frozen, cooked, broiled"
FNDDS-2706930,172796,60,"Rolls, hamburger or hotdog, plain"
FNDDS-2706930,173468,0.6,"Salt, table"
FNDDS-2706931,173317,100,"Fast foods, hamburger; single, large patty; with condiments, vegetables and mayonnaise"
FNDDS-2706932,169447,85,"Beef, ground, patties, frozen, cooked, broiled"
FNDDS-2706932,172796,60,"Rolls, hamburger or hotdog, plain"
FNDDS-2706932,173468,0.4,"Salt, table"
FNDDS-2706934,173468,0.6,"Salt, table"
FNDDS-2706934,172796,60,"Rolls, hamburger or hotdog, plain"
FNDDS-2706934,169447,115,"Beef, ground, patties, frozen, cooked, broiled"
FNDDS-2706936,173468,0.7,"Salt, table"
FNDDS-2706936,172796,52,"Rolls, hamburger or hotdog, plain"
FNDDS-2706936,169447,130,"Beef, ground, patties, frozen, cooked, broiled"
FNDDS-2706938,173468,0.9,"Salt, table"
FNDDS-2706938,172796,60,"Rolls, hamburger or hotdog, plain"
FNDDS-2706938,169447,170,"Beef, ground, patties, frozen, cooked, broiled"
FNDDS-2706940,173468,1.2,"Salt, table"
FNDDS-2706940,169447,230,"Beef, ground, patties, frozen, cooked, broiled"
FNDDS-2706940,172796,60,"Rolls, hamburger or hotdog, plain"
FNDDS-2706942,169447,80,"Beef, ground, patties, frozen, cooked, broiled"
FNDDS-2706942,172796,52,"Rolls, hamburger or hotdog, plain"
FNDDS-2706942,173468,0.4,"Salt, table"
FNDDS-2706943,169447,170,"Beef, ground, patties, frozen, cooked, broiled"
FNDDS-2706943,172796,60,"Rolls, hamburger or hotdog, plain"
FNDDS-2706943,173468,0.9,"Salt, table"
FNDDS-2706944,172796,60,"Rolls, hamburger or hotdog, plain"
FNDDS-2706944,169447,230,"Beef, ground, patties, frozen, cooked, broiled"
FNDDS-2706944,173468,1.2,"Salt, table"
FNDDS-2706948,174924,60,"Bread, white, commercially prepared"
FNDDS-2706948,170200,56,"Beef, cured, corned beef, brisket, cooked"
FNDDS-2706953,174570,56,"Roast beef, deli style, prepackaged, sliced"
FNDDS-2706953,174924,60,"Bread, white, commercially prepared"
FNDDS-2706963,169447,85,"Beef, ground, patties, frozen, cooked, broiled"
FNDDS-2706963,173468,0.4,"Salt, table"
FNDDS-2706963,175037,60,"Tortillas, ready-to-bake or -fry, flour, refrigerated"
FNDDS-2706964,174924,60,"Bread, white, commercially prepared"
FNDDS-2706964,173863,56,"Ham, sliced, pre-packaged, deli meat (96%fat free, water added)"
FNDDS-2706968,173863,70,"Ham, sliced, pre-packaged, deli meat (96%fat free, water added)"
FNDDS-2706968,174924,60,"Bread, white, commercially prepared"
FNDDS-2706974,172796,70,"Rolls, hamburger or hotdog, plain"
FNDDS-2706974,168261,70,"Pork, fresh, shoulder, (Boston butt), blade (steaks), separable lean only, cooked, braised"
FNDDS-2706974,168558,7,"Pickles, cucumber, dill or kosher dill"
FNDDS-2706974,174523,35,"Sauce, barbecue"
FNDDS-2706974,170000,7,"Onions, raw"
FNDDS-2706974,173468,0.2,"Salt, table"
FNDDS-2706981,174924,60,"Bread, white, commercially prepared"
FNDDS-2706981,172941,56,"Turkey breast, sliced, prepackaged"
FNDDS-2706985,172941,70,"Turkey breast, sliced, prepackaged"
FNDDS-2706985,174924,60,"Bread, white, commercially prepared"
FNDDS-2706988,173874,70,"Chicken breast, deli, rotisserie seasoned, sliced, prepackaged"
FNDDS-2706988,174924,60,"Bread, white, commercially prepared"
FNDDS-2706993,172941,28,"Turkey breast, sliced, prepackaged"
FNDDS-2706993,174924,60,"Bread, white, commercially prepared"
FNDDS-2706993,168322,16,"Pork, cured, bacon, pre-sliced, cooked, pan-fried"
FNDDS-2706993,173863,28,"Ham, sliced, pre-packaged, deli meat (96%fat free, water added)"
FNDDS-2707001,172688,52,"Bread, whole-wheat, commercially prepared"
FNDDS-2707001,170794,40,"School Lunch, chicken patty, whole grain breaded"
FNDDS-2707018,173468,0.4,"Salt, table"
FNDDS-2707018,172796,60,"Rolls, hamburger or hotdog, plain"
FNDDS-2707018,171506,85,"Turkey, Ground, cooked"
FNDDS-2707033,174924,60,"Bread, white, commercially prepared"
FNDDS-2707033,175139,75,"Fish, sardine, Atlantic, canned in oil, drained solids with bone"
FNDDS-2707040,174924,60,"Bread, white, commercially prepared"
FNDDS-2707040,171637,56,"Bologna, meat and poultry"
FNDDS-2707044,173345,100,"Corn dogs, frozen, prepared"
FNDDS-2707046,174924,60,"Bread, white, commercially prepared"
FNDDS-2707046,174582,56,"Salami, dry or hard, pork, beef"
FNDDS-2707053,174586,75,"Sausage, Italian, pork, mild, cooked, pan-fried"
FNDDS-2707053,172796,60,"Rolls, hamburger or hotdog, plain"
FNDDS-2707055,174924,60,"Bread, white, commercially prepared"
FNDDS-2707055,172951,56,"Luncheon meat, pork with ham, minced, canned, includes Spam (Hormel)"
FNDDS-2707055,168556,17,Catsup
FNDDS-2707056,172796,45,"Rolls, hamburger or hotdog, plain"
FNDDS-2707056,173862,57,"Frankfurter, beef, unheated"
FNDDS-2707058,174924,30,"Bread, white, commercially prepared"
FNDDS-2707058,173862,57,"Frankfurter, beef, unheated"
FNDDS-2707060,173862,57,"Frankfurter, beef, unheated"
FNDDS-2707060,172796,45,"Rolls, hamburger or hotdog, plain"
FNDDS-2707062,173862,57,"Frankfurter, beef, unheated"
FNDDS-2707062,174924,30,"Bread, white, commercially prepared"
FNDDS-2707064,172796,45,"Rolls, hamburger or hotdog, plain"
FNDDS-2707064,173875,57,"Frankfurter, meat and poultry, unheated"
FNDDS-2707066,173875,57,"Frankfurter, meat and poultry, unheated"
FNDDS-2707066,174924,30,"Bread, white, commercially prepared"
FNDDS-2707068,172796,45,"Rolls, hamburger or hotdog, plain"
FNDDS-2707068,171625,57,"Frankfurter, turkey"
FNDDS-2707070,174924,30,"Bread, white, commercially prepared"
FNDDS-2707070,171625,57,"Frankfurter, turkey"
FNDDS-2707072,168131,28.5,"Frankfurter, low sodium"
FNDDS-2707072,169866,28.5,"Frankfurter, meat and poultry, low fat"
FNDDS-2707072,172796,45,"Rolls, hamburger or hotdog, plain"
FNDDS-2707074,168131,28.5,"Frankfurter, low sodium"
FNDDS-2707074,169866,28.5,"Frankfurter, meat and poultry, low fat"
FNDDS-2707074,174924,30,"Bread, white, commercially prepared"
FNDDS-2707076,172796,45,"Rolls, hamburger or hotdog, plain"
FNDDS-2707076,169887,70,"Frankfurter, meatless"
FNDDS-2707077,174924,30,"Bread, white, commercially prepared"
FNDDS-2707077,169887,70,"Frankfurter, meatless"
FNDDS-2707082,172941,28,"Turkey breast, sliced, prepackaged"
FNDDS-2707082,174924,60,"Bread, white, commercially prepared"
FNDDS-2707082,173863,28,"Ham, sliced, pre-packaged, deli meat (96%fat free, water added)"
FNDDS-2707082,171637,14,"Bologna, meat and poultry"
FNDDS-2707082,174570,14,"Roast beef, deli style, prepackaged, sliced"
FNDDS-2707086,171637,17,"Bologna, meat and poultry"
FNDDS-2707086,174924,60,"Bread, white, commercially prepared"
FNDDS-2707086,173863,35,"Ham, sliced, pre-packaged, deli meat (96%fat free, water added)"
FNDDS-2707086,174570,17,"Roast beef, deli style, prepackaged, sliced"
FNDDS-2707086,172941,35,"Turkey breast, sliced, prepackaged"
FNDDS-2707089,173863,42,"Ham, sliced, pre-packaged, deli meat (96%fat free, water added)"
FNDDS-2707089,174924,60,"Bread, white, commercially prepared"
FNDDS-2707089,172941,42,"Turkey breast, sliced, prepackaged"
FNDDS-2707093,174924,60,"Bread, white, commercially prepared"
FNDDS-2707093,172941,53,"Turkey breast, sliced, prepackaged"
FNDDS-2707093,173863,53,"Ham, sliced, pre-packaged, deli meat (96%fat free, water added)"
FNDDS-2707097,169254,1.6,"Mushrooms, canned, drained solids"
FNDDS-2707097,170428,31,"Peppers, sweet, green, cooked, boiled, drained, without salt"
FNDDS-2707097,170459,17.4,"Tomato products, canned, paste, without salt added (Includes foods for USDA's Food Distribution Program)"
FNDDS-2707097,168894,1.6,"Flour, wheat, all-purpose, enriched, bleached"
FNDDS-2707097,175103,80,"Beverages, water, tap, municipal"
FNDDS-2707097,174040,103.6,"Beef, ground, 75% lean meat / 25% fat, crumbles, cooked, pan-browned"
FNDDS-2707097,170394,34.1,"Carrots, cooked, boiled, drained, without salt"
FNDDS-2707097,171283,4.6,"Whey, sweet, dried"
FNDDS-2707097,173468,1.6,"Salt, table"
FNDDS-2707099,169698,9.3,Cornstarch
FNDDS-2707099,175103,56,"Beverages, water, tap, municipal"
FNDDS-2707099,173410,15.6,"Butter, stick, salted"
FNDDS-2707099,168399,31.1,"Corn, sweet, yellow, frozen, kernels cut off cob, boiled, drained, without salt"
FNDDS-2707099,170440,62.2,"Potatoes, boiled, cooked without skin, flesh, without salt"
FNDDS-2707099,173468,1.6,"Salt, table"
FNDDS-2707099,169254,9.3,"Mushrooms, canned, drained solids"
FNDDS-2707099,174038,62.2,"Beef, ground, 75% lean meat / 25% fat, patty, cooked, broiled"
FNDDS-2707099,173424,9.3,"Egg, whole, cooked, hard-boiled"
FNDDS-2707099,170001,12.4,"Onions, cooked, boiled, drained, without salt"
FNDDS-2707099,170428,9.3,"Peppers, sweet, green, cooked, boiled, drained, without salt"
FNDDS-2707099,170017,31.1,"Peas, green, frozen, cooked, boiled, drained, without salt"
FNDDS-2707100,169655,3.8,"Sugars, granulated"
FNDDS-2707100,173424,3.3,"Egg, whole, cooked, hard-boiled"
FNDDS-2707100,173468,3.3,"Salt, table"
FNDDS-2707100,174928,10.3,"Bread, crumbs, dry, grated, plain"
FNDDS-2707100,175103,31.6,"Beverages, water, tap, municipal"
FNDDS-2707100,168894,16.3,"Flour, wheat, all-purpose, enriched, bleached"
FNDDS-2707100,172217,3.3,"Milk, whole, 3.25% milkfat, without added vitamin A and vitamin D"
FNDDS-2707100,171538,75,"Soup, beef broth or bouillon canned, ready-to-serve"
FNDDS-2707100,168399,32.6,"Corn, sweet, yellow, frozen, kernels cut off cob, boiled, drained, without salt"
FNDDS-2707100,174273,3.3,"Flour, soy, full-fat"
FNDDS-2707100,169768,71.7,"Potatoes, mashed, ready-to-eat"
FNDDS-2707100,174038,65.2,"Beef, ground, 75% lean meat / 25% fat, patty, cooked, broiled"
FNDDS-2707100,173584,3.3,"Shortening, vegetable, household, composite"
FNDDS-2707101,169737,30,"Pasta, cooked, enriched, without added salt"
FNDDS-2707101,170054,3,"Tomato products, canned, sauce"
FNDDS-2707101,173432,10,"Milk, nonfat, fluid, without added vitamin A and vitamin D (fat free or skim)"
FNDDS-2707101,174928,30,"Bread, crumbs, dry, grated, plain"
FNDDS-2707101,175103,30,"Beverages, water, tap, municipal"
FNDDS-2707101,173468,0.3,"Salt, table"
FNDDS-2707101,174038,30,"Beef, ground, 75% lean meat / 25% fat, patty, cooked, broiled"
FNDDS-2707101,173414,8,"Cheese, cheddar"
FNDDS-2707101,172346,3,"Margarine, regular, 80% fat, composite, stick, with salt"
FNDDS-2707101,171247,5,"Cheese, parmesan, grated"
FNDDS-2707101,171164,20,"Soup, vegetable with beef broth, canned, condensed"
FNDDS-2707102,173468,1.2,"Salt, table"
FNDDS-2707102,169254,6.3,"Mushrooms, canned, drained solids"
FNDDS-2707102,170394,39.9,"Carrots, cooked, boiled, drained, without salt"
FNDDS-2707102,171538,39.9,"Soup, beef broth or bouillon canned, ready-to-serve"
FNDDS-2707102,169698,6.3,Cornstarch
FNDDS-2707102,170001,6.3,"Onions, cooked, boiled, drained, without salt"
FNDDS-2707102,174157,39.9,"Beverages, Wine, non-alcoholic"
FNDDS-2707102,168695,85.3,"Beef, round, full cut, separable lean and fat, trimmed to 1/8"" fat, choice, cooked, broiled"
FNDDS-2707102,169264,39.9,"Potatoes, french fried, all types, salt added in processing, frozen, home-prepared, oven heated"
FNDDS-2707102,170459,1.2,"Tomato products, canned, paste, without salt added (Includes foods for USDA's Food Distribution Program)"
FNDDS-2707102,172346,12,"Margarine, regular, 80% fat, composite, stick, with salt"
FNDDS-2707102,175103,39.9,"Beverages, water, tap, municipal"
FNDDS-2707109,173339,100,"Rice bowl with chicken, frozen entree, prepared (includes fried, teriyaki, and sweet and sour varieties)"
FNDDS-2707118,173338,100,"Turkey, stuffing, mashed potatoes w/gravy, assorted vegetables, frozen, microwaved"
FNDDS-2707119,168878,80,"Rice, white, long-grain, regular, enriched, cooked"
FNDDS-2707119,167748,3.4,"Lemon juice from concentrate, canned or bottled"
FNDDS-2707119,169698,3.4,Cornstarch
FNDDS-2707119,173410,5.4,"Butter, stick, salted"
FNDDS-2707119,175103,70,"Beverages, water, tap, municipal"
FNDDS-2707119,174191,80,"Fish, cod, Pacific, raw (may have been previously frozen)"
FNDDS-2707119,170017,70,"Peas, green, frozen, cooked, boiled, drained, without salt"
FNDDS-2707119,171024,7.4,"Oil, cottonseed, salad or cooking"
FNDDS-2707119,173468,3.4,"Salt, table"
FNDDS-2707119,169254,5.4,"Mushrooms, canned, drained solids"
FNDDS-2707119,170001,5.4,"Onions, cooked, boiled, drained, without salt"
FNDDS-2707132,174536,50,"Soup, chicken broth, ready-to-serve"
FNDDS-2707132,171538,50,"Soup, beef broth or bouillon canned, ready-to-serve"
FNDDS-2707136,174808,100,"Soup, hot and sour, Chinese restaurant"
FNDDS-2707144,171566,100,"Gravy, chicken, canned or bottled, ready-to-serve"
FNDDS-2707145,171564,100,"Gravy, beef, canned, ready-to-serve"
FNDDS-2707146,171564,100,"Gravy, beef, canned, ready-to-serve"
FNDDS-2707147,171566,100,"Gravy, chicken, canned or bottled, ready-to-serve"
FNDDS-2707148,169655,4.167,"Sugars, granulated"
FNDDS-2707148,173647,118.5,"Beverages, water, tap, drinking"
FNDDS-2707148,169698,8,Cornstarch
FNDDS-2707148,171560,3.6,"Soup, beef broth or bouillon, powder, dry"
FNDDS-2707148,174277,5.3,Soy sauce made from soy and wheat (shoyu)
FNDDS-2707150,174529,100,"Sauce, oyster, ready-to-serve"
FNDDS-2707151,174074,90,"Sauce, enchilada, red, mild, ready to serve"
FNDDS-2707151,167976,10,"Candies, semisweet chocolate"
FNDDS-2707152,171287,100,"Eggs, Grade A, Large, egg whole"
FNDDS-2707154,171287,100,"Eggs, Grade A, Large, egg whole"
FNDDS-2707156,173468,0.3,"Salt, table"
FNDDS-2707156,171287,100,"Eggs, Grade A, Large, egg whole"
FNDDS-2707159,173468,0.3,"Salt, table"
FNDDS-2707159,173410,7,"Butter, stick, salted"
FNDDS-2707159,171287,100,"Eggs, Grade A, Large, egg whole"
FNDDS-2707161,173468,0.3,"Salt, table"
FNDDS-2707161,171287,100,"Eggs, Grade A, Large, egg whole"
FNDDS-2707161,171430,1,"Oil, PAM cooking spray, original"
FNDDS-2707165,173468,0.3,"Salt, table"
FNDDS-2707165,171287,100,"Eggs, Grade A, Large, egg whole"
FNDDS-2707167,173424,100,"Egg, whole, cooked, hard-boiled"
FNDDS-2707167,173468,0.7,"Salt, table"
FNDDS-2707168,172183,100,"Eggs, Grade A, Large, egg white"
FNDDS-2707170,173468,0.3,"Salt, table"
FNDDS-2707170,172183,100,"Eggs, Grade A, Large, egg white"
FNDDS-2707172,172184,100,"Eggs, Grade A, Large, egg yolk"
FNDDS-2707174,172184,100,"Eggs, Grade A, Large, egg yolk"
FNDDS-2707174,173468,0.3,"Salt, table"
FNDDS-2707178,172191,100,"Egg, quail, whole, fresh, raw"
FNDDS-2707178,173468,0.3,"Salt, table"
FNDDS-2707181,173424,100,"Egg, whole, cooked, hard-boiled"
FNDDS-2707181,171009,9.167,"Salad dressing, mayonnaise, regular"
FNDDS-2707181,173468,0.75,"Salt, table"
FNDDS-2707182,171009,73.326,"Salad dressing, mayonnaise, regular"
FNDDS-2707182,173468,1.5,"Salt, table"
FNDDS-2707182,173424,300,"Egg, whole, cooked, hard-boiled"
FNDDS-2707183,173468,1.5,"Salt, table"
FNDDS-2707183,173424,300,"Egg, whole, cooked, hard-boiled"
FNDDS-2707183,173594,79.992,"Salad dressing, mayonnaise, light"
FNDDS-2707184,171403,78.326,"Salad dressing, mayonnaise type, regular, with salt"
FNDDS-2707184,173468,1.5,"Salt, table"
FNDDS-2707184,173424,300,"Egg, whole, cooked, hard-boiled"
FNDDS-2707185,173468,1.5,"Salt, table"
FNDDS-2707185,173424,300,"Egg, whole, cooked, hard-boiled"
FNDDS-2707185,173594,79.992,"Salad dressing, mayonnaise, light"
FNDDS-2707186,173424,300,"Egg, whole, cooked, hard-boiled"
FNDDS-2707186,173468,1.5,"Salt, table"
FNDDS-2707186,173592,79.992,"Salad dressing, ranch dressing, regular"
FNDDS-2707187,167684,81.659,"Creamy dressing, made with sour cream and/or buttermilk and oil, reduced calorie"
FNDDS-2707187,173424,300,"Egg, whole, cooked, hard-boiled"
FNDDS-2707187,173468,1.5,"Salt, table"
FNDDS-2707188,173424,300,"Egg, whole, cooked, hard-boiled"
FNDDS-2707188,173468,1.5,"Salt, table"
FNDDS-2707188,171019,78.326,"Salad dressing, italian dressing, commercial, regular"
FNDDS-2707189,171405,79.992,"Salad dressing, italian dressing, commercial, reduced fat"
FNDDS-2707189,173424,300,"Egg, whole, cooked, hard-boiled"
FNDDS-2707189,173468,1.5,"Salt, table"
FNDDS-2707190,173424,300,"Egg, whole, cooked, hard-boiled"
FNDDS-2707190,173468,1.5,"Salt, table"
FNDDS-2707190,167700,85.325,"Salad Dressing, mayonnaise-like, fat-free"
FNDDS-2707201,173410,7,"Butter, stick, salted"
FNDDS-2707201,171287,100,"Eggs, Grade A, Large, egg whole"
FNDDS-2707201,173468,0.3,"Salt, table"
FNDDS-2707203,173468,0.3,"Salt, table"
FNDDS-2707203,171287,100,"Eggs, Grade A, Large, egg whole"
FNDDS-2707203,171430,1,"Oil, PAM cooking spray, original"
FNDDS-2707205,171287,100,"Eggs, Grade A, Large, egg whole"
FNDDS-2707205,173468,0.3,"Salt, table"
FNDDS-2707282,174807,100,"Soup, egg drop, Chinese restaurant"
FNDDS-2707286,173468,0.3,"Salt, table"
FNDDS-2707286,173410,7,"Butter, stick, salted"
FNDDS-2707286,172183,100,"Eggs, Grade A, Large, egg white"
FNDDS-2707287,171430,1,"Oil, PAM cooking spray, original"
FNDDS-2707287,173468,0.3,"Salt, table"
FNDDS-2707287,172183,100,"Eggs, Grade A, Large, egg white"
FNDDS-2707289,173468,0.3,"Salt, table"
FNDDS-2707289,172183,100,"Eggs, Grade A, Large, egg white"
FNDDS-2707297,169656,120,"Sugars, powdered"
FNDDS-2707297,172183,132,"Eggs, Grade A, Large, egg white"
FNDDS-2707297,172236,4.333,"Vanilla extract, imitation, no alcohol"
FNDDS-2707297,169655,25,"Sugars, granulated"
FNDDS-2707299,173462,100,"Egg substitute, liquid or frozen, fat free"
FNDDS-2707299,173468,0.3,"Salt, table"
FNDDS-2707339,174578,35,"Pork sausage, link/patty, cooked, pan-fried"
FNDDS-2707339,168221,7,"Pork, fresh, separable fat, cooked"
FNDDS-2707339,170302,70,"Fast food, biscuit"
FNDDS-2707355,175203,100,"Beans, white, mature seeds, cooked, boiled, without salt"
FNDDS-2707355,173468,0.6,"Salt, table"
FNDDS-2707357,175192,54,"Beans, great northern, mature seeds, canned"
FNDDS-2707357,173791,126,"Beans, great northern, mature seeds, canned, low sodium"
FNDDS-2707361,173468,0.6,"Salt, table"
FNDDS-2707361,173735,100,"Beans, black, mature seeds, cooked, boiled, without salt"
FNDDS-2707363,175188,72,"Beans, black turtle, mature seeds, canned"
FNDDS-2707363,175238,108,"Beans, black, mature seeds, canned, low sodium"
FNDDS-2707373,175200,100,"Beans, pinto, mature seeds, cooked, boiled, without salt"
FNDDS-2707373,173468,0.6,"Salt, table"
FNDDS-2707375,175247,180,"Beans, pinto, mature seeds, canned, solids and liquids, low sodium"
FNDDS-2707375,173468,0.2,"Salt, table"
FNDDS-2707381,175194,100,"Beans, kidney, red, mature seeds, cooked, boiled, without salt"
FNDDS-2707381,173468,0.6,"Salt, table"
FNDDS-2707383,175245,90,"Beans, kidney, red, mature seeds, canned, solids and liquid, low sodium"
FNDDS-2707383,175195,90,"Beans, kidney, red, mature seeds, canned, solids and liquids"
FNDDS-2707390,173732,100,"Beans, baked, canned, with pork and sweet sauce"
FNDDS-2707391,175182,100,"Beans, baked, canned, plain or vegetarian"
FNDDS-2707395,170457,226.8,"Tomatoes, red, ripe, raw, year round average"
FNDDS-2707395,175188,555,"Beans, black turtle, mature seeds, canned"
FNDDS-2707395,169214,247.5,"Corn, sweet, yellow, canned, whole kernel, drained solids"
FNDDS-2707395,170000,160,"Onions, raw"
FNDDS-2707395,171019,235,"Salad dressing, italian dressing, commercial, regular"
FNDDS-2707396,172438,100,"Refried beans, canned, traditional style"
FNDDS-2707399,174298,100,"Refried beans, canned, traditional, reduced sodium"
FNDDS-2707400,171832,100,"Dip, bean, original flavor"
FNDDS-2707402,174289,100,"Hummus, commercial"
FNDDS-2707403,174289,96,"Hummus, commercial"
FNDDS-2707403,170591,1,"Nuts, pine nuts, dried"
FNDDS-2707403,170108,3,"Peppers, bell, red, raw"
FNDDS-2707404,174277,50,Soy sauce made from soy and wheat (shoyu)
FNDDS-2707404,173735,25,"Beans, black, mature seeds, cooked, boiled, without salt"
FNDDS-2707404,171411,8,"Oil, soybean"
FNDDS-2707404,169655,9,"Sugars, granulated"
FNDDS-2707404,173468,8,"Salt, table"
FNDDS-2707405,168131,15,"Frankfurter, low sodium"
FNDDS-2707405,169866,10,"Frankfurter, meat and poultry, low fat"
FNDDS-2707405,173732,75,"Beans, baked, canned, with pork and sweet sauce"
FNDDS-2707406,173732,100,"Beans, baked, canned, with pork and sweet sauce"
FNDDS-2707410,168128,100,"Beans, baked, canned, no salt added"
FNDDS-2707410,173468,0.7,"Salt, table"
FNDDS-2707416,173468,0.6,"Salt, table"
FNDDS-2707416,173757,100,"Chickpeas (garbanzo beans, bengal gram), mature seeds, cooked, boiled, without salt"
FNDDS-2707418,175250,180,"Chickpeas (garbanzo beans, bengal gram), mature seeds, canned, solids and liquids, low sodium"
FNDDS-2707418,173468,0.3,"Salt, table"
FNDDS-2707420,173468,0.6,"Salt, table"
FNDDS-2707420,172429,100,"Peas, split, mature seeds, cooked, boiled, without salt"
FNDDS-2707422,173157,100,"Snacks, peas, roasted, wasabi-flavored"
FNDDS-2707425,173468,0.6,"Salt, table"
FNDDS-2707425,172421,100,"Lentils, mature seeds, cooked, boiled, without salt"
FNDDS-2707427,173412,4,"Butter oil, anhydrous"
FNDDS-2707427,172421,96,"Lentils, mature seeds, cooked, boiled, without salt"
FNDDS-2707427,173468,0.8,"Salt, table"
FNDDS-2707434,173140,100,"Snacks, soy chips or crisps, salted"
FNDDS-2707435,172449,100,"Tofu, soft, prepared with calcium sulfate and magnesium chloride (nigari)"
FNDDS-2707437,169083,100,"Soybean, curd cheese"
FNDDS-2707438,169655,5,"Sugars, granulated"
FNDDS-2707438,171006,90,"Salad dressing, sesame seed dressing, regular"
FNDDS-2707438,172442,5,Miso
FNDDS-2707439,172442,100,Miso
FNDDS-2707440,172443,100,Natto
FNDDS-2707441,172886,100,"Sauce, hoisin, ready-to-serve"
FNDDS-2707442,174277,100,Soy sauce made from soy and wheat (shoyu)
FNDDS-2707443,172473,100,"Soy sauce made from soy and wheat (shoyu), low sodium"
FNDDS-2707445,171167,100,"Sauce, teriyaki, ready-to-serve"
FNDDS-2707446,172890,100,"Sauce, teriyaki, ready-to-serve, reduced sodium"
FNDDS-2707447,171610,100,"Sauce, worcestershire"
FNDDS-2707448,172451,100,"Tofu, fried"
FNDDS-2707449,174928,108,"Bread, crumbs, dry, grated, plain"
FNDDS-2707449,175103,14.813,"Beverages, water, tap, municipal"
FNDDS-2707449,173584,54,"Shortening, vegetable, household, composite"
FNDDS-2707449,171287,50,"Eggs, Grade A, Large, egg whole"
FNDDS-2707449,172449,907.2,"Tofu, soft, prepared with calcium sulfate and magnesium chloride (nigari)"
FNDDS-2707450,169884,100,"Vermicelli, made from soy"
FNDDS-2707450,173647,162,"Beverages, water, tap, drinking"
FNDDS-2707451,174275,100,"Flour, soy, defatted"
FNDDS-2707465,172439,100,"Bacon, meatless"
FNDDS-2707466,169893,100,"Bacon bits, meatless"
FNDDS-2707467,174269,100,"Sausage, meatless"
FNDDS-2707468,169886,100,"Chicken, meatless"
FNDDS-2707469,167719,100,"Chicken, meatless, breaded, fried"
FNDDS-2707470,169887,100,"Frankfurter, meatless"
FNDDS-2707471,169066,100,"Luncheon slices, meatless"
FNDDS-2707472,169067,100,"Meatballs, meatless"
FNDDS-2707473,174287,100,"Veggie burgers or soyburgers, unprepared"
FNDDS-2707474,174287,684.4,"Veggie burgers or soyburgers, unprepared"
FNDDS-2707474,170000,21.2,"Onions, raw"
FNDDS-2707474,168894,31.2,"Flour, wheat, all-purpose, enriched, bleached"
FNDDS-2707474,175103,237,"Beverages, water, tap, municipal"
FNDDS-2707474,171029,27.2,"Oil, corn"
FNDDS-2707474,173468,5.5,"Salt, table"
FNDDS-2707478,169068,100,Vegetarian fillets
FNDDS-2707481,172796,60,"Rolls, hamburger or hotdog, plain"
FNDDS-2707481,174287,70,"Veggie burgers or soyburgers, unprepared"
FNDDS-2707492,170569,100,"Nuts, brazilnuts, dried, unblanched"
FNDDS-2707493,170571,100,"Nuts, cashew nuts, dry roasted, without salt added"
FNDDS-2707494,170571,100,"Nuts, cashew nuts, dry roasted, without salt added"
FNDDS-2707499,170190,100,"Nuts, chestnuts, european, roasted"
FNDDS-2707500,170169,100,"Nuts, coconut meat, raw"
FNDDS-2707501,170577,100,"Nuts, coconut meat, dried (desiccated), sweetened, flaked, packaged"
FNDDS-2707502,170581,100,"Nuts, hazelnuts or filberts"
FNDDS-2707503,168598,100,"Nuts, macadamia nuts, dry roasted, with salt added"
FNDDS-2707512,174262,100,"Peanuts, all types, dry-roasted, with salt"
FNDDS-2707513,174260,100,"Peanuts, all types, cooked, boiled, with salt"
FNDDS-2707514,172430,100,"Peanuts, all types, raw"
FNDDS-2707517,174262,100,"Peanuts, all types, dry-roasted, with salt"
FNDDS-2707518,173468,0.5,"Salt, table"
FNDDS-2707518,173806,100,"Peanuts, all types, dry-roasted, without salt"
FNDDS-2707519,173806,100,"Peanuts, all types, dry-roasted, without salt"
FNDDS-2707521,170182,100,"Nuts, pecans, halves, raw"
FNDDS-2707522,170182,100,"Nuts, pecans, halves, raw"
FNDDS-2707526,170591,100,"Nuts, pine nuts, dried"
FNDDS-2707531,170187,100,"Nuts, walnuts, English, halves, raw"
FNDDS-2707535,170160,100,"Nuts, almond paste"
FNDDS-2707536,168597,100,"Nuts, cashew butter, plain, with salt added"
FNDDS-2707537,174266,100,"Peanut butter, smooth style, with salt (Includes foods for USDA's Food Distribution Program)"
FNDDS-2707538,172470,100,"Peanut butter, smooth style, without salt"
FNDDS-2707539,172470,50,"Peanut butter, smooth style, without salt"
FNDDS-2707539,172457,50,"Peanut spread, reduced sugar"
FNDDS-2707540,172457,100,"Peanut spread, reduced sugar"
FNDDS-2707541,172458,100,"Peanut butter, smooth, reduced fat"
FNDDS-2707542,172459,100,"Peanut butter, smooth, vitamin and mineral fortified"
FNDDS-2707543,174266,50,"Peanut butter, smooth style, with salt (Includes foods for USDA's Food Distribution Program)"
FNDDS-2707543,169642,50,Jellies
FNDDS-2707544,174266,50,"Peanut butter, smooth style, with salt (Includes foods for USDA's Food Distribution Program)"
FNDDS-2707544,168795,50,"Frostings, chocolate, creamy, ready-to-eat"
FNDDS-2707546,174070,100,"Sauce, peanut, made from peanut butter, water, soy sauce"
FNDDS-2707549,174924,60,"Bread, white, commercially prepared"
FNDDS-2707549,174266,32,"Peanut butter, smooth style, with salt (Includes foods for USDA's Food Distribution Program)"
FNDDS-2707550,174924,60,"Bread, white, commercially prepared"
FNDDS-2707550,174266,32,"Peanut butter, smooth style, with salt (Includes foods for USDA's Food Distribution Program)"
FNDDS-2707552,172458,32,"Peanut butter, smooth, reduced fat"
FNDDS-2707552,174924,60,"Bread, white, commercially prepared"
FNDDS-2707554,174266,32,"Peanut butter, smooth style, with salt (Includes foods for USDA's Food Distribution Program)"
FNDDS-2707554,169642,20,Jellies
FNDDS-2707554,174924,60,"Bread, white, commercially prepared"
FNDDS-2707555,174924,60,"Bread, white, commercially prepared"
FNDDS-2707555,174266,32,"Peanut butter, smooth style, with salt (Includes foods for USDA's Food Distribution Program)"
FNDDS-2707555,169642,20,Jellies
FNDDS-2707557,172458,32,"Peanut butter, smooth, reduced fat"
FNDDS-2707557,169642,20,Jellies
FNDDS-2707557,174924,60,"Bread, white, commercially prepared"
FNDDS-2707559,174924,60,"Bread, white, commercially prepared"
FNDDS-2707559,174266,32,"Peanut butter, smooth style, with salt (Includes foods for USDA's Food Distribution Program)"
FNDDS-2707559,167706,20,"Jams, preserves, marmalade, reduced sugar"
FNDDS-2707561,174924,60,"Bread, white, commercially prepared"
FNDDS-2707561,174266,32,"Peanut butter, smooth style, with salt (Includes foods for USDA's Food Distribution Program)"
FNDDS-2707561,169642,20,Jellies
FNDDS-2707566,168000,32,Chocolate-flavored hazelnut spread
FNDDS-2707566,174924,60,"Bread, white, commercially prepared"
FNDDS-2707568,170172,100,"Nuts, coconut milk, raw (liquid expressed from grated meat and water)"
FNDDS-2707571,170171,100,"Nuts, coconut cream, canned, sweetened"
FNDDS-2707572,174831,100,"Beverages, Coconut water, ready-to-drink, unsweetened"
FNDDS-2707573,174831,90,"Beverages, Coconut water, ready-to-drink, unsweetened"
FNDDS-2707573,169655,4.8,"Sugars, granulated"
FNDDS-2707579,170557,100,"Seeds, pumpkin and squash seed kernels, roasted, without salt"
FNDDS-2707580,170557,100,"Seeds, pumpkin and squash seed kernels, roasted, without salt"
FNDDS-2707580,173468,1.2,"Salt, table"
FNDDS-2707581,170557,100,"Seeds, pumpkin and squash seed kernels, roasted, without salt"
FNDDS-2707582,170563,100,"Seeds, sunflower seed kernels, dry roasted, without salt"
FNDDS-2707583,170563,100,"Seeds, sunflower seed kernels, dry roasted, without salt"
FNDDS-2707583,173468,1.2,"Salt, table"
FNDDS-2707584,170563,97,"Seeds, sunflower seed kernels, dry roasted, without salt"
FNDDS-2707584,173468,1.6,"Salt, table"
FNDDS-2707584,169655,3,"Sugars, granulated"
FNDDS-2707585,170563,100,"Seeds, sunflower seed kernels, dry roasted, without salt"
FNDDS-2707586,169412,100,"Seeds, sesame seed kernels, dried (decorticated)"
FNDDS-2707589,170557,25,"Seeds, pumpkin and squash seed kernels, roasted, without salt"
FNDDS-2707589,170563,75,"Seeds, sunflower seed kernels, dry roasted, without salt"
FNDDS-2707591,174924,100,"Bread, white, commercially prepared"
FNDDS-2707595,172796,100,"Rolls, hamburger or hotdog, plain"
FNDDS-2707596,175031,100,"Rolls, hard (includes kaiser)"
FNDDS-2707597,172797,100,"Rolls, hamburger or hotdog, mixed-grain"
FNDDS-2707598,174924,100,"Bread, white, commercially prepared"
FNDDS-2707599,174924,100,"Bread, white, commercially prepared"
FNDDS-2707602,172688,50,"Bread, whole-wheat, commercially prepared"
FNDDS-2707602,174924,50,"Bread, white, commercially prepared"
FNDDS-2707604,172675,100,"Bread, french or vienna (includes sourdough)"
FNDDS-2707605,172675,100,"Bread, french or vienna (includes sourdough)"
FNDDS-2707610,172675,100,"Bread, french or vienna (includes sourdough)"
FNDDS-2707611,172675,100,"Bread, french or vienna (includes sourdough)"
FNDDS-2707612,167945,100,"Focaccia, Italian flatbread, plain"
FNDDS-2707613,174077,100,"Bread, naan, whole wheat, commercially prepared, refrigerated"
FNDDS-2707614,174913,100,"Bread, Italian"
FNDDS-2707615,174913,100,"Bread, Italian"
FNDDS-2707616,174915,100,"Bread, pita, white, enriched"
FNDDS-2707617,168165,120,"Raisins, dark, seedless (Includes foods for USDA's Food Distribution Program)"
FNDDS-2707617,174915,623.7,"Bread, pita, white, enriched"
FNDDS-2707618,167944,100,"Bread, cheese"
FNDDS-2707619,167944,100,"Bread, cheese"
FNDDS-2707620,171849,100,"Bread, cinnamon"
FNDDS-2707624,172673,100,"Bread, egg"
FNDDS-2707625,172673,100,"Bread, egg"
FNDDS-2707627,167939,100,"Garlic bread, frozen"
FNDDS-2707627,173468,0.2,"Salt, table"
FNDDS-2707628,167939,100,"Garlic bread, frozen"
FNDDS-2707629,167939,100,"Garlic bread, frozen"
FNDDS-2707629,171247,2,"Cheese, parmesan, grated"
FNDDS-2707629,173468,0.2,"Salt, table"
FNDDS-2707630,171247,2,"Cheese, parmesan, grated"
FNDDS-2707630,167939,100,"Garlic bread, frozen"
FNDDS-2707631,171244,25,"Cheese, mozzarella, low moisture, part-skim"
FNDDS-2707631,167939,100,"Garlic bread, frozen"
FNDDS-2707631,173468,0.2,"Salt, table"
FNDDS-2707632,167939,100,"Garlic bread, frozen"
FNDDS-2707632,171244,15,"Cheese, mozzarella, low moisture, part-skim"
FNDDS-2707635,174922,100,"Bread, reduced-calorie, white"
FNDDS-2707636,174922,100,"Bread, reduced-calorie, white"
FNDDS-2707637,168165,120,"Raisins, dark, seedless (Includes foods for USDA's Food Distribution Program)"
FNDDS-2707637,174922,623.7,"Bread, reduced-calorie, white"
FNDDS-2707639,167532,100,"Bread, white wheat"
FNDDS-2707641,174917,100,"Bread, protein (includes gluten)"
FNDDS-2707642,167943,100,"Bread, potato"
FNDDS-2707643,167943,100,"Bread, potato"
FNDDS-2707644,174924,90,"Bread, white, commercially prepared"
FNDDS-2707644,168165,10,"Raisins, dark, seedless (Includes foods for USDA's Food Distribution Program)"
FNDDS-2707645,168165,10,"Raisins, dark, seedless (Includes foods for USDA's Food Distribution Program)"
FNDDS-2707645,174924,90,"Bread, white, commercially prepared"
FNDDS-2707646,172675,100,"Bread, french or vienna (includes sourdough)"
FNDDS-2707647,172675,100,"Bread, french or vienna (includes sourdough)"
FNDDS-2707654,172796,100,"Rolls, hamburger or hotdog, plain"
FNDDS-2707655,175031,100,"Rolls, hard (includes kaiser)"
FNDDS-2707656,174924,100,"Bread, white, commercially prepared"
FNDDS-2707657,174924,100,"Bread, white, commercially prepared"
FNDDS-2707658,172675,100,"Bread, french or vienna (includes sourdough)"
FNDDS-2707659,172673,100,"Bread, egg"
FNDDS-2707660,173414,5,"Cheese, cheddar"
FNDDS-2707660,172793,95,"Rolls, dinner, plain, commercially prepared (includes brown-and-serve)"
FNDDS-2707661,172675,100,"Bread, french or vienna (includes sourdough)"
FNDDS-2707662,172793,100,"Rolls, dinner, plain, commercially prepared (includes brown-and-serve)"
FNDDS-2707662,169230,0.5,"Garlic, raw"
FNDDS-2707663,172796,100,"Rolls, hamburger or hotdog, plain"
FNDDS-2707664,174078,100,"Bread, roll, Mexican, bollilo"
FNDDS-2707665,172675,100,"Bread, french or vienna (includes sourdough)"
FNDDS-2707666,174107,100,"Rolls, dinner, sweet"
FNDDS-2707667,175034,100,"Sweet rolls, cinnamon, commercially prepared with raisins"
FNDDS-2707668,167940,100,"Cinnamon buns, frosted (includes honey buns)"
FNDDS-2707670,175034,100,"Sweet rolls, cinnamon, commercially prepared with raisins"
FNDDS-2707671,169620,10,"Frostings, vanilla, creamy, ready-to-eat"
FNDDS-2707671,175034,54,"Sweet rolls, cinnamon, commercially prepared with raisins"
FNDDS-2707672,167940,100,"Cinnamon buns, frosted (includes honey buns)"
FNDDS-2707673,169620,10,"Frostings, vanilla, creamy, ready-to-eat"
FNDDS-2707673,175034,54,"Sweet rolls, cinnamon, commercially prepared with raisins"
FNDDS-2707673,170182,4.542,"Nuts, pecans, halves, raw"
FNDDS-2707674,167935,100,"Bread, pan dulce, sweet yeast bread"
FNDDS-2707676,167935,100,"Bread, pan dulce, sweet yeast bread"
FNDDS-2707676,168165,6.042,"Raisins, dark, seedless (Includes foods for USDA's Food Distribution Program)"
FNDDS-2707676,169620,10,"Frostings, vanilla, creamy, ready-to-eat"
FNDDS-2707677,175034,100,"Sweet rolls, cinnamon, commercially prepared with raisins"
FNDDS-2707678,174987,100,"Croissants, butter"
FNDDS-2707679,174989,100,"Croissants, cheese"
FNDDS-2707680,167976,14.175,"Candies, semisweet chocolate"
FNDDS-2707680,174987,57,"Croissants, butter"
FNDDS-2707681,171691,3.75,"Apples, dried, sulfured, uncooked"
FNDDS-2707681,174987,57,"Croissants, butter"
FNDDS-2707684,174899,100,"Bagels, plain, enriched, with calcium propionate (includes onion, poppy, sesame)"
FNDDS-2707685,174899,90,"Bagels, plain, enriched, with calcium propionate (includes onion, poppy, sesame)"
FNDDS-2707685,168165,10,"Raisins, dark, seedless (Includes foods for USDA's Food Distribution Program)"
FNDDS-2707686,173950,10,"Blueberries, frozen, unsweetened (Includes foods for USDA's Food Distribution Program)"
FNDDS-2707686,174899,90,"Bagels, plain, enriched, with calcium propionate (includes onion, poppy, sesame)"
FNDDS-2707688,171287,6,"Eggs, Grade A, Large, egg whole"
FNDDS-2707688,174931,94,"Bread, stuffing, dry mix, prepared"
FNDDS-2707690,174929,100,"Bread, sticks, plain"
FNDDS-2707693,170788,100,"Fast foods, breadstick, soft, prepared with garlic and parmesan cheese"
FNDDS-2707693,173468,0.2,"Salt, table"
FNDDS-2707694,174924,40,"Bread, white, commercially prepared"
FNDDS-2707694,170788,60,"Fast foods, breadstick, soft, prepared with garlic and parmesan cheese"
FNDDS-2707695,173468,0.2,"Salt, table"
FNDDS-2707695,171247,2,"Cheese, parmesan, grated"
FNDDS-2707695,170788,100,"Fast foods, breadstick, soft, prepared with garlic and parmesan cheese"
FNDDS-2707696,171244,25,"Cheese, mozzarella, low moisture, part-skim"
FNDDS-2707696,173468,0.2,"Salt, table"
FNDDS-2707696,170788,100,"Fast foods, breadstick, soft, prepared with garlic and parmesan cheese"
FNDDS-2707697,172752,100,"Croutons, seasoned"
FNDDS-2707698,174994,100,"Muffins, English, plain, enriched, with ca prop (includes sourdough)"
FNDDS-2707699,174994,90,"Muffins, English, plain, enriched, with ca prop (includes sourdough)"
FNDDS-2707699,168165,10,"Raisins, dark, seedless (Includes foods for USDA's Food Distribution Program)"
FNDDS-2707700,173414,5,"Cheese, cheddar"
FNDDS-2707700,174994,95,"Muffins, English, plain, enriched, with ca prop (includes sourdough)"
FNDDS-2707701,171711,10,"Blueberries, raw"
FNDDS-2707701,174994,90,"Muffins, English, plain, enriched, with ca prop (includes sourdough)"
FNDDS-2707702,174977,100,"Crackers, melba toast, plain"
FNDDS-2707705,171372,100,Zwieback
FNDDS-2707706,167532,100,"Bread, white wheat"
FNDDS-2707707,167532,100,"Bread, white wheat"
FNDDS-2707708,167533,100,"Bagels, wheat"
FNDDS-2707709,172688,100,"Bread, whole-wheat, commercially prepared"
FNDDS-2707710,172688,100,"Bread, whole-wheat, commercially prepared"
FNDDS-2707713,174075,100,"Bread, chapati or roti, whole wheat, commercially prepared, frozen"
FNDDS-2707715,174076,100,"Bread, paratha, whole wheat, commercially prepared, frozen"
FNDDS-2707718,171850,100,"Bread, wheat, sprouted"
FNDDS-2707719,171850,100,"Bread, wheat, sprouted"
FNDDS-2707720,172686,100,"Bread, wheat"
FNDDS-2707721,172686,100,"Bread, wheat"
FNDDS-2707728,174091,100,"Bread, french or vienna, whole wheat"
FNDDS-2707730,174916,100,"Bread, pita, whole-wheat"
FNDDS-2707731,174916,100,"Bread, pita, whole-wheat"
FNDDS-2707732,167533,100,"Bagels, wheat"
FNDDS-2707733,167533,100,"Bagels, wheat"
FNDDS-2707734,168165,10,"Raisins, dark, seedless (Includes foods for USDA's Food Distribution Program)"
FNDDS-2707734,167533,90,"Bagels, wheat"
FNDDS-2707735,168165,10,"Raisins, dark, seedless (Includes foods for USDA's Food Distribution Program)"
FNDDS-2707735,167533,90,"Bagels, wheat"
FNDDS-2707736,171691,2,"Apples, dried, sulfured, uncooked"
FNDDS-2707736,167533,88,"Bagels, wheat"
FNDDS-2707736,168165,5,"Raisins, dark, seedless (Includes foods for USDA's Food Distribution Program)"
FNDDS-2707736,171726,3,"Dates, deglet noor"
FNDDS-2707736,170187,2,"Nuts, walnuts, English, halves, raw"
FNDDS-2707737,167533,100,"Bagels, wheat"
FNDDS-2707738,172761,100,"Muffins, English, wheat"
FNDDS-2707739,168165,10,"Raisins, dark, seedless (Includes foods for USDA's Food Distribution Program)"
FNDDS-2707739,172761,90,"Muffins, English, wheat"
FNDDS-2707740,172761,100,"Muffins, English, wheat"
FNDDS-2707741,172761,100,"Muffins, English, wheat"
FNDDS-2707742,172761,100,"Muffins, English, wheat"
FNDDS-2707742,168165,10,"Raisins, dark, seedless (Includes foods for USDA's Food Distribution Program)"
FNDDS-2707744,172761,100,"Muffins, English, wheat"
FNDDS-2707746,175030,100,"Rolls, dinner, wheat"
FNDDS-2707747,174089,100,"Rolls, hamburger or hot dog, wheat/cracked wheat"
FNDDS-2707748,174089,100,"Rolls, hamburger or hot dog, wheat/cracked wheat"
FNDDS-2707749,175030,100,"Rolls, dinner, wheat"
FNDDS-2707750,174090,100,"Rolls, hamburger or hot dog, whole wheat"
FNDDS-2707751,174090,100,"Rolls, hamburger or hot dog, whole wheat"
FNDDS-2707752,174094,100,"Rolls, hamburger, whole grain white, calcium-fortified"
FNDDS-2707753,174094,100,"Rolls, hamburger, whole grain white, calcium-fortified"
FNDDS-2707754,174094,100,"Rolls, hamburger, whole grain white, calcium-fortified"
FNDDS-2707755,172684,100,"Bread, rye"
FNDDS-2707756,172684,100,"Bread, rye"
FNDDS-2707757,172684,100,"Bread, rye"
FNDDS-2707758,172684,100,"Bread, rye"
FNDDS-2707759,172684,100,"Bread, rye"
FNDDS-2707760,174918,100,"Bread, pumpernickel"
FNDDS-2707761,174918,100,"Bread, pumpernickel"
FNDDS-2707762,167533,100,"Bagels, wheat"
FNDDS-2707763,174918,100,"Bread, pumpernickel"
FNDDS-2707764,174918,100,"Bread, pumpernickel"
FNDDS-2707765,174918,100,"Bread, pumpernickel"
FNDDS-2707766,172684,100,"Bread, rye"
FNDDS-2707767,174918,100,"Bread, pumpernickel"
FNDDS-2707768,172678,100,"Bread, oatmeal"
FNDDS-2707769,172678,100,"Bread, oatmeal"
FNDDS-2707770,172678,100,"Bread, oatmeal"
FNDDS-2707771,172678,100,"Bread, oatmeal"
FNDDS-2707772,167533,100,"Bagels, wheat"
FNDDS-2707773,172678,100,"Bread, oatmeal"
FNDDS-2707774,172678,100,"Bread, oatmeal"
FNDDS-2707775,172678,90,"Bread, oatmeal"
FNDDS-2707775,168165,10,"Raisins, dark, seedless (Includes foods for USDA's Food Distribution Program)"
FNDDS-2707776,168013,100,"Bread, multi-grain (includes whole-grain)"
FNDDS-2707777,168013,100,"Bread, multi-grain (includes whole-grain)"
FNDDS-2707778,168165,10,"Raisins, dark, seedless (Includes foods for USDA's Food Distribution Program)"
FNDDS-2707778,168013,90,"Bread, multi-grain (includes whole-grain)"
FNDDS-2707782,172797,100,"Rolls, hamburger or hotdog, mixed-grain"
FNDDS-2707783,172797,100,"Rolls, hamburger or hotdog, mixed-grain"
FNDDS-2707784,172797,100,"Rolls, hamburger or hotdog, mixed-grain"
FNDDS-2707785,167533,100,"Bagels, wheat"
FNDDS-2707786,168165,10,"Raisins, dark, seedless (Includes foods for USDA's Food Distribution Program)"
FNDDS-2707786,167533,90,"Bagels, wheat"
FNDDS-2707787,172761,100,"Muffins, English, wheat"
FNDDS-2707788,172686,100,"Bread, wheat"
FNDDS-2707794,174100,100,"Bread, gluten-free, white, made with rice flour, corn starch, and/or tapioca"
FNDDS-2707795,174100,100,"Bread, gluten-free, white, made with rice flour, corn starch, and/or tapioca"
FNDDS-2707797,174100,100,"Bread, gluten-free, white, made with rice flour, corn starch, and/or tapioca"
FNDDS-2707798,174100,100,"Bread, gluten-free, white, made with rice flour, corn starch, and/or tapioca"
FNDDS-2707799,174104,100,"Crackers, gluten-free, multi-seeded and multigrain"
FNDDS-2707800,171862,100,"Rolls, gluten-free, white, made with rice flour, rice starch, and corn starch"
FNDDS-2707802,172669,100,"Biscuits, plain or buttermilk, refrigerated dough, higher fat, baked"
FNDDS-2707803,170302,100,"Fast food, biscuit"
FNDDS-2707806,170302,90,"Fast food, biscuit"
FNDDS-2707806,173414,10,"Cheese, cheddar"
FNDDS-2707807,170302,90,"Fast food, biscuit"
FNDDS-2707807,168165,10,"Raisins, dark, seedless (Includes foods for USDA's Food Distribution Program)"
FNDDS-2707810,174909,100,"Bread, cornbread, dry mix, prepared with 2% milk, 80% margarine, and eggs"
FNDDS-2707812,172693,100,"Bread, stuffing, cornbread, dry mix, prepared"
FNDDS-2707813,175002,100,"Muffins, corn, commercially prepared"
FNDDS-2707815,169696,114,"Corn flour, masa, unenriched, white"
FNDDS-2707815,169655,25,"Sugars, granulated"
FNDDS-2707815,171029,14,"Oil, corn"
FNDDS-2707815,173468,6,"Salt, table"
FNDDS-2707815,175103,237,"Beverages, water, tap, municipal"
FNDDS-2707815,169694,114,"Corn flour, masa, enriched, white"
FNDDS-2707819,170301,100,"Fast foods, hush puppies"
FNDDS-2707820,173584,25.625,"Shortening, vegetable, household, composite"
FNDDS-2707820,173468,9,"Salt, table"
FNDDS-2707820,171287,100,"Eggs, Grade A, Large, egg whole"
FNDDS-2707820,168867,276,"Cornmeal, degermed, enriched, yellow"
FNDDS-2707820,175040,4.6,"Leavening agents, baking soda"
FNDDS-2707820,175103,14.813,"Beverages, water, tap, municipal"
FNDDS-2707820,170874,488,"Buttermilk, low fat"
FNDDS-2707820,169655,25,"Sugars, granulated"
FNDDS-2707822,175037,50,"Tortillas, ready-to-bake or -fry, flour, refrigerated"
FNDDS-2707822,175036,50,"Tortillas, ready-to-bake or -fry, corn"
FNDDS-2707823,175036,100,"Tortillas, ready-to-bake or -fry, corn"
FNDDS-2707824,175037,100,"Tortillas, ready-to-bake or -fry, flour, refrigerated"
FNDDS-2707825,174081,100,"Tortillas, ready-to-bake or -fry, whole wheat"
FNDDS-2707826,172800,100,"Taco shells, baked"
FNDDS-2707827,175037,100,"Tortillas, ready-to-bake or -fry, flour, refrigerated"
FNDDS-2707827,173584,19,"Shortening, vegetable, household, composite"
FNDDS-2707829,172765,100,"Muffins, blueberry, commercially prepared (Includes mini-muffins)"
FNDDS-2707830,172765,100,"Muffins, blueberry, commercially prepared (Includes mini-muffins)"
FNDDS-2707831,167929,100,"Muffin, blueberry, commercially prepared, low-fat"
FNDDS-2707840,172769,100,"Muffins, oat bran"
FNDDS-2707847,172686,100,"Bread, wheat"
FNDDS-2707854,172695,100,"Cake, angelfood, dry mix, prepared"
FNDDS-2707858,172696,100,"Cake, boston cream pie, commercially prepared"
FNDDS-2707861,173418,48,"Cream cheese, full fat, block"
FNDDS-2707861,171287,10,"Eggs, Grade A, Large, egg whole"
FNDDS-2707861,169655,20,"Sugars, granulated"
FNDDS-2707861,174957,14,"Cookies, graham crackers, plain or honey (includes cinnamon)"
FNDDS-2707861,173430,8,"Butter, stick, unsalted"
FNDDS-2707870,173468,0.2,"Salt, table"
FNDDS-2707870,173647,10,"Beverages, water, tap, drinking"
FNDDS-2707870,169655,11,"Sugars, granulated"
FNDDS-2707870,173430,17,"Butter, stick, unsalted"
FNDDS-2707870,171287,23,"Eggs, Grade A, Large, egg whole"
FNDDS-2707870,167976,39,"Candies, semisweet chocolate"
FNDDS-2707871,173430,17,"Butter, stick, unsalted"
FNDDS-2707871,169655,11,"Sugars, granulated"
FNDDS-2707871,173468,0.2,"Salt, table"
FNDDS-2707871,167976,39,"Candies, semisweet chocolate"
FNDDS-2707871,171287,23,"Eggs, Grade A, Large, egg whole"
FNDDS-2707871,173647,10,"Beverages, water, tap, drinking"
FNDDS-2707873,174942,100,"Cake, snack cakes, creme-filled, chocolate with frosting"
FNDDS-2707874,174943,100,"Cake, snack cakes, creme-filled, sponge"
FNDDS-2707875,174939,100,"Cake, fruitcake, commercially prepared"
FNDDS-2707876,172701,54,"Cake, gingerbread, dry mix"
FNDDS-2707876,173647,39,"Beverages, water, tap, drinking"
FNDDS-2707876,171287,7,"Eggs, Grade A, Large, egg whole"
FNDDS-2707882,172704,100,"Cake, pound, commercially prepared, butter (includes fresh and frozen)"
FNDDS-2707886,172706,100,"Cake, sponge, commercially prepared"
FNDDS-2707899,172716,100,"Cookies, chocolate chip, commercially prepared, regular, higher fat, enriched"
FNDDS-2707900,174967,100,"Cookies, shortbread, commercially prepared, plain"
FNDDS-2707901,172725,100,"Cookies, oatmeal, commercially prepared, regular"
FNDDS-2707903,172713,100,"Cookies, brownies, commercially prepared"
FNDDS-2707904,172713,100,"Cookies, brownies, commercially prepared"
FNDDS-2707905,168795,453.6,"Frostings, chocolate, creamy, ready-to-eat"
FNDDS-2707905,172713,448,"Cookies, brownies, commercially prepared"
FNDDS-2707906,171840,100,"Cookies, brownies, commercially prepared, reduced fat, with added fiber"
FNDDS-2707907,172713,100,"Cookies, brownies, commercially prepared"
FNDDS-2707908,172716,100,"Cookies, chocolate chip, commercially prepared, regular, higher fat, enriched"
FNDDS-2707909,172716,100,"Cookies, chocolate chip, commercially prepared, regular, higher fat, enriched"
FNDDS-2707910,168894,140.625,"Flour, wheat, all-purpose, enriched, bleached"
FNDDS-2707910,173410,112,"Butter, stick, salted"
FNDDS-2707910,167976,168,"Candies, semisweet chocolate"
FNDDS-2707910,170187,90,"Nuts, walnuts, English, halves, raw"
FNDDS-2707910,175040,2.3,"Leavening agents, baking soda"
FNDDS-2707910,171287,50,"Eggs, Grade A, Large, egg whole"
FNDDS-2707910,169655,100,"Sugars, granulated"
FNDDS-2707910,172236,6.5,"Vanilla extract, imitation, no alcohol"
FNDDS-2707910,168833,110,"Sugars, brown"
FNDDS-2707910,173468,1.5,"Salt, table"
FNDDS-2707911,172715,100,"Cookies, chocolate chip, commercially prepared, regular, lower fat"
FNDDS-2707912,174095,100,"Cookies, chocolate chip sandwich, with creme filling"
FNDDS-2707913,174096,100,"Cookies, chocolate, made with rice cereal"
FNDDS-2707914,172725,100,"Cookies, oatmeal, commercially prepared, regular"
FNDDS-2707915,172714,100,"Cookies, chocolate wafers"
FNDDS-2707916,172723,100,"Cookies, marshmallow, chocolate-coated (includes marshmallow pies)"
FNDDS-2707917,172723,100,"Cookies, marshmallow, chocolate-coated (includes marshmallow pies)"
FNDDS-2707918,174080,100,"Cookie, chocolate, with icing or coating"
FNDDS-2707919,174088,100,"Cookies, sugar wafer, chocolate-covered"
FNDDS-2707920,172718,100,"Cookies, chocolate sandwich, with creme filling, regular"
FNDDS-2707921,171841,100,"Cookies, chocolate sandwich, with creme filling, reduced fat"
FNDDS-2707922,172720,100,"Cookies, chocolate sandwich, with extra creme filling"
FNDDS-2707923,172718,100,"Cookies, chocolate sandwich, with creme filling, regular"
FNDDS-2707924,172714,100,"Cookies, chocolate wafers"
FNDDS-2707925,167995,28.8,"Candies, marshmallows"
FNDDS-2707925,174957,56,"Cookies, graham crackers, plain or honey (includes cinnamon)"
FNDDS-2707925,167587,88,"Candies, milk chocolate"
FNDDS-2707926,172716,100,"Cookies, chocolate chip, commercially prepared, regular, higher fat, enriched"
FNDDS-2707927,171847,100,"Cookies, coconut macaroon"
FNDDS-2707928,172721,100,"Cookies, fig bars"
FNDDS-2707929,172721,100,"Cookies, fig bars"
FNDDS-2707930,172722,100,"Cookies, fortune"
FNDDS-2707931,175000,100,"Ice cream cones, cake or wafer-type"
FNDDS-2707932,174956,100,"Cookies, gingersnaps"
FNDDS-2707933,169063,100,"Breakfast bars, oats, sugar, raisins, coconut (include granola bar)"
FNDDS-2707934,174959,100,"Cookies, ladyfingers, with lemon juice and rind"
FNDDS-2707936,171847,100,"Cookies, coconut macaroon"
FNDDS-2707937,172723,100,"Cookies, marshmallow, chocolate-coated (includes marshmallow pies)"
FNDDS-2707938,169687,100,"Snacks, KELLOGG, KELLOGG'S RICE KRISPIES TREATS Squares"
FNDDS-2707939,174097,100,"Cookies, marshmallow, with rice cereal and chocolate chips"
FNDDS-2707940,169687,100,"Snacks, KELLOGG, KELLOGG'S RICE KRISPIES TREATS Squares"
FNDDS-2707941,169655,150,"Sugars, granulated"
FNDDS-2707941,173468,0.75,"Salt, table"
FNDDS-2707941,172236,3.25,"Vanilla extract, imitation, no alcohol"
FNDDS-2707941,172183,99,"Eggs, Grade A, Large, egg white"
FNDDS-2707942,172724,100,"Cookies, molasses"
FNDDS-2707943,172724,100,"Cookies, molasses"
FNDDS-2707944,169063,100,"Breakfast bars, oats, sugar, raisins, coconut (include granola bar)"
FNDDS-2707945,172725,100,"Cookies, oatmeal, commercially prepared, regular"
FNDDS-2707946,172725,100,"Cookies, oatmeal, commercially prepared, regular"
FNDDS-2707947,171865,100,"Cookies, oatmeal, reduced fat"
FNDDS-2707948,171842,100,"Cookies, oatmeal sandwich, with creme filling"
FNDDS-2707949,172725,540,"Cookies, oatmeal, commercially prepared, regular"
FNDDS-2707949,167976,168,"Candies, semisweet chocolate"
FNDDS-2707950,171842,100,"Cookies, oatmeal sandwich, with creme filling"
FNDDS-2707951,172725,100,"Cookies, oatmeal, commercially prepared, regular"
FNDDS-2707952,172727,100,"Cookies, peanut butter, commercially prepared, regular"
FNDDS-2707953,172727,540,"Cookies, peanut butter, commercially prepared, regular"
FNDDS-2707953,167976,168,"Candies, semisweet chocolate"
FNDDS-2707954,169687,100,"Snacks, KELLOGG, KELLOGG'S RICE KRISPIES TREATS Squares"
FNDDS-2707955,174965,100,"Cookies, peanut butter sandwich, regular"
FNDDS-2707956,171836,100,"Cookie, with peanut butter filling, chocolate-coated"
FNDDS-2707957,174967,100,"Cookies, shortbread, commercially prepared, plain"
FNDDS-2707958,175000,100,"Ice cream cones, cake or wafer-type"
FNDDS-2707959,172725,100,"Cookies, oatmeal, commercially prepared, regular"
FNDDS-2707960,174966,100,"Cookies, raisin, soft-type"
FNDDS-2707961,171842,100,"Cookies, oatmeal sandwich, with creme filling"
FNDDS-2707962,174967,100,"Cookies, shortbread, commercially prepared, plain"
FNDDS-2707963,172737,100,"Cookies, vanilla sandwich with creme filling"
FNDDS-2707964,174967,100,"Cookies, shortbread, commercially prepared, plain"
FNDDS-2707965,174087,100,"Cookies, shortbread, reduced fat"
FNDDS-2707966,167976,168,"Candies, semisweet chocolate"
FNDDS-2707966,173584,17.083,"Shortening, vegetable, household, composite"
FNDDS-2707966,174967,720,"Cookies, shortbread, commercially prepared, plain"
FNDDS-2707967,171866,100,"Cookies, chocolate cream covered biscuit sticks"
FNDDS-2707968,168014,100,"Cookies, animal crackers (includes arrowroot, tea biscuits)"
FNDDS-2707969,171837,100,"Cookies, animal, with frosting or icing"
FNDDS-2707970,174971,100,"Cookies, sugar, commercially prepared, regular (includes vanilla)"
FNDDS-2707971,171867,100,"Cookies, Marie biscuit"
FNDDS-2707972,174950,540,"Cookies, butter, commercially prepared, enriched"
FNDDS-2707972,170187,60,"Nuts, walnuts, English, halves, raw"
FNDDS-2707972,168165,80,"Raisins, dark, seedless (Includes foods for USDA's Food Distribution Program)"
FNDDS-2707973,172736,100,"Cookies, sugar wafers with creme filling, regular"
FNDDS-2707974,172716,100,"Cookies, chocolate chip, commercially prepared, regular, higher fat, enriched"
FNDDS-2707975,172737,100,"Cookies, vanilla sandwich with creme filling"
FNDDS-2707976,172720,100,"Cookies, chocolate sandwich, with extra creme filling"
FNDDS-2707977,171868,100,"Cookies, vanilla sandwich with creme filling, reduced fat"
FNDDS-2707978,174079,100,"Cookie, butter or sugar, with chocolate icing or filling"
FNDDS-2707980,172722,100,"Cookies, fortune"
FNDDS-2707981,174974,100,"Cookies, vanilla wafers, higher fat"
FNDDS-2707982,174973,100,"Cookies, vanilla wafers, lower fat"
FNDDS-2707983,171835,100,"Cookie, vanilla with caramel, coconut, and chocolate coating"
FNDDS-2707984,172721,100,"Cookies, fig bars"
FNDDS-2707985,172732,100,"Cookies, chocolate chip, commercially prepared, special dietary"
FNDDS-2707986,172734,100,"Cookies, oatmeal, commercially prepared, special dietary"
FNDDS-2707987,172733,100,"Cookies, chocolate sandwich, with creme filling, special dietary"
FNDDS-2707988,171843,100,"Cookies, peanut butter, commercially prepared, sugar free"
FNDDS-2707990,171843,100,"Cookies, peanut butter, commercially prepared, sugar free"
FNDDS-2707991,171857,100,"Cookies, gluten-free, chocolate sandwich, with creme filling"
FNDDS-2707992,171401,48,Lard
FNDDS-2707992,173468,1.5,"Salt, table"
FNDDS-2707992,168894,125,"Flour, wheat, all-purpose, enriched, bleached"
FNDDS-2707992,169655,50,"Sugars, granulated"
FNDDS-2707994,172784,100,"Pie, fried pies, fruit"
FNDDS-2707996,172784,100,"Pie, fried pies, fruit"
FNDDS-2708000,169608,40,"Puddings, vanilla, ready-to-eat"
FNDDS-2708000,169655,10,"Sugars, granulated"
FNDDS-2708000,170859,25,"Cream, heavy"
FNDDS-2708000,175025,20,"Pie crust, standard-type, frozen, ready-to-bake, enriched, baked"
FNDDS-2708000,167748,5,"Lemon juice from concentrate, canned or bottled"
FNDDS-2708001,173647,120,"Beverages, water, tap, drinking"
FNDDS-2708001,173468,1.3,"Salt, table"
FNDDS-2708001,171275,800,"Milk, canned, condensed, sweetened"
FNDDS-2708001,167520,170,"Pie Crust, Cookie-type, Graham Cracker, Ready Crust"
FNDDS-2708001,173430,80,"Butter, stick, unsalted"
FNDDS-2708001,168157,40,"Lime juice, canned or bottled, unsweetened"
FNDDS-2708001,171257,100,"Cream, sour, full fat"
FNDDS-2708003,175025,40,"Pie crust, standard-type, frozen, ready-to-bake, enriched, baked"
FNDDS-2708003,169655,10,"Sugars, granulated"
FNDDS-2708003,168172,50,"Strawberries, canned, heavy syrup pack, solids and liquids"
FNDDS-2708004,169655,10,"Sugars, granulated"
FNDDS-2708004,170859,25,"Cream, heavy"
FNDDS-2708004,173944,5,"Bananas, ripe and slightly ripe, raw"
FNDDS-2708004,169608,40,"Puddings, vanilla, ready-to-eat"
FNDDS-2708004,175025,20,"Pie crust, standard-type, frozen, ready-to-bake, enriched, baked"
FNDDS-2708005,169655,10,"Sugars, granulated"
FNDDS-2708005,170859,25,"Cream, heavy"
FNDDS-2708005,168778,45,"Puddings, chocolate, ready-to-eat"
FNDDS-2708005,175025,20,"Pie crust, standard-type, frozen, ready-to-bake, enriched, baked"
FNDDS-2708006,169608,40,"Puddings, vanilla, ready-to-eat"
FNDDS-2708006,175025,20,"Pie crust, standard-type, frozen, ready-to-bake, enriched, baked"
FNDDS-2708006,170169,5,"Nuts, coconut meat, raw"
FNDDS-2708006,169655,10,"Sugars, granulated"
FNDDS-2708006,170859,25,"Cream, heavy"
FNDDS-2708007,172783,100,"Pie, egg custard, commercially prepared"
FNDDS-2708009,170859,35,"Cream, heavy"
FNDDS-2708009,173418,15,"Cream cheese, full fat, block"
FNDDS-2708009,167520,20,"Pie Crust, Cookie-type, Graham Cracker, Ready Crust"
FNDDS-2708009,173468,0.2,"Salt, table"
FNDDS-2708009,169655,15,"Sugars, granulated"
FNDDS-2708009,172470,15,"Peanut butter, smooth style, without salt"
FNDDS-2708010,170859,25,"Cream, heavy"
FNDDS-2708010,169655,10,"Sugars, granulated"
FNDDS-2708010,169608,45,"Puddings, vanilla, ready-to-eat"
FNDDS-2708010,175025,20,"Pie crust, standard-type, frozen, ready-to-bake, enriched, baked"
FNDDS-2708010,169125,5,"Pineapple, canned, water pack, solids and liquids"
FNDDS-2708011,169655,100,"Sugars, granulated"
FNDDS-2708011,173468,3.5,"Salt, table"
FNDDS-2708011,173430,15,"Butter, stick, unsalted"
FNDDS-2708011,171275,300,"Milk, canned, condensed, sweetened"
FNDDS-2708011,171287,100,"Eggs, Grade A, Large, egg whole"
FNDDS-2708011,175025,225,"Pie crust, standard-type, frozen, ready-to-bake, enriched, baked"
FNDDS-2708011,168450,425,"Pumpkin, canned, without salt"
FNDDS-2708012,173468,3.5,"Salt, table"
FNDDS-2708012,175025,225,"Pie crust, standard-type, frozen, ready-to-bake, enriched, baked"
FNDDS-2708012,173430,15,"Butter, stick, unsalted"
FNDDS-2708012,171275,300,"Milk, canned, condensed, sweetened"
FNDDS-2708012,168485,425,"Sweet potato, canned, vacuum pack"
FNDDS-2708012,169655,100,"Sugars, granulated"
FNDDS-2708012,171287,100,"Eggs, Grade A, Large, egg whole"
FNDDS-2708013,170859,25,"Cream, heavy"
FNDDS-2708013,169655,10,"Sugars, granulated"
FNDDS-2708013,169608,45,"Puddings, vanilla, ready-to-eat"
FNDDS-2708013,175025,20,"Pie crust, standard-type, frozen, ready-to-bake, enriched, baked"
FNDDS-2708014,171287,100,"Eggs, Grade A, Large, egg whole"
FNDDS-2708014,169655,130,"Sugars, granulated"
FNDDS-2708014,173647,100,"Beverages, water, tap, drinking"
FNDDS-2708014,167748,20,"Lemon juice from concentrate, canned or bottled"
FNDDS-2708014,175025,170,"Pie crust, standard-type, frozen, ready-to-bake, enriched, baked"
FNDDS-2708015,175025,170,"Pie crust, standard-type, frozen, ready-to-bake, enriched, baked"
FNDDS-2708015,173468,1.6,"Salt, table"
FNDDS-2708015,169655,150,"Sugars, granulated"
FNDDS-2708015,170182,75,"Nuts, pecans, halves, raw"
FNDDS-2708015,171287,100,"Eggs, Grade A, Large, egg whole"
FNDDS-2708015,173430,20,"Butter, stick, unsalted"
FNDDS-2708016,169655,150,"Sugars, granulated"
FNDDS-2708016,175025,170,"Pie crust, standard-type, frozen, ready-to-bake, enriched, baked"
FNDDS-2708016,171287,100,"Eggs, Grade A, Large, egg whole"
FNDDS-2708016,173468,1.6,"Salt, table"
FNDDS-2708016,173904,50,"Cereals, oats, regular and quick, not fortified, dry"
FNDDS-2708016,173430,20,"Butter, stick, unsalted"
FNDDS-2708017,175025,100,"Pie crust, standard-type, frozen, ready-to-bake, enriched, baked"
FNDDS-2708018,167520,100,"Pie Crust, Cookie-type, Graham Cracker, Ready Crust"
FNDDS-2708019,171695,60,"Applesauce, canned, unsweetened, without added ascorbic acid (Includes foods for USDA's Food Distribution Program)"
FNDDS-2708019,173468,0.1,"Salt, table"
FNDDS-2708019,175025,30,"Pie crust, standard-type, frozen, ready-to-bake, enriched, baked"
FNDDS-2708019,169655,10,"Sugars, granulated"
FNDDS-2708020,169655,10,"Sugars, granulated"
FNDDS-2708020,173468,0.1,"Salt, table"
FNDDS-2708020,175025,30,"Pie crust, standard-type, frozen, ready-to-bake, enriched, baked"
FNDDS-2708020,171710,60,"Blackberries, frozen, unsweetened"
FNDDS-2708023,171695,60,"Applesauce, canned, unsweetened, without added ascorbic acid (Includes foods for USDA's Food Distribution Program)"
FNDDS-2708023,173468,0.3,"Salt, table"
FNDDS-2708023,173430,10,"Butter, stick, unsalted"
FNDDS-2708023,169655,10,"Sugars, granulated"
FNDDS-2708023,173904,20,"Cereals, oats, regular and quick, not fortified, dry"
FNDDS-2708026,171710,60,"Blackberries, frozen, unsweetened"
FNDDS-2708026,173430,10,"Butter, stick, unsalted"
FNDDS-2708026,173904,20,"Cereals, oats, regular and quick, not fortified, dry"
FNDDS-2708026,169655,10,"Sugars, granulated"
FNDDS-2708026,173468,0.3,"Salt, table"
FNDDS-2708029,169655,6.25,"Sugars, granulated"
FNDDS-2708029,173647,118.5,"Beverages, water, tap, drinking"
FNDDS-2708029,171287,100,"Eggs, Grade A, Large, egg whole"
FNDDS-2708029,168894,62.5,"Flour, wheat, all-purpose, enriched, bleached"
FNDDS-2708029,173430,56.75,"Butter, stick, unsalted"
FNDDS-2708029,173468,1.5,"Salt, table"
FNDDS-2708029,170859,239,"Cream, heavy"
FNDDS-2708030,170859,239,"Cream, heavy"
FNDDS-2708030,173430,113.5,"Butter, stick, unsalted"
FNDDS-2708030,171287,200,"Eggs, Grade A, Large, egg whole"
FNDDS-2708030,173468,3,"Salt, table"
FNDDS-2708030,168894,125,"Flour, wheat, all-purpose, enriched, bleached"
FNDDS-2708030,169655,12.5,"Sugars, granulated"
FNDDS-2708030,173647,237,"Beverages, water, tap, drinking"
FNDDS-2708031,167534,100,"Cream puff, eclair, custard or cream filled, iced"
FNDDS-2708033,174986,100,"Cream puff shell, prepared from recipe"
FNDDS-2708046,172784,100,"Pie, fried pies, fruit"
FNDDS-2708048,169655,300,"Sugars, granulated"
FNDDS-2708048,171287,100,"Eggs, Grade A, Large, egg whole"
FNDDS-2708048,175103,5.925,"Beverages, water, tap, municipal"
FNDDS-2708048,168894,300,"Flour, wheat, all-purpose, enriched, bleached"
FNDDS-2708048,174257,187.5,"Mung beans, mature seeds, cooked, boiled, without salt"
FNDDS-2708048,173468,1.5,"Salt, table"
FNDDS-2708048,171411,21,"Oil, soybean"
FNDDS-2708049,168894,300,"Flour, wheat, all-purpose, enriched, bleached"
FNDDS-2708049,169655,300,"Sugars, granulated"
FNDDS-2708049,174257,187.5,"Mung beans, mature seeds, cooked, boiled, without salt"
FNDDS-2708049,172184,170,"Eggs, Grade A, Large, egg yolk"
FNDDS-2708049,171287,100,"Eggs, Grade A, Large, egg whole"
FNDDS-2708049,171411,21,"Oil, soybean"
FNDDS-2708049,175103,5.925,"Beverages, water, tap, municipal"
FNDDS-2708049,173468,13.5,"Salt, table"
FNDDS-2708050,171029,56,"Oil, corn"
FNDDS-2708050,169412,37.5,"Seeds, sesame seed kernels, dried (decorticated)"
FNDDS-2708050,169714,453.6,"Flour, rice, white, unenriched"
FNDDS-2708050,168833,226.8,"Sugars, brown"
FNDDS-2708050,169655,50,"Sugars, granulated"
FNDDS-2708050,175103,948,"Beverages, water, tap, municipal"
FNDDS-2708053,172738,100,"Puff pastry, frozen, ready-to-bake, baked"
FNDDS-2708057,169655,10,"Sugars, granulated"
FNDDS-2708057,171695,40,"Applesauce, canned, unsweetened, without added ascorbic acid (Includes foods for USDA's Food Distribution Program)"
FNDDS-2708057,173647,10,"Beverages, water, tap, drinking"
FNDDS-2708057,175025,40,"Pie crust, standard-type, frozen, ready-to-bake, enriched, baked"
FNDDS-2708058,172755,100,"Danish pastry, fruit, enriched (includes apple, cinnamon, raisin, lemon, raspberry, strawberry)"
FNDDS-2708059,172753,100,"Danish pastry, cinnamon, enriched"
FNDDS-2708060,172755,100,"Danish pastry, fruit, enriched (includes apple, cinnamon, raisin, lemon, raspberry, strawberry)"
FNDDS-2708061,172754,100,"Danish pastry, cheese"
FNDDS-2708063,174990,100,"Doughnuts, cake-type, plain (includes unsugared, old-fashioned)"
FNDDS-2708065,169656,5,"Sugars, powdered"
FNDDS-2708065,174990,60,"Doughnuts, cake-type, plain (includes unsugared, old-fashioned)"
FNDDS-2708066,169620,15,"Frostings, vanilla, creamy, ready-to-eat"
FNDDS-2708066,174990,60,"Doughnuts, cake-type, plain (includes unsugared, old-fashioned)"
FNDDS-2708067,168795,15,"Frostings, chocolate, creamy, ready-to-eat"
FNDDS-2708067,174990,60,"Doughnuts, cake-type, plain (includes unsugared, old-fashioned)"
FNDDS-2708071,169656,5,"Sugars, powdered"
FNDDS-2708071,172758,40,"Doughnuts, yeast-leavened, glazed, enriched (includes honey buns)"
FNDDS-2708072,172758,100,"Doughnuts, yeast-leavened, glazed, enriched (includes honey buns)"
FNDDS-2708073,168795,15,"Frostings, chocolate, creamy, ready-to-eat"
FNDDS-2708073,172758,60,"Doughnuts, yeast-leavened, glazed, enriched (includes honey buns)"
FNDDS-2708074,169642,15,Jellies
FNDDS-2708074,172758,60,"Doughnuts, yeast-leavened, glazed, enriched (includes honey buns)"
FNDDS-2708075,172758,60,"Doughnuts, yeast-leavened, glazed, enriched (includes honey buns)"
FNDDS-2708075,169608,15,"Puddings, vanilla, ready-to-eat"
FNDDS-2708076,172758,60,"Doughnuts, yeast-leavened, glazed, enriched (includes honey buns)"
FNDDS-2708076,169608,15,"Puddings, vanilla, ready-to-eat"
FNDDS-2708076,168795,15,"Frostings, chocolate, creamy, ready-to-eat"
FNDDS-2708077,167927,100,"Toaster Pastries, fruit, frosted (include apples, blueberry, cherry, strawberry)"
FNDDS-2708078,175069,100,"Tart, breakfast, low fat"
FNDDS-2708083,168862,100,"Snacks, KELLOGG, KELLOGG'S, NUTRI-GRAIN Cereal Bars, fruit"
FNDDS-2708084,168862,100,"Snacks, KELLOGG, KELLOGG'S, NUTRI-GRAIN Cereal Bars, fruit"
FNDDS-2708085,173151,100,"Snacks, NUTRI-GRAIN FRUIT AND NUT BAR"
FNDDS-2708086,174650,100,Milk and cereal bar
FNDDS-2708087,173006,100,Rice and Wheat cereal bar
FNDDS-2708088,174793,100,"Snacks, granola bar, KASHI GOLEAN, chewy, mixed flavors"
FNDDS-2708089,174794,100,"Snacks, granola bar, KASHI TLC Bar, chewy, mixed flavors"
FNDDS-2708091,173153,100,"Snacks, granola bar, GENERAL MILLS, NATURE VALLEY, CHEWY TRAIL MIX"
FNDDS-2708092,174802,100,"Snacks, granola bar, GENERAL MILLS, NATURE VALLEY, with yogurt coating"
FNDDS-2708093,174801,100,"Snacks, granola bar, GENERAL MILLS NATURE VALLEY, SWEET&SALTY NUT, peanut"
FNDDS-2708094,167542,100,"Snacks, granola bars, hard, plain"
FNDDS-2708095,169674,100,"Snacks, granola bars, soft, uncoated, chocolate chip"
FNDDS-2708096,174800,100,"Snacks, granola bar, QUAKER, chewy, 90 Calorie Bar"
FNDDS-2708097,173145,100,"Snacks, granola bar, chewy, reduced sugar, all flavors"
FNDDS-2708098,173154,100,"Snacks, granola bar, QUAKER, DIPPS, all flavors"
FNDDS-2708099,173146,100,"Snacks, granola bites, mixed flavors"
FNDDS-2708100,174795,100,"Snacks, granola bars, QUAKER OATMEAL TO GO, all flavors"
FNDDS-2708101,167542,100,"Snacks, granola bars, hard, plain"
FNDDS-2708102,174800,100,"Snacks, granola bar, QUAKER, chewy, 90 Calorie Bar"
FNDDS-2708103,168861,100,"Snacks, granola bar, fruit-filled, nonfat"
FNDDS-2708104,173145,100,"Snacks, granola bar, chewy, reduced sugar, all flavors"
FNDDS-2708106,167542,100,"Snacks, granola bars, hard, plain"
FNDDS-2708107,173154,100,"Snacks, granola bar, QUAKER, DIPPS, all flavors"
FNDDS-2708108,169863,100,"Snacks, granola bar, with coconut, chocolate coated"
FNDDS-2708109,168095,100,"Granola bar, soft, milk chocolate coated, peanut butter"
FNDDS-2708110,173148,100,"Snacks, granola bars, soft, almond, confectioners coating"
FNDDS-2708111,167547,100,"Snacks, granola bars, soft, coated, milk chocolate coating, peanut butter"
FNDDS-2708113,169687,100,"Snacks, KELLOGG, KELLOGG'S RICE KRISPIES TREATS Squares"
FNDDS-2708114,167734,100,"Breakfast bar, corn flake crust with fruit"
FNDDS-2708115,172721,100,"Cookies, fig bars"
FNDDS-2708116,167734,100,"Breakfast bar, corn flake crust with fruit"
FNDDS-2708117,173159,100,"Snack, BALANCE, original bar"
FNDDS-2708118,174799,100,"Snacks, CLIF BAR, mixed flavors"
FNDDS-2708119,173477,100,Clif Z bar
FNDDS-2708120,173137,100,"Formulated bar, POWER BAR, chocolate"
FNDDS-2708121,173139,100,"Formulated bar, SLIM-FAST OPTIMA meal bar, milk chocolate peanut"
FNDDS-2708122,174786,100,"Formulated bar, MARS SNACKFOOD US, SNICKERS MARATHON Protein Performance Bar, Caramel Nut Rush"
FNDDS-2708123,173139,100,"Formulated bar, SLIM-FAST OPTIMA meal bar, milk chocolate peanut"
FNDDS-2708124,173158,100,"Formulated Bar, SOUTH BEACH protein bar"
FNDDS-2708125,167946,100,"SCHIFF,TIGER'S MILK BAR"
FNDDS-2708126,174792,100,"Formulated bar, ZONE PERFECT CLASSIC CRUNCH BAR, mixed flavors"
FNDDS-2708127,174799,50,"Snacks, CLIF BAR, mixed flavors"
FNDDS-2708127,174792,50,"Formulated bar, ZONE PERFECT CLASSIC CRUNCH BAR, mixed flavors"
FNDDS-2708129,171388,100,"Babyfood, fortified cereal bar, fruit filling"
FNDDS-2708130,170975,50,"Babyfood, cookies"
FNDDS-2708130,171371,50,"Babyfood, GERBER, GRADUATES Lil Biscuits Vanilla Wheat"
FNDDS-2708131,171001,75,"Babyfood, Baby MUM MUM Rice Biscuits"
FNDDS-2708131,171371,25,"Babyfood, GERBER, GRADUATES Lil Biscuits Vanilla Wheat"
FNDDS-2708132,174982,100,"Crackers, standard snack-type, regular"
FNDDS-2708133,174957,100,"Cookies, graham crackers, plain or honey (includes cinnamon)"
FNDDS-2708134,174957,100,"Cookies, graham crackers, plain or honey (includes cinnamon)"
FNDDS-2708135,174958,100,"Cookies, graham crackers, chocolate-coated"
FNDDS-2708136,174985,100,"Crackers, wheat, regular"
FNDDS-2708137,172724,100,"Cookies, molasses"
FNDDS-2708138,174083,100,"Cookies, graham crackers, plain or honey, lowfat"
FNDDS-2708139,172737,100,"Cookies, vanilla sandwich with creme filling"
FNDDS-2708142,172740,100,"Crackers, matzo, plain"
FNDDS-2708143,175056,85,"Crackers, saltines, low salt (includes oyster, soda, soup)"
FNDDS-2708143,173468,1,"Salt, table"
FNDDS-2708146,174982,100,"Crackers, standard snack-type, regular"
FNDDS-2708147,174982,100,"Crackers, standard snack-type, regular"
FNDDS-2708148,174982,100,"Crackers, standard snack-type, regular"
FNDDS-2708149,167934,100,"Crackers, wheat, reduced fat"
FNDDS-2708150,174975,100,"Crackers, cheese, regular"
FNDDS-2708151,174975,100,"Crackers, cheese, regular"
FNDDS-2708152,174975,100,"Crackers, cheese, regular"
FNDDS-2708153,167941,100,"Crackers, cheese, reduced fat"
FNDDS-2708154,175060,100,"Crackers, cheese, low sodium"
FNDDS-2708155,174084,100,"Crackers, cheese, whole grain"
FNDDS-2708158,172740,100,"Crackers, matzo, plain"
FNDDS-2708159,174980,100,"Crackers, milk"
FNDDS-2708160,172746,100,"Crackers, saltines (includes oyster, soda, soup)"
FNDDS-2708161,173155,100,"Snacks, brown rice chips"
FNDDS-2708162,168107,100,"Rice cake, cracker (include hain mini rice cakes)"
FNDDS-2708163,173161,100,Rice crackers
FNDDS-2708165,167550,100,"Snacks, popcorn, cakes"
FNDDS-2708166,169717,5,"Tapioca, pearl, dry"
FNDDS-2708166,169714,85,"Flour, rice, white, unenriched"
FNDDS-2708166,173468,0.8,"Salt, table"
FNDDS-2708166,175103,9.2,"Beverages, water, tap, municipal"
FNDDS-2708167,172746,100,"Crackers, saltines (includes oyster, soda, soup)"
FNDDS-2708168,175068,100,"Crackers, saltines, fat-free, low-sodium"
FNDDS-2708169,167942,100,"Crackers, saltines, whole wheat (includes multi-grain)"
FNDDS-2708170,171838,100,"Crackers, multigrain"
FNDDS-2708171,174984,100,"Crackers, standard snack-type, sandwich, with peanut butter filling"
FNDDS-2708172,174984,100,"Crackers, standard snack-type, sandwich, with peanut butter filling"
FNDDS-2708173,171848,90,"Crackers, sandwich-type, peanut butter filled, reduced fat"
FNDDS-2708173,173569,10,"Shortening industrial, soybean (hydrogenated) and cottonseed"
FNDDS-2708174,171848,100,"Crackers, sandwich-type, peanut butter filled, reduced fat"
FNDDS-2708175,171855,100,"Crackers, whole grain, sandwich-type, with peanut butter filling"
FNDDS-2708176,174983,100,"Crackers, standard snack-type, sandwich, with cheese filling"
FNDDS-2708177,171254,2,"Cheese spread, pasteurized process, American"
FNDDS-2708177,173569,10,"Shortening industrial, soybean (hydrogenated) and cottonseed"
FNDDS-2708177,171848,88,"Crackers, sandwich-type, peanut butter filled, reduced fat"
FNDDS-2708178,171856,100,"Crackers, water biscuits"
FNDDS-2708179,169735,100,"Noodles, flat, crunchy, Chinese restaurant"
FNDDS-2708180,174985,50,"Crackers, wheat, regular"
FNDDS-2708180,172749,50,"Crackers, whole-wheat"
FNDDS-2708181,172749,50,"Crackers, whole-wheat"
FNDDS-2708181,174985,50,"Crackers, wheat, regular"
FNDDS-2708182,172749,50,"Crackers, whole-wheat"
FNDDS-2708182,174985,50,"Crackers, wheat, regular"
FNDDS-2708184,174985,50,"Crackers, wheat, regular"
FNDDS-2708184,172749,50,"Crackers, whole-wheat"
FNDDS-2708185,172749,50,"Crackers, whole-wheat"
FNDDS-2708185,174985,50,"Crackers, wheat, regular"
FNDDS-2708186,172749,50,"Crackers, whole-wheat"
FNDDS-2708186,174985,50,"Crackers, wheat, regular"
FNDDS-2708187,167934,100,"Crackers, wheat, reduced fat"
FNDDS-2708188,174104,100,"Crackers, gluten-free, multi-seeded and multigrain"
FNDDS-2708189,174104,100,"Crackers, gluten-free, multi-seeded and multigrain"
FNDDS-2708190,171001,100,"Babyfood, Baby MUM MUM Rice Biscuits"
FNDDS-2708191,172252,100,"Babyfood, finger snacks, GERBER, GRADUATES, PUFFS, apple and cinnamon"
FNDDS-2708192,172252,100,"Babyfood, finger snacks, GERBER, GRADUATES, PUFFS, apple and cinnamon"
FNDDS-2708193,171398,50,"Babyfood, Snack, GERBER, GRADUATES, LIL CRUNCHIES, baked whole grain corn snack"
FNDDS-2708193,169047,50,"Babyfood, baked product, finger snacks cereal fortified"
FNDDS-2708194,171001,80,"Babyfood, Baby MUM MUM Rice Biscuits"
FNDDS-2708194,171398,20,"Babyfood, Snack, GERBER, GRADUATES, LIL CRUNCHIES, baked whole grain corn snack"
FNDDS-2708195,167950,100,"Snacks, KRAFT, CORNNUTS, plain"
FNDDS-2708196,173468,0.8,"Salt, table"
FNDDS-2708196,167537,100,"Snacks, corn-based, extruded, chips, plain"
FNDDS-2708197,167537,100,"Snacks, corn-based, extruded, chips, plain"
FNDDS-2708197,171029,1,"Oil, corn"
FNDDS-2708198,167537,100,"Snacks, corn-based, extruded, chips, plain"
FNDDS-2708199,173468,0.5,"Salt, table"
FNDDS-2708199,167537,100,"Snacks, corn-based, extruded, chips, plain"
FNDDS-2708200,167949,100,"Snacks, corn-based, extruded, puffs or twists, cheese-flavor"
FNDDS-2708201,168860,100,"Cheese puffs and twists, corn based, baked, low fat"
FNDDS-2708202,167558,100,"Snacks, tortilla chips, plain, white corn, salted"
FNDDS-2708203,167949,100,"Snacks, corn-based, extruded, puffs or twists, cheese-flavor"
FNDDS-2708204,167559,100,"Snacks, tortilla chips, nacho cheese"
FNDDS-2708205,167537,65,"Snacks, corn-based, extruded, chips, plain"
FNDDS-2708205,170254,35,"Snacks, tortilla chips, low fat, unsalted"
FNDDS-2708205,171029,15,"Oil, corn"
FNDDS-2708206,167559,100,"Snacks, tortilla chips, nacho cheese"
FNDDS-2708207,173468,0.5,"Salt, table"
FNDDS-2708207,167558,100,"Snacks, tortilla chips, plain, white corn, salted"
FNDDS-2708208,167559,100,"Snacks, tortilla chips, nacho cheese"
FNDDS-2708209,170254,100,"Snacks, tortilla chips, low fat, unsalted"
FNDDS-2708209,173468,1.3,"Salt, table"
FNDDS-2708210,173468,1.3,"Salt, table"
FNDDS-2708210,170254,100,"Snacks, tortilla chips, low fat, unsalted"
FNDDS-2708211,170254,100,"Snacks, tortilla chips, low fat, unsalted"
FNDDS-2708212,170254,85,"Snacks, tortilla chips, low fat, unsalted"
FNDDS-2708212,171029,15,"Oil, corn"
FNDDS-2708213,167558,80,"Snacks, tortilla chips, plain, white corn, salted"
FNDDS-2708213,167537,80,"Snacks, corn-based, extruded, chips, plain"
FNDDS-2708213,167949,120,"Snacks, corn-based, extruded, puffs or twists, cheese-flavor"
FNDDS-2708213,167555,65,"Snacks, pretzels, hard, plain, salted"
FNDDS-2708214,174804,100,"Snacks, potato chips, made from dried potatoes (preformed), multigrain"
FNDDS-2708215,173147,100,"Snacks, pita chips, salted"
FNDDS-2708236,167960,100,"Snacks, popcorn, cheese-flavor"
FNDDS-2708239,167552,100,"Snacks, popcorn, caramel-coated, without peanuts"
FNDDS-2708239,173468,0.8,"Salt, table"
FNDDS-2708240,173468,0.8,"Salt, table"
FNDDS-2708240,167551,100,"Snacks, popcorn, caramel-coated, with peanuts"
FNDDS-2708242,171029,6,"Oil, corn"
FNDDS-2708242,170254,94,"Snacks, tortilla chips, low fat, unsalted"
FNDDS-2708242,173468,1.5,"Salt, table"
FNDDS-2708243,171029,6,"Oil, corn"
FNDDS-2708243,170254,94,"Snacks, tortilla chips, low fat, unsalted"
FNDDS-2708243,173468,1.5,"Salt, table"
FNDDS-2708244,173468,0.6,"Salt, table"
FNDDS-2708244,171029,9,"Oil, corn"
FNDDS-2708244,170254,80,"Snacks, tortilla chips, low fat, unsalted"
FNDDS-2708244,169655,11,"Sugars, granulated"
FNDDS-2708245,167948,100,"Snacks, corn-based, extruded, onion-flavor"
FNDDS-2708246,173160,100,"Snacks, shrimp cracker"
FNDDS-2708247,167555,100,"Snacks, pretzels, hard, plain, salted"
FNDDS-2708248,167555,100,"Snacks, pretzels, hard, plain, salted"
FNDDS-2708249,167555,100,"Snacks, pretzels, hard, plain, salted"
FNDDS-2708250,170249,50,"Snacks, pretzels, hard, plain, made with enriched flour, unsalted"
FNDDS-2708250,167555,50,"Snacks, pretzels, hard, plain, salted"
FNDDS-2708251,170249,100,"Snacks, pretzels, hard, plain, made with enriched flour, unsalted"
FNDDS-2708254,174806,100,"Snacks, Pretzels, gluten- free made with cornstarch and potato flour"
FNDDS-2708256,167555,100,"Snacks, pretzels, hard, plain, salted"
FNDDS-2708256,173468,2.5,"Salt, table"
FNDDS-2708257,173468,3.7,"Salt, table"
FNDDS-2708257,167555,100,"Snacks, pretzels, hard, plain, salted"
FNDDS-2708258,174806,100,"Snacks, Pretzels, gluten- free made with cornstarch and potato flour"
FNDDS-2708258,173468,2.5,"Salt, table"
FNDDS-2708259,173156,100,"Snack, Pretzel, hard chocolate coated"
FNDDS-2708260,173156,100,"Snack, Pretzel, hard chocolate coated"
FNDDS-2708261,167571,100,"Candies, white chocolate"
FNDDS-2708261,170249,100,"Snacks, pretzels, hard, plain, made with enriched flour, unsalted"
FNDDS-2708261,169655,50,"Sugars, granulated"
FNDDS-2708261,173468,2,"Salt, table"
FNDDS-2708262,173468,2,"Salt, table"
FNDDS-2708262,170249,100,"Snacks, pretzels, hard, plain, made with enriched flour, unsalted"
FNDDS-2708262,167569,100,"Candies, confectioner's coating, yogurt"
FNDDS-2708262,169655,50,"Sugars, granulated"
FNDDS-2708263,167571,100,"Candies, white chocolate"
FNDDS-2708263,174806,100,"Snacks, Pretzels, gluten- free made with cornstarch and potato flour"
FNDDS-2708263,169655,50,"Sugars, granulated"
FNDDS-2708264,167964,100,"Snacks, M&M MARS, COMBOS Snacks Cheddar Cheese Pretzel"
FNDDS-2708265,167964,100,"Snacks, M&M MARS, COMBOS Snacks Cheddar Cheese Pretzel"
FNDDS-2708266,167555,100,"Snacks, pretzels, hard, plain, salted"
FNDDS-2708266,174266,50,"Peanut butter, smooth style, with salt (Includes foods for USDA's Food Distribution Program)"
FNDDS-2708266,173468,0.6,"Salt, table"
FNDDS-2708269,173412,1,"Butter oil, anhydrous"
FNDDS-2708269,173468,1.4,"Salt, table"
FNDDS-2708269,174790,100,"Pretzels, soft, unsalted"
FNDDS-2708270,174790,100,"Pretzels, soft, unsalted"
FNDDS-2708270,173412,1,"Butter oil, anhydrous"
FNDDS-2708271,174790,100,"Pretzels, soft, unsalted"
FNDDS-2708271,173468,1.4,"Salt, table"
FNDDS-2708272,174790,100,"Pretzels, soft, unsalted"
FNDDS-2708274,173468,1.8,"Salt, table"
FNDDS-2708274,171247,1,"Cheese, parmesan, grated"
FNDDS-2708274,173412,5,"Butter oil, anhydrous"
FNDDS-2708274,174790,100,"Pretzels, soft, unsalted"
FNDDS-2708275,174790,100,"Pretzels, soft, unsalted"
FNDDS-2708275,174575,10,"Pepperoni, beef and pork, sliced"
FNDDS-2708275,171244,15,"Cheese, mozzarella, low moisture, part-skim"
FNDDS-2708275,174586,10,"Sausage, Italian, pork, mild, cooked, pan-fried"
FNDDS-2708276,174790,100,"Pretzels, soft, unsalted"
FNDDS-2708276,171244,15,"Cheese, mozzarella, low moisture, part-skim"
FNDDS-2708278,173468,1.4,"Salt, table"
FNDDS-2708278,174790,100,"Pretzels, soft, unsalted"
FNDDS-2708279,174790,100,"Pretzels, soft, unsalted"
FNDDS-2708281,171247,1,"Cheese, parmesan, grated"
FNDDS-2708281,174790,100,"Pretzels, soft, unsalted"
FNDDS-2708281,173412,5,"Butter oil, anhydrous"
FNDDS-2708281,173468,1.8,"Salt, table"
FNDDS-2708282,174586,10,"Sausage, Italian, pork, mild, cooked, pan-fried"
FNDDS-2708282,174575,10,"Pepperoni, beef and pork, sliced"
FNDDS-2708282,174790,100,"Pretzels, soft, unsalted"
FNDDS-2708282,171244,15,"Cheese, mozzarella, low moisture, part-skim"
FNDDS-2708283,174790,100,"Pretzels, soft, unsalted"
FNDDS-2708283,171244,15,"Cheese, mozzarella, low moisture, part-skim"
FNDDS-2708284,174790,100,"Pretzels, soft, unsalted"
FNDDS-2708284,171244,15,"Cheese, mozzarella, low moisture, part-skim"
FNDDS-2708287,174806,35,"Snacks, Pretzels, gluten- free made with cornstarch and potato flour"
FNDDS-2708287,174100,65,"Bread, gluten-free, white, made with rice flour, corn starch, and/or tapioca"
FNDDS-2708289,171247,1,"Cheese, parmesan, grated"
FNDDS-2708289,173412,5,"Butter oil, anhydrous"
FNDDS-2708289,174806,35,"Snacks, Pretzels, gluten- free made with cornstarch and potato flour"
FNDDS-2708289,174100,65,"Bread, gluten-free, white, made with rice flour, corn starch, and/or tapioca"
FNDDS-2708292,173150,100,"Snacks, bagel chips, plain"
FNDDS-2708295,172771,100,"Pancakes plain, frozen, ready-to-heat (includes buttermilk)"
FNDDS-2708296,173950,5,"Blueberries, frozen, unsweetened (Includes foods for USDA's Food Distribution Program)"
FNDDS-2708296,172771,95,"Pancakes plain, frozen, ready-to-heat (includes buttermilk)"
FNDDS-2708297,167587,5,"Candies, milk chocolate"
FNDDS-2708297,172771,95,"Pancakes plain, frozen, ready-to-heat (includes buttermilk)"
FNDDS-2708311,174106,100,"Pancakes, gluten-free, frozen, ready-to-heat"
FNDDS-2708313,167517,100,"Waffle, buttermilk, frozen, ready-to-heat, toasted"
FNDDS-2708315,173950,5,"Blueberries, frozen, unsweetened (Includes foods for USDA's Food Distribution Program)"
FNDDS-2708315,167517,95,"Waffle, buttermilk, frozen, ready-to-heat, toasted"
FNDDS-2708316,167517,95,"Waffle, buttermilk, frozen, ready-to-heat, toasted"
FNDDS-2708316,167587,5,"Candies, milk chocolate"
FNDDS-2708318,174085,100,"Waffles, whole wheat, lowfat, frozen, ready-to-heat"
FNDDS-2708324,174085,100,"Waffles, whole wheat, lowfat, frozen, ready-to-heat"
FNDDS-2708330,174105,100,"Waffles, gluten-free, frozen, ready-to-heat"
FNDDS-2708334,172688,135,"Bread, whole-wheat, commercially prepared"
FNDDS-2708334,173647,20,"Beverages, water, tap, drinking"
FNDDS-2708334,171287,50,"Eggs, Grade A, Large, egg whole"
FNDDS-2708334,170872,70,"Milk, lowfat, fluid, 1% milkfat, with added vitamin A and vitamin D"
FNDDS-2708339,172035,10,"Fast foods, french toast sticks"
FNDDS-2708340,173647,20,"Beverages, water, tap, drinking"
FNDDS-2708340,171287,50,"Eggs, Grade A, Large, egg whole"
FNDDS-2708340,172688,135,"Bread, whole-wheat, commercially prepared"
FNDDS-2708340,170872,70,"Milk, lowfat, fluid, 1% milkfat, with added vitamin A and vitamin D"
FNDDS-2708343,168877,100,"Rice, white, long-grain, regular, raw, enriched"
FNDDS-2708343,173647,76.2,"Beverages, water, tap, drinking"
FNDDS-2708346,173468,1,"Salt, table"
FNDDS-2708346,169711,87,"Rice, white, glutinous, unenriched, cooked"
FNDDS-2708346,172429,98,"Peas, split, mature seeds, cooked, boiled, without salt"
FNDDS-2708348,169711,870,"Rice, white, glutinous, unenriched, cooked"
FNDDS-2708348,168914,70,"Rice noodles, cooked"
FNDDS-2708348,174275,52.5,"Flour, soy, defatted"
FNDDS-2708348,173468,15,"Salt, table"
FNDDS-2708348,173735,30,"Beans, black, mature seeds, cooked, boiled, without salt"
FNDDS-2708351,168904,100,"Macaroni, vegetable, enriched, cooked"
FNDDS-2708351,173468,0.24,"Salt, table"
FNDDS-2708352,169732,100,"Noodles, egg, enriched, cooked"
FNDDS-2708352,173468,0.6,"Salt, table"
FNDDS-2708353,168910,140,"Pasta, whole-wheat, cooked (Includes foods for USDA's Food Distribution Program)"
FNDDS-2708353,173468,0.75,"Salt, table"
FNDDS-2708354,169735,100,"Noodles, flat, crunchy, Chinese restaurant"
FNDDS-2708355,173647,76,"Beverages, water, tap, drinking"
FNDDS-2708355,174258,24,"Noodles, chinese, cellophane or long rice (mung beans), dehydrated"
FNDDS-2708356,168914,100,"Rice noodles, cooked"
FNDDS-2708356,173468,0.6,"Salt, table"
FNDDS-2708357,173468,0.6,"Salt, table"
FNDDS-2708357,169737,100,"Pasta, cooked, enriched, without added salt"
FNDDS-2708358,173468,0.6,"Salt, table"
FNDDS-2708358,168910,100,"Pasta, whole-wheat, cooked (Includes foods for USDA's Food Distribution Program)"
FNDDS-2708359,173265,100,"Pasta, gluten-free, corn and rice flour, cooked"
FNDDS-2708365,173647,240,"Beverages, water, tap, drinking"
FNDDS-2708365,171654,37,"Cereals, corn grits, white, regular and quick, enriched, dry"
FNDDS-2708365,173468,0.4,"Salt, table"
FNDDS-2708368,173468,0.4,"Salt, table"
FNDDS-2708368,171654,37,"Cereals, corn grits, white, regular and quick, enriched, dry"
FNDDS-2708368,173414,28,"Cheese, cheddar"
FNDDS-2708368,173647,240,"Beverages, water, tap, drinking"
FNDDS-2708370,173647,120,"Beverages, water, tap, drinking"
FNDDS-2708370,171656,28,"Cereals, QUAKER, corn grits, instant, plain, dry"
FNDDS-2708374,173647,240,"Beverages, water, tap, drinking"
FNDDS-2708374,173468,0.4,"Salt, table"
FNDDS-2708374,168867,37,"Cornmeal, degermed, enriched, yellow"
FNDDS-2708376,169696,57,"Corn flour, masa, unenriched, white"
FNDDS-2708376,169694,57,"Corn flour, masa, enriched, white"
FNDDS-2708376,173468,3,"Salt, table"
FNDDS-2708376,173647,948,"Beverages, water, tap, drinking"
FNDDS-2708377,173468,0.75,"Salt, table"
FNDDS-2708377,168871,174,"Millet, cooked"
FNDDS-2708378,173647,210,"Beverages, water, tap, drinking"
FNDDS-2708378,171255,30,"Cream, fluid, half and half"
FNDDS-2708378,173468,0.5,"Salt, table"
FNDDS-2708378,173904,40,"Cereals, oats, regular and quick, not fortified, dry"
FNDDS-2708379,173904,40,"Cereals, oats, regular and quick, not fortified, dry"
FNDDS-2708379,173468,1,"Salt, table"
FNDDS-2708379,171255,30,"Cream, fluid, half and half"
FNDDS-2708379,168833,25,"Sugars, brown"
FNDDS-2708379,173647,210,"Beverages, water, tap, drinking"
FNDDS-2708381,173468,0.4,"Salt, table"
FNDDS-2708381,173904,40,"Cereals, oats, regular and quick, not fortified, dry"
FNDDS-2708381,173647,240,"Beverages, water, tap, drinking"
FNDDS-2708387,171661,28,"Cereals, oats, instant, fortified, plain, dry"
FNDDS-2708387,173647,120,"Beverages, water, tap, drinking"
FNDDS-2708393,173647,120,"Beverages, water, tap, drinking"
FNDDS-2708393,173920,43,"Cereals, oats, instant, fortified, maple and brown sugar, dry"
FNDDS-2708395,171691,2,"Apples, dried, sulfured, uncooked"
FNDDS-2708395,173647,120,"Beverages, water, tap, drinking"
FNDDS-2708395,173920,41,"Cereals, oats, instant, fortified, maple and brown sugar, dry"
FNDDS-2708397,173647,120,"Beverages, water, tap, drinking"
FNDDS-2708397,171661,15,"Cereals, oats, instant, fortified, plain, dry"
FNDDS-2708397,173920,20,"Cereals, oats, instant, fortified, maple and brown sugar, dry"
FNDDS-2708398,173647,240,"Beverages, water, tap, drinking"
FNDDS-2708398,172972,40,"Cereals, QUAKER, QUAKER MultiGrain Oatmeal, dry"
FNDDS-2708398,173468,0.4,"Salt, table"
FNDDS-2708400,168917,185,"Quinoa, cooked"
FNDDS-2708400,173468,0.75,"Salt, table"
FNDDS-2708403,173468,1,"Salt, table"
FNDDS-2708403,168878,158,"Rice, white, long-grain, regular, enriched, cooked"
FNDDS-2708405,173410,4.667,"Butter, stick, salted"
FNDDS-2708405,173468,1.002,"Salt, table"
FNDDS-2708405,168878,158,"Rice, white, long-grain, regular, enriched, cooked"
FNDDS-2708408,168878,158,"Rice, white, long-grain, regular, enriched, cooked"
FNDDS-2708408,173468,1.002,"Salt, table"
FNDDS-2708415,173468,0.4,"Salt, table"
FNDDS-2708415,173647,240,"Beverages, water, tap, drinking"
FNDDS-2708415,173900,45,"Cereals, CREAM OF RICE, dry"
FNDDS-2708417,169640,10,Honey
FNDDS-2708417,173468,1.5,"Salt, table"
FNDDS-2708417,168878,158,"Rice, white, long-grain, regular, enriched, cooked"
FNDDS-2708418,173647,70,"Beverages, water, tap, drinking"
FNDDS-2708418,168878,30,"Rice, white, long-grain, regular, enriched, cooked"
FNDDS-2708418,173468,0.6,"Salt, table"
FNDDS-2708419,168956,141.75,"Yellow rice with seasoning, dry packet mix, unprepared"
FNDDS-2708419,173647,474,"Beverages, water, tap, drinking"
FNDDS-2708420,173647,474,"Beverages, water, tap, drinking"
FNDDS-2708420,168956,141.75,"Yellow rice with seasoning, dry packet mix, unprepared"
FNDDS-2708422,173468,1.002,"Salt, table"
FNDDS-2708422,169711,174,"Rice, white, glutinous, unenriched, cooked"
FNDDS-2708424,173468,1.002,"Salt, table"
FNDDS-2708424,168897,164,"Wild rice, cooked"
FNDDS-2708426,168877,130,"Rice, white, long-grain, regular, raw, enriched"
FNDDS-2708426,169726,25,"Wild rice, raw"
FNDDS-2708426,173647,550,"Beverages, water, tap, drinking"
FNDDS-2708426,173468,7.3,"Salt, table"
FNDDS-2708427,169704,165.75,"Rice, brown, long-grain, cooked (Includes foods for USDA's Food Distribution Program)"
FNDDS-2708427,173468,1.002,"Salt, table"
FNDDS-2708427,168897,24.6,"Wild rice, cooked"
FNDDS-2708434,173901,32,"Cereals, CREAM OF WHEAT, regular, 10 minute cooking, dry"
FNDDS-2708434,173647,240,"Beverages, water, tap, drinking"
FNDDS-2708434,173468,0.4,"Salt, table"
FNDDS-2708436,169655,7,"Sugars, granulated"
FNDDS-2708436,173647,160,"Beverages, water, tap, drinking"
FNDDS-2708436,171660,28,"Cereals, CREAM OF WHEAT, instant, dry"
FNDDS-2708438,170287,135,"Bulgur, cooked"
FNDDS-2708438,173468,0.75,"Salt, table"
FNDDS-2708440,173468,0.75,"Salt, table"
FNDDS-2708440,170287,135,"Bulgur, cooked"
FNDDS-2708441,169700,157,"Couscous, cooked"
FNDDS-2708441,173468,0.75,"Salt, table"
FNDDS-2708442,173647,240,"Beverages, water, tap, drinking"
FNDDS-2708442,173468,0.4,"Salt, table"
FNDDS-2708442,171667,32,"Cereals, whole wheat hot natural cereal, dry"
FNDDS-2708477,173896,100,"Cereals ready-to-eat, wheat germ, toasted, plain"
FNDDS-2708489,173904,100,"Cereals, oats, regular and quick, not fortified, dry"
FNDDS-2708491,171358,100,"Babyfood, cereal, barley, dry fortified"
FNDDS-2708492,171360,100,"Babyfood, cereal, oatmeal, dry fortified"
FNDDS-2708493,170969,100,"Babyfood, cereal, rice, dry fortified"
FNDDS-2708494,170969,95,"Babyfood, cereal, rice, dry fortified"
FNDDS-2708494,173945,5,"Bananas, dehydrated, or banana powder"
FNDDS-2708495,171000,95,"Babyfood, Multigrain whole grain cereal, dry fortified"
FNDDS-2708495,173945,5,"Bananas, dehydrated, or banana powder"
FNDDS-2708496,171000,100,"Babyfood, Multigrain whole grain cereal, dry fortified"
FNDDS-2708497,171360,95,"Babyfood, cereal, oatmeal, dry fortified"
FNDDS-2708497,173945,5,"Bananas, dehydrated, or banana powder"
FNDDS-2708499,169714,12,"Flour, rice, white, unenriched"
FNDDS-2708499,172253,60,"Babyfood, water, bottled, GERBER, without added fluoride"
FNDDS-2708499,170969,3,"Babyfood, cereal, rice, dry fortified"
FNDDS-2708500,173904,12,"Cereals, oats, regular and quick, not fortified, dry"
FNDDS-2708500,171360,3,"Babyfood, cereal, oatmeal, dry fortified"
FNDDS-2708500,172253,60,"Babyfood, water, bottled, GERBER, without added fluoride"
FNDDS-2708501,173904,6,"Cereals, oats, regular and quick, not fortified, dry"
FNDDS-2708501,172253,60,"Babyfood, water, bottled, GERBER, without added fluoride"
FNDDS-2708501,169714,6,"Flour, rice, white, unenriched"
FNDDS-2708501,171000,3,"Babyfood, Multigrain whole grain cereal, dry fortified"
FNDDS-2708547,174298,30,"Refried beans, canned, traditional, reduced sodium"
FNDDS-2708547,173468,0.3,"Salt, table"
FNDDS-2708547,175037,40,"Tortillas, ready-to-bake or -fry, flour, refrigerated"
FNDDS-2708547,173735,30,"Beans, black, mature seeds, cooked, boiled, without salt"
FNDDS-2708570,168067,100,"Restaurant, Latino, tamale, pork"
FNDDS-2708571,168067,100,"Restaurant, Latino, tamale, pork"
FNDDS-2708572,168067,100,"Restaurant, Latino, tamale, pork"
FNDDS-2708573,168067,100,"Restaurant, Latino, tamale, pork"
FNDDS-2708574,167664,100,"Restaurant, Latino, tamale, corn"
FNDDS-2708575,168067,100,"Restaurant, Latino, tamale, pork"
FNDDS-2708608,167662,100,"Restaurant, Latino, pupusas con queso (pupusas, cheese)"
FNDDS-2708609,167661,100,"Restaurant, Latino, pupusas con frijoles (pupusas, bean)"
FNDDS-2708610,167663,100,"Restaurant, Latino, pupusas del cerdo (pupusas, pork)"
FNDDS-2708611,167663,50,"Restaurant, Latino, pupusas del cerdo (pupusas, pork)"
FNDDS-2708611,167661,50,"Restaurant, Latino, pupusas con frijoles (pupusas, bean)"
FNDDS-2708612,170373,100,"Pizza, cheese topping, thin crust, frozen, cooked"
FNDDS-2708613,170317,100,"Pizza, cheese topping, regular crust, frozen, cooked"
FNDDS-2708614,173292,100,"Fast Food, Pizza Chain, 14"" pizza, cheese topping, regular crust"
FNDDS-2708615,173292,100,"Fast Food, Pizza Chain, 14"" pizza, cheese topping, regular crust"
FNDDS-2708616,173292,100,"Fast Food, Pizza Chain, 14"" pizza, cheese topping, regular crust"
FNDDS-2708617,173293,100,"Fast Food, Pizza Chain, 14"" pizza, cheese topping, thick crust"
FNDDS-2708618,170773,100,"Fast Food, Pizza Chain, 14"" pizza, cheese topping, stuffed crust"
FNDDS-2708619,170779,50,"School Lunch, pizza, cheese topping, thick crust, whole grain, frozen, cooked"
FNDDS-2708619,170792,50,"School Lunch, pizza, cheese topping, thin crust, whole grain, frozen, cooked"
FNDDS-2708620,170792,100,"School Lunch, pizza, cheese topping, thin crust, whole grain, frozen, cooked"
FNDDS-2708621,170779,100,"School Lunch, pizza, cheese topping, thick crust, whole grain, frozen, cooked"
FNDDS-2708622,171244,41,"Cheese, mozzarella, low moisture, part-skim"
FNDDS-2708622,173292,691,"Fast Food, Pizza Chain, 14"" pizza, cheese topping, regular crust"
FNDDS-2708623,173293,1060,"Fast Food, Pizza Chain, 14"" pizza, cheese topping, thick crust"
FNDDS-2708623,171244,52,"Cheese, mozzarella, low moisture, part-skim"
FNDDS-2708624,170317,1025,"Pizza, cheese topping, regular crust, frozen, cooked"
FNDDS-2708624,170001,71,"Onions, cooked, boiled, drained, without salt"
FNDDS-2708624,170428,71,"Peppers, sweet, green, cooked, boiled, drained, without salt"
FNDDS-2708625,170428,50,"Peppers, sweet, green, cooked, boiled, drained, without salt"
FNDDS-2708625,170001,50,"Onions, cooked, boiled, drained, without salt"
FNDDS-2708625,170317,1428,"Pizza, cheese topping, regular crust, frozen, cooked"
FNDDS-2708626,173292,691,"Fast Food, Pizza Chain, 14"" pizza, cheese topping, regular crust"
FNDDS-2708626,170001,56,"Onions, cooked, boiled, drained, without salt"
FNDDS-2708626,170428,56,"Peppers, sweet, green, cooked, boiled, drained, without salt"
FNDDS-2708627,170428,56,"Peppers, sweet, green, cooked, boiled, drained, without salt"
FNDDS-2708627,173292,954,"Fast Food, Pizza Chain, 14"" pizza, cheese topping, regular crust"
FNDDS-2708627,170001,56,"Onions, cooked, boiled, drained, without salt"
FNDDS-2708628,170001,66,"Onions, cooked, boiled, drained, without salt"
FNDDS-2708628,173293,1060,"Fast Food, Pizza Chain, 14"" pizza, cheese topping, thick crust"
FNDDS-2708628,170428,66,"Peppers, sweet, green, cooked, boiled, drained, without salt"
FNDDS-2708632,173292,691,"Fast Food, Pizza Chain, 14"" pizza, cheese topping, regular crust"
FNDDS-2708632,169124,144,"Pineapple, raw"
FNDDS-2708633,173292,954,"Fast Food, Pizza Chain, 14"" pizza, cheese topping, regular crust"
FNDDS-2708633,169124,144,"Pineapple, raw"
FNDDS-2708634,173293,1060,"Fast Food, Pizza Chain, 14"" pizza, cheese topping, thick crust"
FNDDS-2708634,169124,144,"Pineapple, raw"
FNDDS-2708635,170373,1025,"Pizza, cheese topping, thin crust, frozen, cooked"
FNDDS-2708635,174575,50,"Pepperoni, beef and pork, sliced"
FNDDS-2708637,174575,50,"Pepperoni, beef and pork, sliced"
FNDDS-2708637,170317,1425,"Pizza, cheese topping, regular crust, frozen, cooked"
FNDDS-2708638,173295,100,"Fast Food, Pizza Chain, 14"" pizza, pepperoni topping, regular crust"
FNDDS-2708639,173295,100,"Fast Food, Pizza Chain, 14"" pizza, pepperoni topping, regular crust"
FNDDS-2708640,173295,100,"Fast Food, Pizza Chain, 14"" pizza, pepperoni topping, regular crust"
FNDDS-2708641,173296,100,"Fast Food, Pizza Chain, 14"" pizza, pepperoni topping, thick crust"
FNDDS-2708642,174575,128,"Pepperoni, beef and pork, sliced"
FNDDS-2708642,170773,1184,"Fast Food, Pizza Chain, 14"" pizza, cheese topping, stuffed crust"
FNDDS-2708643,170780,100,"School Lunch, pizza, pepperoni topping, thin crust, whole grain, frozen, cooked"
FNDDS-2708644,170781,50,"School Lunch, pizza, pepperoni topping, thick crust, whole grain, frozen, cooked"
FNDDS-2708644,170780,50,"School Lunch, pizza, pepperoni topping, thin crust, whole grain, frozen, cooked"
FNDDS-2708645,170781,100,"School Lunch, pizza, pepperoni topping, thick crust, whole grain, frozen, cooked"
FNDDS-2708646,170373,1025,"Pizza, cheese topping, thin crust, frozen, cooked"
FNDDS-2708646,174586,75,"Sausage, Italian, pork, mild, cooked, pan-fried"
FNDDS-2708648,170317,1425,"Pizza, cheese topping, regular crust, frozen, cooked"
FNDDS-2708648,174586,75,"Sausage, Italian, pork, mild, cooked, pan-fried"
FNDDS-2708649,170367,100,"Fast Food, Pizza Chain, 14"" pizza, sausage topping, regular crust"
FNDDS-2708650,170367,100,"Fast Food, Pizza Chain, 14"" pizza, sausage topping, regular crust"
FNDDS-2708651,170367,100,"Fast Food, Pizza Chain, 14"" pizza, sausage topping, regular crust"
FNDDS-2708652,170365,100,"Fast Food, Pizza Chain, 14"" pizza, sausage topping, thick crust"
FNDDS-2708653,170773,1184,"Fast Food, Pizza Chain, 14"" pizza, cheese topping, stuffed crust"
FNDDS-2708653,174586,128,"Sausage, Italian, pork, mild, cooked, pan-fried"
FNDDS-2708654,170782,50,"School Lunch, pizza, sausage topping, thin crust, whole grain, frozen, cooked"
FNDDS-2708654,170793,50,"School Lunch, pizza, sausage topping, thick crust, whole grain, frozen, cooked"
FNDDS-2708655,170782,100,"School Lunch, pizza, sausage topping, thin crust, whole grain, frozen, cooked"
FNDDS-2708656,170793,100,"School Lunch, pizza, sausage topping, thick crust, whole grain, frozen, cooked"
FNDDS-2708657,174586,67,"Sausage, Italian, pork, mild, cooked, pan-fried"
FNDDS-2708657,173292,691,"Fast Food, Pizza Chain, 14"" pizza, cheese topping, regular crust"
FNDDS-2708657,174575,67,"Pepperoni, beef and pork, sliced"
FNDDS-2708657,174034,67,"Beef, ground, 85% lean meat / 15% fat, crumbles, cooked, pan-browned"
FNDDS-2708657,171445,67,"Chicken, broiler, rotisserie, BBQ, breast, meat only"
FNDDS-2708658,171445,62,"Chicken, broiler, rotisserie, BBQ, breast, meat only"
FNDDS-2708658,174575,62,"Pepperoni, beef and pork, sliced"
FNDDS-2708658,173292,954,"Fast Food, Pizza Chain, 14"" pizza, cheese topping, regular crust"
FNDDS-2708658,174586,62,"Sausage, Italian, pork, mild, cooked, pan-fried"
FNDDS-2708658,174034,62,"Beef, ground, 85% lean meat / 15% fat, crumbles, cooked, pan-browned"
FNDDS-2708659,171445,67,"Chicken, broiler, rotisserie, BBQ, breast, meat only"
FNDDS-2708659,174586,67,"Sausage, Italian, pork, mild, cooked, pan-fried"
FNDDS-2708659,174575,67,"Pepperoni, beef and pork, sliced"
FNDDS-2708659,173293,1060,"Fast Food, Pizza Chain, 14"" pizza, cheese topping, thick crust"
FNDDS-2708659,174034,67,"Beef, ground, 85% lean meat / 15% fat, crumbles, cooked, pan-browned"
FNDDS-2708660,170715,100,"Pizza, meat and vegetable topping, regular crust, frozen, cooked"
FNDDS-2708661,170715,100,"Pizza, meat and vegetable topping, regular crust, frozen, cooked"
FNDDS-2708662,170715,100,"Pizza, meat and vegetable topping, regular crust, frozen, cooked"
FNDDS-2708663,174034,53,"Beef, ground, 85% lean meat / 15% fat, crumbles, cooked, pan-browned"
FNDDS-2708663,170428,53,"Peppers, sweet, green, cooked, boiled, drained, without salt"
FNDDS-2708663,170001,53,"Onions, cooked, boiled, drained, without salt"
FNDDS-2708663,174586,53,"Sausage, Italian, pork, mild, cooked, pan-fried"
FNDDS-2708663,173292,691,"Fast Food, Pizza Chain, 14"" pizza, cheese topping, regular crust"
FNDDS-2708664,174034,50,"Beef, ground, 85% lean meat / 15% fat, crumbles, cooked, pan-browned"
FNDDS-2708664,173292,954,"Fast Food, Pizza Chain, 14"" pizza, cheese topping, regular crust"
FNDDS-2708664,170001,50,"Onions, cooked, boiled, drained, without salt"
FNDDS-2708664,174586,50,"Sausage, Italian, pork, mild, cooked, pan-fried"
FNDDS-2708664,170428,50,"Peppers, sweet, green, cooked, boiled, drained, without salt"
FNDDS-2708665,170001,32,"Onions, cooked, boiled, drained, without salt"
FNDDS-2708665,173293,1060,"Fast Food, Pizza Chain, 14"" pizza, cheese topping, thick crust"
FNDDS-2708665,170428,32,"Peppers, sweet, green, cooked, boiled, drained, without salt"
FNDDS-2708665,174586,32,"Sausage, Italian, pork, mild, cooked, pan-fried"
FNDDS-2708665,174034,32,"Beef, ground, 85% lean meat / 15% fat, crumbles, cooked, pan-browned"
FNDDS-2708669,168295,116,"Pork, cured, ham, boneless, extra lean and regular, unheated"
FNDDS-2708669,173292,691,"Fast Food, Pizza Chain, 14"" pizza, cheese topping, regular crust"
FNDDS-2708669,169124,116,"Pineapple, raw"
FNDDS-2708670,169124,122,"Pineapple, raw"
FNDDS-2708670,168295,122,"Pork, cured, ham, boneless, extra lean and regular, unheated"
FNDDS-2708670,173292,954,"Fast Food, Pizza Chain, 14"" pizza, cheese topping, regular crust"
FNDDS-2708671,168295,102,"Pork, cured, ham, boneless, extra lean and regular, unheated"
FNDDS-2708671,173293,1060,"Fast Food, Pizza Chain, 14"" pizza, cheese topping, thick crust"
FNDDS-2708671,169124,102,"Pineapple, raw"
FNDDS-2708686,168957,100,"Pizza rolls, frozen, unprepared"
FNDDS-2708708,169773,100,"Potsticker or wonton, pork and vegetable, frozen, unprepared"
FNDDS-2708716,173468,9,"Salt, table"
FNDDS-2708716,170688,140,"Bulgur, dry"
FNDDS-2708716,174036,226.8,"Beef, ground, 80% lean meat / 20% fat, raw"
FNDDS-2708716,170931,3.15,"Spices, pepper, black"
FNDDS-2708716,170000,110,"Onions, raw"
FNDDS-2708716,173647,296.25,"Beverages, water, tap, drinking"
FNDDS-2708720,169779,100,"Dumpling, potato- or cheese-filled, frozen"
FNDDS-2708726,172346,155.1,"Margarine, regular, 80% fat, composite, stick, with salt"
FNDDS-2708726,172791,226.8,Phyllo dough
FNDDS-2708726,173432,367.5,"Milk, nonfat, fluid, without added vitamin A and vitamin D (fat free or skim)"
FNDDS-2708726,171287,100,"Eggs, Grade A, Large, egg whole"
FNDDS-2708726,170931,0.263,"Spices, pepper, black"
FNDDS-2708726,172184,17,"Eggs, Grade A, Large, egg yolk"
FNDDS-2708726,173420,340.2,"Cheese, feta, whole milk, crumbled"
FNDDS-2708726,168894,23.438,"Flour, wheat, all-purpose, enriched, bleached"
FNDDS-2708738,175025,10,"Pie crust, standard-type, frozen, ready-to-bake, enriched, baked"
FNDDS-2708738,174924,30,"Bread, white, commercially prepared"
FNDDS-2708738,174575,5,"Pepperoni, beef and pork, sliced"
FNDDS-2708738,173647,5,"Beverages, water, tap, drinking"
FNDDS-2708738,171192,15,"Sauce, pasta, spaghetti/marinara, ready-to-serve"
FNDDS-2708738,171244,15,"Cheese, mozzarella, low moisture, part-skim"
FNDDS-2708739,175025,10,"Pie crust, standard-type, frozen, ready-to-bake, enriched, baked"
FNDDS-2708739,174924,30,"Bread, white, commercially prepared"
FNDDS-2708739,173647,5,"Beverages, water, tap, drinking"
FNDDS-2708739,171244,15,"Cheese, mozzarella, low moisture, part-skim"
FNDDS-2708739,171192,15,"Sauce, pasta, spaghetti/marinara, ready-to-serve"
FNDDS-2708744,172346,5,"Margarine, regular, 80% fat, composite, stick, with salt"
FNDDS-2708744,174578,12,"Pork sausage, link/patty, cooked, pan-fried"
FNDDS-2708744,169761,2,"Flour, wheat, all-purpose, unenriched, unbleached"
FNDDS-2708744,172217,51,"Milk, whole, 3.25% milkfat, without added vitamin A and vitamin D"
FNDDS-2708744,170302,30,"Fast food, biscuit"
FNDDS-2708750,173334,100,"Lasagna with meat & sauce, frozen entree"
FNDDS-2708751,173329,100,"Ravioli, meat-filled, with tomato sauce or meat sauce, canned"
FNDDS-2708752,169850,100,"Restaurant, Italian, lasagna with meat"
FNDDS-2708754,173334,100,"Lasagna with meat & sauce, frozen entree"
FNDDS-2708758,173333,100,"Lasagna, cheese, frozen, prepared"
FNDDS-2708765,173329,100,"Ravioli, meat-filled, with tomato sauce or meat sauce, canned"
FNDDS-2708767,168894,125,"Flour, wheat, all-purpose, enriched, bleached"
FNDDS-2708767,171287,50,"Eggs, Grade A, Large, egg whole"
FNDDS-2708767,171247,6.25,"Cheese, parmesan, grated"
FNDDS-2708767,170851,164.082,"Cheese, ricotta, whole milk"
FNDDS-2708767,170000,3.333,"Onions, raw"
FNDDS-2708767,172184,17,"Eggs, Grade A, Large, egg yolk"
FNDDS-2708767,175103,14.813,"Beverages, water, tap, municipal"
FNDDS-2708767,173468,7.5,"Salt, table"
FNDDS-2708768,172113,100,"Ravioli, cheese with tomato sauce, frozen, not prepared, includes regular and light entrees"
FNDDS-2708769,173328,100,"Ravioli, cheese-filled, canned"
FNDDS-2708789,172184,17,"Eggs, Grade A, Large, egg yolk"
FNDDS-2708789,170851,164.082,"Cheese, ricotta, whole milk"
FNDDS-2708789,175103,75,"Beverages, water, tap, municipal"
FNDDS-2708789,171247,6.25,"Cheese, parmesan, grated"
FNDDS-2708789,168894,125,"Flour, wheat, all-purpose, enriched, bleached"
FNDDS-2708789,171287,50,"Eggs, Grade A, Large, egg whole"
FNDDS-2708789,171417,62.5,"Salad dressing, home recipe, vinegar and oil"
FNDDS-2708789,170000,20,"Onions, raw"
FNDDS-2708789,173468,9,"Salt, table"
FNDDS-2708792,172094,100,"Tortellini, pasta with cheese filling, fresh-refrigerated, as purchased"
FNDDS-2708796,168233,335,"Pork, fresh, loin, whole, separable lean only, cooked, roasted"
FNDDS-2708796,168914,622,"Rice noodles, cooked"
FNDDS-2708796,168084,680.4,"Restaurant, Chinese, vegetable chow mein, without meat or noodles"
FNDDS-2708797,168914,622,"Rice noodles, cooked"
FNDDS-2708797,168084,680.4,"Restaurant, Chinese, vegetable chow mein, without meat or noodles"
FNDDS-2708798,167677,100,"Restaurant, Chinese, vegetable lo mein, without meat"
FNDDS-2708799,167677,100,"Restaurant, Chinese, vegetable lo mein, without meat"
FNDDS-2708800,167677,1360.8,"Restaurant, Chinese, vegetable lo mein, without meat"
FNDDS-2708800,171971,363,"Crustaceans, shrimp, mixed species, cooked, moist heat (may contain additives to retain moisture)"
FNDDS-2708801,168233,335,"Pork, fresh, loin, whole, separable lean only, cooked, roasted"
FNDDS-2708801,167677,1360.8,"Restaurant, Chinese, vegetable lo mein, without meat"
FNDDS-2708802,167677,1360.8,"Restaurant, Chinese, vegetable lo mein, without meat"
FNDDS-2708802,171755,335,"Beef, round, top round roast, boneless, separable lean and fat, trimmed to 0"" fat, all grades, cooked, roasted"
FNDDS-2708812,169839,100,"Restaurant, family style, macaroni & cheese, from kids' menu"
FNDDS-2708814,173325,100,"Macaroni and Cheese, canned entree"
FNDDS-2708815,169776,60.953,"Macaroni or noodles with cheese, microwaveable, unprepared"
FNDDS-2708815,173647,158.008,"Beverages, water, tap, drinking"
FNDDS-2708829,168910,140,"Pasta, whole-wheat, cooked (Includes foods for USDA's Food Distribution Program)"
FNDDS-2708829,173468,0.5,"Salt, table"
FNDDS-2708829,171597,130,"Sauce, pasta, spaghetti/marinara, ready-to-serve, low sodium"
FNDDS-2708932,170000,17.5,"Onions, raw"
FNDDS-2708932,173468,3,"Salt, table"
FNDDS-2708932,169988,40,"Celery, raw"
FNDDS-2708932,167747,62,"Lemon juice, raw"
FNDDS-2708932,168561,61.25,"Pickle relish, sweet"
FNDDS-2708932,169737,1120,"Pasta, cooked, enriched, without added salt"
FNDDS-2708932,171009,220,"Salad dressing, mayonnaise, regular"
FNDDS-2708933,169737,1120,"Pasta, cooked, enriched, without added salt"
FNDDS-2708933,170000,17.5,"Onions, raw"
FNDDS-2708933,168561,61.25,"Pickle relish, sweet"
FNDDS-2708933,169988,40,"Celery, raw"
FNDDS-2708933,173468,3,"Salt, table"
FNDDS-2708933,167747,62,"Lemon juice, raw"
FNDDS-2708933,173594,240,"Salad dressing, mayonnaise, light"
FNDDS-2708934,167747,62,"Lemon juice, raw"
FNDDS-2708934,168561,61.25,"Pickle relish, sweet"
FNDDS-2708934,170000,17.5,"Onions, raw"
FNDDS-2708934,171403,235,"Salad dressing, mayonnaise type, regular, with salt"
FNDDS-2708934,169988,40,"Celery, raw"
FNDDS-2708934,173468,3,"Salt, table"
FNDDS-2708934,169737,1120,"Pasta, cooked, enriched, without added salt"
FNDDS-2708935,168561,61.25,"Pickle relish, sweet"
FNDDS-2708935,167747,62,"Lemon juice, raw"
FNDDS-2708935,169988,40,"Celery, raw"
FNDDS-2708935,173468,3,"Salt, table"
FNDDS-2708935,173594,240,"Salad dressing, mayonnaise, light"
FNDDS-2708935,169737,1120,"Pasta, cooked, enriched, without added salt"
FNDDS-2708935,170000,17.5,"Onions, raw"
FNDDS-2708936,169737,560,"Pasta, cooked, enriched, without added salt"
FNDDS-2708936,170379,35.5,"Broccoli, raw"
FNDDS-2708936,170393,64,"Carrots, mature, raw"
FNDDS-2708936,173468,1.5,"Salt, table"
FNDDS-2708936,170457,149,"Tomatoes, red, ripe, raw, year round average"
FNDDS-2708936,169094,52.8,"Olives, ripe, canned (small-extra large)"
FNDDS-2708936,171019,117.5,"Salad dressing, italian dressing, commercial, regular"
FNDDS-2708937,170457,149,"Tomatoes, red, ripe, raw, year round average"
FNDDS-2708937,169094,52.8,"Olives, ripe, canned (small-extra large)"
FNDDS-2708937,169737,560,"Pasta, cooked, enriched, without added salt"
FNDDS-2708937,173468,1.5,"Salt, table"
FNDDS-2708937,171405,120,"Salad dressing, italian dressing, commercial, reduced fat"
FNDDS-2708937,170393,64,"Carrots, mature, raw"
FNDDS-2708937,170379,35.5,"Broccoli, raw"
FNDDS-2708938,169094,52.8,"Olives, ripe, canned (small-extra large)"
FNDDS-2708938,173592,120,"Salad dressing, ranch dressing, regular"
FNDDS-2708938,173468,1.5,"Salt, table"
FNDDS-2708938,170457,149,"Tomatoes, red, ripe, raw, year round average"
FNDDS-2708938,170393,64,"Carrots, mature, raw"
FNDDS-2708938,170379,35.5,"Broccoli, raw"
FNDDS-2708938,169737,560,"Pasta, cooked, enriched, without added salt"
FNDDS-2708939,167684,122.5,"Creamy dressing, made with sour cream and/or buttermilk and oil, reduced calorie"
FNDDS-2708939,169737,560,"Pasta, cooked, enriched, without added salt"
FNDDS-2708939,170393,64,"Carrots, mature, raw"
FNDDS-2708939,169094,52.8,"Olives, ripe, canned (small-extra large)"
FNDDS-2708939,170379,35.5,"Broccoli, raw"
FNDDS-2708939,170457,149,"Tomatoes, red, ripe, raw, year round average"
FNDDS-2708939,173468,1.5,"Salt, table"
FNDDS-2708940,173468,3,"Salt, table"
FNDDS-2708940,169988,40,"Celery, raw"
FNDDS-2708940,168561,61.25,"Pickle relish, sweet"
FNDDS-2708940,169737,1120,"Pasta, cooked, enriched, without added salt"
FNDDS-2708940,167747,62,"Lemon juice, raw"
FNDDS-2708940,167700,256,"Salad Dressing, mayonnaise-like, fat-free"
FNDDS-2708940,170000,17.5,"Onions, raw"
FNDDS-2708941,168561,61.25,"Pickle relish, sweet"
FNDDS-2708941,169737,1120,"Pasta, cooked, enriched, without added salt"
FNDDS-2708941,169988,40,"Celery, raw"
FNDDS-2708941,170000,17.5,"Onions, raw"
FNDDS-2708941,171009,220,"Salad dressing, mayonnaise, regular"
FNDDS-2708941,173424,150,"Egg, whole, cooked, hard-boiled"
FNDDS-2708941,173468,3,"Salt, table"
FNDDS-2708941,167747,62,"Lemon juice, raw"
FNDDS-2708942,169737,1120,"Pasta, cooked, enriched, without added salt"
FNDDS-2708942,170000,17.5,"Onions, raw"
FNDDS-2708942,167747,62,"Lemon juice, raw"
FNDDS-2708942,169988,40,"Celery, raw"
FNDDS-2708942,171009,220,"Salad dressing, mayonnaise, regular"
FNDDS-2708942,173468,3,"Salt, table"
FNDDS-2708942,168561,61.25,"Pickle relish, sweet"
FNDDS-2708942,173709,276,"Fish, tuna, light, canned in water, drained solids"
FNDDS-2708943,171009,220,"Salad dressing, mayonnaise, regular"
FNDDS-2708943,168561,61.25,"Pickle relish, sweet"
FNDDS-2708943,170000,17.5,"Onions, raw"
FNDDS-2708943,174205,270,"Crustaceans, crab, blue, cooked, moist heat"
FNDDS-2708943,169737,1120,"Pasta, cooked, enriched, without added salt"
FNDDS-2708943,167747,62,"Lemon juice, raw"
FNDDS-2708943,173468,3,"Salt, table"
FNDDS-2708943,169988,40,"Celery, raw"
FNDDS-2708944,169737,1120,"Pasta, cooked, enriched, without added salt"
FNDDS-2708944,167747,62,"Lemon juice, raw"
FNDDS-2708944,171972,270,"Crustaceans, shrimp, mixed species, canned"
FNDDS-2708944,173468,3,"Salt, table"
FNDDS-2708944,168561,61.25,"Pickle relish, sweet"
FNDDS-2708944,171009,220,"Salad dressing, mayonnaise, regular"
FNDDS-2708944,169988,40,"Celery, raw"
FNDDS-2708944,170000,17.5,"Onions, raw"
FNDDS-2708945,173424,150,"Egg, whole, cooked, hard-boiled"
FNDDS-2708945,169737,1120,"Pasta, cooked, enriched, without added salt"
FNDDS-2708945,169988,40,"Celery, raw"
FNDDS-2708945,167747,62,"Lemon juice, raw"
FNDDS-2708945,168561,61.25,"Pickle relish, sweet"
FNDDS-2708945,171009,220,"Salad dressing, mayonnaise, regular"
FNDDS-2708945,173468,3,"Salt, table"
FNDDS-2708945,170000,17.5,"Onions, raw"
FNDDS-2708945,173709,276,"Fish, tuna, light, canned in water, drained solids"
FNDDS-2708947,169988,40,"Celery, raw"
FNDDS-2708947,173414,226,"Cheese, cheddar"
FNDDS-2708947,173468,3,"Salt, table"
FNDDS-2708947,170000,17.5,"Onions, raw"
FNDDS-2708947,171009,220,"Salad dressing, mayonnaise, regular"
FNDDS-2708947,167747,62,"Lemon juice, raw"
FNDDS-2708947,169737,1120,"Pasta, cooked, enriched, without added salt"
FNDDS-2708947,168561,61.25,"Pickle relish, sweet"
FNDDS-2708948,170000,17.5,"Onions, raw"
FNDDS-2708948,173468,3,"Salt, table"
FNDDS-2708948,169988,40,"Celery, raw"
FNDDS-2708948,171009,220,"Salad dressing, mayonnaise, regular"
FNDDS-2708948,168284,280,"Pork, cured, ham, whole, separable lean only, roasted"
FNDDS-2708948,168561,61.25,"Pickle relish, sweet"
FNDDS-2708948,169737,1120,"Pasta, cooked, enriched, without added salt"
FNDDS-2708948,167747,62,"Lemon juice, raw"
FNDDS-2708951,167668,100,"Restaurant, Chinese, fried rice, without meat"
FNDDS-2708952,167668,100,"Restaurant, Chinese, fried rice, without meat"
FNDDS-2708954,167668,85,"Restaurant, Chinese, fried rice, without meat"
FNDDS-2708954,168233,15,"Pork, fresh, loin, whole, separable lean only, cooked, roasted"
FNDDS-2708955,169531,15,"Beef, round, top round steak, separable lean and fat, trimmed to 1/8"" fat, all grades, cooked, broiled"
FNDDS-2708955,167668,85,"Restaurant, Chinese, fried rice, without meat"
FNDDS-2708956,167668,85,"Restaurant, Chinese, fried rice, without meat"
FNDDS-2708956,171971,15,"Crustaceans, shrimp, mixed species, cooked, moist heat (may contain additives to retain moisture)"
FNDDS-2708959,169711,290.058,"Rice, white, glutinous, unenriched, cooked"
FNDDS-2708959,169655,3.75,"Sugars, granulated"
FNDDS-2708959,174203,78,"Crustaceans, crab, alaska king, imitation, made from surimi"
FNDDS-2708959,171705,13,"Avocados, raw, all commercial varieties"
FNDDS-2708959,168409,13,"Cucumber, with peel, raw"
FNDDS-2708959,173468,3.6,"Salt, table"
FNDDS-2708959,172237,19.5,"Vinegar, distilled"
FNDDS-2708959,168458,5.2,"Seaweed, laver, raw"
FNDDS-2708960,173468,3.6,"Salt, table"
FNDDS-2708960,172237,19.5,"Vinegar, distilled"
FNDDS-2708960,169655,3.75,"Sugars, granulated"
FNDDS-2708960,169711,290.058,"Rice, white, glutinous, unenriched, cooked"
FNDDS-2708960,168458,5.2,"Seaweed, laver, raw"
FNDDS-2708960,171705,35,"Avocados, raw, all commercial varieties"
FNDDS-2708960,168409,35,"Cucumber, with peel, raw"
FNDDS-2708961,168458,5.2,"Seaweed, laver, raw"
FNDDS-2708961,171705,13,"Avocados, raw, all commercial varieties"
FNDDS-2708961,172237,19.5,"Vinegar, distilled"
FNDDS-2708961,169711,290.058,"Rice, white, glutinous, unenriched, cooked"
FNDDS-2708961,169655,3.75,"Sugars, granulated"
FNDDS-2708961,174203,78,"Crustaceans, crab, alaska king, imitation, made from surimi"
FNDDS-2708961,173468,3.6,"Salt, table"
FNDDS-2708961,168409,13,"Cucumber, with peel, raw"
FNDDS-2708962,174193,104,"Fish, eel, mixed species, raw"
FNDDS-2708962,172237,19.5,"Vinegar, distilled"
FNDDS-2708962,169655,3.75,"Sugars, granulated"
FNDDS-2708962,168458,5.2,"Seaweed, laver, raw"
FNDDS-2708962,169711,290.058,"Rice, white, glutinous, unenriched, cooked"
FNDDS-2708962,173468,3.6,"Salt, table"
FNDDS-2708963,168458,5.2,"Seaweed, laver, raw"
FNDDS-2708963,173468,3.6,"Salt, table"
FNDDS-2708963,172237,19.5,"Vinegar, distilled"
FNDDS-2708963,169655,3.75,"Sugars, granulated"
FNDDS-2708963,173691,104,"Fish, salmon, sockeye, raw"
FNDDS-2708963,169711,290.058,"Rice, white, glutinous, unenriched, cooked"
FNDDS-2708964,168458,5.2,"Seaweed, laver, raw"
FNDDS-2708964,169655,3.75,"Sugars, granulated"
FNDDS-2708964,171971,104,"Crustaceans, shrimp, mixed species, cooked, moist heat (may contain additives to retain moisture)"
FNDDS-2708964,169711,290.058,"Rice, white, glutinous, unenriched, cooked"
FNDDS-2708964,172237,19.5,"Vinegar, distilled"
FNDDS-2708964,173468,3.6,"Salt, table"
FNDDS-2708965,168458,5.2,"Seaweed, laver, raw"
FNDDS-2708965,173468,3.6,"Salt, table"
FNDDS-2708965,169711,290.058,"Rice, white, glutinous, unenriched, cooked"
FNDDS-2708965,175159,104,"Fish, tuna, fresh, yellowfin, raw"
FNDDS-2708965,172237,19.5,"Vinegar, distilled"
FNDDS-2708965,169655,3.75,"Sugars, granulated"
FNDDS-2708966,173468,3.6,"Salt, table"
FNDDS-2708966,169655,3.75,"Sugars, granulated"
FNDDS-2708966,169711,290.058,"Rice, white, glutinous, unenriched, cooked"
FNDDS-2708966,172237,19.5,"Vinegar, distilled"
FNDDS-2708966,168409,35,"Cucumber, with peel, raw"
FNDDS-2708966,171705,35,"Avocados, raw, all commercial varieties"
FNDDS-2708966,168458,5.2,"Seaweed, laver, raw"
FNDDS-2708967,172237,19.5,"Vinegar, distilled"
FNDDS-2708967,174203,168,"Crustaceans, crab, alaska king, imitation, made from surimi"
FNDDS-2708967,169711,290.058,"Rice, white, glutinous, unenriched, cooked"
FNDDS-2708967,173468,3.6,"Salt, table"
FNDDS-2708967,169655,3.75,"Sugars, granulated"
FNDDS-2708968,169655,3.75,"Sugars, granulated"
FNDDS-2708968,173468,3.6,"Salt, table"
FNDDS-2708968,174193,168,"Fish, eel, mixed species, raw"
FNDDS-2708968,172237,19.5,"Vinegar, distilled"
FNDDS-2708968,169711,290.058,"Rice, white, glutinous, unenriched, cooked"
FNDDS-2708969,172237,19.5,"Vinegar, distilled"
FNDDS-2708969,169711,290.058,"Rice, white, glutinous, unenriched, cooked"
FNDDS-2708969,173468,3.6,"Salt, table"
FNDDS-2708969,173691,168,"Fish, salmon, sockeye, raw"
FNDDS-2708969,169655,3.75,"Sugars, granulated"
FNDDS-2708970,169711,290.058,"Rice, white, glutinous, unenriched, cooked"
FNDDS-2708970,173468,3.6,"Salt, table"
FNDDS-2708970,171971,168,"Crustaceans, shrimp, mixed species, cooked, moist heat (may contain additives to retain moisture)"
FNDDS-2708970,169655,3.75,"Sugars, granulated"
FNDDS-2708970,172237,19.5,"Vinegar, distilled"
FNDDS-2708971,172237,19.5,"Vinegar, distilled"
FNDDS-2708971,173468,3.6,"Salt, table"
FNDDS-2708971,175159,168,"Fish, tuna, fresh, yellowfin, raw"
FNDDS-2708971,169711,290.058,"Rice, white, glutinous, unenriched, cooked"
FNDDS-2708971,169655,3.75,"Sugars, granulated"
FNDDS-2708997,168878,158,"Rice, white, long-grain, regular, enriched, cooked"
FNDDS-2708997,168399,55,"Corn, sweet, yellow, frozen, kernels cut off cob, boiled, drained, without salt"
FNDDS-2708997,173468,1.002,"Salt, table"
FNDDS-2709000,170017,53,"Peas, green, frozen, cooked, boiled, drained, without salt"
FNDDS-2709000,168878,158,"Rice, white, long-grain, regular, enriched, cooked"
FNDDS-2709000,173468,1.002,"Salt, table"
FNDDS-2709003,170394,51.682,"Carrots, cooked, boiled, drained, without salt"
FNDDS-2709003,173468,1.002,"Salt, table"
FNDDS-2709003,168878,158,"Rice, white, long-grain, regular, enriched, cooked"
FNDDS-2709009,168878,158,"Rice, white, long-grain, regular, enriched, cooked"
FNDDS-2709009,173468,1.002,"Salt, table"
FNDDS-2709009,170051,79.92,"Tomatoes, red, ripe, canned, packed in tomato juice"
FNDDS-2709015,173468,1.002,"Salt, table"
FNDDS-2709015,168878,158,"Rice, white, long-grain, regular, enriched, cooked"
FNDDS-2709015,170051,40.08,"Tomatoes, red, ripe, canned, packed in tomato juice"
FNDDS-2709015,170394,25.974,"Carrots, cooked, boiled, drained, without salt"
FNDDS-2709032,168877,370,"Rice, white, long-grain, regular, raw, enriched"
FNDDS-2709032,169655,12.5,"Sugars, granulated"
FNDDS-2709032,170172,976,"Nuts, coconut milk, raw (liquid expressed from grated meat and water)"
FNDDS-2709032,173468,6,"Salt, table"
FNDDS-2709038,169704,195,"Rice, brown, long-grain, cooked (Includes foods for USDA's Food Distribution Program)"
FNDDS-2709038,168399,55,"Corn, sweet, yellow, frozen, kernels cut off cob, boiled, drained, without salt"
FNDDS-2709038,173468,1.002,"Salt, table"
FNDDS-2709041,170017,53,"Peas, green, frozen, cooked, boiled, drained, without salt"
FNDDS-2709041,173468,1.002,"Salt, table"
FNDDS-2709041,169704,195,"Rice, brown, long-grain, cooked (Includes foods for USDA's Food Distribution Program)"
FNDDS-2709044,170394,52.026,"Carrots, cooked, boiled, drained, without salt"
FNDDS-2709044,173468,1.002,"Salt, table"
FNDDS-2709044,169704,195,"Rice, brown, long-grain, cooked (Includes foods for USDA's Food Distribution Program)"
FNDDS-2709050,169704,195,"Rice, brown, long-grain, cooked (Includes foods for USDA's Food Distribution Program)"
FNDDS-2709050,173468,1.002,"Salt, table"
FNDDS-2709050,170051,79.92,"Tomatoes, red, ripe, canned, packed in tomato juice"
FNDDS-2709056,170051,40.08,"Tomatoes, red, ripe, canned, packed in tomato juice"
FNDDS-2709056,170394,25.974,"Carrots, cooked, boiled, drained, without salt"
FNDDS-2709056,173468,1.002,"Salt, table"
FNDDS-2709056,169704,195,"Rice, brown, long-grain, cooked (Includes foods for USDA's Food Distribution Program)"
FNDDS-2709071,168878,316,"Rice, white, long-grain, regular, enriched, cooked"
FNDDS-2709071,171287,50,"Eggs, Grade A, Large, egg whole"
FNDDS-2709071,173468,4.7,"Salt, table"
FNDDS-2709071,170005,48,"Onions, spring or scallions (includes tops and bulb), raw"
FNDDS-2709071,173584,25.625,"Shortening, vegetable, household, composite"
FNDDS-2709071,169988,120,"Celery, raw"
FNDDS-2709080,173647,110,"Beverages, water, tap, drinking"
FNDDS-2709080,169778,57,"Rice mix, cheese flavor, dry mix, unprepared"
FNDDS-2709084,167665,100,"Restaurant, Mexican, spanish rice"
FNDDS-2709091,168878,316,"Rice, white, long-grain, regular, enriched, cooked"
FNDDS-2709091,169124,540,"Pineapple, raw"
FNDDS-2709091,169656,30,"Sugars, powdered"
FNDDS-2709091,167995,40,"Candies, marshmallows"
FNDDS-2709091,167766,25.8,"Maraschino cherries, canned, drained"
FNDDS-2709091,170859,238,"Cream, heavy"
FNDDS-2709093,172200,80.992,"Cheese sauce, prepared from recipe"
FNDDS-2709093,168878,158,"Rice, white, long-grain, regular, enriched, cooked"
FNDDS-2709093,173468,1,"Salt, table"
FNDDS-2709096,171566,79.92,"Gravy, chicken, canned or bottled, ready-to-serve"
FNDDS-2709096,173468,1.002,"Salt, table"
FNDDS-2709096,168878,158,"Rice, white, long-grain, regular, enriched, cooked"
FNDDS-2709102,169704,195,"Rice, brown, long-grain, cooked (Includes foods for USDA's Food Distribution Program)"
FNDDS-2709102,172200,80.992,"Cheese sauce, prepared from recipe"
FNDDS-2709102,173468,1,"Salt, table"
FNDDS-2709105,171566,79.92,"Gravy, chicken, canned or bottled, ready-to-serve"
FNDDS-2709105,169704,195,"Rice, brown, long-grain, cooked (Includes foods for USDA's Food Distribution Program)"
FNDDS-2709105,173468,1.002,"Salt, table"
FNDDS-2709111,170472,60.697,"Vegetables, mixed, frozen, cooked, boiled, drained, without salt"
FNDDS-2709111,172200,80.992,"Cheese sauce, prepared from recipe"
FNDDS-2709111,168878,158,"Rice, white, long-grain, regular, enriched, cooked"
FNDDS-2709111,173468,1,"Salt, table"
FNDDS-2709114,171566,79.92,"Gravy, chicken, canned or bottled, ready-to-serve"
FNDDS-2709114,168878,158,"Rice, white, long-grain, regular, enriched, cooked"
FNDDS-2709114,170472,60.697,"Vegetables, mixed, frozen, cooked, boiled, drained, without salt"
FNDDS-2709114,173468,1.002,"Salt, table"
FNDDS-2709120,172200,80.992,"Cheese sauce, prepared from recipe"
FNDDS-2709120,173468,1,"Salt, table"
FNDDS-2709120,170472,60.697,"Vegetables, mixed, frozen, cooked, boiled, drained, without salt"
FNDDS-2709120,169704,195,"Rice, brown, long-grain, cooked (Includes foods for USDA's Food Distribution Program)"
FNDDS-2709123,170472,60.697,"Vegetables, mixed, frozen, cooked, boiled, drained, without salt"
FNDDS-2709123,169704,195,"Rice, brown, long-grain, cooked (Includes foods for USDA's Food Distribution Program)"
FNDDS-2709123,171566,79.92,"Gravy, chicken, canned or bottled, ready-to-serve"
FNDDS-2709123,173468,1.002,"Salt, table"
FNDDS-2709137,174924,60,"Bread, white, commercially prepared"
FNDDS-2709137,169642,40,Jellies
FNDDS-2709138,174924,60,"Bread, white, commercially prepared"
FNDDS-2709138,169642,40,Jellies
FNDDS-2709143,169655,13,"Sugars, granulated"
FNDDS-2709143,170877,5,"Milk, dry, nonfat, regular, without added vitamin A and vitamin D"
FNDDS-2709143,168894,40,"Flour, wheat, all-purpose, enriched, bleached"
FNDDS-2709143,172346,13,"Margarine, regular, 80% fat, composite, stick, with salt"
FNDDS-2709143,173468,1.3,"Salt, table"
FNDDS-2709143,173424,13,"Egg, whole, cooked, hard-boiled"
FNDDS-2709143,175103,44,"Beverages, water, tap, municipal"
FNDDS-2709143,174578,40,"Pork sausage, link/patty, cooked, pan-fried"
FNDDS-2709152,171177,15,"Soup, ramen noodle, any flavor, dry"
FNDDS-2709152,173647,85,"Beverages, water, tap, drinking"
FNDDS-2709164,169105,100,"Tangerines, (mandarin oranges), raw"
FNDDS-2709165,174673,100,"Grapefruit, raw, pink and red, all areas"
FNDDS-2709166,173035,100,"Grapefruit, sections, canned, water pack, solids and liquids"
FNDDS-2709167,168154,100,"Kumquats, raw"
FNDDS-2709168,167746,100,"Lemons, raw, without peel"
FNDDS-2709170,168155,100,"Limes, raw"
FNDDS-2709171,169917,50,"Oranges, raw, navels"
FNDDS-2709171,169097,50,"Oranges, raw, all commercial varieties"
FNDDS-2709173,169106,100,"Tangerines, (mandarin oranges), canned, juice pack"
FNDDS-2709174,169106,95,"Tangerines, (mandarin oranges), canned, juice pack"
FNDDS-2709174,169655,5,"Sugars, granulated"
FNDDS-2709175,169105,100,"Tangerines, (mandarin oranges), raw"
FNDDS-2709176,173039,100,"Grapefruit juice, white, raw"
FNDDS-2709179,173038,100,"Grapefruit juice, pink or red, with added calcium"
FNDDS-2709180,167747,100,"Lemon juice, raw"
FNDDS-2709181,167747,100,"Lemon juice, raw"
FNDDS-2709182,167748,100,"Lemon juice from concentrate, canned or bottled"
FNDDS-2709183,168156,100,"Lime juice, raw"
FNDDS-2709184,168156,100,"Lime juice, raw"
FNDDS-2709185,168157,100,"Lime juice, canned or bottled, unsweetened"
FNDDS-2709187,169098,100,"Orange juice, no pulp, not fortified, not from concentrate, refrigerated"
FNDDS-2709188,169098,50,"Orange juice, no pulp, not fortified, not from concentrate, refrigerated"
FNDDS-2709188,169100,50,"Orange juice, no pulp, not fortified, from concentrate, refrigerated"
FNDDS-2709190,169923,426,"Orange juice, frozen concentrate, unsweetened, undiluted"
FNDDS-2709190,173647,1066.5,"Beverages, water, tap, drinking"
FNDDS-2709191,169923,100,"Orange juice, frozen concentrate, unsweetened, undiluted"
FNDDS-2709192,169922,426,"Orange juice, frozen concentrate, unsweetened, undiluted, with added calcium"
FNDDS-2709192,173647,1065.6,"Beverages, water, tap, drinking"
FNDDS-2709193,169925,100,"Tangerine juice, raw"
FNDDS-2709195,173941,10,"Apricots, dried, sulfured, uncooked"
FNDDS-2709195,169091,10,"Mango, dried, sweetened"
FNDDS-2709195,168165,50,"Raisins, dark, seedless (Includes foods for USDA's Food Distribution Program)"
FNDDS-2709195,171723,30,"Cranberries, dried, sweetened (Includes foods for USDA's Food Distribution Program)"
FNDDS-2709196,171691,100,"Apples, dried, sulfured, uncooked"
FNDDS-2709197,173941,100,"Apricots, dried, sulfured, uncooked"
FNDDS-2709198,168158,100,"Blueberries, dried, sweetened"
FNDDS-2709199,171708,100,"Cherries, tart, dried, sweetened (Includes foods for USDA's Food Distribution Program)"
FNDDS-2709200,168849,100,"Snacks, banana chips"
FNDDS-2709201,171724,100,"Currants, zante, dried"
FNDDS-2709202,171723,100,"Cranberries, dried, sweetened (Includes foods for USDA's Food Distribution Program)"
FNDDS-2709203,171726,100,"Dates, deglet noor"
FNDDS-2709204,174665,100,"Figs, dried, uncooked"
FNDDS-2709205,169091,100,"Mango, dried, sweetened"
FNDDS-2709206,169926,85,"Papayas, raw"
FNDDS-2709206,169655,15,"Sugars, granulated"
FNDDS-2709207,169934,100,"Peaches, dried, sulfured, uncooked"
FNDDS-2709208,169121,100,"Pears, dried, sulfured, uncooked"
FNDDS-2709209,169655,15,"Sugars, granulated"
FNDDS-2709209,169941,85,"Persimmons, japanese, raw"
FNDDS-2709210,169124,85,"Pineapple, raw"
FNDDS-2709210,169655,15,"Sugars, granulated"
FNDDS-2709211,168162,100,"Plums, dried (prunes), uncooked"
FNDDS-2709212,168165,100,"Raisins, dark, seedless (Includes foods for USDA's Food Distribution Program)"
FNDDS-2709214,169928,21,"Peaches, yellow, raw"
FNDDS-2709214,169949,21,"Plums, raw"
FNDDS-2709214,173468,2.5,"Salt, table"
FNDDS-2709214,172237,5,"Vinegar, distilled"
FNDDS-2709214,171688,21,"Apples, raw, with skin (Includes foods for USDA's Food Distribution Program)"
FNDDS-2709214,175103,5,"Beverages, water, tap, municipal"
FNDDS-2709214,169910,21,"Mangos, raw"
FNDDS-2709214,169655,5,"Sugars, granulated"
FNDDS-2709215,168203,20,"Apples, granny smith, with skin, raw"
FNDDS-2709215,168204,20,"Apples, gala, with skin, raw"
FNDDS-2709215,167793,20,"Apples, fuji, with skin, raw"
FNDDS-2709215,168201,20,"Apples, red delicious, with skin, raw"
FNDDS-2709215,168202,20,"Apples, honeycrisp, with skin, raw"
FNDDS-2709216,167772,100,"Applesauce, unsweetened, with added vitamin C"
FNDDS-2709216,169655,7,"Sugars, granulated"
FNDDS-2709217,167772,100,"Applesauce, unsweetened, with added vitamin C"
FNDDS-2709218,169655,7,"Sugars, granulated"
FNDDS-2709218,167772,100,"Applesauce, unsweetened, with added vitamin C"
FNDDS-2709219,168822,100,"Pie fillings, apple, canned"
FNDDS-2709220,168833,7,"Sugars, brown"
FNDDS-2709220,171688,90,"Apples, raw, with skin (Includes foods for USDA's Food Distribution Program)"
FNDDS-2709220,173430,3,"Butter, stick, unsalted"
FNDDS-2709221,171697,100,"Apricots, raw"
FNDDS-2709222,171698,92,"Apricots, canned, water pack, with skin, solids and liquids"
FNDDS-2709222,169655,8,"Sugars, granulated"
FNDDS-2709223,171705,100,"Avocados, raw, all commercial varieties"
FNDDS-2709225,173430,3,"Butter, stick, unsalted"
FNDDS-2709225,173944,90,"Bananas, ripe and slightly ripe, raw"
FNDDS-2709225,168833,7,"Sugars, brown"
FNDDS-2709226,169092,100,"Melons, cantaloupe, raw"
FNDDS-2709227,167765,33,"Watermelon, raw"
FNDDS-2709227,169092,33,"Melons, cantaloupe, raw"
FNDDS-2709227,169911,33,"Melons, honeydew, raw"
FNDDS-2709228,171715,100,"Carambola, (starfruit), raw"
FNDDS-2709229,167766,100,"Maraschino cherries, canned, drained"
FNDDS-2709230,173468,0.75,"Salt, table"
FNDDS-2709230,169698,21.336,Cornstarch
FNDDS-2709230,173955,569.252,"Cherries, sour, red, canned, water pack, solids and liquids"
FNDDS-2709230,169655,141.75,"Sugars, granulated"
FNDDS-2709230,172346,7.05,"Margarine, regular, 80% fat, composite, stick, with salt"
FNDDS-2709231,171719,100,"Cherries, sweet, dark red, raw"
FNDDS-2709232,173957,92,"Cherries, sweet, canned, water pack, solids and liquids"
FNDDS-2709232,169655,8,"Sugars, granulated"
FNDDS-2709233,171719,100,"Cherries, sweet, dark red, raw"
FNDDS-2709235,173021,100,"Figs, raw"
FNDDS-2709236,175103,20,"Beverages, water, tap, municipal"
FNDDS-2709236,173021,75,"Figs, raw"
FNDDS-2709236,169655,5,"Sugars, granulated"
FNDDS-2709238,173044,100,"Guavas, common, raw"
FNDDS-2709239,168153,100,"Kiwifruit, green, raw"
FNDDS-2709240,169086,100,"Litchis, raw"
FNDDS-2709241,169911,100,"Melons, honeydew, raw"
FNDDS-2709242,169910,100,"Mangos, raw"
FNDDS-2709243,175103,20,"Beverages, water, tap, municipal"
FNDDS-2709243,169655,5,"Sugars, granulated"
FNDDS-2709243,169910,75,"Mangos, raw"
FNDDS-2709244,169910,100,"Mangos, raw"
FNDDS-2709245,169914,100,"Nectarines, raw"
FNDDS-2709246,169926,100,"Papayas, raw"
FNDDS-2709247,169926,75,"Papayas, raw"
FNDDS-2709247,175103,20,"Beverages, water, tap, municipal"
FNDDS-2709247,169655,5,"Sugars, granulated"
FNDDS-2709248,169108,100,"Passion-fruit, (granadilla), purple, raw"
FNDDS-2709249,169928,100,"Peaches, yellow, raw"
FNDDS-2709251,169655,8,"Sugars, granulated"
FNDDS-2709251,169929,92,"Peaches, canned, water pack, solids and liquids"
FNDDS-2709252,173934,12,"Apple juice, frozen concentrate, unsweetened, undiluted, without added ascorbic acid"
FNDDS-2709252,169929,88,"Peaches, canned, water pack, solids and liquids"
FNDDS-2709253,169928,100,"Peaches, yellow, raw"
FNDDS-2709254,167776,40,"Pears, raw, bartlett"
FNDDS-2709254,169118,60,"Pears, raw"
FNDDS-2709255,168177,100,"Pears, asian, raw"
FNDDS-2709257,169119,92,"Pears, canned, water pack, solids and liquids"
FNDDS-2709257,169655,8,"Sugars, granulated"
FNDDS-2709258,173934,12,"Apple juice, frozen concentrate, unsweetened, undiluted, without added ascorbic acid"
FNDDS-2709258,169119,88,"Pears, canned, water pack, solids and liquids"
FNDDS-2709259,169941,100,"Persimmons, japanese, raw"
FNDDS-2709260,169124,100,"Pineapple, raw"
FNDDS-2709262,169655,8,"Sugars, granulated"
FNDDS-2709262,169125,92,"Pineapple, canned, water pack, solids and liquids"
FNDDS-2709263,173934,12,"Apple juice, frozen concentrate, unsweetened, undiluted, without added ascorbic acid"
FNDDS-2709263,169125,88,"Pineapple, canned, water pack, solids and liquids"
FNDDS-2709264,169124,100,"Pineapple, raw"
FNDDS-2709265,169949,100,"Plums, raw"
FNDDS-2709266,169655,5,"Sugars, granulated"
FNDDS-2709266,175103,20,"Beverages, water, tap, municipal"
FNDDS-2709266,169949,75,"Plums, raw"
FNDDS-2709267,169134,100,"Pomegranates, raw"
FNDDS-2709268,169655,15,"Sugars, granulated"
FNDDS-2709268,173647,5,"Beverages, water, tap, drinking"
FNDDS-2709268,167758,100,"Rhubarb, raw"
FNDDS-2709269,167763,100,"Tamarinds, raw"
FNDDS-2709270,167765,100,"Watermelon, raw"
FNDDS-2709271,171711,30,"Blueberries, raw"
FNDDS-2709271,167762,70,"Strawberries, raw"
FNDDS-2709272,167755,25,"Raspberries, raw"
FNDDS-2709272,168173,25,"Strawberries, frozen, unsweetened (Includes foods for USDA's Food Distribution Program)"
FNDDS-2709272,171710,25,"Blackberries, frozen, unsweetened"
FNDDS-2709272,173950,25,"Blueberries, frozen, unsweetened (Includes foods for USDA's Food Distribution Program)"
FNDDS-2709273,173946,100,"Blackberries, raw"
FNDDS-2709274,171710,100,"Blackberries, frozen, unsweetened"
FNDDS-2709275,171711,100,"Blueberries, raw"
FNDDS-2709276,168179,100,"Blueberries, canned, light syrup, drained"
FNDDS-2709277,173950,100,"Blueberries, frozen, unsweetened (Includes foods for USDA's Food Distribution Program)"
FNDDS-2709278,167738,100,"Pie fillings, blueberry, canned"
FNDDS-2709279,171722,100,"Cranberries, raw"
FNDDS-2709280,173961,100,"Cranberry sauce, canned, sweetened"
FNDDS-2709281,167755,100,"Raspberries, raw"
FNDDS-2709282,167755,100,"Raspberries, raw"
FNDDS-2709283,167762,100,"Strawberries, raw"
FNDDS-2709284,168172,100,"Strawberries, canned, heavy syrup pack, solids and liquids"
FNDDS-2709285,168173,100,"Strawberries, frozen, unsweetened (Includes foods for USDA's Food Distribution Program)"
FNDDS-2709286,173944,354,"Bananas, ripe and slightly ripe, raw"
FNDDS-2709286,169656,30,"Sugars, powdered"
FNDDS-2709286,169124,452.5,"Pineapple, raw"
FNDDS-2709286,170169,40,"Nuts, coconut meat, raw"
FNDDS-2709286,169097,786,"Oranges, raw, all commercial varieties"
FNDDS-2709290,169655,8,"Sugars, granulated"
FNDDS-2709290,174667,92,"Fruit cocktail, (peach and pineapple and pear and grape and cherry), canned, water pack, solids and liquids"
FNDDS-2709291,173934,12,"Apple juice, frozen concentrate, unsweetened, undiluted, without added ascorbic acid"
FNDDS-2709291,174667,88,"Fruit cocktail, (peach and pineapple and pear and grape and cherry), canned, water pack, solids and liquids"
FNDDS-2709292,169124,20,"Pineapple, raw"
FNDDS-2709292,169928,20,"Peaches, yellow, raw"
FNDDS-2709292,169910,20,"Mangos, raw"
FNDDS-2709292,168173,20,"Strawberries, frozen, unsweetened (Includes foods for USDA's Food Distribution Program)"
FNDDS-2709292,169092,20,"Melons, cantaloupe, raw"
FNDDS-2709294,167974,25,"Candies, caramels"
FNDDS-2709294,171688,75,"Apples, raw, with skin (Includes foods for USDA's Food Distribution Program)"
FNDDS-2709295,167762,453.6,"Strawberries, raw"
FNDDS-2709295,167976,126,"Candies, semisweet chocolate"
FNDDS-2709306,168156,62,"Lime juice, raw"
FNDDS-2709306,169655,150,"Sugars, granulated"
FNDDS-2709306,171287,250,"Eggs, Grade A, Large, egg whole"
FNDDS-2709306,170182,49.5,"Nuts, pecans, halves, raw"
FNDDS-2709306,167749,2,"Lemon peel, raw"
FNDDS-2709307,173468,3.6,"Salt, table"
FNDDS-2709307,167747,5,"Lemon juice, raw"
FNDDS-2709307,170000,5,"Onions, raw"
FNDDS-2709307,171705,400,"Avocados, raw, all commercial varieties"
FNDDS-2709308,173468,3.6,"Salt, table"
FNDDS-2709308,170457,35,"Tomatoes, red, ripe, raw, year round average"
FNDDS-2709308,171705,400,"Avocados, raw, all commercial varieties"
FNDDS-2709308,170000,5,"Onions, raw"
FNDDS-2709308,167747,5,"Lemon juice, raw"
FNDDS-2709309,172237,10,"Vinegar, distilled"
FNDDS-2709309,169641,88,Jams and preserves
FNDDS-2709309,173468,2,"Salt, table"
FNDDS-2709310,171009,13.75,"Salad dressing, mayonnaise, regular"
FNDDS-2709310,169124,165,"Pineapple, raw"
FNDDS-2709310,169248,5,"Lettuce, iceberg, raw"
FNDDS-2709312,169655,5,"Sugars, granulated"
FNDDS-2709312,168113,50,"Frozen novelties, juice type, orange"
FNDDS-2709312,169632,50,"Frozen novelties, fruit and juice bars"
FNDDS-2709313,169632,10,"Frozen novelties, fruit and juice bars"
FNDDS-2709313,168132,90,"Frozen novelties, ice type, pop, with low calorie sweetener"
FNDDS-2709314,169632,50,"Frozen novelties, fruit and juice bars"
FNDDS-2709314,169638,50,"Frozen novelties, ice type, lime"
FNDDS-2709314,169655,1,"Sugars, granulated"
FNDDS-2709316,168197,100,"Juice, apple and grape blend, with added ascorbic acid"
FNDDS-2709317,168197,75,"Juice, apple and grape blend, with added ascorbic acid"
FNDDS-2709317,168117,25,"Cranberry juice, not fortified, from concentrate, shelf stable"
FNDDS-2709318,168212,100,"Cranberry juice blend, 100% juice, bottled, with added vitamin C and calcium"
FNDDS-2709319,173933,100,"Apple juice, canned or bottled, unsweetened, without added ascorbic acid"
FNDDS-2709320,173933,25,"Apple juice, canned or bottled, unsweetened, without added ascorbic acid"
FNDDS-2709320,167771,75,"Apple juice, with added vitamin C, from concentrate, shelf stable"
FNDDS-2709321,167800,100,"Apple juice, canned or bottled, unsweetened, with added ascorbic acid, calcium, and potassium"
FNDDS-2709322,173947,100,"Blackberry juice, canned"
FNDDS-2709323,171711,65,"Blueberries, raw"
FNDDS-2709323,175103,35,"Beverages, water, tap, municipal"
FNDDS-2709324,168117,100,"Cranberry juice, not fortified, from concentrate, shelf stable"
FNDDS-2709326,168207,100,"Grape juice, canned or bottled, unsweetened, with added ascorbic acid and calcium"
FNDDS-2709327,169107,100,"Papaya nectar, canned"
FNDDS-2709328,169109,100,"Passion-fruit juice, purple, raw"
FNDDS-2709329,168187,100,"Pineapple juice, canned or bottled, unsweetened, with added ascorbic acid"
FNDDS-2709330,167787,100,"Pomegranate juice, bottled"
FNDDS-2709331,167753,100,"Prune juice, canned"
FNDDS-2709332,175103,35,"Beverages, water, tap, municipal"
FNDDS-2709332,167762,65,"Strawberries, raw"
FNDDS-2709333,167765,100,"Watermelon, raw"
FNDDS-2709338,173950,150,"Blueberries, frozen, unsweetened (Includes foods for USDA's Food Distribution Program)"
FNDDS-2709338,171269,244,"Milk, nonfat, fluid, with added vitamin A and vitamin D (fat free or skim)"
FNDDS-2709338,170886,254,"Yogurt, plain, low fat"
FNDDS-2709338,168173,149,"Strawberries, frozen, unsweetened (Includes foods for USDA's Food Distribution Program)"
FNDDS-2709338,173944,118,"Bananas, ripe and slightly ripe, raw"
FNDDS-2709339,168214,100,"Fruit juice smoothie, NAKED JUICE, strawberry banana"
FNDDS-2709340,167785,100,"Mango nectar, canned"
FNDDS-2709341,171704,100,"Apricot nectar, canned, with added ascorbic acid"
FNDDS-2709342,169655,10,"Sugars, granulated"
FNDDS-2709342,175103,55,"Beverages, water, tap, municipal"
FNDDS-2709342,173944,35,"Bananas, ripe and slightly ripe, raw"
FNDDS-2709343,169092,40,"Melons, cantaloupe, raw"
FNDDS-2709343,175103,48,"Beverages, water, tap, municipal"
FNDDS-2709343,169655,12.5,"Sugars, granulated"
FNDDS-2709344,168210,100,"Guava nectar, with sucralose, canned"
FNDDS-2709345,167785,100,"Mango nectar, canned"
FNDDS-2709346,169117,100,"Peach nectar, canned, with sucralose, without added ascorbic acid"
FNDDS-2709347,169107,100,"Papaya nectar, canned"
FNDDS-2709348,169655,12,"Sugars, granulated"
FNDDS-2709348,175103,48,"Beverages, water, tap, municipal"
FNDDS-2709348,169109,40,"Passion-fruit juice, purple, raw"
FNDDS-2709349,169940,100,"Pear nectar, canned, without added ascorbic acid"
FNDDS-2709350,168196,100,"Guanabana nectar, canned"
FNDDS-2709351,173469,100,"Vinegar, cider"
FNDDS-2709352,171338,10,"Babyfood, fruit, pears, strained"
FNDDS-2709352,173512,30,"Babyfood, fruit, applesauce, strained"
FNDDS-2709352,171336,10,"Babyfood, fruit, peaches, strained"
FNDDS-2709352,167732,50,"Babyfood, banana no tapioca, strained"
FNDDS-2709363,173512,100,"Babyfood, fruit, applesauce, strained"
FNDDS-2709364,172278,100,"Babyfood, fruit, applesauce, junior"
FNDDS-2709365,167732,100,"Babyfood, banana no tapioca, strained"
FNDDS-2709366,167732,100,"Babyfood, banana no tapioca, strained"
FNDDS-2709367,171336,100,"Babyfood, fruit, peaches, strained"
FNDDS-2709368,171337,100,"Babyfood, fruit, peaches, junior"
FNDDS-2709369,171338,100,"Babyfood, fruit, pears, strained"
FNDDS-2709370,170943,100,"Babyfood, fruit, pears, junior"
FNDDS-2709371,171340,100,"Babyfood, prunes, without vitamin c, strained"
FNDDS-2709372,169910,100,"Mangos, raw"
FNDDS-2709374,170959,100,"Babyfood, juice, apple"
FNDDS-2709375,168144,100,"Babyfood, grape juice, no sugar, canned"
FNDDS-2709377,167718,100,"Babyfood, juice, pear"
FNDDS-2709378,169042,100,"Babyfood, juice, apple-sweet potato"
FNDDS-2709380,171380,100,"Babyfood, dessert, custard pudding, vanilla, junior"
FNDDS-2709381,173520,100,"Babyfood, snack, GERBER, GRADUATES, YOGURT MELTS"
FNDDS-2709384,173468,1.3,"Salt, table"
FNDDS-2709384,170033,285,"Potatoes, baked, flesh, without salt"
FNDDS-2709388,173468,0.4,"Salt, table"
FNDDS-2709388,170033,100,"Potatoes, baked, flesh, without salt"
FNDDS-2709391,173468,0.4,"Salt, table"
FNDDS-2709391,173410,5,"Butter, stick, salted"
FNDDS-2709391,170033,100,"Potatoes, baked, flesh, without salt"
FNDDS-2709395,173468,0.4,"Salt, table"
FNDDS-2709395,170093,100,"Potatoes, baked, flesh and skin, without salt"
FNDDS-2709397,173410,5,"Butter, stick, salted"
FNDDS-2709397,170093,100,"Potatoes, baked, flesh and skin, without salt"
FNDDS-2709397,173468,0.4,"Salt, table"
FNDDS-2709401,169084,100,"Potatoes, canned, drained solids, no salt added"
FNDDS-2709401,173468,0.4,"Salt, table"
FNDDS-2709404,170093,100,"Potatoes, baked, flesh and skin, without salt"
FNDDS-2709404,173468,0.4,"Salt, table"
FNDDS-2709407,173410,5,"Butter, stick, salted"
FNDDS-2709407,173468,0.4,"Salt, table"
FNDDS-2709407,170093,100,"Potatoes, baked, flesh and skin, without salt"
FNDDS-2709411,170033,100,"Potatoes, baked, flesh, without salt"
FNDDS-2709411,173468,0.4,"Salt, table"
FNDDS-2709413,173410,5,"Butter, stick, salted"
FNDDS-2709413,173468,0.4,"Salt, table"
FNDDS-2709413,170033,100,"Potatoes, baked, flesh, without salt"
FNDDS-2709417,173468,0.96,"Salt, table"
FNDDS-2709417,170440,156,"Potatoes, boiled, cooked without skin, flesh, without salt"
FNDDS-2709418,170440,156,"Potatoes, boiled, cooked without skin, flesh, without salt"
FNDDS-2709418,171564,90,"Gravy, beef, canned, ready-to-serve"
FNDDS-2709419,171564,90,"Gravy, beef, canned, ready-to-serve"
FNDDS-2709419,170440,156,"Potatoes, boiled, cooked without skin, flesh, without salt"
FNDDS-2709420,170440,156,"Potatoes, boiled, cooked without skin, flesh, without salt"
FNDDS-2709420,171566,90,"Gravy, chicken, canned or bottled, ready-to-serve"
FNDDS-2709422,169677,100,"Snacks, potato chips, plain, salted"
FNDDS-2709423,167962,100,"Snacks, potato chips, barbecue-flavor"
FNDDS-2709424,167962,100,"Snacks, potato chips, barbecue-flavor"
FNDDS-2709425,167962,100,"Snacks, potato chips, barbecue-flavor"
FNDDS-2709426,167962,100,"Snacks, potato chips, barbecue-flavor"
FNDDS-2709427,169677,100,"Snacks, potato chips, plain, salted"
FNDDS-2709428,167962,100,"Snacks, potato chips, barbecue-flavor"
FNDDS-2709429,167962,100,"Snacks, potato chips, barbecue-flavor"
FNDDS-2709430,167962,100,"Snacks, potato chips, barbecue-flavor"
FNDDS-2709431,167962,100,"Snacks, potato chips, barbecue-flavor"
FNDDS-2709432,173468,0.3,"Salt, table"
FNDDS-2709432,168853,100,"Snack, potato chips, made from dried potatoes, plain"
FNDDS-2709433,173468,0.6,"Salt, table"
FNDDS-2709433,168853,100,"Snack, potato chips, made from dried potatoes, plain"
FNDDS-2709434,169046,100,"Snacks, potato chips, white, restructured, baked"
FNDDS-2709435,169046,100,"Snacks, potato chips, white, restructured, baked"
FNDDS-2709435,173468,0.5,"Salt, table"
FNDDS-2709436,170253,100,"Potato chips, without salt, reduced fat"
FNDDS-2709436,173468,1,"Salt, table"
FNDDS-2709437,167553,100,"Snacks, potato chips, made from dried potatoes, reduced fat"
FNDDS-2709438,170253,88,"Potato chips, without salt, reduced fat"
FNDDS-2709438,171029,12,"Oil, corn"
FNDDS-2709439,174805,100,"Snacks, potato chips, lightly salted"
FNDDS-2709439,173468,0.2,"Salt, table"
FNDDS-2709440,173468,0.2,"Salt, table"
FNDDS-2709440,174805,100,"Snacks, potato chips, lightly salted"
FNDDS-2709441,169046,100,"Snacks, potato chips, white, restructured, baked"
FNDDS-2709442,169046,100,"Snacks, potato chips, white, restructured, baked"
FNDDS-2709442,173468,0.5,"Salt, table"
FNDDS-2709444,168854,100,"Snacks, potato sticks"
FNDDS-2709445,168854,100,"Snacks, potato sticks"
FNDDS-2709445,173468,1,"Salt, table"
FNDDS-2709446,173468,1,"Salt, table"
FNDDS-2709446,168854,100,"Snacks, potato sticks"
FNDDS-2709447,174796,50,"Snacks, vegetable chips, made from garden vegetables"
FNDDS-2709447,174791,50,"Snacks, vegetable chips, HAIN CELESTIAL GROUP, TERRA CHIPS"
FNDDS-2709460,169264,100,"Potatoes, french fried, all types, salt added in processing, frozen, home-prepared, oven heated"
FNDDS-2709461,170698,100,"Fast foods, potato, french fried in vegetable oil"
FNDDS-2709462,169836,100,"Restaurant, family style, french fries"
FNDDS-2709478,173273,100,"Fast foods, potatoes, hash browns, round pieces or patty"
FNDDS-2709479,173273,100,"Fast foods, potatoes, hash browns, round pieces or patty"
FNDDS-2709479,173414,20,"Cheese, cheddar"
FNDDS-2709480,173273,100,"Fast foods, potatoes, hash browns, round pieces or patty"
FNDDS-2709481,173414,20,"Cheese, cheddar"
FNDDS-2709481,173273,100,"Fast foods, potatoes, hash browns, round pieces or patty"
FNDDS-2709482,170044,100,"Potatoes, hash brown, frozen, plain, prepared, pan fried in canola oil"
FNDDS-2709482,173468,0.4,"Salt, table"
FNDDS-2709485,170044,100,"Potatoes, hash brown, frozen, plain, prepared, pan fried in canola oil"
FNDDS-2709485,173468,1,"Salt, table"
FNDDS-2709486,173468,1,"Salt, table"
FNDDS-2709486,170044,100,"Potatoes, hash brown, frozen, plain, prepared, pan fried in canola oil"
FNDDS-2709487,170044,100,"Potatoes, hash brown, frozen, plain, prepared, pan fried in canola oil"
FNDDS-2709487,173468,1,"Salt, table"
FNDDS-2709487,173414,20,"Cheese, cheddar"
FNDDS-2709493,170699,100,"Fast foods, potato, mashed"
FNDDS-2709494,170699,100,"Fast foods, potato, mashed"
FNDDS-2709494,171566,25,"Gravy, chicken, canned or bottled, ready-to-serve"
FNDDS-2709495,169768,100,"Potatoes, mashed, ready-to-eat"
FNDDS-2709507,169768,100,"Potatoes, mashed, ready-to-eat"
FNDDS-2709508,173414,12,"Cheese, cheddar"
FNDDS-2709508,169768,100,"Potatoes, mashed, ready-to-eat"
FNDDS-2709509,171566,25,"Gravy, chicken, canned or bottled, ready-to-serve"
FNDDS-2709509,169768,100,"Potatoes, mashed, ready-to-eat"
FNDDS-2709515,170047,100,"Potato puffs, frozen, unprepared"
FNDDS-2709518,173468,1.3,"Salt, table"
FNDDS-2709518,170033,285,"Potatoes, baked, flesh, without salt"
FNDDS-2709518,173410,15,"Butter, stick, salted"
FNDDS-2709519,171257,30,"Cream, sour, full fat"
FNDDS-2709519,170033,285,"Potatoes, baked, flesh, without salt"
FNDDS-2709519,173468,1.3,"Salt, table"
FNDDS-2709519,173410,15,"Butter, stick, salted"
FNDDS-2709520,173410,15,"Butter, stick, salted"
FNDDS-2709520,173468,1.3,"Salt, table"
FNDDS-2709520,170033,285,"Potatoes, baked, flesh, without salt"
FNDDS-2709520,173414,28,"Cheese, cheddar"
FNDDS-2709520,171257,30,"Cream, sour, full fat"
FNDDS-2709521,171257,30,"Cream, sour, full fat"
FNDDS-2709521,173468,1.3,"Salt, table"
FNDDS-2709521,170033,285,"Potatoes, baked, flesh, without salt"
FNDDS-2709521,173414,28,"Cheese, cheddar"
FNDDS-2709521,168322,8,"Pork, cured, bacon, pre-sliced, cooked, pan-fried"
FNDDS-2709521,173410,15,"Butter, stick, salted"
FNDDS-2709523,169969,20,"Broccoli, frozen, chopped, cooked, boiled, drained, without salt"
FNDDS-2709523,173468,1.3,"Salt, table"
FNDDS-2709523,173410,15,"Butter, stick, salted"
FNDDS-2709523,173414,28,"Cheese, cheddar"
FNDDS-2709523,170033,285,"Potatoes, baked, flesh, without salt"
FNDDS-2709524,173468,1.3,"Salt, table"
FNDDS-2709524,170093,285,"Potatoes, baked, flesh and skin, without salt"
FNDDS-2709525,173468,1.3,"Salt, table"
FNDDS-2709525,170093,285,"Potatoes, baked, flesh and skin, without salt"
FNDDS-2709525,173410,15,"Butter, stick, salted"
FNDDS-2709526,170093,285,"Potatoes, baked, flesh and skin, without salt"
FNDDS-2709526,173410,15,"Butter, stick, salted"
FNDDS-2709526,171257,30,"Cream, sour, full fat"
FNDDS-2709526,173468,1.3,"Salt, table"
FNDDS-2709527,171257,30,"Cream, sour, full fat"
FNDDS-2709527,173410,15,"Butter, stick, salted"
FNDDS-2709527,173414,28,"Cheese, cheddar"
FNDDS-2709527,173468,1.3,"Salt, table"
FNDDS-2709527,170093,285,"Potatoes, baked, flesh and skin, without salt"
FNDDS-2709528,173414,28,"Cheese, cheddar"
FNDDS-2709528,170093,285,"Potatoes, baked, flesh and skin, without salt"
FNDDS-2709528,173410,15,"Butter, stick, salted"
FNDDS-2709528,171257,30,"Cream, sour, full fat"
FNDDS-2709528,173468,1.3,"Salt, table"
FNDDS-2709528,168322,8,"Pork, cured, bacon, pre-sliced, cooked, pan-fried"
FNDDS-2709530,173468,1.3,"Salt, table"
FNDDS-2709530,173410,15,"Butter, stick, salted"
FNDDS-2709530,170093,285,"Potatoes, baked, flesh and skin, without salt"
FNDDS-2709530,169969,20,"Broccoli, frozen, chopped, cooked, boiled, drained, without salt"
FNDDS-2709530,173414,28,"Cheese, cheddar"
FNDDS-2709531,171009,165,"Salad dressing, mayonnaise, regular"
FNDDS-2709531,173424,150,"Egg, whole, cooked, hard-boiled"
FNDDS-2709531,172237,30,"Vinegar, distilled"
FNDDS-2709531,170000,20,"Onions, raw"
FNDDS-2709531,170033,835,"Potatoes, baked, flesh, without salt"
FNDDS-2709531,169988,4,"Celery, raw"
FNDDS-2709531,172234,15.625,"Mustard, prepared, yellow"
FNDDS-2709531,173468,6.6,"Salt, table"
FNDDS-2709531,168561,15.313,"Pickle relish, sweet"
FNDDS-2709532,173343,100,Potato salad with egg
FNDDS-2709533,173468,1.5,"Salt, table"
FNDDS-2709533,170440,835,"Potatoes, boiled, cooked without skin, flesh, without salt"
FNDDS-2709533,173594,180,"Salad dressing, mayonnaise, light"
FNDDS-2709533,169988,40,"Celery, raw"
FNDDS-2709533,172237,30,"Vinegar, distilled"
FNDDS-2709533,173424,150,"Egg, whole, cooked, hard-boiled"
FNDDS-2709533,172234,15.625,"Mustard, prepared, yellow"
FNDDS-2709533,170000,20,"Onions, raw"
FNDDS-2709533,168561,15.313,"Pickle relish, sweet"
FNDDS-2709534,171403,176.25,"Salad dressing, mayonnaise type, regular, with salt"
FNDDS-2709534,169988,40,"Celery, raw"
FNDDS-2709534,173424,150,"Egg, whole, cooked, hard-boiled"
FNDDS-2709534,170000,20,"Onions, raw"
FNDDS-2709534,170440,835,"Potatoes, boiled, cooked without skin, flesh, without salt"
FNDDS-2709534,172237,30,"Vinegar, distilled"
FNDDS-2709534,173468,1.5,"Salt, table"
FNDDS-2709534,172234,15.625,"Mustard, prepared, yellow"
FNDDS-2709534,168561,15.313,"Pickle relish, sweet"
FNDDS-2709535,170000,20,"Onions, raw"
FNDDS-2709535,173424,150,"Egg, whole, cooked, hard-boiled"
FNDDS-2709535,168561,15.313,"Pickle relish, sweet"
FNDDS-2709535,169988,40,"Celery, raw"
FNDDS-2709535,173468,1.5,"Salt, table"
FNDDS-2709535,170440,835,"Potatoes, boiled, cooked without skin, flesh, without salt"
FNDDS-2709535,173594,180,"Salad dressing, mayonnaise, light"
FNDDS-2709535,172237,30,"Vinegar, distilled"
FNDDS-2709535,172234,15.625,"Mustard, prepared, yellow"
FNDDS-2709536,173424,150,"Egg, whole, cooked, hard-boiled"
FNDDS-2709536,170000,20,"Onions, raw"
FNDDS-2709536,173592,180,"Salad dressing, ranch dressing, regular"
FNDDS-2709536,170440,835,"Potatoes, boiled, cooked without skin, flesh, without salt"
FNDDS-2709536,173468,1.5,"Salt, table"
FNDDS-2709536,169988,40,"Celery, raw"
FNDDS-2709537,167684,183.75,"Creamy dressing, made with sour cream and/or buttermilk and oil, reduced calorie"
FNDDS-2709537,170000,20,"Onions, raw"
FNDDS-2709537,173468,1.5,"Salt, table"
FNDDS-2709537,170440,835,"Potatoes, boiled, cooked without skin, flesh, without salt"
FNDDS-2709537,173424,150,"Egg, whole, cooked, hard-boiled"
FNDDS-2709537,169988,40,"Celery, raw"
FNDDS-2709538,173468,1.5,"Salt, table"
FNDDS-2709538,173424,150,"Egg, whole, cooked, hard-boiled"
FNDDS-2709538,170000,20,"Onions, raw"
FNDDS-2709538,171019,176.25,"Salad dressing, italian dressing, commercial, regular"
FNDDS-2709538,170440,835,"Potatoes, boiled, cooked without skin, flesh, without salt"
FNDDS-2709538,169988,40,"Celery, raw"
FNDDS-2709539,173424,150,"Egg, whole, cooked, hard-boiled"
FNDDS-2709539,171405,180,"Salad dressing, italian dressing, commercial, reduced fat"
FNDDS-2709539,169988,40,"Celery, raw"
FNDDS-2709539,170440,835,"Potatoes, boiled, cooked without skin, flesh, without salt"
FNDDS-2709539,170000,20,"Onions, raw"
FNDDS-2709539,173468,1.5,"Salt, table"
FNDDS-2709540,170440,835,"Potatoes, boiled, cooked without skin, flesh, without salt"
FNDDS-2709540,172234,15.625,"Mustard, prepared, yellow"
FNDDS-2709540,167700,192,"Salad Dressing, mayonnaise-like, fat-free"
FNDDS-2709540,173424,150,"Egg, whole, cooked, hard-boiled"
FNDDS-2709540,170000,20,"Onions, raw"
FNDDS-2709540,168561,15.313,"Pickle relish, sweet"
FNDDS-2709540,169988,40,"Celery, raw"
FNDDS-2709540,173468,1.5,"Salt, table"
FNDDS-2709540,172237,30,"Vinegar, distilled"
FNDDS-2709542,172234,15.625,"Mustard, prepared, yellow"
FNDDS-2709542,169988,4,"Celery, raw"
FNDDS-2709542,170033,835,"Potatoes, baked, flesh, without salt"
FNDDS-2709542,168561,15.313,"Pickle relish, sweet"
FNDDS-2709542,171009,165,"Salad dressing, mayonnaise, regular"
FNDDS-2709542,170000,20,"Onions, raw"
FNDDS-2709542,172237,30,"Vinegar, distilled"
FNDDS-2709542,173468,6.6,"Salt, table"
FNDDS-2709543,170000,20,"Onions, raw"
FNDDS-2709543,170440,835,"Potatoes, boiled, cooked without skin, flesh, without salt"
FNDDS-2709543,171009,165,"Salad dressing, mayonnaise, regular"
FNDDS-2709543,173468,1.5,"Salt, table"
FNDDS-2709543,168561,15.313,"Pickle relish, sweet"
FNDDS-2709543,169988,40,"Celery, raw"
FNDDS-2709543,172237,30,"Vinegar, distilled"
FNDDS-2709543,172234,15.625,"Mustard, prepared, yellow"
FNDDS-2709544,168561,15.313,"Pickle relish, sweet"
FNDDS-2709544,172234,15.625,"Mustard, prepared, yellow"
FNDDS-2709544,170440,835,"Potatoes, boiled, cooked without skin, flesh, without salt"
FNDDS-2709544,172237,30,"Vinegar, distilled"
FNDDS-2709544,173468,1.5,"Salt, table"
FNDDS-2709544,169988,40,"Celery, raw"
FNDDS-2709544,173594,180,"Salad dressing, mayonnaise, light"
FNDDS-2709544,170000,20,"Onions, raw"
FNDDS-2709545,172234,15.625,"Mustard, prepared, yellow"
FNDDS-2709545,171403,176.25,"Salad dressing, mayonnaise type, regular, with salt"
FNDDS-2709545,169988,40,"Celery, raw"
FNDDS-2709545,168561,15.313,"Pickle relish, sweet"
FNDDS-2709545,173468,1.5,"Salt, table"
FNDDS-2709545,170440,835,"Potatoes, boiled, cooked without skin, flesh, without salt"
FNDDS-2709545,170000,20,"Onions, raw"
FNDDS-2709545,172237,30,"Vinegar, distilled"
FNDDS-2709546,170000,20,"Onions, raw"
FNDDS-2709546,173594,180,"Salad dressing, mayonnaise, light"
FNDDS-2709546,172234,15.625,"Mustard, prepared, yellow"
FNDDS-2709546,170440,835,"Potatoes, boiled, cooked without skin, flesh, without salt"
FNDDS-2709546,172237,30,"Vinegar, distilled"
FNDDS-2709546,173468,1.5,"Salt, table"
FNDDS-2709546,168561,15.313,"Pickle relish, sweet"
FNDDS-2709546,169988,40,"Celery, raw"
FNDDS-2709547,170440,835,"Potatoes, boiled, cooked without skin, flesh, without salt"
FNDDS-2709547,170000,20,"Onions, raw"
FNDDS-2709547,173592,180,"Salad dressing, ranch dressing, regular"
FNDDS-2709547,173468,1.5,"Salt, table"
FNDDS-2709547,169988,40,"Celery, raw"
FNDDS-2709548,170000,20,"Onions, raw"
FNDDS-2709548,173468,1.5,"Salt, table"
FNDDS-2709548,170440,835,"Potatoes, boiled, cooked without skin, flesh, without salt"
FNDDS-2709548,167684,183.75,"Creamy dressing, made with sour cream and/or buttermilk and oil, reduced calorie"
FNDDS-2709548,169988,40,"Celery, raw"
FNDDS-2709549,171019,176.25,"Salad dressing, italian dressing, commercial, regular"
FNDDS-2709549,173468,1.5,"Salt, table"
FNDDS-2709549,170440,835,"Potatoes, boiled, cooked without skin, flesh, without salt"
FNDDS-2709549,169988,40,"Celery, raw"
FNDDS-2709549,170000,20,"Onions, raw"
FNDDS-2709550,173468,1.5,"Salt, table"
FNDDS-2709550,170000,20,"Onions, raw"
FNDDS-2709550,170440,835,"Potatoes, boiled, cooked without skin, flesh, without salt"
FNDDS-2709550,169988,40,"Celery, raw"
FNDDS-2709550,171405,180,"Salad dressing, italian dressing, commercial, reduced fat"
FNDDS-2709551,167700,192,"Salad Dressing, mayonnaise-like, fat-free"
FNDDS-2709551,170000,20,"Onions, raw"
FNDDS-2709551,172237,30,"Vinegar, distilled"
FNDDS-2709551,173468,1.5,"Salt, table"
FNDDS-2709551,169988,40,"Celery, raw"
FNDDS-2709551,168561,15.313,"Pickle relish, sweet"
FNDDS-2709551,172234,15.625,"Mustard, prepared, yellow"
FNDDS-2709551,170440,835,"Potatoes, boiled, cooked without skin, flesh, without salt"
FNDDS-2709558,169130,100,"Plantains, yellow, raw"
FNDDS-2709558,173468,0.3,"Salt, table"
FNDDS-2709560,169130,100,"Plantains, yellow, raw"
FNDDS-2709563,173142,100,"Snacks, plantain chips, salted"
FNDDS-2709566,173468,6,"Salt, table"
FNDDS-2709566,169985,375,"Cassava, raw"
FNDDS-2709569,168865,100,"Snacks, taro chips"
FNDDS-2709570,170375,100,"Beet greens, raw"
FNDDS-2709572,170381,100,"Broccoli raab, raw"
FNDDS-2709574,169991,100,"Chard, swiss, raw"
FNDDS-2709576,170406,100,"Collards, raw"
FNDDS-2709577,173468,0.3,"Salt, table"
FNDDS-2709577,170406,100,"Collards, raw"
FNDDS-2709578,173468,0.3,"Salt, table"
FNDDS-2709578,169996,100,"Collards, frozen, chopped, cooked, boiled, drained, without salt"
FNDDS-2709586,168407,100,"Cress, garden, raw"
FNDDS-2709588,169226,100,"Dandelion greens, raw"
FNDDS-2709594,169259,10,"Mustard greens, frozen, cooked, boiled, drained, without salt"
FNDDS-2709594,173468,0.3,"Salt, table"
FNDDS-2709594,169996,40,"Collards, frozen, chopped, cooked, boiled, drained, without salt"
FNDDS-2709594,169240,40,"Kale, frozen, cooked, boiled, drained, without salt"
FNDDS-2709594,170469,10,"Turnip greens, frozen, cooked, boiled, drained, without salt"
FNDDS-2709599,168421,100,"Kale, raw"
FNDDS-2709600,173468,0.3,"Salt, table"
FNDDS-2709600,168421,100,"Kale, raw"
FNDDS-2709601,169240,100,"Kale, frozen, cooked, boiled, drained, without salt"
FNDDS-2709601,173468,0.3,"Salt, table"
FNDDS-2709606,169256,100,"Mustard greens, raw"
FNDDS-2709607,173468,0.3,"Salt, table"
FNDDS-2709607,169256,100,"Mustard greens, raw"
FNDDS-2709608,173468,0.3,"Salt, table"
FNDDS-2709608,169259,100,"Mustard greens, frozen, cooked, boiled, drained, without salt"
FNDDS-2709613,168564,100,"Radicchio, raw"
FNDDS-2709615,173468,0.3,"Salt, table"
FNDDS-2709615,168462,100,"Spinach, mature"
FNDDS-2709616,169288,100,"Spinach, frozen, chopped or leaf, cooked, boiled, drained, without salt"
FNDDS-2709616,173468,0.3,"Salt, table"
FNDDS-2709617,169286,100,"Spinach, canned, regular pack, drained solids"
FNDDS-2709634,173468,0.3,"Salt, table"
FNDDS-2709634,170466,100,"Turnip greens, cooked, boiled, drained, without salt"
FNDDS-2709635,170469,100,"Turnip greens, frozen, cooked, boiled, drained, without salt"
FNDDS-2709635,173468,0.3,"Salt, table"
FNDDS-2709639,170068,100,"Watercress, raw"
FNDDS-2709643,170379,100,"Broccoli, raw"
FNDDS-2709645,170379,100,"Broccoli, raw"
FNDDS-2709645,173468,0.3,"Salt, table"
FNDDS-2709646,169969,100,"Broccoli, frozen, chopped, cooked, boiled, drained, without salt"
FNDDS-2709646,173468,0.3,"Salt, table"
FNDDS-2709657,169404,100,"Broccoli, chinese, raw"
FNDDS-2709660,168568,50,"Carrots, baby, raw"
FNDDS-2709660,170393,50,"Carrots, mature, raw"
FNDDS-2709661,168165,72.5,"Raisins, dark, seedless (Includes foods for USDA's Food Distribution Program)"
FNDDS-2709661,167749,4,"Lemon peel, raw"
FNDDS-2709661,170393,330,"Carrots, mature, raw"
FNDDS-2709661,171009,110,"Salad dressing, mayonnaise, regular"
FNDDS-2709661,167747,15.5,"Lemon juice, raw"
FNDDS-2709662,167749,4,"Lemon peel, raw"
FNDDS-2709662,171688,62.5,"Apples, raw, with skin (Includes foods for USDA's Food Distribution Program)"
FNDDS-2709662,167747,15.5,"Lemon juice, raw"
FNDDS-2709662,170393,330,"Carrots, mature, raw"
FNDDS-2709662,171009,110,"Salad dressing, mayonnaise, regular"
FNDDS-2709664,170393,100,"Carrots, mature, raw"
FNDDS-2709664,173468,0.3,"Salt, table"
FNDDS-2709665,173468,0.3,"Salt, table"
FNDDS-2709665,169983,100,"Carrots, frozen, unprepared"
FNDDS-2709666,170396,100,"Carrots, canned, regular pack, drained solids"
FNDDS-2709678,169340,100,"Carrots, canned, no salt added, solids and liquids"
FNDDS-2709682,175103,10,"Beverages, water, tap, municipal"
FNDDS-2709682,168507,90,"Beets, canned, no salt added, solids and liquids"
FNDDS-2709683,170491,100,"Carrot juice, canned"
FNDDS-2709684,170393,50,"Carrots, mature, raw"
FNDDS-2709684,170419,50,"Peas, green, raw"
FNDDS-2709684,173468,0.3,"Salt, table"
FNDDS-2709685,173468,0.3,"Salt, table"
FNDDS-2709685,170017,50,"Peas, green, frozen, cooked, boiled, drained, without salt"
FNDDS-2709685,169983,50,"Carrots, frozen, unprepared"
FNDDS-2709686,170013,50,"Peas, green (includes baby and lesuer types), canned, drained solids, unprepared"
FNDDS-2709686,170396,50,"Carrots, canned, regular pack, drained solids"
FNDDS-2709693,168448,100,"Pumpkin, raw"
FNDDS-2709694,173468,0.3,"Salt, table"
FNDDS-2709694,170490,100,"Squash, winter, all varieties, cooked, baked, without salt"
FNDDS-2709706,168485,100,"Sweet potato, canned, vacuum pack"
FNDDS-2709706,173468,0.4,"Salt, table"
FNDDS-2709710,174783,100,"Snacks, sweet potato chips, unsalted"
FNDDS-2709710,173468,0.5,"Salt, table"
FNDDS-2709711,167606,100,"Sweet Potatoes, french fried, frozen as packaged, salt added in processing"
FNDDS-2709714,167606,100,"Sweet Potatoes, french fried, frozen as packaged, salt added in processing"
FNDDS-2709715,167606,100,"Sweet Potatoes, french fried, frozen as packaged, salt added in processing"
FNDDS-2709715,173468,0.4,"Salt, table"
FNDDS-2709717,167606,100,"Sweet Potatoes, french fried, frozen as packaged, salt added in processing"
FNDDS-2709726,170456,85,"Tomatoes, green, raw"
FNDDS-2709726,172237,5,"Vinegar, distilled"
FNDDS-2709726,169655,5,"Sugars, granulated"
FNDDS-2709726,175103,5,"Beverages, water, tap, municipal"
FNDDS-2709726,173468,2.5,"Salt, table"
FNDDS-2709727,168567,100,"Tomatoes, sun-dried"
FNDDS-2709728,170458,100,"Tomato juice, with added ingredients, from concentrate, shelf stable"
FNDDS-2709730,170063,100,"Vegetable juice cocktail, canned"
FNDDS-2709731,170063,100,"Vegetable juice cocktail, canned"
FNDDS-2709732,167708,100,"Tomato and vegetable juice, low sodium"
FNDDS-2709734,169381,100,"Catsup, low sodium"
FNDDS-2709735,171595,100,"Sauce, tomato chili sauce, bottled, with salt"
FNDDS-2709737,173647,78.921,"Beverages, water, tap, drinking"
FNDDS-2709737,170000,40,"Onions, raw"
FNDDS-2709737,173468,3,"Salt, table"
FNDDS-2709737,169997,2,"Coriander (cilantro) leaves, raw"
FNDDS-2709737,170457,123,"Tomatoes, red, ripe, raw, year round average"
FNDDS-2709737,169395,18.3,"Peppers, serrano, raw"
FNDDS-2709738,174524,100,"Sauce, salsa, ready-to-serve"
FNDDS-2709739,174524,100,"Sauce, salsa, ready-to-serve"
FNDDS-2709740,174528,90,"Sauce, ready-to-serve, pepper, TABASCO"
FNDDS-2709740,175103,10,"Beverages, water, tap, municipal"
FNDDS-2709741,174074,100,"Sauce, enchilada, red, mild, ready to serve"
FNDDS-2709742,171824,100,"Sauce, salsa, verde, ready-to-serve"
FNDDS-2709743,171824,100,"Sauce, salsa, verde, ready-to-serve"
FNDDS-2709744,174528,80,"Sauce, ready-to-serve, pepper, TABASCO"
FNDDS-2709744,169655,16,"Sugars, granulated"
FNDDS-2709744,173468,4,"Salt, table"
FNDDS-2709745,171192,100,"Sauce, pasta, spaghetti/marinara, ready-to-serve"
FNDDS-2709747,171597,100,"Sauce, pasta, spaghetti/marinara, ready-to-serve, low sodium"
FNDDS-2709748,170054,100,"Tomato products, canned, sauce"
FNDDS-2709750,174523,100,"Sauce, barbecue"
FNDDS-2709751,174528,94,"Sauce, ready-to-serve, pepper, TABASCO"
FNDDS-2709751,173468,6,"Salt, table"
FNDDS-2709752,171825,100,"Sauce, steak, tomato based"
FNDDS-2709753,174067,100,"Sauce, cocktail, ready-to-serve"
FNDDS-2709764,169957,100,"Mung beans, mature seeds, sprouted, raw"
FNDDS-2709765,168384,100,"Alfalfa seeds, sprouted, raw"
FNDDS-2709766,168386,100,"Artichokes, (globe or french), cooked, boiled, drained, without salt"
FNDDS-2709767,168389,100,"Asparagus, raw"
FNDDS-2709768,169957,100,"Mung beans, mature seeds, sprouted, raw"
FNDDS-2709769,169961,100,"Beans, snap, green, raw"
FNDDS-2709770,169145,100,"Beets, raw"
FNDDS-2709771,169389,100,"Cauliflower, green, raw"
FNDDS-2709772,170383,100,"Brussels sprouts, raw"
FNDDS-2709773,169975,100,"Cabbage, green, raw"
FNDDS-2709774,170390,100,"Cabbage, chinese (pak-choi), raw"
FNDDS-2709775,169977,100,"Cabbage, red, raw"
FNDDS-2709776,168571,100,"Nopales, raw"
FNDDS-2709777,169986,100,"Cauliflower, raw"
FNDDS-2709778,169988,100,"Celery, raw"
FNDDS-2709779,169385,100,"Fennel, bulb, raw"
FNDDS-2709780,172232,100,"Basil, fresh"
FNDDS-2709781,169994,100,"Chives, raw"
FNDDS-2709782,169997,100,"Coriander (cilantro) leaves, raw"
FNDDS-2709783,169998,100,"Corn, sweet, yellow, raw"
FNDDS-2709784,168409,100,"Cucumber, with peel, raw"
FNDDS-2709785,169228,100,"Eggplant, raw"
FNDDS-2709786,169230,3,"Garlic, raw"
FNDDS-2709787,170073,100,"Yambean (jicama), raw"
FNDDS-2709788,168424,100,"Kohlrabi, raw"
FNDDS-2709790,168431,100,"Lettuce, leaf, red, raw"
FNDDS-2709791,169387,100,"Arugula, raw"
FNDDS-2709793,168434,10,"Mushroom, crimini"
FNDDS-2709793,169251,80,"Mushrooms, white button"
FNDDS-2709793,169243,10,"Mushroom, portabella"
FNDDS-2709794,170005,100,"Onions, spring or scallions (includes tops and bulb), raw"
FNDDS-2709796,170416,100,"Parsley, fresh"
FNDDS-2709797,170419,100,"Peas, green, raw"
FNDDS-2709798,168576,50,"Peppers, jalapeno, raw"
FNDDS-2709798,170106,50,"Peppers, hot chili, red, raw"
FNDDS-2709799,170427,50,"Peppers, bell, green, raw"
FNDDS-2709799,170108,50,"Peppers, bell, red, raw"
FNDDS-2709800,170427,100,"Peppers, bell, green, raw"
FNDDS-2709801,170108,100,"Peppers, bell, red, raw"
FNDDS-2709802,169394,100,"Pepper, banana, raw"
FNDDS-2709803,169276,100,"Radishes, raw"
FNDDS-2709804,168454,100,"Rutabagas, raw"
FNDDS-2709805,170496,33,"Seaweed, wakame, raw"
FNDDS-2709805,168458,33,"Seaweed, laver, raw"
FNDDS-2709805,168457,33,"Seaweed, kelp, raw"
FNDDS-2709806,170010,100,"Peas, edible-podded, raw"
FNDDS-2709807,168464,100,"Squash, summer, crookneck and straightneck, raw"
FNDDS-2709808,169291,100,"Squash, summer, zucchini, includes skin, raw"
FNDDS-2709809,170465,100,"Turnips, raw"
FNDDS-2709810,169988,50,"Celery, raw"
FNDDS-2709810,170491,50,"Carrot juice, canned"
FNDDS-2709811,169988,100,"Celery, raw"
FNDDS-2709812,170000,80,"Onions, raw"
FNDDS-2709812,173469,45,"Vinegar, cider"
FNDDS-2709812,169893,56,"Bacon bits, meatless"
FNDDS-2709812,171009,220,"Salad dressing, mayonnaise, regular"
FNDDS-2709812,173414,113,"Cheese, cheddar"
FNDDS-2709812,170379,176,"Broccoli, raw"
FNDDS-2709812,169655,50,"Sugars, granulated"
FNDDS-2709812,169986,220,"Cauliflower, raw"
FNDDS-2709813,170379,528,"Broccoli, raw"
FNDDS-2709813,173468,1.5,"Salt, table"
FNDDS-2709813,170393,72,"Carrots, mature, raw"
FNDDS-2709813,170000,35,"Onions, raw"
FNDDS-2709813,169056,187.5,"Salad dressing, coleslaw"
FNDDS-2709814,169026,100,"Restaurant, family style, coleslaw"
FNDDS-2709815,173468,1.5,"Salt, table"
FNDDS-2709815,169975,534,"Cabbage, green, raw"
FNDDS-2709815,170000,35,"Onions, raw"
FNDDS-2709815,169056,187.5,"Salad dressing, coleslaw"
FNDDS-2709815,170393,72,"Carrots, mature, raw"
FNDDS-2709816,169975,534,"Cabbage, green, raw"
FNDDS-2709816,170000,35,"Onions, raw"
FNDDS-2709816,170393,72,"Carrots, mature, raw"
FNDDS-2709816,167700,192,"Salad Dressing, mayonnaise-like, fat-free"
FNDDS-2709816,173468,1.5,"Salt, table"
FNDDS-2709817,173468,1.5,"Salt, table"
FNDDS-2709817,169975,534,"Cabbage, green, raw"
FNDDS-2709817,168165,40,"Raisins, dark, seedless (Includes foods for USDA's Food Distribution Program)"
FNDDS-2709817,170000,35,"Onions, raw"
FNDDS-2709817,171688,182,"Apples, raw, with skin (Includes foods for USDA's Food Distribution Program)"
FNDDS-2709817,170393,72,"Carrots, mature, raw"
FNDDS-2709817,169056,187.5,"Salad dressing, coleslaw"
FNDDS-2709818,172237,120,"Vinegar, distilled"
FNDDS-2709818,168409,301,"Cucumber, with peel, raw"
FNDDS-2709818,173468,1.5,"Salt, table"
FNDDS-2709818,170393,61,"Carrots, mature, raw"
FNDDS-2709818,169655,50,"Sugars, granulated"
FNDDS-2709818,169231,4,"Ginger root, raw"
FNDDS-2709819,173468,3,"Salt, table"
FNDDS-2709819,171257,160.008,"Cream, sour, full fat"
FNDDS-2709819,168409,402,"Cucumber, with peel, raw"
FNDDS-2709819,167747,5,"Lemon juice, raw"
FNDDS-2709821,168409,301,"Cucumber, with peel, raw"
FNDDS-2709821,169655,18.75,"Sugars, granulated"
FNDDS-2709821,173468,3,"Salt, table"
FNDDS-2709821,170000,55,"Onions, raw"
FNDDS-2709821,173469,120,"Vinegar, cider"
FNDDS-2709828,171401,24,Lard
FNDDS-2709828,168322,32,"Pork, cured, bacon, pre-sliced, cooked, pan-fried"
FNDDS-2709828,173469,60,"Vinegar, cider"
FNDDS-2709828,169249,454,"Lettuce, leaf, green, raw"
FNDDS-2709829,169655,25,"Sugars, granulated"
FNDDS-2709829,169988,120,"Celery, raw"
FNDDS-2709829,170427,74.4,"Peppers, bell, green, raw"
FNDDS-2709829,168322,64,"Pork, cured, bacon, pre-sliced, cooked, pan-fried"
FNDDS-2709829,169248,539,"Lettuce, iceberg, raw"
FNDDS-2709829,170017,284,"Peas, green, frozen, cooked, boiled, drained, without salt"
FNDDS-2709829,171009,440,"Salad dressing, mayonnaise, regular"
FNDDS-2709829,173424,150,"Egg, whole, cooked, hard-boiled"
FNDDS-2709829,173414,113,"Cheese, cheddar"
FNDDS-2709829,170000,160,"Onions, raw"
FNDDS-2709833,174131,100,"Beverages, aloe vera juice drink, fortified with Vitamin C"
FNDDS-2709834,168389,100,"Asparagus, raw"
FNDDS-2709834,173468,0.3,"Salt, table"
FNDDS-2709835,173468,0.3,"Salt, table"
FNDDS-2709835,169209,100,"Asparagus, frozen, cooked, boiled, drained, without salt"
FNDDS-2709836,169207,100,"Asparagus, canned, drained solids"
FNDDS-2709848,173468,0.3,"Salt, table"
FNDDS-2709848,169954,100,"Lima beans, immature seeds, frozen, fordhook, cooked, boiled, drained, without salt"
FNDDS-2709852,169961,100,"Beans, snap, green, raw"
FNDDS-2709852,173468,0.3,"Salt, table"
FNDDS-2709853,169963,100,"Beans, snap, green, frozen, cooked, boiled, drained without salt"
FNDDS-2709853,173468,0.3,"Salt, table"
FNDDS-2709854,169143,100,"Beans, snap, green, canned, regular pack, drained solids"
FNDDS-2709865,168505,100,"Beans, snap, green, canned, no salt added, drained solids"
FNDDS-2709872,173468,0.3,"Salt, table"
FNDDS-2709872,169145,100,"Beets, raw"
FNDDS-2709873,169966,100,"Beets, canned, drained solids"
FNDDS-2709881,170383,100,"Brussels sprouts, raw"
FNDDS-2709881,173468,0.3,"Salt, table"
FNDDS-2709882,173468,0.3,"Salt, table"
FNDDS-2709882,169973,100,"Brussels sprouts, frozen, cooked, boiled, drained, without salt"
FNDDS-2709887,173468,0.3,"Salt, table"
FNDDS-2709887,170390,100,"Cabbage, chinese (pak-choi), raw"
FNDDS-2709889,169975,100,"Cabbage, green, raw"
FNDDS-2709889,173468,0.3,"Salt, table"
FNDDS-2709895,173468,0.3,"Salt, table"
FNDDS-2709895,168571,100,"Nopales, raw"
FNDDS-2709897,169986,100,"Cauliflower, raw"
FNDDS-2709897,173468,0.3,"Salt, table"
FNDDS-2709898,173468,0.3,"Salt, table"
FNDDS-2709898,170399,100,"Cauliflower, frozen, cooked, boiled, drained, without salt"
FNDDS-2709910,169998,100,"Corn, sweet, yellow, raw"
FNDDS-2709910,173468,0.3,"Salt, table"
FNDDS-2709911,173468,0.3,"Salt, table"
FNDDS-2709911,168399,100,"Corn, sweet, yellow, frozen, kernels cut off cob, boiled, drained, without salt"
FNDDS-2709912,169214,100,"Corn, sweet, yellow, canned, whole kernel, drained solids"
FNDDS-2709923,169215,100,"Corn, sweet, yellow, canned, cream style, regular pack"
FNDDS-2709924,169345,100,"Corn, sweet, yellow, canned, no salt added, solids and liquids (Includes foods for USDA's Food Distribution Program)"
FNDDS-2709929,169228,100,"Eggplant, raw"
FNDDS-2709929,173468,0.3,"Salt, table"
FNDDS-2709932,169230,100,"Garlic, raw"
FNDDS-2709932,173468,0.6,"Salt, table"
FNDDS-2709943,173468,0.3,"Salt, table"
FNDDS-2709943,169242,100,"Mushrooms, shiitake"
FNDDS-2709944,173468,0.3,"Salt, table"
FNDDS-2709944,169260,100,"Okra, raw"
FNDDS-2709945,169263,100,"Okra, frozen, cooked, boiled, drained, without salt"
FNDDS-2709945,173468,0.3,"Salt, table"
FNDDS-2709950,170000,100,"Onions, raw"
FNDDS-2709950,173468,0.3,"Salt, table"
FNDDS-2709959,173468,0.3,"Salt, table"
FNDDS-2709959,170419,100,"Peas, green, raw"
FNDDS-2709960,173468,0.3,"Salt, table"
FNDDS-2709960,170017,100,"Peas, green, frozen, cooked, boiled, drained, without salt"
FNDDS-2709961,170013,100,"Peas, green (includes baby and lesuer types), canned, drained solids, unprepared"
FNDDS-2709972,170103,100,"Peas, green, canned, no salt added, solids and liquids"
FNDDS-2709979,168559,100,"Pimento, canned"
FNDDS-2709983,173468,0.3,"Salt, table"
FNDDS-2709983,170010,100,"Peas, edible-podded, raw"
FNDDS-2709984,170418,100,"Peas, edible-podded, frozen, cooked, boiled, drained, without salt"
FNDDS-2709984,173468,0.3,"Salt, table"
FNDDS-2709988,170495,50,"Seaweed, spirulina, dried"
FNDDS-2709988,170090,50,"Seaweed, agar, dried"
FNDDS-2709989,168457,33,"Seaweed, kelp, raw"
FNDDS-2709989,170496,33,"Seaweed, wakame, raw"
FNDDS-2709989,168458,33,"Seaweed, laver, raw"
FNDDS-2709991,169291,50,"Squash, summer, zucchini, includes skin, raw"
FNDDS-2709991,173468,0.3,"Salt, table"
FNDDS-2709991,168464,50,"Squash, summer, crookneck and straightneck, raw"
FNDDS-2709992,168470,50,"Squash, summer, zucchini, includes skin, frozen, cooked, boiled, drained, without salt"
FNDDS-2709992,173468,0.3,"Salt, table"
FNDDS-2709992,168468,50,"Squash, summer, crookneck and straightneck, frozen, cooked, boiled, drained, without salt"
FNDDS-2710003,170067,100,"Waterchestnuts, chinese, canned, solids and liquids"
FNDDS-2710006,167717,100,Yeast extract spread
FNDDS-2710007,168399,50,"Corn, sweet, yellow, frozen, kernels cut off cob, boiled, drained, without salt"
FNDDS-2710007,173468,0.3,"Salt, table"
FNDDS-2710007,169954,50,"Lima beans, immature seeds, frozen, fordhook, cooked, boiled, drained, without salt"
FNDDS-2710009,171019,235,"Salad dressing, italian dressing, commercial, regular"
FNDDS-2710009,170427,74.5,"Peppers, bell, green, raw"
FNDDS-2710009,175194,354,"Beans, kidney, red, mature seeds, cooked, boiled, without salt"
FNDDS-2710009,170000,80,"Onions, raw"
FNDDS-2710009,169143,153,"Beans, snap, green, canned, regular pack, drained solids"
FNDDS-2710009,169326,153,"Beans, snap, yellow, frozen, cooked, boiled, drained, without salt"
FNDDS-2710013,173468,0.3,"Salt, table"
FNDDS-2710013,170472,100,"Vegetables, mixed, frozen, cooked, boiled, drained, without salt"
FNDDS-2710026,168399,50,"Corn, sweet, yellow, frozen, kernels cut off cob, boiled, drained, without salt"
FNDDS-2710026,170017,50,"Peas, green, frozen, cooked, boiled, drained, without salt"
FNDDS-2710026,173468,0.3,"Salt, table"
FNDDS-2710031,169969,50,"Broccoli, frozen, chopped, cooked, boiled, drained, without salt"
FNDDS-2710031,173468,0.3,"Salt, table"
FNDDS-2710031,170399,50,"Cauliflower, frozen, cooked, boiled, drained, without salt"
FNDDS-2710033,170399,33,"Cauliflower, frozen, cooked, boiled, drained, without salt"
FNDDS-2710033,169984,33,"Carrots, frozen, cooked, boiled, drained, without salt"
FNDDS-2710033,173468,0.3,"Salt, table"
FNDDS-2710033,169969,33,"Broccoli, frozen, chopped, cooked, boiled, drained, without salt"
FNDDS-2710055,170415,50,"Onion rings, breaded, par fried, frozen, prepared, heated in oven"
FNDDS-2710055,170697,50,"Fast foods, onion rings, breaded and fried"
FNDDS-2710056,173468,0.75,"Salt, table"
FNDDS-2710056,170017,454,"Peas, green, frozen, cooked, boiled, drained, without salt"
FNDDS-2710056,169378,105,"Pickles, cucumber, sweet (includes bread and butter pickles)"
FNDDS-2710056,169988,120,"Celery, raw"
FNDDS-2710056,171009,165,"Salad dressing, mayonnaise, regular"
FNDDS-2710056,170108,49.662,"Peppers, bell, red, raw"
FNDDS-2710057,169988,120,"Celery, raw"
FNDDS-2710057,170108,49.662,"Peppers, bell, red, raw"
FNDDS-2710057,171009,165,"Salad dressing, mayonnaise, regular"
FNDDS-2710057,169378,105,"Pickles, cucumber, sweet (includes bread and butter pickles)"
FNDDS-2710057,170017,454,"Peas, green, frozen, cooked, boiled, drained, without salt"
FNDDS-2710057,173468,0.75,"Salt, table"
FNDDS-2710057,173414,99,"Cheese, cheddar"
FNDDS-2710064,168084,100,"Restaurant, Chinese, vegetable chow mein, without meat or noodles"
FNDDS-2710069,168905,141.75,"Noodles, chinese, chow mein"
FNDDS-2710069,168084,680.4,"Restaurant, Chinese, vegetable chow mein, without meat or noodles"
FNDDS-2710070,175103,5,"Beverages, water, tap, municipal"
FNDDS-2710070,173468,2.5,"Salt, table"
FNDDS-2710070,169655,5,"Sugars, granulated"
FNDDS-2710070,172237,5,"Vinegar, distilled"
FNDDS-2710070,169961,85,"Beans, snap, green, raw"
FNDDS-2710071,170480,100,"Beets, pickled, canned, solids and liquids"
FNDDS-2710072,175103,5,"Beverages, water, tap, municipal"
FNDDS-2710072,169655,5,"Sugars, granulated"
FNDDS-2710072,172237,5,"Vinegar, distilled"
FNDDS-2710072,173468,2.5,"Salt, table"
FNDDS-2710072,169988,85,"Celery, raw"
FNDDS-2710073,169655,15,"Sugars, granulated"
FNDDS-2710073,173468,0.5,"Salt, table"
FNDDS-2710073,170000,5,"Onions, raw"
FNDDS-2710073,173469,5,"Vinegar, cider"
FNDDS-2710073,170108,5,"Peppers, bell, red, raw"
FNDDS-2710073,169214,70,"Corn, sweet, yellow, canned, whole kernel, drained solids"
FNDDS-2710074,169986,85,"Cauliflower, raw"
FNDDS-2710074,169655,5,"Sugars, granulated"
FNDDS-2710074,172237,5,"Vinegar, distilled"
FNDDS-2710074,175103,5,"Beverages, water, tap, municipal"
FNDDS-2710074,173468,2.5,"Salt, table"
FNDDS-2710075,173468,2.5,"Salt, table"
FNDDS-2710075,172237,5,"Vinegar, distilled"
FNDDS-2710075,169655,5,"Sugars, granulated"
FNDDS-2710075,169975,85,"Cabbage, green, raw"
FNDDS-2710075,175103,5,"Beverages, water, tap, municipal"
FNDDS-2710076,175103,5,"Beverages, water, tap, municipal"
FNDDS-2710076,169655,5,"Sugars, granulated"
FNDDS-2710076,169977,85,"Cabbage, red, raw"
FNDDS-2710076,173468,2.5,"Salt, table"
FNDDS-2710076,172237,5,"Vinegar, distilled"
FNDDS-2710077,170392,100,"Cabbage, kimchi"
FNDDS-2710078,168558,100,"Pickles, cucumber, dill or kosher dill"
FNDDS-2710079,168561,100,"Pickle relish, sweet"
FNDDS-2710080,169378,100,"Pickles, cucumber, sweet (includes bread and butter pickles)"
FNDDS-2710081,172237,5,"Vinegar, distilled"
FNDDS-2710081,169655,5,"Sugars, granulated"
FNDDS-2710081,169228,85,"Eggplant, raw"
FNDDS-2710081,173468,2.5,"Salt, table"
FNDDS-2710081,175103,5,"Beverages, water, tap, municipal"
FNDDS-2710082,169765,100,"Ginger root, pickled, canned, with artificial sweetener"
FNDDS-2710083,173472,100,"Horseradish, prepared"
FNDDS-2710085,172234,100,"Mustard, prepared, yellow"
FNDDS-2710087,175103,5,"Beverages, water, tap, municipal"
FNDDS-2710087,172237,5,"Vinegar, distilled"
FNDDS-2710087,173468,2.5,"Salt, table"
FNDDS-2710087,169655,5,"Sugars, granulated"
FNDDS-2710087,169260,85,"Okra, raw"
FNDDS-2710088,169094,100,"Olives, ripe, canned (small-extra large)"
FNDDS-2710089,169096,100,"Olives, pickled, canned or bottled, green"
FNDDS-2710090,169094,100,"Olives, ripe, canned (small-extra large)"
FNDDS-2710093,174528,100,"Sauce, ready-to-serve, pepper, TABASCO"
FNDDS-2710095,169766,100,"Peppers, hot pickled, canned"
FNDDS-2710096,169766,50,"Peppers, hot pickled, canned"
FNDDS-2710096,168576,50,"Peppers, jalapeno, raw"
FNDDS-2710099,173468,2.5,"Salt, table"
FNDDS-2710099,169276,85,"Radishes, raw"
FNDDS-2710099,169655,5,"Sugars, granulated"
FNDDS-2710099,172237,5,"Vinegar, distilled"
FNDDS-2710099,175103,5,"Beverages, water, tap, municipal"
FNDDS-2710101,169988,15,"Celery, raw"
FNDDS-2710101,170108,25,"Peppers, bell, red, raw"
FNDDS-2710101,172237,5,"Vinegar, distilled"
FNDDS-2710101,173468,2.5,"Salt, table"
FNDDS-2710101,175103,5,"Beverages, water, tap, municipal"
FNDDS-2710101,169655,5,"Sugars, granulated"
FNDDS-2710101,169986,25,"Cauliflower, raw"
FNDDS-2710101,170393,20,"Carrots, mature, raw"
FNDDS-2710102,175103,5,"Beverages, water, tap, municipal"
FNDDS-2710102,173468,2.5,"Salt, table"
FNDDS-2710102,172237,5,"Vinegar, distilled"
FNDDS-2710102,170465,85,"Turnips, raw"
FNDDS-2710102,169655,5,"Sugars, granulated"
FNDDS-2710103,171831,100,Wasabi
FNDDS-2710104,172237,5,"Vinegar, distilled"
FNDDS-2710104,169655,5,"Sugars, granulated"
FNDDS-2710104,173468,2.5,"Salt, table"
FNDDS-2710104,175103,5,"Beverages, water, tap, municipal"
FNDDS-2710104,169291,85,"Squash, summer, zucchini, includes skin, raw"
FNDDS-2710117,172276,30,"Babyfood, vegetables, sweet potatoes strained"
FNDDS-2710117,172272,5,"Babyfood, vegetables, green beans, junior"
FNDDS-2710117,173508,5,"Babyfood, potatoes, toddler"
FNDDS-2710117,172280,10,"Babyfood, vegetables, corn, creamed, strained"
FNDDS-2710117,173506,20,"Babyfood, vegetables, carrots, strained"
FNDDS-2710117,170941,5,"Babyfood, vegetables, spinach, creamed, strained"
FNDDS-2710117,172274,10,"Babyfood, vegetables, squash, strained"
FNDDS-2710117,170939,15,"Babyfood, vegetables, peas, strained"
FNDDS-2710118,173506,100,"Babyfood, vegetables, carrots, strained"
FNDDS-2710119,173507,100,"Babyfood, vegetables, carrots, junior"
FNDDS-2710120,172274,100,"Babyfood, vegetables, squash, strained"
FNDDS-2710121,172275,100,"Babyfood, vegetables, squash, junior"
FNDDS-2710122,172276,100,"Babyfood, vegetables, sweet potatoes strained"
FNDDS-2710123,172277,100,"Babyfood, vegetables, sweet potatoes, junior"
FNDDS-2710124,172272,100,"Babyfood, vegetables, green beans, junior"
FNDDS-2710125,172272,100,"Babyfood, vegetables, green beans, junior"
FNDDS-2710126,173505,100,"Babyfood, vegetables, beets, strained"
FNDDS-2710131,170939,100,"Babyfood, vegetables, peas, strained"
FNDDS-2710132,170939,100,"Babyfood, vegetables, peas, strained"
FNDDS-2710136,172259,75,"Babyfood, macaroni and cheese, toddler"
FNDDS-2710136,169737,25,"Pasta, cooked, enriched, without added salt"
FNDDS-2710145,174175,100,"Beverages, vegetable and fruit juice blend, 100% juice, with added vitamins A, C, E"
FNDDS-2710150,167796,100,"Fruit juice smoothie, NAKED JUICE, GREEN MACHINE"
FNDDS-2710155,173410,100,"Butter, stick, salted"
FNDDS-2710156,173411,100,"Butter, whipped, with salt"
FNDDS-2710157,173581,100,"Butter, light, stick, with salt"
FNDDS-2710159,171435,35,"Margarine, regular, 80% fat, composite, stick, with salt, with added vitamin D"
FNDDS-2710159,172346,65,"Margarine, regular, 80% fat, composite, stick, with salt"
FNDDS-2710160,173582,65,"Margarine-like, vegetable oil spread, 60% fat, tub, with salt"
FNDDS-2710160,171038,35,"Margarine-like, vegetable oil spread, 60% fat, tub, with salt, with added vitamin D"
FNDDS-2710161,173582,100,"Margarine-like, vegetable oil spread, 60% fat, tub, with salt"
FNDDS-2710162,171434,35,"Margarine-like, vegetable oil spread, approximately 37% fat, unspecified oils, with salt, with added vitamin D"
FNDDS-2710162,171415,65,"Margarine,spread, 35-39% fat, tub"
FNDDS-2710163,169894,100,"Butter replacement, without fat, powder"
FNDDS-2710165,168606,21,"Beef, retail cuts, separable fat, cooked"
FNDDS-2710165,172345,40,"Animal fat, bacon grease"
FNDDS-2710165,173564,6,"Fat, chicken"
FNDDS-2710165,173571,2,"Fat, turkey"
FNDDS-2710165,171401,30,Lard
FNDDS-2710165,173468,1.4,"Salt, table"
FNDDS-2710166,171401,100,Lard
FNDDS-2710167,173584,100,"Shortening, vegetable, household, composite"
FNDDS-2710168,173412,100,"Butter oil, anhydrous"
FNDDS-2710169,173410,90,"Butter, stick, salted"
FNDDS-2710169,169230,10,"Garlic, raw"
FNDDS-2710170,173410,90,"Butter, stick, salted"
FNDDS-2710170,167747,10,"Lemon juice, raw"
FNDDS-2710171,173410,60,"Butter, stick, salted"
FNDDS-2710171,172184,30,"Eggs, Grade A, Large, egg yolk"
FNDDS-2710171,167747,10,"Lemon juice, raw"
FNDDS-2710172,171409,100,"Sandwich spread, with chopped pickle, regular, unspecified oils"
FNDDS-2710173,171826,100,"Sauce, tartar, ready-to-serve"
FNDDS-2710174,171833,100,"Sauce, horseradish"
FNDDS-2710176,171009,75,"Salad dressing, mayonnaise, regular"
FNDDS-2710176,169381,25,"Catsup, low sodium"
FNDDS-2710179,173410,56,"Butter, stick, salted"
FNDDS-2710179,169640,80,Honey
FNDDS-2710181,171031,100,"Oil, almond"
FNDDS-2710182,171412,100,"Oil, coconut"
FNDDS-2710183,171029,100,"Oil, corn"
FNDDS-2710184,171024,100,"Oil, cottonseed, salad or cooking"
FNDDS-2710185,167702,100,"Oil, flaxseed, cold pressed"
FNDDS-2710187,171410,100,"Oil, peanut"
FNDDS-2710188,172336,100,"Oil, canola"
FNDDS-2710189,171027,100,"Oil, safflower"
FNDDS-2710190,171016,100,"Oil, sesame, salad or cooking"
FNDDS-2710191,171411,100,"Oil, soybean"
FNDDS-2710193,171030,100,"Oil, walnut"
FNDDS-2710194,171014,100,"Oil, wheat germ"
FNDDS-2710195,173592,100,"Salad dressing, ranch dressing, regular"
FNDDS-2710196,171403,20,"Salad dressing, mayonnaise type, regular, with salt"
FNDDS-2710196,171009,80,"Salad dressing, mayonnaise, regular"
FNDDS-2710197,173562,100,"Salad dressing, blue or roquefort cheese dressing, commercial, regular"
FNDDS-2710198,167704,100,"Salad dressing, bacon and tomato"
FNDDS-2710199,169055,100,"Salad dressing, caesar dressing, regular"
FNDDS-2710200,169056,100,"Salad dressing, coleslaw"
FNDDS-2710201,171414,100,"Salad dressing, french dressing, commercial, regular"
FNDDS-2710202,171043,100,"Salad dressing, honey mustard, regular"
FNDDS-2710203,171019,100,"Salad dressing, italian dressing, commercial, regular"
FNDDS-2710204,171009,100,"Salad dressing, mayonnaise, regular"
FNDDS-2710205,171406,100,"Salad dressing, mayonnaise, imitation, soybean"
FNDDS-2710206,171005,100,"Salad dressing, russian dressing"
FNDDS-2710207,171403,100,"Salad dressing, mayonnaise type, regular, with salt"
FNDDS-2710208,169057,100,"Salad dressing, green goddess, regular"
FNDDS-2710209,171019,85,"Salad dressing, italian dressing, commercial, regular"
FNDDS-2710209,173592,15,"Salad dressing, ranch dressing, regular"
FNDDS-2710210,171044,100,"Salad dressing, poppyseed, creamy"
FNDDS-2710211,171006,100,"Salad dressing, sesame seed dressing, regular"
FNDDS-2710212,173592,100,"Salad dressing, ranch dressing, regular"
FNDDS-2710213,171402,100,"Salad dressing, thousand island, commercial, regular"
FNDDS-2710215,167684,100,"Creamy dressing, made with sour cream and/or buttermilk and oil, reduced calorie"
FNDDS-2710216,167699,50,"Salad dressing, blue or roquefort cheese dressing, fat-free"
FNDDS-2710216,173562,50,"Salad dressing, blue or roquefort cheese dressing, commercial, regular"
FNDDS-2710217,167684,15,"Creamy dressing, made with sour cream and/or buttermilk and oil, reduced calorie"
FNDDS-2710217,171405,85,"Salad dressing, italian dressing, commercial, reduced fat"
FNDDS-2710218,171404,100,"Salad dressing, french dressing, reduced fat"
FNDDS-2710219,169877,100,"Salad dressing, caesar, low calorie"
FNDDS-2710220,173594,100,"Salad dressing, mayonnaise, light"
FNDDS-2710221,171443,100,"Mayonnaise, reduced fat, with olive oil"
FNDDS-2710222,171444,100,"Salad dressing, mayonnaise-type, light"
FNDDS-2710223,171034,100,"Salad dressing, honey mustard dressing, reduced calorie"
FNDDS-2710224,171405,100,"Salad dressing, italian dressing, commercial, reduced fat"
FNDDS-2710225,167684,100,"Creamy dressing, made with sour cream and/or buttermilk and oil, reduced calorie"
FNDDS-2710226,171405,100,"Salad dressing, italian dressing, commercial, reduced fat"
FNDDS-2710227,171008,100,"Salad dressing, thousand island dressing, reduced fat"
FNDDS-2710229,167699,100,"Salad dressing, blue or roquefort cheese dressing, fat-free"
FNDDS-2710230,171045,100,"Salad dressing, caesar, fat-free"
FNDDS-2710231,168099,15,"Creamy dressing, made with sour cream and/or buttermilk and oil, reduced calorie, fat-free"
FNDDS-2710231,173590,85,"Salad dressing, italian dressing, fat-free"
FNDDS-2710232,171420,100,"Salad dressing, french dressing, fat-free"
FNDDS-2710233,171046,100,"Dressing, honey mustard, fat-free"
FNDDS-2710234,173590,100,"Salad dressing, italian dressing, fat-free"
FNDDS-2710235,171003,100,"Salad dressing, KRAFT Mayo Fat Free Mayonnaise Dressing"
FNDDS-2710236,168099,100,"Creamy dressing, made with sour cream and/or buttermilk and oil, reduced calorie, fat-free"
FNDDS-2710237,168099,100,"Creamy dressing, made with sour cream and/or buttermilk and oil, reduced calorie, fat-free"
FNDDS-2710238,172356,100,"Salad dressing, thousand island dressing, fat-free"
FNDDS-2710239,168322,100,"Pork, cured, bacon, pre-sliced, cooked, pan-fried"
FNDDS-2710240,169148,100,"Pork, cured, ham -- water added, whole, boneless, separable lean only, heated, roasted"
FNDDS-2710241,171203,100,"Beef, chuck for stew, separable lean and fat, all grades, cooked, braised"
FNDDS-2710243,175103,48,"Beverages, water, tap, municipal"
FNDDS-2710243,173468,2.4,"Salt, table"
FNDDS-2710243,169698,10,Cornstarch
FNDDS-2710243,170859,40,"Cream, heavy"
FNDDS-2710244,173468,2,"Salt, table"
FNDDS-2710244,169698,10,Cornstarch
FNDDS-2710244,175103,68,"Beverages, water, tap, municipal"
FNDDS-2710244,173414,20,"Cheese, cheddar"
FNDDS-2710245,171566,40,"Gravy, chicken, canned or bottled, ready-to-serve"
FNDDS-2710245,169698,10,Cornstarch
FNDDS-2710245,173468,2,"Salt, table"
FNDDS-2710245,175103,48,"Beverages, water, tap, municipal"
FNDDS-2710246,175103,60,"Beverages, water, tap, municipal"
FNDDS-2710246,174277,20,Soy sauce made from soy and wheat (shoyu)
FNDDS-2710246,169655,10,"Sugars, granulated"
FNDDS-2710246,169698,10,Cornstarch
FNDDS-2710257,169655,100,"Sugars, granulated"
FNDDS-2710258,169655,100,"Sugars, granulated"
FNDDS-2710259,169656,100,"Sugars, powdered"
FNDDS-2710260,168833,100,"Sugars, brown"
FNDDS-2710262,169655,97,"Sugars, granulated"
FNDDS-2710262,170257,3,"Sweeteners, tabletop, sucralose, SPLENDA packets"
FNDDS-2710263,170257,100,"Sweeteners, tabletop, sucralose, SPLENDA packets"
FNDDS-2710264,170679,100,"Sweetener, herbal extract powder from Stevia leaf"
FNDDS-2710265,169878,100,"Syrups, sugar free"
FNDDS-2710266,170679,100,"Sweetener, herbal extract powder from Stevia leaf"
FNDDS-2710267,170257,50,"Sweeteners, tabletop, sucralose, SPLENDA packets"
FNDDS-2710267,169657,15,"Sweeteners, tabletop, aspartame, EQUAL, packets"
FNDDS-2710267,169072,35,"Sweeteners, tabletop, saccharin (sodium saccharin)"
FNDDS-2710268,169878,100,"Syrups, sugar free"
FNDDS-2710269,169072,100,"Sweeteners, tabletop, saccharin (sodium saccharin)"
FNDDS-2710270,175103,97.6,"Beverages, water, tap, municipal"
FNDDS-2710270,169072,2.3,"Sweeteners, tabletop, saccharin (sodium saccharin)"
FNDDS-2710271,169657,100,"Sweeteners, tabletop, aspartame, EQUAL, packets"
FNDDS-2710273,168838,100,"Syrups, table blends, pancake, with 2% maple"
FNDDS-2710274,168837,100,"Syrups, corn, light"
FNDDS-2710275,167953,100,Fruit syrup
FNDDS-2710276,170681,100,"Syrup, NESTLE, chocolate"
FNDDS-2710277,168834,100,"Syrups, chocolate, HERSHEY'S Genuine Chocolate Flavored Lite Syrup"
FNDDS-2710278,169655,200,"Sugars, granulated"
FNDDS-2710278,173647,237,"Beverages, water, tap, drinking"
FNDDS-2710279,167957,100,"Syrup, fruit flavored"
FNDDS-2710280,169577,100,"Syrups, table blends, pancake, reduced-calorie"
FNDDS-2710281,169640,100,Honey
FNDDS-2710282,170277,100,"Sweetener, syrup, agave"
FNDDS-2710283,168820,100,Molasses
FNDDS-2710284,168841,100,"Toppings, butterscotch or caramel"
FNDDS-2710285,168835,100,"Syrups, chocolate, fudge-type"
FNDDS-2710286,168758,100,"Toppings, strawberry"
FNDDS-2710287,169664,100,"Toppings, marshmallow cream"
FNDDS-2710288,169666,100,"Toppings, nuts in syrup"
FNDDS-2710289,168000,100,Chocolate-flavored hazelnut spread
FNDDS-2710290,168795,100,"Frostings, chocolate, creamy, ready-to-eat"
FNDDS-2710291,169620,100,"Frostings, vanilla, creamy, ready-to-eat"
FNDDS-2710292,173410,15,"Butter, stick, salted"
FNDDS-2710292,168841,85,"Toppings, butterscotch or caramel"
FNDDS-2710293,168841,100,"Toppings, butterscotch or caramel"
FNDDS-2710294,168835,85,"Syrups, chocolate, fudge-type"
FNDDS-2710294,169655,25,"Sugars, granulated"
FNDDS-2710294,173410,10,"Butter, stick, salted"
FNDDS-2710295,173418,50,"Cream cheese, full fat, block"
FNDDS-2710295,169655,20,"Sugars, granulated"
FNDDS-2710295,170907,50,"Yogurt, Greek, vanilla, lowfat"
FNDDS-2710296,174066,100,"Sauce, sweet and sour, ready-to-serve"
FNDDS-2710297,173647,237,"Beverages, water, tap, drinking"
FNDDS-2710297,169655,50,"Sugars, granulated"
FNDDS-2710297,172236,4.333,"Vanilla extract, imitation, no alcohol"
FNDDS-2710297,173468,0.75,"Salt, table"
FNDDS-2710297,169698,8,Cornstarch
FNDDS-2710297,173430,28.375,"Butter, stick, unsalted"
FNDDS-2710298,171823,100,"Sauce, duck, ready-to-serve"
FNDDS-2710300,169642,100,Jellies
FNDDS-2710301,169641,100,Jams and preserves
FNDDS-2710302,168816,100,"Fruit butters, apple"
FNDDS-2710303,168819,100,"Marmalade, orange"
FNDDS-2710304,169879,100,"Jellies, no sugar (with sodium saccharin), any flavors"
FNDDS-2710305,167706,100,"Jams, preserves, marmalade, reduced sugar"
FNDDS-2710306,170280,100,"Jams, preserves, marmalades, sweetened with fruit juice"
FNDDS-2710307,174686,30,"Guava sauce, cooked"
FNDDS-2710307,169655,70,"Sugars, granulated"
FNDDS-2710309,173468,0.3,"Salt, table"
FNDDS-2710309,169655,32,"Sugars, granulated"
FNDDS-2710309,175194,68,"Beans, kidney, red, mature seeds, cooked, boiled, without salt"
FNDDS-2710310,169596,100,"Gelatin desserts, dry mix, prepared with water"
FNDDS-2710311,174667,15,"Fruit cocktail, (peach and pineapple and pear and grape and cherry), canned, water pack, solids and liquids"
FNDDS-2710311,169596,85,"Gelatin desserts, dry mix, prepared with water"
FNDDS-2710312,169596,85,"Gelatin desserts, dry mix, prepared with water"
FNDDS-2710312,170472,15,"Vegetables, mixed, frozen, cooked, boiled, drained, without salt"
FNDDS-2710313,169598,100,"Gelatin desserts, dry mix, reduced calorie, with aspartame, prepared with water"
FNDDS-2710314,174667,15,"Fruit cocktail, (peach and pineapple and pear and grape and cherry), canned, water pack, solids and liquids"
FNDDS-2710314,169598,85,"Gelatin desserts, dry mix, reduced calorie, with aspartame, prepared with water"
FNDDS-2710315,169655,200,"Sugars, granulated"
FNDDS-2710315,175103,296.25,"Beverages, water, tap, municipal"
FNDDS-2710315,175195,384,"Beans, kidney, red, mature seeds, canned, solids and liquids"
FNDDS-2710316,169655,100,"Sugars, granulated"
FNDDS-2710316,170172,720,"Nuts, coconut milk, raw (liquid expressed from grated meat and water)"
FNDDS-2710316,173468,1.5,"Salt, table"
FNDDS-2710316,169698,64,Cornstarch
FNDDS-2710317,169638,100,"Frozen novelties, ice type, lime"
FNDDS-2710318,168132,100,"Frozen novelties, ice type, pop, with low calorie sweetener"
FNDDS-2710319,168813,100,"Frozen novelties, ice type, pop"
FNDDS-2710320,168813,100,"Frozen novelties, ice type, pop"
FNDDS-2710321,168132,100,"Frozen novelties, ice type, pop, with low calorie sweetener"
FNDDS-2710322,168813,100,"Frozen novelties, ice type, pop"
FNDDS-2710323,169638,100,"Frozen novelties, ice type, lime"
FNDDS-2710324,168132,100,"Frozen novelties, ice type, pop, with low calorie sweetener"
FNDDS-2710328,167587,100,"Candies, milk chocolate"
FNDDS-2710330,167587,80,"Candies, milk chocolate"
FNDDS-2710330,173806,20,"Peanuts, all types, dry-roasted, without salt"
FNDDS-2710331,168755,100,"Candies, milk chocolate, with rice cereal"
FNDDS-2710332,168768,50,"Candies, MARS SNACKFOOD US, TWIX Caramel Cookie Bars"
FNDDS-2710332,167992,50,"Candies, KIT KAT Wafer Bar"
FNDDS-2710333,167976,100,"Candies, semisweet chocolate"
FNDDS-2710334,172365,15,"Oil, industrial, coconut, confection fat, typical basis for ice cream coatings"
FNDDS-2710334,169655,85,"Sugars, granulated"
FNDDS-2710336,170274,100,"Candies, chocolate, dark, NFS (45-59% cacao solids 90%; 60-69% cacao solids 5%; 70-85% cacao solids 5%)"
FNDDS-2710339,167571,100,"Candies, white chocolate"
FNDDS-2710340,167579,50,"Candies, fudge, vanilla, prepared-from-recipe"
FNDDS-2710340,167987,50,"Candies, fudge, chocolate, prepared-from-recipe"
FNDDS-2710341,167587,60,"Candies, milk chocolate"
FNDDS-2710341,167974,40,"Candies, caramels"
FNDDS-2710342,167587,60,"Candies, milk chocolate"
FNDDS-2710342,167974,35,"Candies, caramels"
FNDDS-2710342,173806,5,"Peanuts, all types, dry-roasted, without salt"
FNDDS-2710344,167978,100,"Candies, sweet chocolate coated fondant"
FNDDS-2710345,168767,50,"Candies, MARS SNACKFOOD US, 3 MUSKETEERS Bar"
FNDDS-2710345,168756,50,"Candies, MARS SNACKFOOD US, MILKY WAY Bar"
FNDDS-2710346,167582,50,"Candies, NESTLE, BABY RUTH Bar"
FNDDS-2710346,169589,50,"Candies, MARS SNACKFOOD US, SNICKERS Bar"
FNDDS-2710347,168763,50,"Candies, REESE'S Peanut Butter Cups"
FNDDS-2710347,167565,50,"Candies, NESTLE, BUTTERFINGER Bar"
FNDDS-2710348,169576,100,"Candies, milk chocolate coated raisins"
FNDDS-2710349,169881,100,"Candies, chocolate covered, low sugar or low calorie"
FNDDS-2710351,169655,100,"Sugars, granulated"
FNDDS-2710351,173756,125,"Chickpeas (garbanzo beans, bengal gram), mature seeds, raw"
FNDDS-2710351,175103,444.375,"Beverages, water, tap, municipal"
FNDDS-2710351,173410,93.7,"Butter, stick, salted"
FNDDS-2710352,167989,100,"Candies, gumdrops, starch jelly pieces"
FNDDS-2710353,167995,100,"Candies, marshmallows"
FNDDS-2710354,167974,50,"Candies, caramels"
FNDDS-2710354,167566,50,"Candies, caramels, chocolate-flavor roll"
FNDDS-2710355,170680,50,"Candies, HERSHEYS, PAYDAY Bar"
FNDDS-2710355,169060,50,"Candies, nougat, with almonds"
FNDDS-2710356,173806,40,"Peanuts, all types, dry-roasted, without salt"
FNDDS-2710356,167587,60,"Candies, milk chocolate"
FNDDS-2710357,169586,100,"Candies, peanut brittle, prepared-from-recipe"
FNDDS-2710358,167990,50,"Candies, hard"
FNDDS-2710358,169880,50,"Candies, hard, dietetic or low calorie (sorbitol)"
FNDDS-2710359,167989,100,"Candies, gumdrops, starch jelly pieces"
FNDDS-2710360,167990,100,"Candies, hard"
FNDDS-2710361,167990,100,"Candies, hard"
FNDDS-2710362,167990,50,"Candies, hard"
FNDDS-2710362,169880,50,"Candies, hard, dietetic or low calorie (sorbitol)"
FNDDS-2710363,169655,100,"Sugars, granulated"
FNDDS-2710364,167990,50,"Candies, hard"
FNDDS-2710364,168843,50,"Candies, MARS SNACKFOOD US, SKITTLES Original Bite Size Candies"
FNDDS-2710365,169583,100,"Candies, MARS SNACKFOOD US, M&M's Milk Chocolate Candies"
FNDDS-2710366,168764,50,"Candies, REESE'S PIECES Candy"
FNDDS-2710366,169582,50,"Candies, MARS SNACKFOOD US, M&M's Peanut Chocolate Candies"
FNDDS-2710367,167541,100,"Snacks, fruit leather, rolls"
FNDDS-2710368,167541,100,"Snacks, fruit leather, rolls"
FNDDS-2710369,169590,50,"Candies, MARS SNACKFOOD US, STARBURST Fruit Chews, Original fruits"
FNDDS-2710369,167986,50,"Candies, fondant, prepared-from-recipe"
FNDDS-2710370,169880,100,"Candies, hard, dietetic or low calorie (sorbitol)"
FNDDS-2710371,168771,100,Chewing gum
FNDDS-2710372,169882,100,"Chewing gum, sugarless"
FNDDS-2710373,171890,100,"Beverages, coffee, brewed, prepared with tap water"
FNDDS-2710374,171890,100,"Beverages, coffee, brewed, prepared with tap water"
FNDDS-2710375,171890,100,"Beverages, coffee, brewed, prepared with tap water"
FNDDS-2710376,171889,50,"Beverages, coffee, brewed, prepared with tap water, decaffeinated"
FNDDS-2710376,171890,50,"Beverages, coffee, brewed, prepared with tap water"
FNDDS-2710377,171890,120,"Beverages, coffee, brewed, prepared with tap water"
FNDDS-2710377,169655,8.333,"Sugars, granulated"
FNDDS-2710378,171891,100,"Beverages, coffee, brewed, espresso, restaurant-prepared"
FNDDS-2710379,174125,100,"Beverages, coffee, brewed, espresso, restaurant-prepared, decaffeinated"
FNDDS-2710380,171890,100,"Beverages, coffee, brewed, prepared with tap water"
FNDDS-2710381,169655,4.167,"Sugars, granulated"
FNDDS-2710381,171891,62,"Beverages, coffee, brewed, espresso, restaurant-prepared"
FNDDS-2710386,171267,305,"Milk, reduced fat, fluid, 2% milkfat, with added vitamin A and vitamin D"
FNDDS-2710386,171891,62,"Beverages, coffee, brewed, espresso, restaurant-prepared"
FNDDS-2710387,171269,305,"Milk, nonfat, fluid, with added vitamin A and vitamin D (fat free or skim)"
FNDDS-2710387,171891,62,"Beverages, coffee, brewed, espresso, restaurant-prepared"
FNDDS-2710389,171891,62,"Beverages, coffee, brewed, espresso, restaurant-prepared"
FNDDS-2710389,169655,12.5,"Sugars, granulated"
FNDDS-2710389,171267,305,"Milk, reduced fat, fluid, 2% milkfat, with added vitamin A and vitamin D"
FNDDS-2710390,171269,305,"Milk, nonfat, fluid, with added vitamin A and vitamin D (fat free or skim)"
FNDDS-2710390,169655,12.5,"Sugars, granulated"
FNDDS-2710390,171891,62,"Beverages, coffee, brewed, espresso, restaurant-prepared"
FNDDS-2710392,174125,60,"Beverages, coffee, brewed, espresso, restaurant-prepared, decaffeinated"
FNDDS-2710392,171267,305,"Milk, reduced fat, fluid, 2% milkfat, with added vitamin A and vitamin D"
FNDDS-2710393,171269,305,"Milk, nonfat, fluid, with added vitamin A and vitamin D (fat free or skim)"
FNDDS-2710393,174125,60,"Beverages, coffee, brewed, espresso, restaurant-prepared, decaffeinated"
FNDDS-2710395,174125,60,"Beverages, coffee, brewed, espresso, restaurant-prepared, decaffeinated"
FNDDS-2710395,171267,305,"Milk, reduced fat, fluid, 2% milkfat, with added vitamin A and vitamin D"
FNDDS-2710395,169655,12.5,"Sugars, granulated"
FNDDS-2710396,174125,60,"Beverages, coffee, brewed, espresso, restaurant-prepared, decaffeinated"
FNDDS-2710396,169655,12.5,"Sugars, granulated"
FNDDS-2710396,171269,305,"Milk, nonfat, fluid, with added vitamin A and vitamin D (fat free or skim)"
FNDDS-2710398,171267,183,"Milk, reduced fat, fluid, 2% milkfat, with added vitamin A and vitamin D"
FNDDS-2710398,169655,43.75,"Sugars, granulated"
FNDDS-2710398,175103,111,"Beverages, water, tap, municipal"
FNDDS-2710398,171891,62,"Beverages, coffee, brewed, espresso, restaurant-prepared"
FNDDS-2710399,171269,183,"Milk, nonfat, fluid, with added vitamin A and vitamin D (fat free or skim)"
FNDDS-2710399,175103,111,"Beverages, water, tap, municipal"
FNDDS-2710399,169655,43.75,"Sugars, granulated"
FNDDS-2710399,171891,62,"Beverages, coffee, brewed, espresso, restaurant-prepared"
FNDDS-2710401,171891,62,"Beverages, coffee, brewed, espresso, restaurant-prepared"
FNDDS-2710401,170859,22.406,"Cream, heavy"
FNDDS-2710401,175103,111,"Beverages, water, tap, municipal"
FNDDS-2710401,169655,43.75,"Sugars, granulated"
FNDDS-2710401,171267,183,"Milk, reduced fat, fluid, 2% milkfat, with added vitamin A and vitamin D"
FNDDS-2710402,171269,183,"Milk, nonfat, fluid, with added vitamin A and vitamin D (fat free or skim)"
FNDDS-2710402,170859,22.406,"Cream, heavy"
FNDDS-2710402,175103,111,"Beverages, water, tap, municipal"
FNDDS-2710402,171891,62,"Beverages, coffee, brewed, espresso, restaurant-prepared"
FNDDS-2710402,169655,43.75,"Sugars, granulated"
FNDDS-2710404,171267,183,"Milk, reduced fat, fluid, 2% milkfat, with added vitamin A and vitamin D"
FNDDS-2710404,169655,43.75,"Sugars, granulated"
FNDDS-2710404,174125,60,"Beverages, coffee, brewed, espresso, restaurant-prepared, decaffeinated"
FNDDS-2710404,175103,111,"Beverages, water, tap, municipal"
FNDDS-2710405,175103,111,"Beverages, water, tap, municipal"
FNDDS-2710405,169655,43.75,"Sugars, granulated"
FNDDS-2710405,171269,183,"Milk, nonfat, fluid, with added vitamin A and vitamin D (fat free or skim)"
FNDDS-2710405,174125,60,"Beverages, coffee, brewed, espresso, restaurant-prepared, decaffeinated"
FNDDS-2710407,175103,111,"Beverages, water, tap, municipal"
FNDDS-2710407,170859,22.406,"Cream, heavy"
FNDDS-2710407,169655,43.75,"Sugars, granulated"
FNDDS-2710407,174125,60,"Beverages, coffee, brewed, espresso, restaurant-prepared, decaffeinated"
FNDDS-2710407,171267,183,"Milk, reduced fat, fluid, 2% milkfat, with added vitamin A and vitamin D"
FNDDS-2710408,175103,111,"Beverages, water, tap, municipal"
FNDDS-2710408,169655,43.75,"Sugars, granulated"
FNDDS-2710408,174125,60,"Beverages, coffee, brewed, espresso, restaurant-prepared, decaffeinated"
FNDDS-2710408,171269,183,"Milk, nonfat, fluid, with added vitamin A and vitamin D (fat free or skim)"
FNDDS-2710408,170859,22.406,"Cream, heavy"
FNDDS-2710409,169655,43.75,"Sugars, granulated"
FNDDS-2710409,175103,111,"Beverages, water, tap, municipal"
FNDDS-2710409,170859,22.406,"Cream, heavy"
FNDDS-2710409,174125,60,"Beverages, coffee, brewed, espresso, restaurant-prepared, decaffeinated"
FNDDS-2710409,172456,184,"Soymilk, original and vanilla, with added calcium, vitamins A and D"
FNDDS-2710411,170681,37.5,"Syrup, NESTLE, chocolate"
FNDDS-2710411,171269,305,"Milk, nonfat, fluid, with added vitamin A and vitamin D (fat free or skim)"
FNDDS-2710411,171891,62,"Beverages, coffee, brewed, espresso, restaurant-prepared"
FNDDS-2710413,174125,60,"Beverages, coffee, brewed, espresso, restaurant-prepared, decaffeinated"
FNDDS-2710413,170681,37.5,"Syrup, NESTLE, chocolate"
FNDDS-2710413,171267,305,"Milk, reduced fat, fluid, 2% milkfat, with added vitamin A and vitamin D"
FNDDS-2710414,174125,60,"Beverages, coffee, brewed, espresso, restaurant-prepared, decaffeinated"
FNDDS-2710414,171269,305,"Milk, nonfat, fluid, with added vitamin A and vitamin D (fat free or skim)"
FNDDS-2710414,170681,37.5,"Syrup, NESTLE, chocolate"
FNDDS-2710416,171267,183,"Milk, reduced fat, fluid, 2% milkfat, with added vitamin A and vitamin D"
FNDDS-2710416,175103,111,"Beverages, water, tap, municipal"
FNDDS-2710416,171891,62,"Beverages, coffee, brewed, espresso, restaurant-prepared"
FNDDS-2710416,169655,18.75,"Sugars, granulated"
FNDDS-2710416,170681,37.5,"Syrup, NESTLE, chocolate"
FNDDS-2710417,171891,62,"Beverages, coffee, brewed, espresso, restaurant-prepared"
FNDDS-2710417,169655,18.75,"Sugars, granulated"
FNDDS-2710417,171269,183,"Milk, nonfat, fluid, with added vitamin A and vitamin D (fat free or skim)"
FNDDS-2710417,170681,37.5,"Syrup, NESTLE, chocolate"
FNDDS-2710417,175103,111,"Beverages, water, tap, municipal"
FNDDS-2710419,170681,37.5,"Syrup, NESTLE, chocolate"
FNDDS-2710419,171891,62,"Beverages, coffee, brewed, espresso, restaurant-prepared"
FNDDS-2710419,175103,111,"Beverages, water, tap, municipal"
FNDDS-2710419,170859,22.406,"Cream, heavy"
FNDDS-2710419,169655,18.75,"Sugars, granulated"
FNDDS-2710419,171267,183,"Milk, reduced fat, fluid, 2% milkfat, with added vitamin A and vitamin D"
FNDDS-2710420,169655,18.75,"Sugars, granulated"
FNDDS-2710420,170859,22.406,"Cream, heavy"
FNDDS-2710420,170681,37.5,"Syrup, NESTLE, chocolate"
FNDDS-2710420,171891,62,"Beverages, coffee, brewed, espresso, restaurant-prepared"
FNDDS-2710420,175103,111,"Beverages, water, tap, municipal"
FNDDS-2710420,171269,183,"Milk, nonfat, fluid, with added vitamin A and vitamin D (fat free or skim)"
FNDDS-2710422,170681,37.5,"Syrup, NESTLE, chocolate"
FNDDS-2710422,175103,111,"Beverages, water, tap, municipal"
FNDDS-2710422,174125,60,"Beverages, coffee, brewed, espresso, restaurant-prepared, decaffeinated"
FNDDS-2710422,169655,18.75,"Sugars, granulated"
FNDDS-2710422,171267,183,"Milk, reduced fat, fluid, 2% milkfat, with added vitamin A and vitamin D"
FNDDS-2710423,170681,37.5,"Syrup, NESTLE, chocolate"
FNDDS-2710423,174125,60,"Beverages, coffee, brewed, espresso, restaurant-prepared, decaffeinated"
FNDDS-2710423,175103,111,"Beverages, water, tap, municipal"
FNDDS-2710423,169655,18.75,"Sugars, granulated"
FNDDS-2710423,171269,183,"Milk, nonfat, fluid, with added vitamin A and vitamin D (fat free or skim)"
FNDDS-2710425,171267,183,"Milk, reduced fat, fluid, 2% milkfat, with added vitamin A and vitamin D"
FNDDS-2710425,169655,18.75,"Sugars, granulated"
FNDDS-2710425,174125,60,"Beverages, coffee, brewed, espresso, restaurant-prepared, decaffeinated"
FNDDS-2710425,175103,111,"Beverages, water, tap, municipal"
FNDDS-2710425,170681,37.5,"Syrup, NESTLE, chocolate"
FNDDS-2710425,170859,22.406,"Cream, heavy"
FNDDS-2710426,170681,37.5,"Syrup, NESTLE, chocolate"
FNDDS-2710426,170859,22.406,"Cream, heavy"
FNDDS-2710426,174125,60,"Beverages, coffee, brewed, espresso, restaurant-prepared, decaffeinated"
FNDDS-2710426,169655,18.75,"Sugars, granulated"
FNDDS-2710426,171269,183,"Milk, nonfat, fluid, with added vitamin A and vitamin D (fat free or skim)"
FNDDS-2710426,175103,111,"Beverages, water, tap, municipal"
FNDDS-2710428,175103,111,"Beverages, water, tap, municipal"
FNDDS-2710428,171890,360,"Beverages, coffee, brewed, prepared with tap water"
FNDDS-2710429,171889,360,"Beverages, coffee, brewed, prepared with tap water, decaffeinated"
FNDDS-2710429,175103,111,"Beverages, water, tap, municipal"
FNDDS-2710430,170857,30,"Cream, fluid, light (coffee cream or table cream)"
FNDDS-2710430,175103,111,"Beverages, water, tap, municipal"
FNDDS-2710430,171890,360,"Beverages, coffee, brewed, prepared with tap water"
FNDDS-2710430,169655,25,"Sugars, granulated"
FNDDS-2710431,171891,62,"Beverages, coffee, brewed, espresso, restaurant-prepared"
FNDDS-2710431,171267,183,"Milk, reduced fat, fluid, 2% milkfat, with added vitamin A and vitamin D"
FNDDS-2710431,175103,111,"Beverages, water, tap, municipal"
FNDDS-2710432,175103,111,"Beverages, water, tap, municipal"
FNDDS-2710432,171269,183,"Milk, nonfat, fluid, with added vitamin A and vitamin D (fat free or skim)"
FNDDS-2710432,171891,62,"Beverages, coffee, brewed, espresso, restaurant-prepared"
FNDDS-2710433,171891,62,"Beverages, coffee, brewed, espresso, restaurant-prepared"
FNDDS-2710433,175103,111,"Beverages, water, tap, municipal"
FNDDS-2710433,172456,184,"Soymilk, original and vanilla, with added calcium, vitamins A and D"
FNDDS-2710434,171891,62,"Beverages, coffee, brewed, espresso, restaurant-prepared"
FNDDS-2710434,171267,183,"Milk, reduced fat, fluid, 2% milkfat, with added vitamin A and vitamin D"
FNDDS-2710434,169655,12.5,"Sugars, granulated"
FNDDS-2710434,175103,111,"Beverages, water, tap, municipal"
FNDDS-2710435,171891,62,"Beverages, coffee, brewed, espresso, restaurant-prepared"
FNDDS-2710435,175103,111,"Beverages, water, tap, municipal"
FNDDS-2710435,171269,183,"Milk, nonfat, fluid, with added vitamin A and vitamin D (fat free or skim)"
FNDDS-2710435,169655,12.5,"Sugars, granulated"
FNDDS-2710437,175103,111,"Beverages, water, tap, municipal"
FNDDS-2710437,174125,60,"Beverages, coffee, brewed, espresso, restaurant-prepared, decaffeinated"
FNDDS-2710437,171267,183,"Milk, reduced fat, fluid, 2% milkfat, with added vitamin A and vitamin D"
FNDDS-2710438,175103,111,"Beverages, water, tap, municipal"
FNDDS-2710438,171269,183,"Milk, nonfat, fluid, with added vitamin A and vitamin D (fat free or skim)"
FNDDS-2710438,174125,60,"Beverages, coffee, brewed, espresso, restaurant-prepared, decaffeinated"
FNDDS-2710440,175103,111,"Beverages, water, tap, municipal"
FNDDS-2710440,171267,183,"Milk, reduced fat, fluid, 2% milkfat, with added vitamin A and vitamin D"
FNDDS-2710440,174125,60,"Beverages, coffee, brewed, espresso, restaurant-prepared, decaffeinated"
FNDDS-2710440,169655,12.5,"Sugars, granulated"
FNDDS-2710441,174125,60,"Beverages, coffee, brewed, espresso, restaurant-prepared, decaffeinated"
FNDDS-2710441,169655,12.5,"Sugars, granulated"
FNDDS-2710441,175103,111,"Beverages, water, tap, municipal"
FNDDS-2710441,171269,183,"Milk, nonfat, fluid, with added vitamin A and vitamin D (fat free or skim)"
FNDDS-2710443,170681,37.5,"Syrup, NESTLE, chocolate"
FNDDS-2710443,175103,111,"Beverages, water, tap, municipal"
FNDDS-2710443,171891,62,"Beverages, coffee, brewed, espresso, restaurant-prepared"
FNDDS-2710443,171267,183,"Milk, reduced fat, fluid, 2% milkfat, with added vitamin A and vitamin D"
FNDDS-2710444,170681,37.5,"Syrup, NESTLE, chocolate"
FNDDS-2710444,171891,62,"Beverages, coffee, brewed, espresso, restaurant-prepared"
FNDDS-2710444,175103,111,"Beverages, water, tap, municipal"
FNDDS-2710444,171269,183,"Milk, nonfat, fluid, with added vitamin A and vitamin D (fat free or skim)"
FNDDS-2710446,170681,37.5,"Syrup, NESTLE, chocolate"
FNDDS-2710446,174125,60,"Beverages, coffee, brewed, espresso, restaurant-prepared, decaffeinated"
FNDDS-2710446,175103,111,"Beverages, water, tap, municipal"
FNDDS-2710446,171267,183,"Milk, reduced fat, fluid, 2% milkfat, with added vitamin A and vitamin D"
FNDDS-2710447,174125,60,"Beverages, coffee, brewed, espresso, restaurant-prepared, decaffeinated"
FNDDS-2710447,175103,111,"Beverages, water, tap, municipal"
FNDDS-2710447,171269,183,"Milk, nonfat, fluid, with added vitamin A and vitamin D (fat free or skim)"
FNDDS-2710447,170681,37.5,"Syrup, NESTLE, chocolate"
FNDDS-2710449,173647,177.75,"Beverages, water, tap, drinking"
FNDDS-2710449,171893,1.5,"Beverages, coffee, instant, regular, powder"
FNDDS-2710450,173647,177.6,"Beverages, water, tap, drinking"
FNDDS-2710450,174126,1.5,"Beverages, coffee, instant, regular, half the caffeine"
FNDDS-2710451,171889,100,"Beverages, coffee, brewed, prepared with tap water, decaffeinated"
FNDDS-2710452,171889,100,"Beverages, coffee, brewed, prepared with tap water, decaffeinated"
FNDDS-2710453,173647,177.75,"Beverages, water, tap, drinking"
FNDDS-2710453,174133,1.5,"Beverages, coffee, instant, decaffeinated, powder"
FNDDS-2710454,171893,1.5,"Beverages, coffee, instant, regular, powder"
FNDDS-2710454,173647,177.75,"Beverages, water, tap, drinking"
FNDDS-2710454,169655,6.25,"Sugars, granulated"
FNDDS-2710454,171263,3.917,"Cream substitute, powdered"
FNDDS-2710455,171263,3.917,"Cream substitute, powdered"
FNDDS-2710455,174133,1.5,"Beverages, coffee, instant, decaffeinated, powder"
FNDDS-2710455,169655,6.25,"Sugars, granulated"
FNDDS-2710455,173647,177.75,"Beverages, water, tap, drinking"
FNDDS-2710456,173647,177.75,"Beverages, water, tap, drinking"
FNDDS-2710456,171893,1.5,"Beverages, coffee, instant, regular, powder"
FNDDS-2710456,169655,6.25,"Sugars, granulated"
FNDDS-2710457,171893,0.33,"Beverages, coffee, instant, regular, powder"
FNDDS-2710457,174127,6,"Beverages, coffee and cocoa, instant, decaffeinated, with whitener and low calorie sweetener"
FNDDS-2710457,173647,177.6,"Beverages, water, tap, drinking"
FNDDS-2710458,173647,177.75,"Beverages, water, tap, drinking"
FNDDS-2710458,170257,1,"Sweeteners, tabletop, sucralose, SPLENDA packets"
FNDDS-2710458,171893,1.5,"Beverages, coffee, instant, regular, powder"
FNDDS-2710458,171263,3.917,"Cream substitute, powdered"
FNDDS-2710459,170257,1,"Sweeteners, tabletop, sucralose, SPLENDA packets"
FNDDS-2710459,171263,3.917,"Cream substitute, powdered"
FNDDS-2710459,173647,177.6,"Beverages, water, tap, drinking"
FNDDS-2710459,174133,1.5,"Beverages, coffee, instant, decaffeinated, powder"
FNDDS-2710460,169655,6.25,"Sugars, granulated"
FNDDS-2710460,173647,177.75,"Beverages, water, tap, drinking"
FNDDS-2710460,171893,1.5,"Beverages, coffee, instant, regular, powder"
FNDDS-2710460,171263,3.917,"Cream substitute, powdered"
FNDDS-2710461,174133,1.5,"Beverages, coffee, instant, decaffeinated, powder"
FNDDS-2710461,171263,3.917,"Cream substitute, powdered"
FNDDS-2710461,173647,177.75,"Beverages, water, tap, drinking"
FNDDS-2710461,169655,6.25,"Sugars, granulated"
FNDDS-2710462,171893,1.5,"Beverages, coffee, instant, regular, powder"
FNDDS-2710462,171263,3.917,"Cream substitute, powdered"
FNDDS-2710462,170257,1,"Sweeteners, tabletop, sucralose, SPLENDA packets"
FNDDS-2710462,173647,177.75,"Beverages, water, tap, drinking"
FNDDS-2710463,170257,1,"Sweeteners, tabletop, sucralose, SPLENDA packets"
FNDDS-2710463,173647,177.75,"Beverages, water, tap, drinking"
FNDDS-2710463,171263,3.917,"Cream substitute, powdered"
FNDDS-2710463,174133,1.5,"Beverages, coffee, instant, decaffeinated, powder"
FNDDS-2710464,173647,177.75,"Beverages, water, tap, drinking"
FNDDS-2710464,171263,3.917,"Cream substitute, powdered"
FNDDS-2710464,171893,1.5,"Beverages, coffee, instant, regular, powder"
FNDDS-2710465,174133,1.5,"Beverages, coffee, instant, decaffeinated, powder"
FNDDS-2710465,173647,177.6,"Beverages, water, tap, drinking"
FNDDS-2710465,171263,3.917,"Cream substitute, powdered"
FNDDS-2710466,173647,177.75,"Beverages, water, tap, drinking"
FNDDS-2710466,171893,1.5,"Beverages, coffee, instant, regular, powder"
FNDDS-2710466,169655,6.25,"Sugars, granulated"
FNDDS-2710467,169655,6.25,"Sugars, granulated"
FNDDS-2710467,174133,1.5,"Beverages, coffee, instant, decaffeinated, powder"
FNDDS-2710467,173647,177.6,"Beverages, water, tap, drinking"
FNDDS-2710468,170257,1,"Sweeteners, tabletop, sucralose, SPLENDA packets"
FNDDS-2710468,171893,1.5,"Beverages, coffee, instant, regular, powder"
FNDDS-2710468,173647,177.6,"Beverages, water, tap, drinking"
FNDDS-2710469,173647,177.6,"Beverages, water, tap, drinking"
FNDDS-2710469,170257,1,"Sweeteners, tabletop, sucralose, SPLENDA packets"
FNDDS-2710469,174133,1.5,"Beverages, coffee, instant, decaffeinated, powder"
FNDDS-2710470,171890,100,"Beverages, coffee, brewed, prepared with tap water"
FNDDS-2710471,171889,100,"Beverages, coffee, brewed, prepared with tap water, decaffeinated"
FNDDS-2710472,171891,62,"Beverages, coffee, brewed, espresso, restaurant-prepared"
FNDDS-2710472,171267,183,"Milk, reduced fat, fluid, 2% milkfat, with added vitamin A and vitamin D"
FNDDS-2710472,173647,118.5,"Beverages, water, tap, drinking"
FNDDS-2710473,173647,118.5,"Beverages, water, tap, drinking"
FNDDS-2710473,171891,62,"Beverages, coffee, brewed, espresso, restaurant-prepared"
FNDDS-2710473,171269,183,"Milk, nonfat, fluid, with added vitamin A and vitamin D (fat free or skim)"
FNDDS-2710475,174125,60,"Beverages, coffee, brewed, espresso, restaurant-prepared, decaffeinated"
FNDDS-2710475,173647,118.5,"Beverages, water, tap, drinking"
FNDDS-2710475,171267,183,"Milk, reduced fat, fluid, 2% milkfat, with added vitamin A and vitamin D"
FNDDS-2710476,173647,118.5,"Beverages, water, tap, drinking"
FNDDS-2710476,171269,183,"Milk, nonfat, fluid, with added vitamin A and vitamin D (fat free or skim)"
FNDDS-2710476,174125,60,"Beverages, coffee, brewed, espresso, restaurant-prepared, decaffeinated"
FNDDS-2710478,171880,100,"Beverages, coffee, ready to drink, milk based, sweetened"
FNDDS-2710479,171267,106.75,"Milk, reduced fat, fluid, 2% milkfat, with added vitamin A and vitamin D"
FNDDS-2710479,169655,12.5,"Sugars, granulated"
FNDDS-2710479,171890,180,"Beverages, coffee, brewed, prepared with tap water"
FNDDS-2710480,171893,100,"Beverages, coffee, instant, regular, powder"
FNDDS-2710481,174133,100,"Beverages, coffee, instant, decaffeinated, powder"
FNDDS-2710482,169655,6.25,"Sugars, granulated"
FNDDS-2710482,171893,1.5,"Beverages, coffee, instant, regular, powder"
FNDDS-2710483,171893,1.5,"Beverages, coffee, instant, regular, powder"
FNDDS-2710483,171263,3.917,"Cream substitute, powdered"
FNDDS-2710483,169655,6.25,"Sugars, granulated"
FNDDS-2710484,174154,100,"Beverages, coffee, instant, vanilla, sweetened, decaffeinated, with non dairy creamer"
FNDDS-2710485,174133,1.5,"Beverages, coffee, instant, decaffeinated, powder"
FNDDS-2710485,170257,1,"Sweeteners, tabletop, sucralose, SPLENDA packets"
FNDDS-2710485,171263,3.917,"Cream substitute, powdered"
FNDDS-2710486,174139,100,"Beverages, coffee substitute, cereal grain beverage, prepared with water"
FNDDS-2710487,174133,4.5,"Beverages, coffee, instant, decaffeinated, powder"
FNDDS-2710487,173647,236.8,"Beverages, water, tap, drinking"
FNDDS-2710488,173227,100,"Beverages, tea, black, brewed, prepared with tap water"
FNDDS-2710489,174871,100,"Beverages, tea, black, brewed, prepared with tap water, decaffeinated"
FNDDS-2710490,171917,100,"Beverages, tea, green, brewed, regular"
FNDDS-2710491,171910,100,"Beverages, tea, green, brewed, decaffeinated"
FNDDS-2710492,174120,100,"Beverages, tea, Oolong, brewed"
FNDDS-2710493,173647,237,"Beverages, water, tap, drinking"
FNDDS-2710493,175088,0.7,"Beverages, tea, instant, lemon, unsweetened"
FNDDS-2710494,175089,19,"Beverages, tea, instant, lemon, sweetened, powder"
FNDDS-2710494,173647,237,"Beverages, water, tap, drinking"
FNDDS-2710496,173231,100,"Beverages, tea, instant, lemon, diet"
FNDDS-2710497,173647,237,"Beverages, water, tap, drinking"
FNDDS-2710497,173228,2,"Beverages, tea, instant, decaffeinated, lemon, diet"
FNDDS-2710499,171911,100,"Beverages, tea, green, ready to drink, unsweetened"
FNDDS-2710500,174128,100,"Beverages, tea, green, ready-to-drink, sweetened"
FNDDS-2710501,171885,100,"Beverages, tea, green, ready-to-drink, diet"
FNDDS-2710502,173232,100,"Beverages, tea, herb, other than chamomile, brewed"
FNDDS-2710503,171946,100,"Beverages, tea, hibiscus, brewed"
FNDDS-2710504,168867,175.5,"Cornmeal, degermed, enriched, yellow"
FNDDS-2710504,173468,5,"Salt, table"
FNDDS-2710504,173647,1303.5,"Beverages, water, tap, drinking"
FNDDS-2710505,174156,100,"Beverages, tea, herb, brewed, chamomile"
FNDDS-2710507,173647,99,"Beverages, water, tap, drinking"
FNDDS-2710507,169231,1,"Ginger root, raw"
FNDDS-2710509,174144,50,"Beverages, tea, black, ready to drink"
FNDDS-2710509,169655,4,"Sugars, granulated"
FNDDS-2710509,171917,46,"Beverages, tea, green, brewed, regular"
FNDDS-2710511,175089,100,"Beverages, tea, instant, lemon, sweetened, powder"
FNDDS-2710512,173227,207,"Beverages, tea, black, brewed, prepared with tap water"
FNDDS-2710512,167748,186,"Lemon juice from concentrate, canned or bottled"
FNDDS-2710512,169655,27.5,"Sugars, granulated"
FNDDS-2710513,173227,207,"Beverages, tea, black, brewed, prepared with tap water"
FNDDS-2710513,167748,217,"Lemon juice from concentrate, canned or bottled"
FNDDS-2710513,169655,10.417,"Sugars, granulated"
FNDDS-2710513,170257,4,"Sweeteners, tabletop, sucralose, SPLENDA packets"
FNDDS-2710514,167681,1,"Beverages, fruit-flavored drink, dry powdered mix, low calorie, with aspartame"
FNDDS-2710514,173647,118.5,"Beverages, water, tap, drinking"
FNDDS-2710514,174129,120,"Beverages, tea, ready-to-drink, lemon, diet"
FNDDS-2710515,173227,240,"Beverages, tea, black, brewed, prepared with tap water"
FNDDS-2710515,169655,20,"Sugars, granulated"
FNDDS-2710516,173227,240,"Beverages, tea, black, brewed, prepared with tap water"
FNDDS-2710516,170257,1,"Sweeteners, tabletop, sucralose, SPLENDA packets"
FNDDS-2710517,173227,100,"Beverages, tea, black, brewed, prepared with tap water"
FNDDS-2710518,169655,20,"Sugars, granulated"
FNDDS-2710518,174871,240,"Beverages, tea, black, brewed, prepared with tap water, decaffeinated"
FNDDS-2710519,170257,1,"Sweeteners, tabletop, sucralose, SPLENDA packets"
FNDDS-2710519,174871,240,"Beverages, tea, black, brewed, prepared with tap water, decaffeinated"
FNDDS-2710520,174871,100,"Beverages, tea, black, brewed, prepared with tap water, decaffeinated"
FNDDS-2710521,169655,20,"Sugars, granulated"
FNDDS-2710521,171917,240,"Beverages, tea, green, brewed, regular"
FNDDS-2710522,171917,240,"Beverages, tea, green, brewed, regular"
FNDDS-2710522,170257,1,"Sweeteners, tabletop, sucralose, SPLENDA packets"
FNDDS-2710523,171917,100,"Beverages, tea, green, brewed, regular"
FNDDS-2710524,171910,240,"Beverages, tea, green, brewed, decaffeinated"
FNDDS-2710524,169655,20,"Sugars, granulated"
FNDDS-2710525,171910,240,"Beverages, tea, green, brewed, decaffeinated"
FNDDS-2710525,170257,1,"Sweeteners, tabletop, sucralose, SPLENDA packets"
FNDDS-2710526,171910,100,"Beverages, tea, green, brewed, decaffeinated"
FNDDS-2710527,171888,100,"Beverages, tea, black, ready-to-drink, lemon, sweetened"
FNDDS-2710528,173212,100,"Beverages, tea, black, ready to drink, decaffeinated"
FNDDS-2710529,171892,100,"Beverages, tea, black, ready-to-drink, lemon, diet"
FNDDS-2710530,173211,100,"Beverages, tea, black, ready to drink, decaffeinated, diet"
FNDDS-2710531,174144,100,"Beverages, tea, black, ready to drink"
FNDDS-2710532,174871,100,"Beverages, tea, black, brewed, prepared with tap water, decaffeinated"
FNDDS-2710533,174128,100,"Beverages, tea, green, ready-to-drink, sweetened"
FNDDS-2710534,171885,100,"Beverages, tea, green, ready-to-drink, diet"
FNDDS-2710535,171911,100,"Beverages, tea, green, ready to drink, unsweetened"
FNDDS-2710536,174852,100,"Beverages, carbonated, cola, regular"
FNDDS-2710537,175099,100,"Beverages, carbonated, low calorie, cola or pepper-type, with aspartame, contains caffeine"
FNDDS-2710538,171869,100,"Beverages, carbonated, tonic water"
FNDDS-2710539,174842,100,"Beverages, carbonated, club soda"
FNDDS-2710540,173204,100,"Beverages, carbonated, low calorie, other than cola or pepper,  without caffeine"
FNDDS-2710541,174852,100,"Beverages, carbonated, cola, regular"
FNDDS-2710542,175099,100,"Beverages, carbonated, low calorie, cola or pepper-type, with aspartame, contains caffeine"
FNDDS-2710543,174851,100,"Beverages, carbonated, cola, without caffeine"
FNDDS-2710544,174850,100,"Beverages, carbonated, low calorie, cola or pepper-type, with aspartame, without caffeine"
FNDDS-2710545,174852,100,"Beverages, carbonated, cola, regular"
FNDDS-2710546,175099,100,"Beverages, carbonated, low calorie, cola or pepper-type, with aspartame, contains caffeine"
FNDDS-2710547,174851,100,"Beverages, carbonated, cola, without caffeine"
FNDDS-2710548,174850,100,"Beverages, carbonated, low calorie, cola or pepper-type, with aspartame, without caffeine"
FNDDS-2710549,173199,100,"Carbonated beverage, cream soda"
FNDDS-2710550,173204,100,"Beverages, carbonated, low calorie, other than cola or pepper,  without caffeine"
FNDDS-2710551,173206,100,"Beverages, carbonated, SPRITE, lemon-lime, without caffeine"
FNDDS-2710552,173204,100,"Beverages, carbonated, low calorie, other than cola or pepper,  without caffeine"
FNDDS-2710553,174828,100,"Beverages, yellow green colored citrus soft drink with caffeine"
FNDDS-2710554,173207,100,"Beverages, carbonated, low calorie, other than cola or pepper, with aspartame, contains caffeine"
FNDDS-2710555,174846,100,"Beverages, carbonated, ginger ale"
FNDDS-2710556,173204,100,"Beverages, carbonated, low calorie, other than cola or pepper,  without caffeine"
FNDDS-2710557,171871,100,"Beverages, carbonated, root beer"
FNDDS-2710558,173204,100,"Beverages, carbonated, low calorie, other than cola or pepper,  without caffeine"
FNDDS-2710559,171921,100,"Carbonated beverage, chocolate-flavored soda"
FNDDS-2710560,175099,100,"Beverages, carbonated, low calorie, cola or pepper-type, with aspartame, contains caffeine"
FNDDS-2710561,174852,100,"Beverages, carbonated, cola, regular"
FNDDS-2710562,174852,100,"Beverages, carbonated, cola, regular"
FNDDS-2710563,175099,100,"Beverages, carbonated, low calorie, cola or pepper-type, with aspartame, contains caffeine"
FNDDS-2710564,175099,100,"Beverages, carbonated, low calorie, cola or pepper-type, with aspartame, contains caffeine"
FNDDS-2710567,171915,100,"Beverages, Tropical Punch, ready-to-drink"
FNDDS-2710568,173647,948,"Beverages, water, tap, drinking"
FNDDS-2710568,167763,340.2,"Tamarinds, raw"
FNDDS-2710568,169655,200,"Sugars, granulated"
FNDDS-2710569,174846,50,"Beverages, carbonated, ginger ale"
FNDDS-2710569,169947,50,"Pineapple juice, canned or bottled, unsweetened, without added ascorbic acid"
FNDDS-2710570,171884,100,"Beverages, The COCA-COLA company, Minute Maid, Lemonade"
FNDDS-2710571,173647,237,"Beverages, water, tap, drinking"
FNDDS-2710571,174860,17,"Beverages, lemonade-flavor drink, powder"
FNDDS-2710572,173216,100,"Lemonade, frozen concentrate, white"
FNDDS-2710573,174179,100,"Beverages, Fruit flavored drink, less than 3% juice, not fortified with vitamin C"
FNDDS-2710574,170171,30,"Nuts, coconut cream, canned, sweetened"
FNDDS-2710574,169947,140,"Pineapple juice, canned or bottled, unsweetened, without added ascorbic acid"
FNDDS-2710574,169655,13,"Sugars, granulated"
FNDDS-2710575,174811,100,"Beverages, Whiskey sour mix, bottled"
FNDDS-2710576,173647,90,"Beverages, water, tap, drinking"
FNDDS-2710576,168837,10,"Syrups, corn, light"
FNDDS-2710577,168837,10,"Syrups, corn, light"
FNDDS-2710577,175103,236.8,"Beverages, water, tap, municipal"
FNDDS-2710578,174180,100,"Beverages, Fruit flavored drink containing less than 3% fruit juice, with high vitamin C"
FNDDS-2710579,171903,100,"Cranberry juice cocktail, bottled"
FNDDS-2710580,171947,100,"Beverages, fruit juice drink, greater than 3% juice, high vitamin C"
FNDDS-2710581,173197,100,"Beverages, Mixed vegetable and fruit juice drink, with added nutrients"
FNDDS-2710582,171945,100,"Beverages, fruit juice drink, greater than 3% fruit juice, high vitamin C and added thiamin"
FNDDS-2710583,173647,237,"Beverages, water, tap, drinking"
FNDDS-2710583,174860,17,"Beverages, lemonade-flavor drink, powder"
FNDDS-2710584,173647,237,"Beverages, water, tap, drinking"
FNDDS-2710584,173235,28,"Beverages, orange-flavor drink, breakfast type, powder"
FNDDS-2710585,168123,100,"Beverages, cranberry-apple juice drink, low calorie, with vitamin C added"
FNDDS-2710586,174176,100,"Beverages, fruit juice drink, reduced sugar, with vitamin E added"
FNDDS-2710587,175103,296.25,"Beverages, water, tap, municipal"
FNDDS-2710587,167681,1.6,"Beverages, fruit-flavored drink, dry powdered mix, low calorie, with aspartame"
FNDDS-2710588,168123,100,"Beverages, cranberry-apple juice drink, low calorie, with vitamin C added"
FNDDS-2710590,173178,100,"Beverages, Orange juice, light, No pulp"
FNDDS-2710591,174112,100,"Beverages, Apple juice drink, light, fortified with vitamin C"
FNDDS-2710592,171878,100,"Beverages, Lemonade fruit juice drink light, fortified with vitamin E and C"
FNDDS-2710593,167787,50,"Pomegranate juice, bottled"
FNDDS-2710593,175103,50,"Beverages, water, tap, municipal"
FNDDS-2710594,174173,100,"Beverages, Vegetable and fruit juice drink, reduced calorie, with low-calorie sweetener, added vitamin C"
FNDDS-2710595,174173,100,"Beverages, Vegetable and fruit juice drink, reduced calorie, with low-calorie sweetener, added vitamin C"
FNDDS-2710596,167681,1,"Beverages, fruit-flavored drink, dry powdered mix, low calorie, with aspartame"
FNDDS-2710596,173647,99,"Beverages, water, tap, drinking"
FNDDS-2710597,173647,236.8,"Beverages, water, tap, drinking"
FNDDS-2710597,167681,4,"Beverages, fruit-flavored drink, dry powdered mix, low calorie, with aspartame"
FNDDS-2710598,173647,99,"Beverages, water, tap, drinking"
FNDDS-2710598,167681,1,"Beverages, fruit-flavored drink, dry powdered mix, low calorie, with aspartame"
FNDDS-2710599,167681,4,"Beverages, fruit-flavored drink, dry powdered mix, low calorie, with aspartame"
FNDDS-2710599,173647,474,"Beverages, water, tap, drinking"
FNDDS-2710600,174176,100,"Beverages, fruit juice drink, reduced sugar, with vitamin E added"
FNDDS-2710601,175105,100,"Beverages, orange breakfast drink, ready-to-drink, with added nutrients"
FNDDS-2710604,169655,100,"Sugars, granulated"
FNDDS-2710604,173647,948,"Beverages, water, tap, drinking"
FNDDS-2710604,173904,20,"Cereals, oats, regular and quick, not fortified, dry"
FNDDS-2710605,171265,732,"Milk, whole, 3.25% milkfat, with added vitamin D"
FNDDS-2710605,173647,711,"Beverages, water, tap, drinking"
FNDDS-2710605,169655,200,"Sugars, granulated"
FNDDS-2710605,173904,40,"Cereals, oats, regular and quick, not fortified, dry"
FNDDS-2710606,168836,26,"Syrups, corn, dark"
FNDDS-2710606,173647,74,"Beverages, water, tap, drinking"
FNDDS-2710607,169694,28.5,"Corn flour, masa, enriched, white"
FNDDS-2710607,171265,732,"Milk, whole, 3.25% milkfat, with added vitamin D"
FNDDS-2710607,169655,200,"Sugars, granulated"
FNDDS-2710607,173647,711,"Beverages, water, tap, drinking"
FNDDS-2710607,169696,28.5,"Corn flour, masa, unenriched, white"
FNDDS-2710608,169696,28.5,"Corn flour, masa, unenriched, white"
FNDDS-2710608,170879,744,"Milk, chocolate, fluid, commercial, whole, with added vitamin A and vitamin D"
FNDDS-2710608,169655,200,"Sugars, granulated"
FNDDS-2710608,169694,28.5,"Corn flour, masa, enriched, white"
FNDDS-2710608,173647,711,"Beverages, water, tap, drinking"
FNDDS-2710609,174157,100,"Beverages, Wine, non-alcoholic"
FNDDS-2710610,174863,100,"Malt beverage, includes non-alcoholic beer"
FNDDS-2710611,174846,217,"Beverages, carbonated, ginger ale"
FNDDS-2710611,167766,4.3,"Maraschino cherries, canned, drained"
FNDDS-2710611,168088,20,"Syrups, grenadine"
FNDDS-2710612,173235,100,"Beverages, orange-flavor drink, breakfast type, powder"
FNDDS-2710613,174860,100,"Beverages, lemonade-flavor drink, powder"
FNDDS-2710614,167681,100,"Beverages, fruit-flavored drink, dry powdered mix, low calorie, with aspartame"
FNDDS-2710615,174860,100,"Beverages, lemonade-flavor drink, powder"
FNDDS-2710616,168746,100,"Alcoholic beverage, beer, regular, all"
FNDDS-2710617,168749,100,"Alcoholic beverage, beer, light"
FNDDS-2710618,171906,100,"Alcoholic beverages, beer, higher alcohol"
FNDDS-2710619,174141,100,"Alcoholic beverage, malt beer, hard lemonade"
FNDDS-2710620,171906,100,"Alcoholic beverages, beer, higher alcohol"
FNDDS-2710621,174146,100,"Beverages, AMBER, hard cider"
FNDDS-2710622,174842,50,"Beverages, carbonated, club soda"
FNDDS-2710622,174815,5,"Alcoholic beverage, distilled, all (gin, rum, vodka, whiskey) 80 proof"
FNDDS-2710622,168746,10,"Alcoholic beverage, beer, regular, all"
FNDDS-2710623,169655,45,"Sugars, granulated"
FNDDS-2710623,173647,5,"Beverages, water, tap, drinking"
FNDDS-2710623,174815,85,"Alcoholic beverage, distilled, all (gin, rum, vodka, whiskey) 80 proof"
FNDDS-2710624,169655,45,"Sugars, granulated"
FNDDS-2710624,174815,80,"Alcoholic beverage, distilled, all (gin, rum, vodka, whiskey) 80 proof"
FNDDS-2710624,170859,10,"Cream, heavy"
FNDDS-2710625,175097,100,"Alcoholic beverage, liqueur, coffee, 53 proof"
FNDDS-2710626,174852,170.5,"Beverages, carbonated, cola, regular"
FNDDS-2710626,174815,56,"Alcoholic beverage, distilled, all (gin, rum, vodka, whiskey) 80 proof"
FNDDS-2710627,175097,34.8,"Alcoholic beverage, liqueur, coffee, 53 proof"
FNDDS-2710627,174815,28,"Alcoholic beverage, distilled, all (gin, rum, vodka, whiskey) 80 proof"
FNDDS-2710627,171255,30,"Cream, fluid, half and half"
FNDDS-2710628,171610,4.297,"Sauce, worcestershire"
FNDDS-2710628,174815,56,"Alcoholic beverage, distilled, all (gin, rum, vodka, whiskey) 80 proof"
FNDDS-2710628,173472,5,"Horseradish, prepared"
FNDDS-2710628,170106,4,"Peppers, hot chili, red, raw"
FNDDS-2710628,170458,170.5,"Tomato juice, with added ingredients, from concentrate, shelf stable"
FNDDS-2710629,171903,170.5,"Cranberry juice cocktail, bottled"
FNDDS-2710629,174815,56,"Alcoholic beverage, distilled, all (gin, rum, vodka, whiskey) 80 proof"
FNDDS-2710630,174811,139.5,"Beverages, Whiskey sour mix, bottled"
FNDDS-2710630,174815,56,"Alcoholic beverage, distilled, all (gin, rum, vodka, whiskey) 80 proof"
FNDDS-2710630,168157,31,"Lime juice, canned or bottled, unsweetened"
FNDDS-2710630,169655,4.167,"Sugars, granulated"
FNDDS-2710631,169596,85,"Gelatin desserts, dry mix, prepared with water"
FNDDS-2710631,173647,177.75,"Beverages, water, tap, drinking"
FNDDS-2710631,174815,168,"Alcoholic beverage, distilled, all (gin, rum, vodka, whiskey) 80 proof"
FNDDS-2710632,174815,98,"Alcoholic beverage, distilled, all (gin, rum, vodka, whiskey) 80 proof"
FNDDS-2710632,169655,4.167,"Sugars, granulated"
FNDDS-2710632,168156,31,"Lime juice, raw"
FNDDS-2710633,171869,165,"Beverages, carbonated, tonic water"
FNDDS-2710633,174815,56,"Alcoholic beverage, distilled, all (gin, rum, vodka, whiskey) 80 proof"
FNDDS-2710637,174815,98,"Alcoholic beverage, distilled, all (gin, rum, vodka, whiskey) 80 proof"
FNDDS-2710637,173176,15,"Alcoholic beverage, wine, dessert, sweet"
FNDDS-2710638,173468,0.75,"Salt, table"
FNDDS-2710638,174811,170.5,"Beverages, Whiskey sour mix, bottled"
FNDDS-2710638,174815,56,"Alcoholic beverage, distilled, all (gin, rum, vodka, whiskey) 80 proof"
FNDDS-2710639,174157,15,"Beverages, Wine, non-alcoholic"
FNDDS-2710639,174815,98,"Alcoholic beverage, distilled, all (gin, rum, vodka, whiskey) 80 proof"
FNDDS-2710641,174528,1,"Sauce, ready-to-serve, pepper, TABASCO"
FNDDS-2710641,171610,1,"Sauce, worcestershire"
FNDDS-2710641,170458,50,"Tomato juice, with added ingredients, from concentrate, shelf stable"
FNDDS-2710641,168746,50,"Alcoholic beverage, beer, regular, all"
FNDDS-2710643,169655,4.167,"Sugars, granulated"
FNDDS-2710643,174815,84,"Alcoholic beverage, distilled, all (gin, rum, vodka, whiskey) 80 proof"
FNDDS-2710643,171869,30,"Beverages, carbonated, tonic water"
FNDDS-2710644,168155,16,"Limes, raw"
FNDDS-2710644,174842,165,"Beverages, carbonated, club soda"
FNDDS-2710644,169997,5,"Coriander (cilantro) leaves, raw"
FNDDS-2710644,174817,55.6,"Alcoholic beverage, distilled, rum, 80 proof"
FNDDS-2710644,169655,4.167,"Sugars, granulated"
FNDDS-2710645,169655,5,"Sugars, granulated"
FNDDS-2710645,174846,165,"Beverages, carbonated, ginger ale"
FNDDS-2710645,174815,56,"Alcoholic beverage, distilled, all (gin, rum, vodka, whiskey) 80 proof"
FNDDS-2710646,169097,15,"Oranges, raw, all commercial varieties"
FNDDS-2710646,167766,4.3,"Maraschino cherries, canned, drained"
FNDDS-2710646,169655,2.083,"Sugars, granulated"
FNDDS-2710646,174842,15,"Beverages, carbonated, club soda"
FNDDS-2710646,174815,56,"Alcoholic beverage, distilled, all (gin, rum, vodka, whiskey) 80 proof"
FNDDS-2710648,174815,42,"Alcoholic beverage, distilled, all (gin, rum, vodka, whiskey) 80 proof"
FNDDS-2710648,173176,15,"Alcoholic beverage, wine, dessert, sweet"
FNDDS-2710652,174815,56,"Alcoholic beverage, distilled, all (gin, rum, vodka, whiskey) 80 proof"
FNDDS-2710652,173206,170.5,"Beverages, carbonated, SPRITE, lemon-lime, without caffeine"
FNDDS-2710653,174815,56,"Alcoholic beverage, distilled, all (gin, rum, vodka, whiskey) 80 proof"
FNDDS-2710653,174811,170.5,"Beverages, Whiskey sour mix, bottled"
FNDDS-2710654,174811,170.5,"Beverages, Whiskey sour mix, bottled"
FNDDS-2710654,174815,56,"Alcoholic beverage, distilled, all (gin, rum, vodka, whiskey) 80 proof"
FNDDS-2710655,174815,56,"Alcoholic beverage, distilled, all (gin, rum, vodka, whiskey) 80 proof"
FNDDS-2710655,174842,165,"Beverages, carbonated, club soda"
FNDDS-2710656,173647,162.938,"Beverages, water, tap, drinking"
FNDDS-2710656,174815,56,"Alcoholic beverage, distilled, all (gin, rum, vodka, whiskey) 80 proof"
FNDDS-2710657,174815,56,"Alcoholic beverage, distilled, all (gin, rum, vodka, whiskey) 80 proof"
FNDDS-2710657,174852,170.5,"Beverages, carbonated, cola, regular"
FNDDS-2710658,174815,56,"Alcoholic beverage, distilled, all (gin, rum, vodka, whiskey) 80 proof"
FNDDS-2710658,175099,165,"Beverages, carbonated, low calorie, cola or pepper-type, with aspartame, contains caffeine"
FNDDS-2710659,174846,170.5,"Beverages, carbonated, ginger ale"
FNDDS-2710659,174815,56,"Alcoholic beverage, distilled, all (gin, rum, vodka, whiskey) 80 proof"
FNDDS-2710660,174852,170.5,"Beverages, carbonated, cola, regular"
FNDDS-2710660,174815,56,"Alcoholic beverage, distilled, all (gin, rum, vodka, whiskey) 80 proof"
FNDDS-2710661,175099,165,"Beverages, carbonated, low calorie, cola or pepper-type, with aspartame, contains caffeine"
FNDDS-2710661,174815,56,"Alcoholic beverage, distilled, all (gin, rum, vodka, whiskey) 80 proof"
FNDDS-2710662,169947,139.5,"Pineapple juice, canned or bottled, unsweetened, without added ascorbic acid"
FNDDS-2710662,169655,12.5,"Sugars, granulated"
FNDDS-2710662,170171,30,"Nuts, coconut cream, canned, sweetened"
FNDDS-2710662,174815,56,"Alcoholic beverage, distilled, all (gin, rum, vodka, whiskey) 80 proof"
FNDDS-2710663,174852,170.5,"Beverages, carbonated, cola, regular"
FNDDS-2710663,174815,56,"Alcoholic beverage, distilled, all (gin, rum, vodka, whiskey) 80 proof"
FNDDS-2710664,174815,56,"Alcoholic beverage, distilled, all (gin, rum, vodka, whiskey) 80 proof"
FNDDS-2710664,174842,165,"Beverages, carbonated, club soda"
FNDDS-2710665,174815,56,"Alcoholic beverage, distilled, all (gin, rum, vodka, whiskey) 80 proof"
FNDDS-2710665,171884,165,"Beverages, The COCA-COLA company, Minute Maid, Lemonade"
FNDDS-2710666,174852,170.5,"Beverages, carbonated, cola, regular"
FNDDS-2710666,174815,56,"Alcoholic beverage, distilled, all (gin, rum, vodka, whiskey) 80 proof"
FNDDS-2710667,174815,56,"Alcoholic beverage, distilled, all (gin, rum, vodka, whiskey) 80 proof"
FNDDS-2710667,175099,165,"Beverages, carbonated, low calorie, cola or pepper-type, with aspartame, contains caffeine"
FNDDS-2710668,174815,56,"Alcoholic beverage, distilled, all (gin, rum, vodka, whiskey) 80 proof"
FNDDS-2710668,173210,170,"Beverages, Energy drink, RED BULL"
FNDDS-2710669,174815,56,"Alcoholic beverage, distilled, all (gin, rum, vodka, whiskey) 80 proof"
FNDDS-2710669,173647,162.938,"Beverages, water, tap, drinking"
FNDDS-2710670,174815,56,"Alcoholic beverage, distilled, all (gin, rum, vodka, whiskey) 80 proof"
FNDDS-2710670,171869,165,"Beverages, carbonated, tonic water"
FNDDS-2710671,174815,56,"Alcoholic beverage, distilled, all (gin, rum, vodka, whiskey) 80 proof"
FNDDS-2710671,174842,150,"Beverages, carbonated, club soda"
FNDDS-2710671,167748,15.5,"Lemon juice from concentrate, canned or bottled"
FNDDS-2710671,169655,4.167,"Sugars, granulated"
FNDDS-2710672,174815,42,"Alcoholic beverage, distilled, all (gin, rum, vodka, whiskey) 80 proof"
FNDDS-2710672,175097,34.8,"Alcoholic beverage, liqueur, coffee, 53 proof"
FNDDS-2710673,171255,135,"Cream, fluid, half and half"
FNDDS-2710673,174815,28,"Alcoholic beverage, distilled, all (gin, rum, vodka, whiskey) 80 proof"
FNDDS-2710673,175097,34.8,"Alcoholic beverage, liqueur, coffee, 53 proof"
FNDDS-2710679,174811,31,"Beverages, Whiskey sour mix, bottled"
FNDDS-2710679,174815,70,"Alcoholic beverage, distilled, all (gin, rum, vodka, whiskey) 80 proof"
FNDDS-2710679,174852,124,"Beverages, carbonated, cola, regular"
FNDDS-2710681,171890,150,"Beverages, coffee, brewed, prepared with tap water"
FNDDS-2710681,174815,56,"Alcoholic beverage, distilled, all (gin, rum, vodka, whiskey) 80 proof"
FNDDS-2710681,170859,14.938,"Cream, heavy"
FNDDS-2710681,169655,4.167,"Sugars, granulated"
FNDDS-2710682,174811,170.5,"Beverages, Whiskey sour mix, bottled"
FNDDS-2710682,169655,4.167,"Sugars, granulated"
FNDDS-2710682,174817,55.6,"Alcoholic beverage, distilled, rum, 80 proof"
FNDDS-2710683,174811,170.5,"Beverages, Whiskey sour mix, bottled"
FNDDS-2710683,173468,0.75,"Salt, table"
FNDDS-2710683,174815,56,"Alcoholic beverage, distilled, all (gin, rum, vodka, whiskey) 80 proof"
FNDDS-2710684,174815,42,"Alcoholic beverage, distilled, all (gin, rum, vodka, whiskey) 80 proof"
FNDDS-2710684,171258,195,Eggnog
FNDDS-2710685,167748,15.5,"Lemon juice from concentrate, canned or bottled"
FNDDS-2710685,169655,4.167,"Sugars, granulated"
FNDDS-2710685,174842,150,"Beverages, carbonated, club soda"
FNDDS-2710685,174815,56,"Alcoholic beverage, distilled, all (gin, rum, vodka, whiskey) 80 proof"
FNDDS-2710687,174837,80,"Alcoholic beverage, wine, table, white"
FNDDS-2710687,169071,20,"Alcoholic beverage, wine, light"
FNDDS-2710688,173190,100,"Alcoholic beverage, wine, table, red"
FNDDS-2710689,174837,100,"Alcoholic beverage, wine, table, white"
FNDDS-2710690,171908,100,"Alcoholic beverages, wine, rose"
FNDDS-2710691,167723,100,"Alcoholic beverage, rice (sake)"
FNDDS-2710692,173176,100,"Alcoholic beverage, wine, dessert, sweet"
FNDDS-2710693,169071,100,"Alcoholic beverage, wine, light"
FNDDS-2710694,174141,100,"Alcoholic beverage, malt beer, hard lemonade"
FNDDS-2710697,173185,88.5,"Alcoholic beverage, wine, table, all"
FNDDS-2710697,174842,60,"Beverages, carbonated, club soda"
FNDDS-2710699,174815,100,"Alcoholic beverage, distilled, all (gin, rum, vodka, whiskey) 80 proof"
FNDDS-2710700,174815,100,"Alcoholic beverage, distilled, all (gin, rum, vodka, whiskey) 80 proof"
FNDDS-2710701,174815,100,"Alcoholic beverage, distilled, all (gin, rum, vodka, whiskey) 80 proof"
FNDDS-2710702,174815,100,"Alcoholic beverage, distilled, all (gin, rum, vodka, whiskey) 80 proof"
FNDDS-2710703,174815,100,"Alcoholic beverage, distilled, all (gin, rum, vodka, whiskey) 80 proof"
FNDDS-2710704,174815,100,"Alcoholic beverage, distilled, all (gin, rum, vodka, whiskey) 80 proof"
FNDDS-2710705,174815,100,"Alcoholic beverage, distilled, all (gin, rum, vodka, whiskey) 80 proof"
FNDDS-2710706,173647,50,"Beverages, water, tap, drinking"
FNDDS-2710706,174158,50,"Water, bottled, generic"
FNDDS-2710707,173647,100,"Beverages, water, tap, drinking"
FNDDS-2710708,174158,100,"Water, bottled, generic"
FNDDS-2710709,171926,100,"Water, non-carbonated, bottles, natural fruit flavors, sweetened with low calorie sweetener"
FNDDS-2710710,171940,100,"Water, with corn syrup and/or sugar and low calorie sweetener, fruit flavored"
FNDDS-2710711,174161,100,"Beverages, Water with added vitamins and minerals, bottles, sweetened, assorted fruit flavors"
FNDDS-2710712,173188,100,"Beverages, The COCA-COLA company, Glaceau Vitamin Water, Revive Fruit Punch, fortified"
FNDDS-2710713,172253,100,"Babyfood, water, bottled, GERBER, without added fluoride"
FNDDS-2710714,171873,100,"Beverages, chocolate drink, milk and soy based, ready to drink, fortified"
FNDDS-2710715,173169,100,"Beverages, NESTLE, Boost plus, nutritional drink, ready-to-drink"
FNDDS-2710717,174823,100,"Beverages, ABBOTT, ENSURE, Nutritional Shake, Ready-to-Drink"
FNDDS-2710718,167727,100,"Beverages, ABBOTT, ENSURE PLUS, ready-to-drink"
FNDDS-2710719,170892,100,"Nutritional supplement for people with diabetes, liquid"
FNDDS-2710720,174814,100,"Beverages, CYTOSPORT, Muscle Milk, ready-to-drink"
FNDDS-2710721,173460,50,"Protein supplement, milk based, Muscle Milk Light, powder"
FNDDS-2710721,173647,473.6,"Beverages, water, tap, drinking"
FNDDS-2710722,173171,100,"Beverages, UNILEVER, SLIMFAST, meal replacement, regular, ready-to-drink,  3-2-1 Plan"
FNDDS-2710723,173171,100,"Beverages, UNILEVER, SLIMFAST, meal replacement, regular, ready-to-drink,  3-2-1 Plan"
FNDDS-2710724,173170,100,"Beverages, SLIMFAST, Meal replacement,  High Protein Shake, Ready-To-Drink, 3-2-1 plan"
FNDDS-2710725,174823,100,"Beverages, ABBOTT, ENSURE, Nutritional Shake, Ready-to-Drink"
FNDDS-2710726,173170,100,"Beverages, SLIMFAST, Meal replacement,  High Protein Shake, Ready-To-Drink, 3-2-1 plan"
FNDDS-2710727,173169,100,"Beverages, NESTLE, Boost plus, nutritional drink, ready-to-drink"
FNDDS-2710728,173169,100,"Beverages, NESTLE, Boost plus, nutritional drink, ready-to-drink"
FNDDS-2710729,169073,100,"Beverage, instant breakfast powder, chocolate, not reconstituted"
FNDDS-2710730,169897,100,"Beverage, instant breakfast powder, chocolate, sugar-free, not reconstituted"
FNDDS-2710731,173167,100,"Beverages, ABBOTT, EAS whey protein powder"
FNDDS-2710732,174813,100,"Beverages, ABBOTT, EAS soy protein powder"
FNDDS-2710733,174181,100,"Beverages, nutritional shake mix, high protein, powder"
FNDDS-2710734,173177,100,"Beverages, Whey protein powder isolate"
FNDDS-2710735,173459,100,"Protein supplement, milk based, Muscle Milk, powder"
FNDDS-2710736,173460,100,"Protein supplement, milk based, Muscle Milk Light, powder"
FNDDS-2710740,169073,100,"Beverage, instant breakfast powder, chocolate, not reconstituted"
FNDDS-2710741,174181,100,"Beverages, nutritional shake mix, high protein, powder"
FNDDS-2710742,173180,100,"Beverages, Protein powder whey based"
FNDDS-2710743,173181,100,"Beverages, Protein powder soy based"
FNDDS-2710744,173460,100,"Protein supplement, milk based, Muscle Milk Light, powder"
FNDDS-2710745,173180,100,"Beverages, Protein powder whey based"
FNDDS-2710746,174172,100,"Beverages, Energy drink, FULL THROTTLE"
FNDDS-2710747,171935,100,"Beverages, Energy Drink, Monster, fortified with vitamins C, B2, B3, B6, B12"
FNDDS-2710748,174171,100,"Beverages, Energy drink, AMP"
FNDDS-2710749,174821,100,"Beverages, Energy Drink with carbonated water and high fructose corn syrup"
FNDDS-2710750,174821,100,"Beverages, Energy Drink with carbonated water and high fructose corn syrup"
FNDDS-2710751,173165,100,"Beverages, THE COCA-COLA COMPANY, NOS energy drink, Original, grape, loaded cherry, charged citrus, fortified with vitamins B6 and B12"
FNDDS-2710752,173210,100,"Beverages, Energy drink, RED BULL"
FNDDS-2710753,171937,100,"Beverages, Energy drink, ROCKSTAR"
FNDDS-2710754,174108,100,"Beverages,  Energy drink, Citrus"
FNDDS-2710755,171943,100,"Beverages, Energy drink, VAULT, citrus flavor"
FNDDS-2710756,173210,100,"Beverages, Energy drink, RED BULL"
FNDDS-2710757,173162,100,"Beverages, MONSTER energy drink, low carb"
FNDDS-2710758,173162,100,"Beverages, MONSTER energy drink, low carb"
FNDDS-2710759,171936,100,"Beverages, Energy drink, AMP, sugar free"
FNDDS-2710760,174822,100,"Beverages, Energy Drink, sugar free"
FNDDS-2710761,174809,100,"Beverages, THE COCA-COLA COMPANY, NOS Zero, energy drink, sugar-free with guarana, fortified with vitamins B6 and B12"
FNDDS-2710762,174816,100,"Beverages, OCEAN SPRAY, Cran-Energy, Cranberry Energy Juice Drink"
FNDDS-2710763,171870,100,"Beverages, Energy drink, RED BULL, sugar free, with added caffeine, niacin, pantothenic acid, vitamins B6 and B12"
FNDDS-2710764,171938,100,"Beverages, Energy drink, ROCKSTAR, sugar free"
FNDDS-2710765,174177,100,"Beverages, Energy drink, VAULT Zero, sugar-free, citrus flavor"
FNDDS-2710766,171870,100,"Beverages, Energy drink, RED BULL, sugar free, with added caffeine, niacin, pantothenic acid, vitamins B6 and B12"
FNDDS-2710767,171870,100,"Beverages, Energy drink, RED BULL, sugar free, with added caffeine, niacin, pantothenic acid, vitamins B6 and B12"
FNDDS-2710768,171938,50,"Beverages, Energy drink, ROCKSTAR, sugar free"
FNDDS-2710768,171870,50,"Beverages, Energy drink, RED BULL, sugar free, with added caffeine, niacin, pantothenic acid, vitamins B6 and B12"
FNDDS-2710769,173660,100,"Beverages, PEPSICO QUAKER, Gatorade, G performance O 2, ready-to-drink."
FNDDS-2710770,175108,100,"Beverages, COCA-COLA, POWERADE, lemon-lime flavored, ready-to-drink"
FNDDS-2710771,173660,100,"Beverages, PEPSICO QUAKER, Gatorade, G performance O 2, ready-to-drink."
FNDDS-2710772,174178,100,"Beverages, PEPSICO QUAKER, Gatorade G2, low calorie"
FNDDS-2710773,174113,100,"Beverages, POWERADE, Zero, Mixed Berry"
FNDDS-2710774,174178,100,"Beverages, PEPSICO QUAKER, Gatorade G2, low calorie"
FNDDS-2710775,169883,100,"Fluid replacement, electrolyte solution (include PEDIALYTE)"
FNDDS-2710776,169883,5,"Fluid replacement, electrolyte solution (include PEDIALYTE)"
FNDDS-2710776,173647,95,"Beverages, water, tap, drinking"
FNDDS-2710777,173175,100,"Beverages, Acai berry drink, fortified"
FNDDS-2710780,174038,20,"Beef, ground, 75% lean meat / 25% fat, patty, cooked, broiled"
FNDDS-2710780,169560,10,"Beef, round, top round steak, boneless, separable lean and fat, trimmed to 0"" fat, all grades, cooked, grilled"
FNDDS-2710780,171797,20,"Beef, ground, 80% lean meat / 20% fat, patty, cooked, broiled"
FNDDS-2710780,171208,10,"Beef, chuck, under blade pot roast, boneless, separable lean and fat, trimmed to 0"" fat, all grades, cooked, braised"
FNDDS-2710780,170611,10,"Beef, brisket, whole, separable lean and fat, trimmed to 0"" fat, all grades, cooked, braised"
FNDDS-2710780,169539,10,"Beef, loin, top loin, separable lean and fat, trimmed to 1/8"" fat, all grades, cooked, grilled"
FNDDS-2710780,174032,20,"Beef, ground, 85% lean meat / 15% fat, patty, cooked, broiled"
FNDDS-2710782,173625,25,"Chicken, broilers or fryers, thigh, meat and skin, cooked, roasted"
FNDDS-2710782,172388,25,"Chicken, broilers or fryers, thigh, meat only, cooked, roasted"
FNDDS-2710782,171140,50,"Chicken, broiler or fryers, breast, skinless, boneless, meat only, cooked, braised"
FNDDS-2710783,171964,75,"Fish, haddock, raw"
FNDDS-2710783,175130,25,"Fish, pollock, raw"
FNDDS-2710786,167532,5,"Bread, white wheat"
FNDDS-2710786,172688,35,"Bread, whole-wheat, commercially prepared"
FNDDS-2710786,172684,5,"Bread, rye"
FNDDS-2710786,172686,45,"Bread, wheat"
FNDDS-2710786,168013,10,"Bread, multi-grain (includes whole-grain)"
FNDDS-2710787,172688,35,"Bread, whole-wheat, commercially prepared"
FNDDS-2710787,167532,5,"Bread, white wheat"
FNDDS-2710787,172686,45,"Bread, wheat"
FNDDS-2710787,168013,10,"Bread, multi-grain (includes whole-grain)"
FNDDS-2710787,172684,5,"Bread, rye"
FNDDS-2710789,169703,90,"Rice, brown, long grain, unenriched, raw"
FNDDS-2710789,173647,220,"Beverages, water, tap, drinking"
FNDDS-2710791,168462,100,"Spinach, mature"
FNDDS-2710792,170379,100,"Broccoli, raw"
FNDDS-2710793,170393,100,"Carrots, mature, raw"
FNDDS-2710795,170457,100,"Tomatoes, red, ripe, raw, year round average"
FNDDS-2710796,170000,100,"Onions, raw"
FNDDS-2710798,170427,100,"Peppers, bell, green, raw"
FNDDS-2710799,170108,100,"Peppers, bell, red, raw"
FNDDS-2710800,169975,100,"Cabbage, green, raw"
FNDDS-2710801,169986,100,"Cauliflower, raw"
FNDDS-2710802,169228,100,"Eggplant, raw"
FNDDS-2710803,169961,100,"Beans, snap, green, raw"
FNDDS-2710804,169291,50,"Squash, summer, zucchini, includes skin, raw"
FNDDS-2710804,168464,50,"Squash, summer, crookneck and straightneck, raw"
FNDDS-2710805,169988,100,"Celery, raw"
FNDDS-2710813,171009,30,"Salad dressing, mayonnaise, regular"
FNDDS-2710813,172234,10,"Mustard, prepared, yellow"
FNDDS-2710813,168556,60,Catsup
FNDDS-2710814,171042,25,"Oil, industrial, canola, high oleic"
FNDDS-2710814,171440,25,"Oil, industrial, soy, fully hydrogenated"
FNDDS-2710814,171438,25,"Oil, industrial, soy, low linolenic"
FNDDS-2710814,171439,25,"Oil, industrial, soy, ultra low linolenic"
