id,name_vi,aliases,category,kcal_100g,protein_g,carb_g,fat_g,fiber_g,sugar_g,na_mg,k_mg,p_mg,purine_mg,purine_source_ref,gi_index,gi_source,gi_source_ref,contains_allergens,source,source_ref,thai_bo_pct,is_estimated
1,Gạo tẻ (sống),gạo trắng,ngũ cốc,347,8.1,75.7,1.3,0.7,0.12,5,202,108,32.6,"USDA/ODS-NIH Purine DB R2.0 (2025) — Rice, white, raw. Gạo tẻ (sống). Mức tin cậy: khớp trực tiếp.",,,,,NIN,"NIN Bảng TPTP VN (mã 1003) | sugar_g = 0.12 g/100 g tra chéo từ USDA FoodData Central fdcId:168877 'Rice, white, long-grain, regular, raw, enriched' [R2 CHỐT 2026-08-18 (DAT-28): chỉ bổ sung cột đường, các chỉ số khác giữ nguyên nguồn gốc. Ánh xạ được XÁC MINH bằng đối chiếu mô tả USDA trả về, không đoán fdcId — bản đầu của scripts/tra_sugar_g_usda.py hardcode id theo trí nhớ và sai 4/8 dòng (rau muống ra Asparagus, bí xanh ra Cucumber), nên nay bắt buộc tìm-rồi-đối-chiếu. ⚠️ Hạn chế đã biết: carb_g của dòng này từ bảng NIN còn sugar_g từ USDA — hai bảng đo giống/điều kiện khác nhau nên tỷ lệ đường/carb có thể lệch so với tỷ lệ nội bộ của USDA. Ràng buộc sugar_g <= carb_g vẫn được validate_data.py kiểm.]",0,FALSE
2,Cơm tẻ,cơm trắng,ngũ cốc,133.46,3.12,29.12,0.5,0.27,,1.92,77.69,41.54,5.9,"USDA/ODS-NIH Purine DB R2.0 (2025) — Rice, white, cooked. Cơm tẻ. Mức tin cậy: khớp trực tiếp.",109,Chan2001_VN,"Chan HMS et al. 2001, Eur J Clin Nutr 55:1076-1083, Table 2 — Jasmine rice long grain; glucose=100, n=12",,estimated,Cơm chín ước tính từ gạo tẻ sống (NIN 1003) × 1/2.6 (hệ số nở khi nấu),,TRUE
3,Gạo lứt,gạo nâu,ngũ cốc,359,7.5,76.18,2.68,3.4,,5,202,246,,,65,Atkinson2021,"Atkinson FS et al. 2021, Am J Clin Nutr 114:1625-1632, tr.1629 — trung bình brown rice = 65; glucose=100",,NIN,NIN Bảng TPTP VN (mã 1005),0,FALSE
4,Bún tươi,,ngũ cốc,110,2.0,25.0,0.2,0.5,0.03,5,10,30,5.9,"USDA/ODS-NIH Purine DB R2.0 (2025) — Rice, white, cooked. Bún tươi. Mức tin cậy: thay thế gần. bún tươi = sợi gạo đã hồ hoá, cùng nền gạo chín.",40,Chan2001_VN,"Chan HMS et al. 2001, Eur J Clin Nutr 55:1076-1083, Table 2 — Rice noodles, fresh; glucose=100, n=12",,estimated,"Ước tính bún gạo tươi (tham chiếu USDA 'Rice noodles, cooked'); sugar_g tra chéo từ USDA FDC fdcId:168914 'Rice noodles, cooked' (khớp loài/dạng chế biến, số liệu chính vẫn từ nguồn gốc estimated)",,TRUE
5,Bánh phở tươi,,ngũ cốc,110,2.0,25.0,0.2,0.5,0.03,5,10,30,5.9,"USDA/ODS-NIH Purine DB R2.0 (2025) — Rice, white, cooked. Bánh phở tươi. Mức tin cậy: thay thế gần. bánh phở tươi = sợi gạo đã hồ hoá, cùng nền gạo chín.",40,Chan2001_VN,"Chan HMS et al. 2001, Eur J Clin Nutr 55:1076-1083, Table 2 — Rice noodles, fresh; glucose=100, n=12",,estimated,"Ước tính bánh phở gạo tươi (tham chiếu USDA 'Rice noodles, cooked'); sugar_g tra chéo từ USDA FDC fdcId:168914 'Rice noodles, cooked' (khớp loài/dạng chế biến, số liệu chính vẫn từ nguồn gốc estimated)",,TRUE
6,Miến dong,,ngũ cốc,338,0.6,83.7,0.1,1.5,0,10,10,120,0.6,"USDA/ODS-NIH Purine DB R2.0 (2025) — Gelatin noodle (dried). Miến dong. Mức tin cậy: khớp trực tiếp. miến dong = miến sợi tinh bột, đúng loại.",39,estimated,Ước tính từ Chan HMS et al. 2001 (Mung bean noodles GI 39),,NIN,"Bảng TPTP VN 2017, mã 02015, tr.32; Na/K bổ sung từ USDA FDC fdcId:174258 (cellophane noodles, dehydrated); sugar_g tra chéo từ USDA FDC fdcId:174258 'Noodles, chinese, cellophane or long rice (mung beans), dehydrated' (khớp loài/dạng chế biến, số liệu chính vẫn từ nguồn gốc NIN)",0,FALSE
7,Bánh mì,,ngũ cốc,267,9.43,49.2,3.59,2.3,5.34,450,117,113,12.2,"USDA/ODS-NIH Purine DB R2.0 (2025) — Bread, white. Bánh mì. Mức tin cậy: khớp trực tiếp.",59,Atkinson2021,"Atkinson et al. 2021, AJCN Suppl. Table 1 (#235-236) — White bread, UK/USA 2006-2011, GI 59-60; glucose=100",gluten,USDA,"USDA FDC (FNDDS/WWEIA Survey Foods) fdcId:2707598, foodCode 51101000, ""Bread, white""",,FALSE
10,Xôi trắng,,ngũ cốc,183.16,4.53,39.53,0.79,0.32,,1.58,148.42,51.58,5.9,"USDA/ODS-NIH Purine DB R2.0 (2025) — Rice, white, cooked. Xôi trắng. Mức tin cậy: thay thế gần. xôi = gạo nếp đồ chín; bảng chỉ có gạo tẻ chín.",94,Chan2001_VN,"Chan HMS et al. 2001, Eur J Clin Nutr 55:1076-1083, Table 2 — Glutinous rice; glucose=100, n=12",,estimated,Xôi ước tính từ gạo nếp sống (NIN 1001) × 1/1.9 (nở ít hơn cơm),,TRUE
11,Khoai lang,,ngũ cốc,124,0.8,29.8,0.2,1.3,4.18,31,210,49.4,17.0,"USDA/ODS-NIH Purine DB R2.0 (2025) — Sweet potato, raw [Japan]. Khoai lang. Đo trên mẫu Nhật Bản.",77,Atkinson2021,"Atkinson et al. 2021, AJCN Suppl. Table 1 — Sweet potato (kumara), cooking method NS, New Zealand 2000, GI 77±12; glucose=100",,NIN,"NIN Bảng TPTP VN (mã 2008) | sugar_g = 4.18 g/100 g tra chéo từ USDA FoodData Central fdcId:168482 'Sweet potato, raw, unprepared' [R2 CHỐT 2026-08-18 (DAT-28): chỉ bổ sung cột đường, các chỉ số khác giữ nguyên nguồn gốc. Ánh xạ được XÁC MINH bằng đối chiếu mô tả USDA trả về, không đoán fdcId — bản đầu của scripts/tra_sugar_g_usda.py hardcode id theo trí nhớ và sai 4/8 dòng (rau muống ra Asparagus, bí xanh ra Cucumber), nên nay bắt buộc tìm-rồi-đối-chiếu. ⚠️ Hạn chế đã biết: carb_g của dòng này từ bảng NIN còn sugar_g từ USDA — hai bảng đo giống/điều kiện khác nhau nên tỷ lệ đường/carb có thể lệch so với tỷ lệ nội bộ của USDA. Ràng buộc sugar_g <= carb_g vẫn được validate_data.py kiểm.]",17,FALSE
12,Khoai tây,,ngũ cốc,96,2,21.93,0.07,1,,7,396,50,6.5,"USDA/ODS-NIH Purine DB R2.0 (2025) — Potato, raw [Japan]. Khoai tây. Đo trên mẫu Nhật Bản.",73,Atkinson2021,"Atkinson FS et al. 2021, Am J Clin Nutr 114:1625-1632, tr.1628 — boiled potatoes = 73; glucose=100",,NIN,NIN Bảng TPTP VN (mã 2014),13,FALSE
13,Khoai môn,,ngũ cốc,113,1.5,26.4,0.2,1.2,0.4,11,591,44,1.8,USDA/ODS-NIH Purine DB R2.0 (2025) — Taro [Japan]. Khoai môn/khoai sọ. Đo trên mẫu Nhật Bản.,,,,,NIN,"Bảng TPTP VN 2017, mã 02010, tr.30; Na/K bổ sung từ USDA FDC fdcId:169308 (Taro, raw) | sugar_g = 0.4 g/100 g tra chéo từ USDA FoodData Central fdcId:taro raw 'Taro, raw' [R2 CHỐT 2026-08-18 (DAT-28): chỉ bổ sung cột đường, nguồn của các chỉ số còn lại giữ nguyên như ghi ở trên. Ánh xạ do R2 đối chiếu tay từng dòng, không khớp tên tự động.]",14,FALSE
15,Ngô luộc,bắp|bắp luộc,ngũ cốc,172,3.9,34.1,2.2,1.2,,1,218,146,,,52,Atkinson2021,"Atkinson et al. 2021, AJCN Suppl. Table 1 (#558-559) — Sweet corn, cooked, trung bình (51 AUS / 55 CHN); glucose=100",,NIN,"Bảng TPTP VN 2017, mã 01023, tr.26 (tên: Ngô nếp luộc); Na/K bổ sung từ USDA FDC fdcId:169999 (corn, boiled, without salt)",50,FALSE
16,Bột mì,,ngũ cốc,347,11,73.2,1.1,0.3,0.27,4,186,132,11.5,"USDA/ODS-NIH Purine DB R2.0 (2025) — Whole-grain wheat flour. Bột mì. Mức tin cậy: thay thế gần. bột mì TRẮNG, bảng chỉ có bột mì nguyên cám.",,,,gluten,NIN,"NIN Bảng TPTP VN (mã 1018); sugar_g tra chéo từ USDA FDC fdcId:169761 'Wheat flour, white, all-purpose, unenriched' (khớp loài/dạng chế biến, số liệu chính vẫn từ nguồn gốc NIN)",0,FALSE
17,Yến mạch,,ngũ cốc,389,16.89,66.27,6.9,10.6,,2,429,523,,,55,Atkinson2021,"Atkinson FS et al. 2021, Am J Clin Nutr 114:1625-1632, tr.1629 — sản phẩm yến mạch/oat flakes trung bình 55; glucose=100",gluten,USDA,"Khớp chéo ngôn ngữ (không phải khớp trực tiếp) — USDA FoodData Central 'Oats (Includes foods for USDA's Food Distribution Program)' (fdcId:169705), lý do khớp: yến mạch = oats, khớp trực tiếp. CẦN R2 xác nhận độ phù hợp trước khi dùng cho bệnh nhân.",,TRUE
18,Cháo trắng,,ngũ cốc,49.57,1.16,10.81,0.19,0.1,,0.71,28.86,15.43,5.9,"USDA/ODS-NIH Purine DB R2.0 (2025) — Rice, white, cooked. Cháo trắng. Mức tin cậy: thay thế gần. cháo loãng hơn cơm nên trị thật THẤP hơn; giữ mức cơm là ước lượng CAO, an toàn cho trần purine.",,,,,estimated,Cháo trắng ước tính từ gạo tẻ sống (NIN 1003) × 1/7 (loãng),,TRUE
19,Thịt lợn nạc,thịt heo nạc,thịt,139,19,0,7,0,0,76,341,190,237.2,"USDA/ODS-NIH Purine DB R2.0 (2025) — Pork loin, boneless, skinless, raw [USA]",,,,,NIN,"NIN Bảng TPTP VN (mã 7017); sugar_g tra chéo từ USDA FDC fdcId:168249 'Pork, loin, tenderloin, separable lean only, raw' (khớp loài/dạng chế biến, số liệu chính vẫn từ nguồn gốc NIN)",2,FALSE
20,Thịt lợn ba chỉ,thịt heo ba rọi|thịt heo ba chỉ,thịt,518,9.34,0,53.01,0,0,32,185,108,,,,,,,USDA,"Khớp chéo ngôn ngữ (không phải khớp trực tiếp) — USDA FoodData Central 'Pork, fresh, belly, raw' (fdcId:167812), lý do khớp: ba chỉ = pork belly, khớp trực tiếp. CẦN R2 xác nhận độ phù hợp trước khi dùng cho bệnh nhân.; thải bỏ 2% tra CHÉO từ NIN mã 7018 'Pork, medium fat'; sugar_g từ USDA FDC fdcId:167812 'Total Sugars'",2,TRUE
21,Thịt bò thăn,,thịt,118,21,0,3.8,0,0,83,378,226,156.6,"USDA/ODS-NIH Purine DB R2.0 (2025) — Beef chuck roast, boneless, choice, raw [USA]",,,,,NIN,"NIN Bảng TPTP VN (mã 7003); sugar_g tra chéo từ USDA FDC fdcId:173109 'Beef, New Zealand, imported, tenderloin, separable lean only, raw' (khớp loài/dạng chế biến, số liệu chính vẫn từ nguồn gốc NIN)",2,FALSE
22,Thịt bò bắp,,thịt,122,21.75,0,3.85,0,0,63,387,204,106.4,"USDA/ODS-NIH Purine DB R2.0 (2025) — Beef shin, raw [Japan]. Thịt bò bắp (phần bắp/ống chân) — 'shin' là phần thịt tương đương trong butchery Anh. Đo trên mẫu Nhật Bản.",,,,,NIN,"NIN Bảng TPTP VN (mã 7094) | sugar_g = 0 [R2 CHỐT 2026-08-18 (DAT-28): SUY RA TẤT YẾU, không phải tra cứu mới — carb_g = 0 ở chính dòng này, mà đường là một phần của carbohydrate tổng nên sugar_g không thể lớn hơn 0. Ràng buộc sugar_g <= carb_g đã được scripts/validate_data.py kiểm tra. Nguồn của carb_g giữ nguyên như ghi ở trên, dòng này không thêm nguồn mới.]",,FALSE
24,"Thịt gà (đùi, có da)",,thịt,221,16.52,0.25,16.61,0,0,81,204,157,141.7,"USDA/ODS-NIH Purine DB R2.0 (2025) — Chicken thigh, raw. Thịt gà (đùi, có da). Mức tin cậy: khớp trực tiếp.",,,,,USDA,"Khớp chéo ngôn ngữ (không phải khớp trực tiếp) — USDA FoodData Central 'Chicken, broilers or fryers, thigh, meat and skin, raw' (fdcId:172385), lý do khớp: đùi gà có da = chicken thigh, meat and skin, khớp trực tiếp cả bộ phận lẫn trạng thái da. CẦN R2 xác nhận độ phù hợp trước khi dùng cho bệnh nhân.; sugar_g từ USDA FDC fdcId:172385 'Total Sugars'",,TRUE
25,Thịt vịt,,thịt,267,17.8,0,21.8,0,0,63,209,145,,,,,,,NIN,"NIN Bảng TPTP VN (mã 7028) | sugar_g = 0 [R2 CHỐT 2026-08-18 (DAT-28): SUY RA TẤT YẾU, không phải tra cứu mới — carb_g = 0 ở chính dòng này, mà đường là một phần của carbohydrate tổng nên sugar_g không thể lớn hơn 0. Ràng buộc sugar_g <= carb_g đã được scripts/validate_data.py kiểm tra. Nguồn của carb_g giữ nguyên như ghi ở trên, dòng này không thêm nguồn mới.]",55,FALSE
26,Gan lợn,gan heo,thịt,116,18.8,2,3.6,0,,110,447,353,289,"USDA/ODS-NIH Purine DB R2.0 (2025) — Pork, liver, raw [USA]",,,,,NIN,NIN Bảng TPTP VN (mã 7041),0,FALSE
27,Lòng lợn,lòng heo,thịt,231,12.4,0.0,20.2,0.0,0,325,14,65,,,,,,,estimated,"USDA FDC (FNDDS/WWEIA Survey Foods) fdcId:2706163, foodCode 25170210, ""Chitterlings"" — lòng lợn kiểu chế biến phương Tây (thường chiên/nấu nhiều mỡ), KHÔNG phải lòng luộc kiểu Việt — dùng tạm làm proxy, chất béo có thể cao hơn thực tế món luộc | sugar_g = 0 [R2 CHỐT 2026-08-18 (DAT-28): SUY RA TẤT YẾU, không phải tra cứu mới — carb_g = 0 ở chính dòng này, mà đường là một phần của carbohydrate tổng nên sugar_g không thể lớn hơn 0. Ràng buộc sugar_g <= carb_g đã được scripts/validate_data.py kiểm tra. Nguồn của carb_g giữ nguyên như ghi ở trên, dòng này không thêm nguồn mới.]",,TRUE
28,Tim lợn,tim heo,thịt,94,15.1,1.2,3.2,0,,56,294,213,119.2,"USDA/ODS-NIH Purine DB R2.0 (2025) — Pork heart, raw [Japan]. Tim lợn. Đo trên mẫu Nhật Bản.",,,,,NIN,NIN Bảng TPTP VN (mã 7057),6,FALSE
31,Nem chua,,thịt,125,20.7,3.2,3.3,0,,476,194,78,,,,,,,NIN,NIN Bảng TPTP VN (mã 7073),0,FALSE
32,Xúc xích,,thịt,535,27.2,0,47.4,0,0,287,219,139,49.9,"USDA/ODS-NIH Purine DB R2.0 (2025) — Frankfurter [Japan]. Xúc xích — PROXY, dao động RỘNG tuỳ loại/thành phần: 49.9 (Nhật) đến 114.9-169.5 (Bắc Mỹ, bò/thịt hỗn hợp). Dùng giá trị thấp nhất tìm được, KHÔNG đại diện mọi loại xúc xích.",,,,,NIN,"NIN Bảng TPTP VN (mã 7077) | sugar_g = 0 [R2 CHỐT 2026-08-18 (DAT-28): SUY RA TẤT YẾU, không phải tra cứu mới — carb_g = 0 ở chính dòng này, mà đường là một phần của carbohydrate tổng nên sugar_g không thể lớn hơn 0. Ràng buộc sugar_g <= carb_g đã được scripts/validate_data.py kiểm tra. Nguồn của carb_g giữ nguyên như ghi ở trên, dòng này không thêm nguồn mới.]",2,FALSE
33,Trứng gà,,trứng,150,12.96,1.25,10.33,0,0.77,158,176,210,0.0,"USDA/ODS-NIH Purine DB R2.0 (2025) — Egg, chicken, raw [Japan]. Trứng gà nguyên quả. Đo trên mẫu Nhật Bản.",,,,trứng,NIN,NIN Bảng TPTP VN (mã 9001),14,FALSE
34,Trứng vịt,,trứng,172,13.02,2.94,12.02,0,0.93,191,258,210,0,"USDA/ODS-NIH Purine DB R2.0 (2025) — Egg, chicken, raw. Trứng vịt. Mức tin cậy: thay thế gần. trứng vịt ≈ trứng gà; phần ăn được của trứng không có nhân tế bào.",,,,trứng,NIN,NIN Bảng TPTP VN (mã 9004),12,FALSE
35,Trứng vịt lộn,,trứng,182,13.6,4,12.4,0,,94,131,212,,,,,,trứng,NIN,NIN Bảng TPTP VN (mã 9010),12,FALSE
36,Trứng cút,,trứng,157,12.78,2.89,10.47,0,0.41,141,132,226,0.0,"USDA/ODS-NIH Purine DB R2.0 (2025) — Egg, quail, raw [Japan]. Trứng cút nguyên quả. Đo trên mẫu Nhật Bản.",,,,trứng,NIN,NIN Bảng TPTP VN (mã 9007),11,FALSE
38,Cá rô phi,,thủy sản,96.0,20.1,0.0,1.7,0.0,0.0,52.0,302,170,,,,,,cá,USDA,USDA FDC fdcId:175176,,FALSE
39,Cá chép,,thủy sản,96,16,0,3.6,0,0,49,397,184,103.2,"USDA/ODS-NIH Purine DB R2.0 (2025) — Carp, raw [Japan]. Cá chép. Đo trên mẫu Nhật Bản.",,,,cá,NIN,"NIN Bảng TPTP VN (mã 8003) | sugar_g = 0 [R2 CHỐT 2026-08-18 (DAT-28): SUY RA TẤT YẾU, không phải tra cứu mới — carb_g = 0 ở chính dòng này, mà đường là một phần của carbohydrate tổng nên sugar_g không thể lớn hơn 0. Ràng buộc sugar_g <= carb_g đã được scripts/validate_data.py kiểm tra. Nguồn của carb_g giữ nguyên như ghi ở trên, dòng này không thêm nguồn mới.]",40,FALSE
40,Cá basa,cá tra,thủy sản,119,15.2,0,5.94,0,0,98,302,204,205.2,"USDA/ODS-NIH Purine DB R2.0 (2025) — Catfish, farmed, raw [USA]. Cá basa (Pangasius) — PROXY cùng bộ cá da trơn (Siluriformes) nhưng khác loài (catfish Mỹ = Ictalurus punctatus). Cần R2 xác nhận độ phù hợp.",,,,cá,NIN,"NIN Bảng TPTP VN (mã 8092) | sugar_g = 0 [R2 CHỐT 2026-08-18 (DAT-28): SUY RA TẤT YẾU, không phải tra cứu mới — carb_g = 0 ở chính dòng này, mà đường là một phần của carbohydrate tổng nên sugar_g không thể lớn hơn 0. Ràng buộc sugar_g <= carb_g đã được scripts/validate_data.py kiểm tra. Nguồn của carb_g giữ nguyên như ghi ở trên, dòng này không thêm nguồn mới.]",,FALSE
41,Cá thu,,thủy sản,166,18.2,0,10.3,0,0,110,486,90,194,"USDA/ODS-NIH Purine DB R2.0 (2025) — Mackerel, raw (unspecified) [USA]",,,,cá,NIN,"NIN Bảng TPTP VN (mã 8026) | sugar_g = 0 [R2 CHỐT 2026-08-18 (DAT-28): SUY RA TẤT YẾU, không phải tra cứu mới — carb_g = 0 ở chính dòng này, mà đường là một phần của carbohydrate tổng nên sugar_g không thể lớn hơn 0. Ràng buộc sugar_g <= carb_g đã được scripts/validate_data.py kiểm tra. Nguồn của carb_g giữ nguyên như ghi ở trên, dòng này không thêm nguồn mới.]",35,FALSE
42,Cá ngừ,,thủy sản,87,21,0,0.3,0,0,78,518,206,157.2,"USDA/ODS-NIH Purine DB R2.0 (2025) — Tuna, raw (unspecified) [Japan]",,,,cá,NIN,"NIN Bảng TPTP VN (mã 8019) | sugar_g = 0 [R2 CHỐT 2026-08-18 (DAT-28): SUY RA TẤT YẾU, không phải tra cứu mới — carb_g = 0 ở chính dòng này, mà đường là một phần của carbohydrate tổng nên sugar_g không thể lớn hơn 0. Ràng buộc sugar_g <= carb_g đã được scripts/validate_data.py kiểm tra. Nguồn của carb_g giữ nguyên như ghi ở trên, dòng này không thêm nguồn mới.]",42,FALSE
43,Cá nục,,thủy sản,111,20.2,0,3.3,0,0,104,383,160,,,,,,cá,NIN,"NIN Bảng TPTP VN (mã 8020) | sugar_g = 0 [R2 CHỐT 2026-08-18 (DAT-28): SUY RA TẤT YẾU, không phải tra cứu mới — carb_g = 0 ở chính dòng này, mà đường là một phần của carbohydrate tổng nên sugar_g không thể lớn hơn 0. Ràng buộc sugar_g <= carb_g đã được scripts/validate_data.py kiểm tra. Nguồn của carb_g giữ nguyên như ghi ở trên, dòng này không thêm nguồn mới.]",,FALSE
44,Cá trích,,thủy sản,166,17.7,0,10.6,0,0,160,423,174,139.2,"USDA/ODS-NIH Purine DB R2.0 (2025) — Herring, raw [Japan]",,,,cá,NIN,"NIN Bảng TPTP VN (mã 8031) | sugar_g = 0 [R2 CHỐT 2026-08-18 (DAT-28): SUY RA TẤT YẾU, không phải tra cứu mới — carb_g = 0 ở chính dòng này, mà đường là một phần của carbohydrate tổng nên sugar_g không thể lớn hơn 0. Ràng buộc sugar_g <= carb_g đã được scripts/validate_data.py kiểm tra. Nguồn của carb_g giữ nguyên như ghi ở trên, dòng này không thêm nguồn mới.]",35,FALSE
45,Cá hồi,,thủy sản,136,22,0,5.3,0,0,46,423,230,250,"USDA/ODS-NIH Purine DB R2.0 (2025) — Salmon, mixed species, raw [USA]",,,,cá,NIN,"NIN Bảng TPTP VN (mã 8011) | sugar_g = 0 [R2 CHỐT 2026-08-18 (DAT-28): SUY RA TẤT YẾU, không phải tra cứu mới — carb_g = 0 ở chính dòng này, mà đường là một phần của carbohydrate tổng nên sugar_g không thể lớn hơn 0. Ràng buộc sugar_g <= carb_g đã được scripts/validate_data.py kiểm tra. Nguồn của carb_g giữ nguyên như ghi ở trên, dòng này không thêm nguồn mới.]",40,FALSE
47,Tôm biển,,thủy sản,82,17.6,0.9,0.9,0,,148,185,184,166.5,"USDA/ODS-NIH Purine DB R2.0 (2025) — Shrimp, raw (unspecified) [Japan]",,,,hải sản,NIN,NIN Bảng TPTP VN (mã 8051),54,FALSE
48,Tôm sú,,thủy sản,90,17.2,1.15,1.28,0.0,0,248,143,308,166.5,"USDA/ODS-NIH Purine DB R2.0 (2025) — Shrimp, raw (unspecified) [Japan]",,,,hải sản,USDA,"USDA FDC (FNDDS/WWEIA Survey Foods) fdcId:2706363, foodCode 26319130, ""Shrimp, steamed or boiled"" — tôm chung, không phân biệt loài tôm sú cụ thể; sugar_g từ USDA FDC fdcId:2706363 'Total Sugars'",,FALSE
49,Cua đồng,,thủy sản,87,12.3,2,3.3,0,,453,266,171,136.5,"USDA/ODS-NIH Purine DB R2.0 (2025) — Crab, snow, raw [Japan]",,,,hải sản,NIN,"Viện Dinh dưỡng - Bộ Y tế, 'Bảng thành phần thực phẩm Việt Nam / Vietnamese Food Composition Table', NXB Y học; bản PDF do FAO lưu trữ (fao.org/fileadmin/templates/food_composition/documents/pdf/VTN_FCT_2007.pdf), mã 8034 'Cua đồng / Crab, fresh water' (STT 394). Sửa 2026-08-15: Na 1484->453, K 27->266 — mọi trường khác của dòng này ĐÃ khớp đúng mã 8034 (protein 12.3, lipid 3.3, glucid 2.0, P 171, kcal 87), chỉ riêng 2 ô Na/K sai. Hệ quả trước khi sửa: BUN-RIEU-VCB cộng 5.936 mg natri chỉ từ 400g cua, gấp 3 lần trần ngày",69,FALSE
50,Ghẹ,,thủy sản,54,11.9,0,0.7,0,0,293,329,229,136.5,"USDA/ODS-NIH Purine DB R2.0 (2025) — Crab, snow, raw [Japan]",,,,hải sản,NIN,"NIN Bảng TPTP VN (mã 8035) | sugar_g = 0 [R2 CHỐT 2026-08-18 (DAT-28): SUY RA TẤT YẾU, không phải tra cứu mới — carb_g = 0 ở chính dòng này, mà đường là một phần của carbohydrate tổng nên sugar_g không thể lớn hơn 0. Ràng buộc sugar_g <= carb_g đã được scripts/validate_data.py kiểm tra. Nguồn của carb_g giữ nguyên như ghi ở trên, dòng này không thêm nguồn mới.]",68,FALSE
51,Mực tươi,,thủy sản,73,16.3,0,0.9,0,0,44,273,150,135,"USDA/ODS-NIH Purine DB R2.0 (2025) — Squid, raw (unspecified) [USA]",,,,hải sản,NIN,"NIN Bảng TPTP VN (mã 8040) | sugar_g = 0 [R2 CHỐT 2026-08-18 (DAT-28): SUY RA TẤT YẾU, không phải tra cứu mới — carb_g = 0 ở chính dòng này, mà đường là một phần của carbohydrate tổng nên sugar_g không thể lớn hơn 0. Ràng buộc sugar_g <= carb_g đã được scripts/validate_data.py kiểm tra. Nguồn của carb_g giữ nguyên như ghi ở trên, dòng này không thêm nguồn mới.]",22,FALSE
52,Ngao,nghêu,thủy sản,86.0,14.7,3.57,0.96,0.0,0.0,601,46.0,198,136,"USDA/ODS-NIH Purine DB R2.0 (2025) — Clams, raw [USA]",,,,hải sản,USDA,USDA FDC fdcId:174214,,FALSE
53,Hến,,thủy sản,45,4.5,5.1,0.7,0,,86,54,86,145.4,"USDA/ODS-NIH Purine DB R2.0 (2025) — Clams, raw [Japan]. Hến — PROXY nhóm ngao/hến nói chung (dải 110.2 Trung Quốc - 145.4 Nhật - 136.0 Bắc Mỹ), không phải đúng loài hến VN.",,,,hải sản,NIN,NIN Bảng TPTP VN (mã 8037),82,FALSE
55,Đậu phụ,đậu hũ|tàu hũ,đậu,97,10.9,1.1,5.4,0.4,,7,121,85,31.1,"USDA/ODS-NIH Purine DB R2.0 (2025) — Tofu, raw (nigari) [Japan]",,,,đậu nành,NIN,NIN Bảng TPTP VN (mã 3025),0,FALSE
56,Đậu phụ chiên,,đậu,270,18.82,8.86,20.18,3.9,2.72,16,146,287,54.4,"USDA/ODS-NIH Purine DB R2.0 (2025) — Tofu, deep-fried. Đậu phụ chiên. Mức tin cậy: khớp trực tiếp.",,,,đậu nành,USDA,"Khớp chéo ngôn ngữ (không phải khớp trực tiếp) — USDA FoodData Central 'Tofu, fried' (fdcId:172451), lý do khớp: đậu phụ chiên = fried tofu, khớp trực tiếp. CẦN R2 xác nhận độ phù hợp trước khi dùng cho bệnh nhân.; sugar_g từ USDA FDC fdcId:172451 'Total Sugars'",,TRUE
57,Sữa đậu nành,,đậu,29,3.1,0.5,1.6,0.1,,55,124,36,21.91,USDA/ODS-NIH Purine DB R2.0 (2025) — Soy milk [Japan]. Sữa đậu nành. Đo trên mẫu Nhật Bản.,,,,đậu nành,NIN,NIN Bảng TPTP VN (mã 3032),0,FALSE
58,Đậu xanh,,đậu,346,23.4,57.8,2.4,4.7,6.6,6,1132,377,,,42,Atkinson2021,"Atkinson et al. 2021, AJCN Suppl. Table 1 (#1302) — Mung bean, pressure cooked, Australia 1998, GI 42±5; glucose=100",,NIN,"NIN Bảng TPTP VN (mã 3010) | sugar_g = 6,6 g/100 g tra chéo từ USDA FoodData Central fdcId:174256 'Mung beans, mature seeds, raw' [R2 CHỐT 2026-08-18 (DAT-28): ánh xạ xác minh bằng đối chiếu mô tả USDA trả về. Đậu xanh là nguyên liệu được NHIỀU MÓN DÙNG NHẤT trong nhóm còn thiếu (13 món). Hạn chế đã biết: carb_g từ NIN, sugar_g từ USDA — hai bảng đo giống khác nhau; ràng buộc sugar_g <= carb_g vẫn được validate_data.py kiểm.]",2,FALSE
59,Đậu đen,,đậu,341,21.6,62.4,1.42,15.5,2.12,5.0,1480.0,352,,,,,,,USDA,USDA FDC fdcId:173734,,FALSE
60,Đậu đỏ,,đậu,329,19.9,62.9,0.53,12.7,,5.0,1250.0,381,,,,,,,USDA,USDA FDC fdcId:173727,,FALSE
61,Đậu tương hạt,đậu nành hạt,đậu,418,34,29.1,18.4,4.5,,2,1504,690,172.5,"USDA/ODS-NIH Purine DB R2.0 (2025) — Soybeans, dried, raw [Japan]",,,,đậu nành,NIN,NIN Bảng TPTP VN (mã 3007),2,FALSE
62,Giá đỗ,giá,đậu,82,7.7,8.7,1.8,0.7,4.13,14,484,58,57.4,"USDA/ODS-NIH Purine DB R2.0 (2025) — Bean sprouts, with bean, raw [Japan]. Giá đỗ (kèm hạt đậu). Đo trên mẫu Nhật Bản — bản 'không hạt' thấp hơn (35.0).",25,Atkinson2021,"Atkinson et al. 2021, AJCN Suppl. Table 1 (#1301) — Mung bean, germinated, Australia 1998, GI 25±4; glucose=100",,NIN,"NIN Bảng TPTP VN (mã 4035); sugar_g tra chéo từ USDA FDC fdcId:169957 'Mung beans, mature seeds, sprouted, raw' (khớp loài/dạng chế biến, số liệu chính vẫn từ nguồn gốc NIN)",0,FALSE
65,Rau muống,,rau lá,28,3.2,3.26,0.24,1,,37.4,330.5,37,,,,,,,NIN,NIN Bảng TPTP VN (mã 4083),37.5,FALSE
67,Rau dền,,rau lá,23.0,2.46,4.02,0.33,0,,20.0,611,50.0,,,,,,,USDA,USDA FDC fdcId:168385,,FALSE
68,Rau cải ngọt,,rau lá,17,1.4,2.62,0.1,3.2,1.18,20,384,177,10,"USDA/ODS-NIH Purine DB R2.0 (2025) — Cabbage, bok choy, raw. Rau cải ngọt. Mức tin cậy: thay thế gần. cải ngọt ≈ cải thìa, cùng nhóm cải Á Đông.",,,,,NIN,"Bảng TPTP VN 2017, mã 04108, tr.56; chất xơ/Na/K bổ sung từ USDA FDC fdcId:169256 (Mustard greens, raw) | sugar_g = 1.18 g/100 g tra chéo từ USDA FoodData Central fdcId:170390 'Cabbage, chinese (pak-choi), raw' [R2 CHỐT 2026-08-18 (DAT-28): chỉ bổ sung cột đường, các chỉ số khác giữ nguyên nguồn gốc. Ánh xạ được XÁC MINH bằng đối chiếu mô tả USDA trả về, không đoán fdcId — bản đầu của scripts/tra_sugar_g_usda.py hardcode id theo trí nhớ và sai 4/8 dòng (rau muống ra Asparagus, bí xanh ra Cucumber), nên nay bắt buộc tìm-rồi-đối-chiếu. ⚠️ Hạn chế đã biết: carb_g của dòng này từ bảng NIN còn sugar_g từ USDA — hai bảng đo giống/điều kiện khác nhau nên tỷ lệ đường/carb có thể lệch so với tỷ lệ nội bộ của USDA. Ràng buộc sugar_g <= carb_g vẫn được validate_data.py kiểm.]",5,FALSE
69,Cải xanh,cải bẹ xanh,rau lá,23,1.7,3.76,0.14,1.8,1.6,28.6,220.8,13.5,25.3,"USDA/ODS-NIH Purine DB R2.0 (2025) — Mustard (Kaneko et al. 2020, không phải USDA/ODS-NIH). Cải xanh. Mức tin cậy: thay thế gần. khả năng cao là からし菜/karashina = Brassica juncea (đúng loài cải xanh VN), nhưng bảng gốc không ghi rõ bộ phận/giống — phân biệt với Mizuna và Mustard spinach (komatsuna) đã bị loại vì khác loài (Brassica rapa).",,,,,NIN,NIN Bảng TPTP VN (mã 4016),24,FALSE
70,Cải thảo,,rau lá,14,0.9,2.57,0.0,1.2,1.41,13,235,183,,,,,,,NIN,"Bảng TPTP VN 2017, mã 04109, tr.56; Na/K/chất xơ bổ sung từ USDA FDC fdcId:2727583 (Cabbage, napa, raw) | sugar_g = 1.41 g/100 g tra chéo từ USDA FoodData Central fdcId:169979 'Cabbage, chinese (pe-tsai), raw' [R2 CHỐT 2026-08-18 (DAT-28): chỉ bổ sung cột đường, các chỉ số khác giữ nguyên nguồn gốc. Ánh xạ được XÁC MINH bằng đối chiếu mô tả USDA trả về, không đoán fdcId — bản đầu của scripts/tra_sugar_g_usda.py hardcode id theo trí nhớ và sai 4/8 dòng (rau muống ra Asparagus, bí xanh ra Cucumber), nên nay bắt buộc tìm-rồi-đối-chiếu. ⚠️ Hạn chế đã biết: carb_g của dòng này từ bảng NIN còn sugar_g từ USDA — hai bảng đo giống/điều kiện khác nhau nên tỷ lệ đường/carb có thể lệch so với tỷ lệ nội bộ của USDA. Ràng buộc sugar_g <= carb_g vẫn được validate_data.py kiểm.]",5,FALSE
71,Cải bắp,bắp cải,rau lá,41,1.96,7.61,0.33,1.74,3.89,30.76,205.98,33.7,3.2,"USDA/ODS-NIH Purine DB R2.0 (2025) — Cabbage, raw [Japan]. Cải bắp/bắp cải thường. Đo trên mẫu Nhật Bản.",,,,,NIN,"NIN Bảng TPTP VN (mã 4010002); thải bỏ 10% tra CHÉO từ NIN mã 4010 'Cabbage, common'",10,FALSE
72,Cải cúc,tần ô,rau lá,22,1.6,3.9,0.6,2.0,,33,219,38,47.1,USDA/ODS-NIH Purine DB R2.0 (2025) — Garland chrysanthemum [Japan]. Cải cúc/tần ô — khớp tên trực tiếp. Đo trên mẫu Nhật Bản.,,,,,NIN,"Bảng TPTP VN 2017, mã 04013, tr.44; chất béo bổ sung từ USDA FDC fdcId:168491 (Chrysanthemum leaves, raw)",25,FALSE
74,Rau đay,,rau lá,31,2.8,4.52,0.18,1.5,,16.12,417,57.3,,,,,,,NIN,NIN Bảng TPTP VN (mã 4070),20,FALSE
75,Rau lang,đọt lang,rau lá,28,2.6,3.99,0.21,1.4,,19.01,498.02,54,,,,,,,NIN,NIN Bảng TPTP VN (mã 4076),5,FALSE
76,Xà lách,,rau lá,15.0,1.36,2.87,0.15,1.3,0.78,28.0,194,29.0,4.7,USDA/ODS-NIH Purine DB R2.0 (2025) — Lettuce. Xà lách. Mức tin cậy: khớp trực tiếp.,,,,,USDA,USDA FDC fdcId:169249,,FALSE
78,Rau mùi,ngò rí|ngò,rau lá,22,2.6,2.17,0.33,1.8,0.87,46,521,80,39.4,USDA/ODS-NIH Purine DB R2.0 (2025) — Coriander [Japan]. Rau mùi/ngò rí. Đo trên mẫu Nhật Bản.,,,,,NIN,NIN Bảng TPTP VN (mã 4081),15,FALSE
79,Hành lá,hành hoa,rau lá,32,1.83,7.34,0.19,2.6,2.33,16,276,37,41.4,"USDA/ODS-NIH Purine DB R2.0 (2025) — Leek, Japanese (negi), raw. Hành lá. Mức tin cậy: thay thế gần. hành lá ≈ negi, cùng nhóm hành lá dài.",,,,,USDA,"Khớp chéo ngôn ngữ (không phải khớp trực tiếp) — USDA FoodData Central 'Onions, spring or scallions (includes tops and bulb), raw' (fdcId:170005), lý do khớp: hành lá = spring onion/scallion, khớp trực tiếp. CẦN R2 xác nhận độ phù hợp trước khi dùng cho bệnh nhân.; thải bỏ 24% tra CHÉO từ NIN mã 4037 'Onion, Welsh'; sugar_g từ USDA FDC fdcId:170005 'Total Sugars'",24,TRUE
82,Thì là,thìa là,rau lá,47,2.6,6.94,0.96,5,,48,360.6,12.2,,,,,,,NIN,NIN Bảng TPTP VN (mã 4101),25,FALSE
84,Súp lơ xanh,bông cải xanh,rau lá,39,2.95,6.08,0.3,3.2,3.03,23,300,62,70.0,"USDA/ODS-NIH Purine DB R2.0 (2025) — Broccoli, raw [Japan]. Súp lơ xanh/bông cải xanh, dạng sống. Đo trên mẫu Nhật Bản.",,,,,NIN,NIN Bảng TPTP VN (mã 4100),39,FALSE
85,Cà chua,,rau củ,18.0,0.88,3.89,0.2,1.2,2.63,5.0,237,24.0,6.6,"USDA/ODS-NIH Purine DB R2.0 (2025) — Tomatoes, no further specified. Cà chua. Mức tin cậy: khớp trực tiếp.",22,Atkinson2021,"Atkinson FS et al. 2021, Am J Clin Nutr 114:1625-1632, tr.1630 — whole tomatoes GI 22; glucose=100",,USDA,USDA FDC fdcId:170457,,FALSE
86,Cà rốt,,rau củ,47,1.6,9.79,0.21,1.28,4.83,55.32,282.45,41.49,2.1,"USDA/ODS-NIH Purine DB R2.0 (2025) — Carrots, raw [Japan]. Cà rốt. Đo trên mẫu Nhật Bản.",,,,,NIN,NIN Bảng TPTP VN (mã 4007002); thải bỏ 15% tra CHÉO từ NIN mã 4090 'Carrot',15,FALSE
87,Củ cải trắng,,rau củ,27,1.5,5.11,0.09,1.5,2.5,10,242,41,1.7,"USDA/ODS-NIH Purine DB R2.0 (2025) — Radish root, Japanese [Japan]. Củ cải trắng — daikon, khớp loại trực tiếp. Đo trên mẫu Nhật Bản.",,,,,NIN,NIN Bảng TPTP VN (mã 4021),13.2,FALSE
88,Su hào,,rau củ,27.0,1.7,6.2,0.1,3.6,2.6,20.0,350,46.0,,,,,,,USDA,USDA FDC fdcId:168424; thải bỏ 22.4% tra CHÉO từ NIN mã 4096 'Kohlrabi',22.4,FALSE
89,Su su,,rau củ,19.0,0.82,4.51,0.13,1.7,1.66,2.0,125,18.0,,,,,,,USDA,"USDA FDC fdcId:170402; thải bỏ 20% tra CHÉO từ NIN mã 4098 'Chayote, fruit raw'",20,FALSE
91,Bí đỏ,bí ngô,rau củ,35,0.34,7.75,0.34,0.79,,9.44,391.57,17.98,56.7,"USDA/ODS-NIH Purine DB R2.0 (2025) — Pumpkin, raw [Japan]. Bí đỏ/bí ngô. Đo trên mẫu Nhật Bản.",,,,,NIN,NIN Bảng TPTP VN (mã 4003002),,FALSE
92,Bầu,,rau củ,18,0.6,3.88,0.02,1.0,,2,150,25,,,,,,,NIN,"Bảng TPTP VN 2017, mã 04001, tr.44",35.3,FALSE
93,Mướp,,rau củ,18,0.9,3.36,0.14,0.5,,3,139,45,,,,,,,NIN,NIN Bảng TPTP VN (mã 4054),18.8,FALSE
94,Mướp đắng,khổ qua,rau củ,17.0,1.0,3.7,0.17,2.8,,5.0,296,31.0,,,,,,,USDA,"USDA FDC fdcId:168393; thải bỏ 20% tra CHÉO từ NIN mã 4055 'Balsam-pear, bitter melon'",20,FALSE
95,Dưa chuột,dưa leo,rau củ,19,0.3,4.16,0.14,0.7,1.06,13,169,16,9.4,"USDA/ODS-NIH Purine DB R2.0 (2025) — Cucumber, raw [Japan]. Dưa chuột/dưa leo. Đo trên mẫu Nhật Bản.",,,,,NIN,"Viện Dinh dưỡng - Bộ Y tế, 'Bảng thành phần thực phẩm Việt Nam / Vietnamese Food Composition Table', NXB Y học; bản PDF do FAO lưu trữ (fao.org/fileadmin/templates/food_composition/documents/pdf/VTN_FCT_2007.pdf), mã 4027 'Dưa chuột / Cucumber'. Sửa 2026-08-15 (R2 chốt): dòng này trước trích mã 11002 — nhưng 11002 là 'Dưa chuột HỘP', không phải dưa chuột tươi; mã đúng cho quả tươi là 4027. Na 154.38->13, K 2.94->169 (kali 2.94 mg/100g là bất khả với một loại rau). CÒN LỆCH, chờ R2 duyệt riêng: protein 0.3 (FCT 4027 ghi 0.8), glucid 4.16 (FCT 2.9), phospho 16 (FCT 27) — dòng này có nhiều nguồn trộn lẫn, không chỉ sai Na/K",5,FALSE
96,Đậu cove,đậu que,rau củ,77,5.0,14.3,0.3,1.0,,96,254,122,7.5,USDA/ODS-NIH Purine DB R2.0 (2025) — Green beans [Japan]. Đậu cove/đậu que. Đo trên mẫu Nhật Bản.,,,,,NIN,"Bảng TPTP VN 2017, mã 04029, tr.46; chất béo bổ sung từ USDA FDC fdcId:2346400 (Beans, snap, green, raw)",10,FALSE
97,Đậu bắp,mướp tây,rau củ,33.0,1.93,7.45,0.19,3.2,1.48,7.0,299,61.0,39.5,"USDA/ODS-NIH Purine DB R2.0 (2025) — Okra, raw. Đậu bắp. Mức tin cậy: khớp trực tiếp.",,,,,USDA,USDA FDC fdcId:169260,,FALSE
98,Cà tím,,rau củ,25.0,0.98,5.88,0.18,3.0,3.53,2.0,229,24.0,,,,,,,USDA,USDA FDC fdcId:169228,,FALSE
99,Măng tươi,,rau củ,24,2.2,3.36,0.14,2.3,1.88,2,202,6.2,47.2,"USDA/ODS-NIH Purine DB R2.0 (2025) — Bamboo shoots, raw [Japan]",,,,,NIN,NIN Bảng TPTP VN (mã 4052),50,FALSE
100,Nấm rơm,,rau củ,32.0,3.83,4.64,0.68,2.5,,384,78.0,61.0,46.9,"USDA/ODS-NIH Purine DB R2.0 (2025) — Mushrooms (not further specified), raw [Canada]",,,,,USDA,USDA FDC fdcId:168582,,FALSE
101,Nấm hương,nấm đông cô,rau củ,51,5.5,6.1,0.5,3.0,2.38,9,304,89,23.1,"USDA/ODS-NIH Purine DB R2.0 (2025) — Mushrooms, shiitake, raw [Japan]",,,,,NIN,"Bảng TPTP VN 2017, mã 04127, tr.60 (tên: Nấm hương tươi); Na/K bổ sung từ USDA FDC fdcId:169242 (Shiitake, raw); sugar_g tra chéo từ USDA FDC fdcId:169242 'Mushrooms, shiitake, raw' (khớp loài/dạng chế biến, số liệu chính vẫn từ nguồn gốc NIN)",,FALSE
102,Hành tây,,rau củ,45,1.8,9.29,0.11,1.1,4.28,7.5,220.7,58,2.2,"USDA/ODS-NIH Purine DB R2.0 (2025) — Onions, raw [Japan]. Hành tây. Đo trên mẫu Nhật Bản.",,,,,NIN,NIN Bảng TPTP VN (mã 4039),17,FALSE
103,Chuối tiêu,chuối già,trái cây,100,1.5,23,0.2,0.8,12.23,19.3,329.4,28,3.0,"USDA/ODS-NIH Purine DB R2.0 (2025) — Bananas, raw [Japan]. Chuối tiêu/chuối già. Đo trên mẫu Nhật Bản.",47,Atkinson2021,"Atkinson et al. 2021, AJCN Suppl. Table 1 (#1088) — Banana, raw, Australia 2008, GI 47±5; glucose=100",,NIN,"NIN Bảng TPTP VN (mã 5007) | sugar_g = 12.23 g/100 g tra chéo từ USDA FoodData Central fdcId:bananas raw 'Bananas, raw' [R2 CHỐT 2026-08-18 (DAT-28): chỉ bổ sung cột đường, nguồn của các chỉ số còn lại giữ nguyên như ghi ở trên. Ánh xạ do R2 đối chiếu tay từng dòng, không khớp tên tự động.]",35,FALSE
104,Cam sành,,trái cây,47.0,0.94,11.8,0.12,2.4,9.35,0.0,181,14.0,,,45,Atkinson2021,"Atkinson et al. 2021, AJCN Suppl. Table 1 — Oranges, navel, Australia 2020, GI 45±5; glucose=100",,USDA,USDA FDC fdcId:169097,,FALSE
105,Quýt,,trái cây,53.0,0.81,13.3,0.31,1.8,10.6,2.0,166,20.0,,,52,Atkinson2021,"Atkinson et al. 2021, AJCN Suppl. Table 1 (#1140) — Mandarin orange (Citrus reticulata), Italy 2004, GI 52±8; glucose=100",,USDA,USDA FDC fdcId:169105,,FALSE
106,Bưởi,,trái cây,38.0,0.76,9.62,0.04,1.0,,1.0,216,17.0,,,,,,,USDA,USDA FDC fdcId:167754,,FALSE
107,Táo,bom,trái cây,46,3.8,4.7,1.2,0.2,,33,85,150,,,44,Atkinson2021,"Atkinson et al. 2021, AJCN Suppl. Table 1 — Apples, raw, Australia 2020, GI 44±5; glucose=100",,NIN,NIN Bảng TPTP VN (mã 3033),0,FALSE
108,Lê,,trái cây,48,0.7,10.8,0.2,0.6,9.8,5,88.4,16,,,33,Atkinson2021,"Atkinson et al. 2021, AJCN Suppl. Table 1 (#1161) — Pear, Williams, raw, ripe/soft, Australia 2015, GI 33±4; glucose=100",,NIN,NIN Bảng TPTP VN (mã 5023),12,FALSE
109,Xoài chín,,trái cây,69,0.6,15.9,0.3,0,14.8,2.1,114.1,13,,,48,Atkinson2021,"Atkinson et al. 2021, AJCN Suppl. Table 1 (#1142) — Mango, raw (Chin-Hwang), Taiwan 2010, GI 48; glucose=100",,NIN,NIN Bảng TPTP VN (mã 5055),20,FALSE
110,Đu đủ chín,,trái cây,38,1,8.19,0.11,0.6,5.9,4.3,220.5,32,,,38,Atkinson2021,"Atkinson et al. 2021, AJCN Suppl. Table 1 (#1153) — Papaya/paw paw, raw, Singapore 2017, GI 38±2; glucose=100",,NIN,NIN Bảng TPTP VN (mã 5017),12.4,FALSE
111,Dứa,thơm|khóm,trái cây,57,0.3,13.84,0.06,0.2,12.65,1,105,12,,,82,Atkinson2021,"Atkinson et al. 2021, AJCN Suppl. Table 1 (#1164) — Pineapple, raw (Ananas comosa), Malaysia 2008, GI 82±4; glucose=100",,NIN,NIN Bảng TPTP VN (mã 11003),0,FALSE
112,Dưa hấu,,trái cây,18,1.2,2.8,0.2,0.5,,4.5,187.2,13,,,51,Atkinson2021,"Atkinson et al. 2021, AJCN Suppl. Table 1 (#1147) — Watermelon, raw, red-fleshed, seedless, Malaysia 2017, GI 51±2; glucose=100",,NIN,NIN Bảng TPTP VN (mã 5011),48,FALSE
113,Nhãn,,trái cây,60.0,1.31,15.1,0.1,1.1,,0.0,266,21.0,,,,,,,USDA,USDA FDC fdcId:169089,,FALSE
114,Vải,,trái cây,49,0.7,10.75,0.35,1.1,,1,171,34,,,57,Atkinson2021,"Atkinson et al. 2021, AJCN Suppl. Table 1 (#1138) — Lychee, fresh, Australia 2009, GI 57±3; glucose=100",,NIN,NIN Bảng TPTP VN (mã 5052),48,FALSE
115,Ổi,,trái cây,61,0.6,12.94,0.76,6,8.92,4,291,16,,,29,Atkinson2021,"Atkinson et al. 2021, AJCN Suppl. Table 1 (#1131) — Guava, raw, Singapore 2017, GI 29±4; glucose=100",,NIN,NIN Bảng TPTP VN (mã 5040),5,FALSE
116,Thanh long,,trái cây,68,0.68,16.2,0.21,1.8,12.0,1,206,18,,,,,,,USDA,"USDA FDC (FNDDS/WWEIA Survey Foods) fdcId:2709234, foodCode 63116010, ""Dragon fruit""",,FALSE
117,Na,mãng cầu ta,trái cây,69,1.6,15.1,0.2,0.8,,22.3,259.5,45,,,58,Chan2001_VN,"Chan HMS et al. 2001, Eur J Clin Nutr 55:1076-1083, Table 2 — Custard apple, fresh; glucose=100, n=12",,NIN,NIN Bảng TPTP VN (mã 5034),44.4,FALSE
118,Sầu riêng,,trái cây,138,2.5,28.3,1.6,1.4,,1,601,63,,,,,,,NIN,NIN Bảng TPTP VN (mã 5048),75,FALSE
119,Bơ,trái bơ,trái cây,756,0.5,0.5,83.5,0,,11,24,12,18.4,"USDA/ODS-NIH Purine DB R2.0 (2025) — Avocado, raw [Japan]. Bơ/trái bơ. Đo trên mẫu Nhật Bản.",,,,,NIN,NIN Bảng TPTP VN (mã 6001),0,FALSE
120,Nho,,trái cây,71,0.4,16.99,0.11,0.6,15.48,2,191,22,,,54,Atkinson2021,"Atkinson et al. 2021, AJCN Suppl. Table 1 (#1133-1135) — Grapes, trung bình 3 mẫu (Crimson 50/green 54/black 59); glucose=100",,NIN,NIN Bảng TPTP VN (mã 5037),1.9,FALSE
121,Chanh,,trái cây,29,0.9,5.96,0.14,1.3,1.69,3,145,22,,,,,,,NIN,"NIN Bảng TPTP VN (mã 5003); sugar_g tra chéo từ USDA FDC fdcId:168155 'Limes, raw' (khớp loài/dạng chế biến, số liệu chính vẫn từ nguồn gốc NIN)",25,FALSE
122,Dừa (nước),nước dừa,trái cây,41,0.3,9.74,0.06,0.4,,2,130,12,,,,,,,NIN,NIN Bảng TPTP VN (mã 11013),0,FALSE
123,Sữa tươi không đường,,sữa,60.0,3.27,4.63,3.2,0,,38.0,150,101,,,,,,sữa,USDA,USDA FDC fdcId:746782,,FALSE
125,Sữa đặc có đường,,sữa,65,3.3,4.66,3.7,0,4.66,46,155,95,,,61,Chan2001_VN,"Chan HMS et al. 2001, Eur J Clin Nutr 55:1076-1083, Table 2 — Milk, full-cream condensed, sweetened; glucose=100, n=12",sữa,NIN,NIN Bảng TPTP VN (mã 10035),,FALSE
126,Sữa chua,yaourt|da ua,sữa,61,3.3,3.6,3.7,0,,46,155,95,5.2,USDA/ODS-NIH Purine DB R2.0 (2025) — Yogurt (not further specified) [Japan]. Sữa chua — PROXY loại không rõ chi tiết. Bản Bắc Mỹ 'plain' cho 7.0 (dải 5.2-7.0).,,,,sữa,NIN,NIN Bảng TPTP VN (mã 10004),0,FALSE
127,Phô mai,pho mát,sữa,380,25.5,0,30.9,0,0,621,98,424,,,,,,sữa,NIN,"NIN Bảng TPTP VN (mã 10009) | sugar_g = 0 [R2 CHỐT 2026-08-18 (DAT-28): SUY RA TẤT YẾU, không phải tra cứu mới — carb_g = 0 ở chính dòng này, mà đường là một phần của carbohydrate tổng nên sugar_g không thể lớn hơn 0. Ràng buộc sugar_g <= carb_g đã được scripts/validate_data.py kiểm tra. Nguồn của carb_g giữ nguyên như ghi ở trên, dòng này không thêm nguồn mới.]",0,FALSE
128,Sữa bột nguyên kem,,sữa,494,27,38,26,0,,371,1330,790,,,,,,sữa,NIN,NIN Bảng TPTP VN (mã 10006),0,FALSE
129,Dầu ăn thực vật,,dầu mỡ,884,0.0,0.0,100,0.0,0.0,0.0,0.0,0.0,0,"USDA/ODS-NIH Purine DB R2.0 (2025) — —. Dầu ăn thực vật. Mức tin cậy: suy từ thành phần hoá học. dầu thực vật tinh luyện: triglycerid, không có acid nucleic. KHÔNG phải giá trị phân tích: USDA không đo nhóm này vì không chứa acid nucleic.",,,,,USDA,USDA FDC fdcId:171411,,FALSE
130,Mỡ lợn,mỡ heo,dầu mỡ,902,0.0,0.0,100,0.0,0.0,0.0,0.0,0.0,0,"USDA/ODS-NIH Purine DB R2.0 (2025) — —. Mỡ lợn. Mức tin cậy: suy từ thành phần hoá học. mỡ lợn rán lấy nước: lipid, không có acid nucleic. KHÔNG phải giá trị phân tích: USDA không đo nhóm này vì không chứa acid nucleic.",,,,,USDA,"USDA FDC fdcId:171401; thải bỏ 0% tra CHÉO từ mỡ nước = mỡ lợn ĐÃ RÁN CHẢY, không có phần bỏ đi (sự thật vật lý)",0,FALSE
131,Bơ động vật,,dầu mỡ,717,0.85,0.06,81.1,0.0,0.06,643,24.0,24.0,,,,,,sữa,USDA,USDA FDC fdcId:173410,,FALSE
132,Lạc rang,đậu phộng rang,hạt,587,24.4,21.3,49.7,8.4,4.9,410,634,363,49.1,"USDA/ODS-NIH Purine DB R2.0 (2025) — Peanuts, raw. Lạc rang. Mức tin cậy: thay thế gần. lạc RANG, bảng chỉ có lạc sống.",,,,lạc,USDA,USDA FDC fdcId:174262,,FALSE
133,Vừng,mè,hạt,607,20.94,21.98,48.33,3.65,0.31,11.46,487.5,655.21,36.3,USDA/ODS-NIH Purine DB R2.0 (2025) — Sesame [Japan]. Vừng/mè. Đo trên mẫu Nhật Bản.,,,,vừng,NIN,NIN Bảng TPTP VN (mã 3020011),,FALSE
134,Hạt điều,,hạt,608,18.4,29.3,46.3,0.6,5.91,12,660,462,,,,,,hạt cây,NIN,NIN Bảng TPTP VN (mã 3015),0,FALSE
135,Hạt sen,hột sen,hạt,164,9.5,30.3,0.5,0.8,,1,367,164,,,,,,,NIN,NIN Bảng TPTP VN (mã 4040),39,FALSE
136,Nước cốt dừa,,dầu mỡ,230,2.29,5.54,23.8,2.2,3.34,15,263,100,,,,,,,USDA,"USDA FDC (FNDDS/WWEIA Survey Foods) fdcId:2705413, foodCode 11370000, ""Coconut milk, used in cooking""",,FALSE
137,Nước mắm,,gia vị,35,5.06,3.64,0.01,0,0,7720,288,7,93.1,"USDA/ODS-NIH Purine DB R2.0 (2025) — Sauce, fish [Japan]. Nước mắm — khớp loại trực tiếp (fish sauce). Đo trên mẫu Nhật Bản.",,,,cá,NIN,"NIN Bảng TPTP VN (mã 13017) [đường: Bộ Y tế – Viện Dinh dưỡng, Bảng thành phần thực phẩm Việt Nam (bản PDF do FAO lưu), cột 'Đường tổng số (Sugar)', mã 13017]",0,FALSE
138,Nước mắm giảm mặn,,gia vị,20,4.0,2.0,0,0,,4000,150,20,,,,,,cá,estimated,Ước tính nước mắm giảm mặn (~1/2 nước mắm thường) — Na ~4.000 mg/100 g,,TRUE
139,Muối ăn,,gia vị,0,0,0,0,0,0,38758,8,0,0,"USDA/ODS-NIH Purine DB R2.0 (2025) — —. Muối ăn. Mức tin cậy: suy từ thành phần hoá học. muối ăn: NaCl, không có acid nucleic. KHÔNG phải giá trị phân tích: USDA không đo nhóm này vì không chứa acid nucleic.",,,,,curated,"USDA FDC 'Salt, table' — Na 38758 mg/100 g (NaCl)",,FALSE
140,Bột canh,,gia vị,0,0,0,0,0,0,33000,0,0,,,,,,,estimated,Ước tính bột canh (~85% muối + MSG) — Na ~33.000 mg/100 g; cần đối chiếu nhãn,,TRUE
141,Hạt nêm,,gia vị,5,1.0,1.0,0,0,,17000,20,10,,,,,,,estimated,Ước tính hạt nêm (muối + MSG + chiết xuất) — Na ~17.000 mg/100 g; cần đối chiếu nhãn,,TRUE
142,Mì chính,bột ngọt,gia vị,0,0,0,0,0,0,12280,0,0,,,,,,,curated,"Mì chính = MSG (NaC5H8NO4) — natri hoá học 12,28% khối lượng",,FALSE
143,Nước tương,xì dầu,gia vị,55,6.3,7.46,0.04,0.8,1.7,5637,217,125,50.25,"USDA/ODS-NIH Purine DB R2.0 (2025) — Soy sauce made from soy and wheat (shoyu) [Japan]. Nước tương/xì dầu. Đo trên mẫu Nhật Bản — shoyu (đậu nành+lúa mì) là loại phổ biến nhất, gần với nước tương VN.",,,,đậu nành|gluten,NIN,NIN Bảng TPTP VN (mã 13022),0,FALSE
144,Mắm tôm,,gia vị,73,14.8,3.6,1.5,0,0,4054,200,100,,,,,,hải sản,estimated,"Na 4054 từ NIN 'Mắm tôm đặc' (mã 13011); macro ước tính từ mắm tôm đặc [đường: Bộ Y tế – Viện Dinh dưỡng, Bảng thành phần thực phẩm Việt Nam (bản PDF do FAO lưu), cột 'Đường tổng số (Sugar)', mã 13011]; thải bỏ 0% tra CHÉO từ mắm tôm là gia vị dạng nhuyễn, không có phần bỏ đi",0,TRUE
147,Tương ớt,,gia vị,41,0.5,8.5,0.5,0.9,2.55,25,564,16,,,,,,,NIN,NIN Bảng TPTP VN (mã 13021),0,FALSE
148,Dầu hào,,gia vị,73,2.9,14.7,0.3,0,,3379,74,32,134.4,"USDA/ODS-NIH Purine DB R2.0 (2025) — Sauce, oyster [Japan]. Dầu hào — khớp loại trực tiếp. Đo trên mẫu Nhật Bản.",,,,hải sản,NIN,NIN Bảng TPTP VN (mã 13027),,FALSE
149,Đường trắng,,gia vị,385,0.0,99.6,0.32,0,99.6,1.0,2.0,0.0,0,"USDA/ODS-NIH Purine DB R2.0 (2025) — —. Đường trắng. Mức tin cậy: suy từ thành phần hoá học. đường tinh luyện: sucroza tinh khiết, không có acid nucleic. KHÔNG phải giá trị phân tích: USDA không đo nhóm này vì không chứa acid nucleic.",,,,,USDA,"USDA FDC fdcId:746784 | USDA FDC fdcId:746784 'Sugars, granulated' — Total Sugars 99.7–99.8 g/100 g. [R2 CHỐT 2026-08-18 (DAT-28): đường tinh luyện gần như 100% sucrose nên TOÀN BỘ carb là đường; lấy sugar_g = carb_g = 99.6 của chính dòng này để không vượt carb tổng (ràng buộc validator) và giữ nội bộ nhất quán. Trước đây ô này TRỐNG khiến 47 món có đường bị tính ~0 g đường — rule T2DM-SUG-01 (trần 10 %E đường tự do) không bao giờ kích hoạt được.]",,FALSE
151,Tỏi,,gia vị,126,6,24.65,0.35,1.5,1,18,373,181,17.0,"USDA/ODS-NIH Purine DB R2.0 (2025) — Garlic, raw [Japan]. Tỏi. Đo trên mẫu Nhật Bản.",,,,,NIN,NIN Bảng TPTP VN (mã 4103),20,FALSE
152,Gừng,,gia vị,41,0.4,8.59,0.51,3.3,1.7,7,316,8,2.3,"USDA/ODS-NIH Purine DB R2.0 (2025) — Ginger root, raw [Japan]. Gừng. Đo trên mẫu Nhật Bản.",,,,,NIN,NIN Bảng TPTP VN (mã 13003),10,FALSE
2000,"Gạo nếp cái Glutinous raw rice, milled,",,ngũ cốc,348,8.6,75.1,1.5,0.6,,3,282,98,,,,,,,NIN,"Bảng TPTP VN 2017, mã 01001, tr.24",0,FALSE
2001,"Gạo (loại nếp thường) Glutinous raw rice, milled,",,ngũ cốc,350,8.4,75.4,1.6,0.5,,3,282,130,,,,,,,NIN,"Bảng TPTP VN 2017, mã 01002, tr.24",0,FALSE
2002,"Gạo tẻ máy Ordinary raw polished rice,",,ngũ cốc,346,7.9,76.3,1,0.4,,5,241,104,,,,,,,NIN,"Bảng TPTP VN 2017, mã 01004, tr.24",0,FALSE
2003,"Kê Foxtail millet, raw",,ngũ cốc,345,7,72.4,3,3.4,,7,249,290,,,,,,,NIN,"Bảng TPTP VN 2017, mã 01006, tr.24",2,FALSE
2004,"Ngô bắp tươi Corn seeds, fresh, raw",,ngũ cốc,200,4.1,40.8,2.3,1.2,,3,306,187,,,,,,,NIN,"Bảng TPTP VN 2017, mã 01007, tr.24",45,FALSE
2005,"Ngô hạt khô vàng Yellow corn seed, dried","bắp hạt khô vàng yellow corn seed, dried",ngũ cốc,362,8.6,71.4,4.7,2,,35,287,190,,,,,,,NIN,"Bảng TPTP VN 2017, mã 01008, tr.24",2,FALSE
2006,Bỏng ngô Corn flakes,bỏng bắp corn flakes,ngũ cốc,386,8.6,84.2,1.6,3.4,,346,609,47,,,,,,,NIN,"Bảng TPTP VN 2017, mã 01015, tr.26",0,FALSE
2007,Bột gạo nếp Glutinous rice flour,,ngũ cốc,365,8.2,79.4,1.6,0.6,,3,293,148,,,,,,,NIN,"Bảng TPTP VN 2017, mã 01016, tr.26",0,FALSE
2008,Bột gạo tẻ Rice flour,,ngũ cốc,360,6.6,82.6,0.4,0.4,0.12,0,76,135,32.6,"USDA/ODS-NIH Purine DB R2.0 (2025) — Rice, white, raw. Bột gạo tẻ Rice flour. Mức tin cậy: thay thế gần. bột gạo tẻ = gạo tẻ xay mịn, cùng nền hạt gạo.",,,,,NIN,"Bảng TPTP VN 2017, mã 01017, tr.26; sugar_g tra chéo từ USDA FDC fdcId:169714 'Rice flour, white, unenriched' (khớp loài/dạng chế biến, số liệu chính vẫn từ nguồn gốc NIN)",0,FALSE
2009,Bột ngô vàng Yellow maize flour,bột bắp vàng yellow maize flour,ngũ cốc,367,8.3,74.5,4,1.5,,5,315,170,,,,,,,NIN,"Bảng TPTP VN 2017, mã 01019, tr.26",0,FALSE
2010,"Củ cái Winged yam yam, purple",,khoai củ,134,3.1,30.18,0.12,1.8,,12,397,32,,,,,,,NIN,"Bảng TPTP VN 2017, mã 02002, tr.30",15,FALSE
2011,"Củ sắn Cassava, manioc, raw","củ khoai mì cassava, manioc, raw",khoai củ,158,1.1,37.9,0.2,1.5,,2,394,30,,,,,,,NIN,"Bảng TPTP VN 2017, mã 02004, tr.30",25,FALSE
2012,"Khoai lang nghệ Sweet raw potato, yellow,",,khoai củ,119,1.2,27.9,0.3,0.8,,350,107,56,,,,,,,NIN,"Bảng TPTP VN 2017, mã 02009, tr.30",13,FALSE
2013,"Khoai sọ Taro tuber, raw",,khoai củ,119,1.8,27.7,0.1,1.2,,10,448,75,,,,,,,NIN,"Bảng TPTP VN 2017, mã 02013, tr.30",18,FALSE
2014,"Khoai lang khô Sweet potato, dried",,khoai củ,348,2.2,83.6,0.5,3.6,,86,584,137,,,,,,,NIN,"Bảng TPTP VN 2017, mã 02022, tr.32",5,FALSE
2015,"Khoai tây khô White potato, dried",,khoai củ,343,6.6,78.5,0.3,3.4,,25,1410,180,,,,,,,NIN,"Bảng TPTP VN 2017, mã 02023, tr.32",0,FALSE
2016,"Cùi dừa già Coconut raw meat, mature,",,hạt,385,4.8,10.4,36,4.2,,7,555,154,,,,,,,NIN,"Bảng TPTP VN 2017, mã 03001, tr.36",20,FALSE
2017,"Cùi dừa non Coconut immature, meat, raw",,hạt,54,3.5,6.1,1.7,3.5,,141,454,53,,,,,,,NIN,"Bảng TPTP VN 2017, mã 03002, tr.36",0,FALSE
2018,"Đậu Hà lan (hạt) Field peas, seed, dried",,đậu,342,22.2,60.1,1.4,6,,9,135,303,,,,,,,NIN,"Bảng TPTP VN 2017, mã 03006, tr.36",0,FALSE
2019,"Lạc hạt Peanut, dried","đậu phộng hạt peanut, dried",hạt,583,27.5,18,44.5,2.5,,4,421,420,,,,,,lạc,NIN,"Bảng TPTP VN 2017, mã 03017, tr.38",2,FALSE
2020,"Quả cọ tươi Palm fruit, fresh",,hạt,192,2.3,15.6,13.4,3.5,,14,1806,34,,,,,,,NIN,"Bảng TPTP VN 2017, mã 03018, tr.38",40,FALSE
2021,"Vừng (đen, trắng) Sesame black or seeds, white dried,","mè (đen, trắng) sesame black or seeds, white dried,",hạt,582,20.1,21.1,46.4,3.5,,11,468,629,,,,,,vừng,NIN,"Bảng TPTP VN 2017, mã 03020, tr.38",5,FALSE
2022,"Bột đã (đậu loại đậu nành) béo tương Soybeans flour, defatted",,hạt,331,49,31.5,1,2.5,,20,2384,602,,,,,,đậu nành,NIN,"Bảng TPTP VN 2017, mã 03021, tr.38",0,FALSE
2023,Bột đậu xanh Mungo bean flour,,hạt,363,24.6,60.4,2.5,3.9,,6,1185,100,,,,,,,NIN,"Bảng TPTP VN 2017, mã 03023, tr.38",0,FALSE
2024,Bột lạc Peanut flour,bột đậu phộng peanut flour,hạt,583,27.5,17.1,45,2.1,,4,414,380,,,,,,lạc,NIN,"Bảng TPTP VN 2017, mã 03024, tr.38",0,FALSE
2025,"Hạt bí đỏ rang Pumpkin seeds, fried",,hạt,528,35.1,25.3,31.8,2.3,,172,383,900,,,,,,,NIN,"Bảng TPTP VN 2017, mã 03028, tr.38",19,FALSE
2026,"Bí ngô Pumpkin squash, raw","bí đỏ pumpkin squash, raw",rau,29,0.3,6.83,0.07,0.7,,8,349,16,,,,,,,NIN,"Bảng TPTP VN 2017, mã 04003, tr.44",18.3,FALSE
2027,"Cà bát Egg raw plant, large round,",,rau,28,1.2,5.57,0.13,1.5,,2,230,16,,,,,,,NIN,"Bảng TPTP VN 2017, mã 04004, tr.44",5,FALSE
2028,"Cà chua Tomato, raw",,rau,24,0.6,4.77,0.23,0.8,,12,275,26,,,,,,,NIN,"Bảng TPTP VN 2017, mã 04005, tr.44",5,FALSE
2029,"Cà (củ rốt đỏ, vàng) Carrots, all variety, raw",,rau,44,1.5,9.03,0.17,1.2,,52,266,39,,,,,,,NIN,"Bảng TPTP VN 2017, mã 04007, tr.44",10.5,FALSE
2030,"Cải bắp Cabbage, common, raw","bắp cải cabbage, common, raw",rau,36,1.8,6.91,0.09,1.6,,28,190,31,,,,,,,NIN,"Bảng TPTP VN 2017, mã 04010, tr.44",10,FALSE
2031,"Cải bắp đỏ Cabbage, red, raw","bắp cải đỏ cabbage, red, raw",rau,61,1.9,13,0.2,4,,27,243,42,,,,,,,NIN,"Bảng TPTP VN 2017, mã 04011, tr.44",22,FALSE
2032,"Cải soong Water cress, raw",,rau,22,2.1,3.33,0.07,2,,85,211,28,,,,,,,NIN,"Bảng TPTP VN 2017, mã 04014, tr.44",30,FALSE
2033,"Cải (cải thìa trắng) Chinese cabbage, raw",,rau,24,1.4,4.26,0.14,1.8,,25,200,30,,,,,,,NIN,"Bảng TPTP VN 2017, mã 04015, tr.44",25,FALSE
2034,"Cần tây Celery, raw",,rau,54,3.7,9.44,0.16,1.5,,96,326,128,,,,,,,NIN,"Bảng TPTP VN 2017, mã 04018, tr.46",16,FALSE
2035,"Chuối xanh Banana varieties, common unripe",,rau,78,1.2,17.48,0.32,1,,13,256,27,,,,,,,NIN,"Bảng TPTP VN 2017, mã 04019, tr.46",32,FALSE
2036,"Củ cải trắng khô White radish, dried",,rau,290,17.6,51.6,1.5,17.7,,278,3494,204,,,,,,,NIN,"Bảng TPTP VN 2017, mã 04022, tr.46",0,FALSE
2037,Dưa chuột Cucumber,,rau,18,0.8,3.61,0.09,0.7,,13,169,27,,,,,,,NIN,"Bảng TPTP VN 2017, mã 04027, tr.46",5,FALSE
2038,"Đậu đũa Yardlong bean, raw","đậu que yardlong bean, raw",rau,67,6,9.99,0.31,2,,5,194,16,,,,,,,NIN,"Bảng TPTP VN 2017, mã 04030, tr.46",10,FALSE
2039,"Đậu Hà Lan Green raw peas; field pea,",,rau,75,6.5,11.71,0.29,1,,5,244,43,,,,,,,NIN,"Bảng TPTP VN 2017, mã 04031, tr.46",10,FALSE
2040,Giá đậu xanh Mungobean sprouts,,rau,52,5.5,7.17,0.13,2,,23,164,91,,,,,,,NIN,"Bảng TPTP VN 2017, mã 04036, tr.48",5,FALSE
2041,"Hành củ tươi Onion, bulb onion, raw",,rau,29,1.3,5.22,0.28,0.7,,17,212,49,2.2,"USDA/ODS-NIH Purine DB R2.0 (2025) — Onions, raw. Hành củ tươi Onion, bulb onion, raw. Mức tin cậy: khớp trực tiếp.",,,,,NIN,"Bảng TPTP VN 2017, mã 04037, tr.48",24,FALSE
2042,Hạt sen khô Dried lotus seed,hột sen khô dried lotus seed,rau,342,20,60.2,2.4,2.2,,5,1368,285,,,,,,,NIN,"Bảng TPTP VN 2017, mã 04041, tr.48",0,FALSE
2043,"Hẹ lá Onion, leek, raw fragrant, Chinese",,rau,21,2.2,2.49,0.21,0.9,,6,234,45,,,,,,,NIN,"Bảng TPTP VN 2017, mã 04042, tr.48",13,FALSE
2044,"Khế Carambola; raw Star fruit,",,rau,26,0.6,5.47,0.23,2.6,,2,133,8,,,,,,,NIN,"Bảng TPTP VN 2017, mã 04045, tr.48",13,FALSE
2045,"Măng tre Bamboo shoots, raw",,rau,31,1.7,5.59,0.21,4.1,,4,533,58,,,,,,,NIN,"Bảng TPTP VN 2017, mã 04053, tr.50",50,FALSE
2046,"Ngải cứu Mugwort, raw wormwood,",,rau,33,3.8,4.4,0,2,,98,612,45,,,,,,,NIN,"Bảng TPTP VN 2017, mã 04057, tr.50",31,FALSE
2047,"Ngó sen Lotus, underground, stem raw",,rau,65,1,15.13,0.07,1.2,,40,556,51,,,,,,,NIN,"Bảng TPTP VN 2017, mã 04059, tr.50",11,FALSE
2048,"Ớt đỏ to Peppers, red, raw",,rau,31,0.99,6.04,0.3,2,,2,211,26,,,,,,,NIN,"Bảng TPTP VN 2017, mã 04061, tr.50",18,FALSE
2049,"Ớt xanh to Peppers, green, raw",,rau,31,1.3,6.07,0.13,1.5,,3,175,25,,,,,,,NIN,"Bảng TPTP VN 2017, mã 04063, tr.50",10,FALSE
2050,"Rau bí Pumpkin leaves, raw",,rau,26,2.7,3.12,0.28,1.7,,17,390,26,,,,,,,NIN,"Bảng TPTP VN 2017, mã 04066, tr.52",23.4,FALSE
2051,Rau câu khô Dried seaweed,,rau,281,11.2,56.6,1.1,20.8,,102,1125,124,,,,,,,NIN,"Bảng TPTP VN 2017, mã 04067, tr.52",0,FALSE
2052,"Rau câu tươi Seaweed, fresh",,rau,45,1.9,9.1,0.1,5,,9,226,34,,,,,,,NIN,"Bảng TPTP VN 2017, mã 04068, tr.52",4,FALSE
2053,"Rau diếp Lettuce, garden, raw",,rau,15,1.2,2.39,0.11,0.5,,14,254,37,,,,,,,NIN,"Bảng TPTP VN 2017, mã 04069, tr.52",10,FALSE
2054,"Rau giền cơm Amaranth, raw spineless,",,rau,27,3.4,2.69,0.31,1.6,,20,611,76,,,,,,,NIN,"Bảng TPTP VN 2017, mã 04072, tr.52",0,FALSE
2055,"Rau giền đỏ Amaranth, sp. Red, raw",,rau,47,3.3,7.79,0.31,1.6,,56,476,123,,,,,,,NIN,"Bảng TPTP VN 2017, mã 04073, tr.52",38,FALSE
2056,Rau húng Basil sweet leaves raw,,rau,34,2.2,5.08,0.52,3.5,,91,148,83,,,,,,,NIN,"Bảng TPTP VN 2017, mã 04075, tr.52",20,FALSE
2057,"Rau mùi tàu Parsley, curley, raw","ngò rí tàu parsley, curley, raw|ngò tàu parsley, curley, raw",rau,30,2.1,4.25,0.55,1.6,,39,237,30,,,,,,,NIN,"Bảng TPTP VN 2017, mã 04082, tr.52",20,FALSE
2058,"Rau sà lách Lettuce, asparagus, garden raw",,rau,18,1.5,2.43,0.27,0.5,,59,333,34,,,,,,,NIN,"Bảng TPTP VN 2017, mã 04090, tr.54",10,FALSE
2059,"Su hào Kohlrabi, cabbage, turnip raw",,rau,44,2.8,7.93,0.07,1.7,,53,321,50,,,,,,,NIN,"Bảng TPTP VN 2017, mã 04096, tr.54",22.4,FALSE
2060,"Su su Chayote, fruit raw",,rau,23,0.8,4.6,0.1,1,,2,125,14,,,,,,,NIN,"Bảng TPTP VN 2017, mã 04098, tr.54",20,FALSE
2061,"Súp lơ trắng Cauliflower, raw","bông cải trắng cauliflower, raw",rau,34,2.5,5.65,0.15,0.9,,20,349,51,,,,,,,NIN,"Bảng TPTP VN 2017, mã 04099, tr.54",40,FALSE
2062,"Dưa chuột muối Cucumber, salt pickled with",,rau,17,0.8,3.06,0.14,0.7,,1208,23,20,,,,,,,NIN,"Bảng TPTP VN 2017, mã 04118, tr.58",0,FALSE
2063,"Mộc nhĩ Jew’s Tender ear, variety, Wood-ear, dried",,rau,332,10.6,72,0.2,7,,70,708,201,,,,,,,NIN,"Bảng TPTP VN 2017, mã 04125, tr.60",10,FALSE
2064,"Nấm (Nấm mỡ tây) Common table mushroom, mushroom, raw",,rau,37,4,4.5,0.3,1.1,,12,322,80,,,,,,,NIN,"Bảng TPTP VN 2017, mã 04128, tr.60",,FALSE
2065,"Nấm tươi thường Gilled meadow raw mushroom, mushroom,",,rau,48,4.6,5.7,0.8,3.5,,5,318,59,,,,,,,NIN,"Bảng TPTP VN 2017, mã 04130, tr.60",,FALSE
2066,Cam Orange,,trái cây,43,0.9,9.74,0.06,1.4,,4,108,23,,,,,,,NIN,"Bảng TPTP VN 2017, mã 05002, tr.64",31.1,FALSE
2067,Chôm chôm Rambutan,,trái cây,77,1.5,17.7,0,1.3,,94,69,15,,,,,,,NIN,"Bảng TPTP VN 2017, mã 05004, tr.64",50,FALSE
2068,Dâu tây Strawberry,,trái cây,59,1.8,12.1,0.4,4,,37,292,23,,,,,,,NIN,"Bảng TPTP VN 2017, mã 05009, tr.64",15,FALSE
2069,"Dưa bở Musk melon, melon, Cantaloupe Spanish",,trái cây,21,0.5,4.3,0.2,0.7,,0,201,36,,,,,,,NIN,"Bảng TPTP VN 2017, mã 05010, tr.64",10,FALSE
2070,Dưa hồng,,trái cây,19,0.3,4.1,0.1,0.4,,18,228,12,,,,,,,NIN,"Bảng TPTP VN 2017, mã 05012, tr.64",16,FALSE
2071,Dứa tây Pineapple,thơm tây pineapple|khóm tây pineapple,trái cây,40,0.5,9.23,0.07,0.4,,1,115,11,,,,,,,NIN,"Bảng TPTP VN 2017, mã 05015, tr.64",40,FALSE
2072,Đào Peach,,trái cây,37,0.9,7.8,0.2,1.5,,0,190,34,,,,,,,NIN,"Bảng TPTP VN 2017, mã 05016, tr.66",12,FALSE
2073,Hồng đỏ Persimmon type ripe kaki soft,,trái cây,38,0.7,8.6,0.1,2.5,,4,214,19,,,,,,,NIN,"Bảng TPTP VN 2017, mã 05020, tr.66",8.8,FALSE
2074,"Hồng xiêm Sapodilla, ponderosa sapota",,trái cây,58,0.5,12.5,0.7,2.5,,12,193,24,,,,,,,NIN,"Bảng TPTP VN 2017, mã 05022, tr.66",10,FALSE
2075,Lựu Pome granate,,trái cây,79,0.6,18.85,0.15,2.5,,3,259,23,,,,,,,NIN,"Bảng TPTP VN 2017, mã 05024, tr.66",85,FALSE
2076,"Mận tím Japanese, plum",,trái cây,23,0.6,4.6,0.2,0.7,,0,157,20,,,,,,,NIN,"Bảng TPTP VN 2017, mã 05027, tr.66",15,FALSE
2077,"Mít dai Jackfruit, mature",,trái cây,54,0.6,12.41,0.19,1.2,,3,368,28,,,,,,,NIN,"Bảng TPTP VN 2017, mã 05028, tr.66",55,FALSE
2078,"Mơ Apricot, Apricot nectar",,trái cây,50,0.9,11.03,0.27,0.8,,1,259,26,,,,,,,NIN,"Bảng TPTP VN 2017, mã 05031, tr.68",14,FALSE
2079,Mơ khô Apricot fured dried unsul-,,trái cây,290,3,66.9,1.1,4.1,,10,1162,106,,,,,,,NIN,"Bảng TPTP VN 2017, mã 05032, tr.68",0,FALSE
2080,"Quả bơ vỏ xanh Avocado, Alligator Pear",,trái cây,103,1.9,2.8,9.4,0.5,,2,351,85,,,,,,,NIN,"Bảng TPTP VN 2017, mã 05042, tr.68",28,FALSE
2081,"Táo tây Apple domestic common,",,trái cây,50,0.5,11.71,0.09,0.6,,15,102,13,,,,,,,NIN,"Bảng TPTP VN 2017, mã 05051, tr.70",12,FALSE
2082,"Vải khô Litchi, dried with shells",,trái cây,264,3,58.6,1.9,1,,3,1110,58,,,,,,,NIN,"Bảng TPTP VN 2017, mã 05053, tr.70",44,FALSE
2083,"Quả kiwi Kiwifruit, gooseberry Chinese",,trái cây,68,1.14,14.66,0.52,3,,3,312,34,,,,,,,NIN,"Bảng TPTP VN 2017, mã 05056, tr.70",14,FALSE
2084,"Bơ thực vật Butter-margarine stick, unsalted blend,",,dầu mỡ,729,0.5,0.1,80.7,0,,2,25,13,,,,,,,NIN,"Bảng TPTP VN 2017, mã 06005, tr.74",0,FALSE
2085,"Dầu oliu Olive cooking oil, salad or",,dầu mỡ,900,0,0,100,0,0,2,1,0.56,,,,,,,NIN,"Bảng TPTP VN 2017, mã 06014, tr.74 | sugar_g = 0 [R2 CHỐT 2026-08-18 (DAT-28): SUY RA TẤT YẾU, không phải tra cứu mới — carb_g = 0 ở chính dòng này, mà đường là một phần của carbohydrate tổng nên sugar_g không thể lớn hơn 0. Ràng buộc sugar_g <= carb_g đã được scripts/validate_data.py kiểm tra. Nguồn của carb_g giữ nguyên như ghi ở trên, dòng này không thêm nguồn mới.]",0,FALSE
2086,"Thịt bê mỡ Veal meat, lean and fat",,thịt,144,19,0,7.5,0,0,76,329,188,,,,,,,NIN,"Bảng TPTP VN 2017, mã 07001, tr.78 | sugar_g = 0 [R2 CHỐT 2026-08-18 (DAT-28): SUY RA TẤT YẾU, không phải tra cứu mới — carb_g = 0 ở chính dòng này, mà đường là một phần của carbohydrate tổng nên sugar_g không thể lớn hơn 0. Ràng buộc sugar_g <= carb_g đã được scripts/validate_data.py kiểm tra. Nguồn của carb_g giữ nguyên như ghi ở trên, dòng này không thêm nguồn mới.]",2,FALSE
2087,"Thịt bê nạc Veal meat, lean only",,thịt,85,20,0,0.5,0,0,80,348,176,,,,,,,NIN,"Bảng TPTP VN 2017, mã 07002, tr.78 | sugar_g = 0 [R2 CHỐT 2026-08-18 (DAT-28): SUY RA TẤT YẾU, không phải tra cứu mới — carb_g = 0 ở chính dòng này, mà đường là một phần của carbohydrate tổng nên sugar_g không thể lớn hơn 0. Ràng buộc sugar_g <= carb_g đã được scripts/validate_data.py kiểm tra. Nguồn của carb_g giữ nguyên như ghi ở trên, dòng này không thêm nguồn mới.]",2,FALSE
2088,"Thịt nạc bò, lưng, seperable trimmed to lean 1/8” only, fat,",,thịt,121,23.07,0.1,3.16,0,,57,361,214,,,,,,,NIN,"Bảng TPTP VN 2017, mã 07005, tr.78",2,FALSE
2089,"Thịt nạc và bò, mỡ lưng, seperable trimmed to lean 1/4” only, fat,",,thịt,174,21.53,0.7,9.49,0,,59,349,185,,,,,,,NIN,"Bảng TPTP VN 2017, mã 07006, tr.78",2,FALSE
2090,Thịt ràng bồ câu ra Pigeon skin and young giblets bird flesh,,thịt,340,17.5,0,30,0,0,54,199,217,,,,,,,NIN,"Bảng TPTP VN 2017, mã 07007, tr.78 | sugar_g = 0 [R2 CHỐT 2026-08-18 (DAT-28): SUY RA TẤT YẾU, không phải tra cứu mới — carb_g = 0 ở chính dòng này, mà đường là một phần của carbohydrate tổng nên sugar_g không thể lớn hơn 0. Ràng buộc sugar_g <= carb_g đã được scripts/validate_data.py kiểm tra. Nguồn của carb_g giữ nguyên như ghi ở trên, dòng này không thêm nguồn mới.]",60,FALSE
2091,Thịt chó sấn Dog meat,,thịt,338,16,0,30.4,0,0,20,255,43,,,,,,,NIN,"Bảng TPTP VN 2017, mã 07008, tr.78 | sugar_g = 0 [R2 CHỐT 2026-08-18 (DAT-28): SUY RA TẤT YẾU, không phải tra cứu mới — carb_g = 0 ở chính dòng này, mà đường là một phần của carbohydrate tổng nên sugar_g không thể lớn hơn 0. Ràng buộc sugar_g <= carb_g đã được scripts/validate_data.py kiểm tra. Nguồn của carb_g giữ nguyên như ghi ở trên, dòng này không thêm nguồn mới.]",2,FALSE
2092,"Thịt chó vai Dog, shoulder",,thịt,230,18,0,17.6,0,0,32,176,36,,,,,,,NIN,"Bảng TPTP VN 2017, mã 07009, tr.78 | sugar_g = 0 [R2 CHỐT 2026-08-18 (DAT-28): SUY RA TẤT YẾU, không phải tra cứu mới — carb_g = 0 ở chính dòng này, mà đường là một phần của carbohydrate tổng nên sugar_g không thể lớn hơn 0. Ràng buộc sugar_g <= carb_g đã được scripts/validate_data.py kiểm tra. Nguồn của carb_g giữ nguyên như ghi ở trên, dòng này không thêm nguồn mới.]",2,FALSE
2093,"Thịt cừu, nạc Mutton meat, lean",,thịt,219,16.4,0,17,0,0,91,256,177,,,,,,,NIN,"Bảng TPTP VN 2017, mã 07010, tr.78 | sugar_g = 0 [R2 CHỐT 2026-08-18 (DAT-28): SUY RA TẤT YẾU, không phải tra cứu mới — carb_g = 0 ở chính dòng này, mà đường là một phần của carbohydrate tổng nên sugar_g không thể lớn hơn 0. Ràng buộc sugar_g <= carb_g đã được scripts/validate_data.py kiểm tra. Nguồn của carb_g giữ nguyên như ghi ở trên, dòng này không thêm nguồn mới.]",2,FALSE
2094,"Thịt dê, nạc Goat, meat, lean",,thịt,122,20.7,0,4.3,0,0,82,385,129,,,,,,,NIN,"Bảng TPTP VN 2017, mã 07011, tr.78 | sugar_g = 0 [R2 CHỐT 2026-08-18 (DAT-28): SUY RA TẤT YẾU, không phải tra cứu mới — carb_g = 0 ở chính dòng này, mà đường là một phần của carbohydrate tổng nên sugar_g không thể lớn hơn 0. Ràng buộc sugar_g <= carb_g đã được scripts/validate_data.py kiểm tra. Nguồn của carb_g giữ nguyên như ghi ở trên, dòng này không thêm nguồn mới.]",2,FALSE
2095,"Thịt gà ta Chicken meat, average",,thịt,199,20.3,0,13.1,0,0,70,189,200,,,,,,,NIN,"Bảng TPTP VN 2017, mã 07013, tr.80 | sugar_g = 0 [R2 CHỐT 2026-08-18 (DAT-28): SUY RA TẤT YẾU, không phải tra cứu mới — carb_g = 0 ở chính dòng này, mà đường là một phần của carbohydrate tổng nên sugar_g không thể lớn hơn 0. Ràng buộc sugar_g <= carb_g đã được scripts/validate_data.py kiểm tra. Nguồn của carb_g giữ nguyên như ghi ở trên, dòng này không thêm nguồn mới.]",52,FALSE
2096,"Thịt gà tây Turkey, raw flesh",,thịt,218,20.06,0.04,15.3,0,,66,236,320,,,,,,,NIN,"Bảng TPTP VN 2017, mã 07014, tr.80",53,FALSE
2097,Thịt hươu Deer meat,,thịt,94,19,0,2,0,0,51,318,205,,,,,,,NIN,"Bảng TPTP VN 2017, mã 07015, tr.80 | sugar_g = 0 [R2 CHỐT 2026-08-18 (DAT-28): SUY RA TẤT YẾU, không phải tra cứu mới — carb_g = 0 ở chính dòng này, mà đường là một phần của carbohydrate tổng nên sugar_g không thể lớn hơn 0. Ràng buộc sugar_g <= carb_g đã được scripts/validate_data.py kiểm tra. Nguồn của carb_g giữ nguyên như ghi ở trên, dòng này không thêm nguồn mới.]",2,FALSE
2098,Thịt lợn mỡ Pork fat,thịt heo mỡ pork fat,thịt,394,14.5,0,37.3,0,0,42,253,156,,,,,,,NIN,"Bảng TPTP VN 2017, mã 07016, tr.80 | sugar_g = 0 [R2 CHỐT 2026-08-18 (DAT-28): SUY RA TẤT YẾU, không phải tra cứu mới — carb_g = 0 ở chính dòng này, mà đường là một phần của carbohydrate tổng nên sugar_g không thể lớn hơn 0. Ràng buộc sugar_g <= carb_g đã được scripts/validate_data.py kiểm tra. Nguồn của carb_g giữ nguyên như ghi ở trên, dòng này không thêm nguồn mới.]",2,FALSE
2099,"Thịt nửa mỡ lợn nửa nạc, Pork medium fat","thịt nửa mỡ heo nửa nạc, pork medium fat",thịt,260,16.5,0,21.5,0,0,55,285,178,,,,,,,NIN,"Bảng TPTP VN 2017, mã 07018, tr.80 | sugar_g = 0 [R2 CHỐT 2026-08-18 (DAT-28): SUY RA TẤT YẾU, không phải tra cứu mới — carb_g = 0 ở chính dòng này, mà đường là một phần của carbohydrate tổng nên sugar_g không thể lớn hơn 0. Ràng buộc sugar_g <= carb_g đã được scripts/validate_data.py kiểm tra. Nguồn của carb_g giữ nguyên như ghi ở trên, dòng này không thêm nguồn mới.]",2,FALSE
2100,Thịt ngỗng Goose meat,,thịt,409,14,0,39.2,0,0,73,308,210,,,,,,,NIN,"Bảng TPTP VN 2017, mã 07019, tr.80 | sugar_g = 0 [R2 CHỐT 2026-08-18 (DAT-28): SUY RA TẤT YẾU, không phải tra cứu mới — carb_g = 0 ở chính dòng này, mà đường là một phần của carbohydrate tổng nên sugar_g không thể lớn hơn 0. Ràng buộc sugar_g <= carb_g đã được scripts/validate_data.py kiểm tra. Nguồn của carb_g giữ nguyên như ghi ở trên, dòng này không thêm nguồn mới.]",52,FALSE
2101,Thịt ngựa Horse meat,,thịt,176,21.5,0,10,0,0,62,291,200,,,,,,,NIN,"Bảng TPTP VN 2017, mã 07020, tr.80 | sugar_g = 0 [R2 CHỐT 2026-08-18 (DAT-28): SUY RA TẤT YẾU, không phải tra cứu mới — carb_g = 0 ở chính dòng này, mà đường là một phần của carbohydrate tổng nên sugar_g không thể lớn hơn 0. Ràng buộc sugar_g <= carb_g đã được scripts/validate_data.py kiểm tra. Nguồn của carb_g giữ nguyên như ghi ở trên, dòng này không thêm nguồn mới.]",2,FALSE
2102,Thịt thỏ nhà Rabbit meat raw,,thịt,158,21.5,0,8,0,0,41,330,224,,,,,,,NIN,"Bảng TPTP VN 2017, mã 07021, tr.80 | sugar_g = 0 [R2 CHỐT 2026-08-18 (DAT-28): SUY RA TẤT YẾU, không phải tra cứu mới — carb_g = 0 ở chính dòng này, mà đường là một phần của carbohydrate tổng nên sugar_g không thể lớn hơn 0. Ràng buộc sugar_g <= carb_g đã được scripts/validate_data.py kiểm tra. Nguồn của carb_g giữ nguyên như ghi ở trên, dòng này không thêm nguồn mới.]",45,FALSE
2103,Thịt thỏ rừng Hare wild) rabbit (field or,,thịt,103,23.5,0,1,0,0,50,378,226,,,,,,,NIN,"Bảng TPTP VN 2017, mã 07022, tr.80 | sugar_g = 0 [R2 CHỐT 2026-08-18 (DAT-28): SUY RA TẤT YẾU, không phải tra cứu mới — carb_g = 0 ở chính dòng này, mà đường là một phần của carbohydrate tổng nên sugar_g không thể lớn hơn 0. Ràng buộc sugar_g <= carb_g đã được scripts/validate_data.py kiểm tra. Nguồn của carb_g giữ nguyên như ghi ở trên, dòng này không thêm nguồn mới.]",45,FALSE
2104,"Thịt trâu Buffalo meat, average",,thịt,97,20.39,0.89,1.37,0,,53,297,197,,,,,,,NIN,"Bảng TPTP VN 2017, mã 07023, tr.80",0,FALSE
2105,"Bầu dục bò Beef, kidney",,thịt,67,12.5,0.3,1.8,0,,200,262,219,,,,,,,NIN,"Bảng TPTP VN 2017, mã 07029, tr.82",7,FALSE
2106,"Bầu dục lợn Pork, kidney","bầu dục heo pork, kidney",thịt,81,13,0.3,3.1,0,,121,390,223,,,,,,,NIN,"Bảng TPTP VN 2017, mã 07030, tr.82",2,FALSE
2107,"Chân giò lợn Pork, leg","chân giò heo pork, leg",thịt,230,15.7,0,18.6,0,0,47,315,106,,,,,,,NIN,"Bảng TPTP VN 2017, mã 07032, tr.82 | sugar_g = 0 [R2 CHỐT 2026-08-18 (DAT-28): SUY RA TẤT YẾU, không phải tra cứu mới — carb_g = 0 ở chính dòng này, mà đường là một phần của carbohydrate tổng nên sugar_g không thể lớn hơn 0. Ràng buộc sugar_g <= carb_g đã được scripts/validate_data.py kiểm tra. Nguồn của carb_g giữ nguyên như ghi ở trên, dòng này không thêm nguồn mới.]",38,FALSE
2108,"Dạ dày bò Stomach, beef",,thịt,97,14.8,0,4.2,0,0,97,67,85,,,,,,,NIN,"Bảng TPTP VN 2017, mã 07033, tr.82 | sugar_g = 0 [R2 CHỐT 2026-08-18 (DAT-28): SUY RA TẤT YẾU, không phải tra cứu mới — carb_g = 0 ở chính dòng này, mà đường là một phần của carbohydrate tổng nên sugar_g không thể lớn hơn 0. Ràng buộc sugar_g <= carb_g đã được scripts/validate_data.py kiểm tra. Nguồn của carb_g giữ nguyên như ghi ở trên, dòng này không thêm nguồn mới.]",5,FALSE
2109,"Dạ dày lợn Stomach, hog","dạ dày heo stomach, hog",thịt,85,14.6,0,2.9,0,0,75,140,144,,,,,,,NIN,"Bảng TPTP VN 2017, mã 07034, tr.82 | sugar_g = 0 [R2 CHỐT 2026-08-18 (DAT-28): SUY RA TẤT YẾU, không phải tra cứu mới — carb_g = 0 ở chính dòng này, mà đường là một phần của carbohydrate tổng nên sugar_g không thể lớn hơn 0. Ràng buộc sugar_g <= carb_g đã được scripts/validate_data.py kiểm tra. Nguồn của carb_g giữ nguyên như ghi ở trên, dòng này không thêm nguồn mới.]",2,FALSE
2110,"Đuôi lợn Hog, tail","đuôi heo hog, tail",thịt,467,10.8,0,47.1,0,0,21,114,50,,,,,,,NIN,"Bảng TPTP VN 2017, mã 07038, tr.82 | sugar_g = 0 [R2 CHỐT 2026-08-18 (DAT-28): SUY RA TẤT YẾU, không phải tra cứu mới — carb_g = 0 ở chính dòng này, mà đường là một phần của carbohydrate tổng nên sugar_g không thể lớn hơn 0. Ràng buộc sugar_g <= carb_g đã được scripts/validate_data.py kiểm tra. Nguồn của carb_g giữ nguyên như ghi ở trên, dòng này không thêm nguồn mới.]",30,FALSE
2111,"Gan bò Beef, liver",,thịt,110,17.4,3,3.1,0,,110,213,340,,,,,,,NIN,"Bảng TPTP VN 2017, mã 07039, tr.82",0,FALSE
2112,Gan gà Chicken liver,,thịt,111,18.2,2,3.4,0,,71,335,260,,,,,,,NIN,"Bảng TPTP VN 2017, mã 07040, tr.82",0,FALSE
2113,Gan vịt Duck liver,,thịt,122,17.1,2.8,4.7,0,,140,230,177,,,,,,,NIN,"Bảng TPTP VN 2017, mã 07042, tr.82",0,FALSE
2114,Lưỡi bò Beef tongue,,thịt,164,13.6,0.2,12.1,0,,69,315,162,,,,,,,NIN,"Bảng TPTP VN 2017, mã 07044, tr.82",8,FALSE
2115,"Lưỡi lợn Hog, tongue","lưỡi heo hog, tongue",thịt,178,14.2,1.4,12.8,0,,110,243,118,,,,,,,NIN,"Bảng TPTP VN 2017, mã 07045, tr.82",3,FALSE
2116,Mề gà Chicken gizzard,,thịt,99,21.3,0.6,1.3,0,,69,237,150,,,,,,,NIN,"Bảng TPTP VN 2017, mã 07048, tr.84",4,FALSE
2117,óc bò Brain beef,,thịt,124,9,0.5,9.5,0,,126,274,311,,,,,,,NIN,"Bảng TPTP VN 2017, mã 07049, tr.84",8,FALSE
2118,óc lợn Hog brain,óc heo hog brain,thịt,123,9,0.4,9.5,0,,120,258,311,,,,,,,NIN,"Bảng TPTP VN 2017, mã 07050, tr.84",8,FALSE
2119,"Phổi bò Beef, lung",,thịt,103,15.2,0,4.7,0,0,198,340,195,,,,,,,NIN,"Bảng TPTP VN 2017, mã 07051, tr.84 | sugar_g = 0 [R2 CHỐT 2026-08-18 (DAT-28): SUY RA TẤT YẾU, không phải tra cứu mới — carb_g = 0 ở chính dòng này, mà đường là một phần của carbohydrate tổng nên sugar_g không thể lớn hơn 0. Ràng buộc sugar_g <= carb_g đã được scripts/validate_data.py kiểm tra. Nguồn của carb_g giữ nguyên như ghi ở trên, dòng này không thêm nguồn mới.]",8,FALSE
2120,Phổi lợn Hog lung raw,phổi heo hog lung raw,thịt,92,14.8,0,3.6,0,0,153,303,230,,,,,,,NIN,"Bảng TPTP VN 2017, mã 07052, tr.84 | sugar_g = 0 [R2 CHỐT 2026-08-18 (DAT-28): SUY RA TẤT YẾU, không phải tra cứu mới — carb_g = 0 ở chính dòng này, mà đường là một phần của carbohydrate tổng nên sugar_g không thể lớn hơn 0. Ràng buộc sugar_g <= carb_g đã được scripts/validate_data.py kiểm tra. Nguồn của carb_g giữ nguyên như ghi ở trên, dòng này không thêm nguồn mới.]",8,FALSE
2121,"Sườn lợn Pork, ribs","sườn heo pork, ribs",thịt,187,17.9,0,12.8,0,0,60,200,160,75.8,"USDA/ODS-NIH Purine DB R2.0 (2025) — Pork ribs, raw. Sườn lợn Pork, ribs. Mức tin cậy: khớp trực tiếp.",,,,,NIN,"Bảng TPTP VN 2017, mã 07053, tr.84 | sugar_g = 0 [R2 CHỐT 2026-08-18 (DAT-28): SUY RA TẤT YẾU, không phải tra cứu mới — carb_g = 0 ở chính dòng này, mà đường là một phần của carbohydrate tổng nên sugar_g không thể lớn hơn 0. Ràng buộc sugar_g <= carb_g đã được scripts/validate_data.py kiểm tra. Nguồn của carb_g giữ nguyên như ghi ở trên, dòng này không thêm nguồn mới.]",57,FALSE
2122,Tai lợn Hog ears,tai heo hog ears,thịt,126,21,1.3,4.1,0,,191,55,41,,,,,,,NIN,"Bảng TPTP VN 2017, mã 07054, tr.84",4,FALSE
2123,"Tim bò Beef, heart",,thịt,89,15,0.6,3,0,,98,287,185,,,,,,,NIN,"Bảng TPTP VN 2017, mã 07055, tr.84",8,FALSE
2124,Tim gà Chicken heart,,thịt,114,16,0,5.5,0,0,74,176,177,,,,,,,NIN,"Bảng TPTP VN 2017, mã 07056, tr.84 | sugar_g = 0 [R2 CHỐT 2026-08-18 (DAT-28): SUY RA TẤT YẾU, không phải tra cứu mới — carb_g = 0 ở chính dòng này, mà đường là một phần của carbohydrate tổng nên sugar_g không thể lớn hơn 0. Ràng buộc sugar_g <= carb_g đã được scripts/validate_data.py kiểm tra. Nguồn của carb_g giữ nguyên như ghi ở trên, dòng này không thêm nguồn mới.]",0,FALSE
2125,Tiết lợn luộc Hog boiled blood,tiết heo luộc hog boiled blood,thịt,44,10.7,0,0.1,0,0,343,131,12,,,,,,,NIN,"Bảng TPTP VN 2017, mã 07059, tr.84 | sugar_g = 0 [R2 CHỐT 2026-08-18 (DAT-28): SUY RA TẤT YẾU, không phải tra cứu mới — carb_g = 0 ở chính dòng này, mà đường là một phần của carbohydrate tổng nên sugar_g không thể lớn hơn 0. Ràng buộc sugar_g <= carb_g đã được scripts/validate_data.py kiểm tra. Nguồn của carb_g giữ nguyên như ghi ở trên, dòng này không thêm nguồn mới.]",0,FALSE
2126,Ba tê Pate,,thịt,326,10.8,15.4,24.6,0,,95,166,88,,,,,,,NIN,"Bảng TPTP VN 2017, mã 07063, tr.86",0,FALSE
2127,"Chả lợn Pork, grilled mince fat meat","chả heo pork, grilled mince fat meat",thịt,517,10.8,5.1,50.4,0,,339,407,100,,,,,,,NIN,"Bảng TPTP VN 2017, mã 07064, tr.86",0,FALSE
2128,Nem chạo Roll pork with meat pork skin and,,thịt,116,12.1,13.35,1.6,0.3,,70,38,25,,,,,,,NIN,"Bảng TPTP VN 2017, mã 07072, tr.86",0,FALSE
2129,Ruốc thịt lợn Salted shredded pork,ruốc thịt heo salted shredded pork,thịt,369,46.6,0,20.3,0,0,1472,371,16,,,,,,,NIN,"Bảng TPTP VN 2017, mã 07074, tr.86 | sugar_g = 0 [R2 CHỐT 2026-08-18 (DAT-28): SUY RA TẤT YẾU, không phải tra cứu mới — carb_g = 0 ở chính dòng này, mà đường là một phần của carbohydrate tổng nên sugar_g không thể lớn hơn 0. Ràng buộc sugar_g <= carb_g đã được scripts/validate_data.py kiểm tra. Nguồn của carb_g giữ nguyên như ghi ở trên, dòng này không thêm nguồn mới.]",0,FALSE
2130,Thịt bò khô Dried beef,,thịt,239,51,5.2,1.6,0,,312,135,476,,,,,,,NIN,"Bảng TPTP VN 2017, mã 07075, tr.88",0,FALSE
2131,Ếch (thịt đùi) Frog,,thịt,90,20,0,1.1,0,0,58,285,147,,,,,,,NIN,"Bảng TPTP VN 2017, mã 07080, tr.88 | sugar_g = 0 [R2 CHỐT 2026-08-18 (DAT-28): SUY RA TẤT YẾU, không phải tra cứu mới — carb_g = 0 ở chính dòng này, mà đường là một phần của carbohydrate tổng nên sugar_g không thể lớn hơn 0. Ràng buộc sugar_g <= carb_g đã được scripts/validate_data.py kiểm tra. Nguồn của carb_g giữ nguyên như ghi ở trên, dòng này không thêm nguồn mới.]",0,FALSE
2132,Lòng gà (cả bộ) Chicken giblets,,thịt,119,17.88,1.79,4.47,0,,77,228,197,,,,,,,NIN,"Bảng TPTP VN 2017, mã 07082, tr.88",0,FALSE
2133,"Cá diếc Mullet, harder",,thủy sản,87,17.7,0,1.8,0,0,35,271,152,,,,,,cá,NIN,"Bảng TPTP VN 2017, mã 08006, tr.94 | sugar_g = 0 [R2 CHỐT 2026-08-18 (DAT-28): SUY RA TẤT YẾU, không phải tra cứu mới — carb_g = 0 ở chính dòng này, mà đường là một phần của carbohydrate tổng nên sugar_g không thể lớn hơn 0. Ràng buộc sugar_g <= carb_g đã được scripts/validate_data.py kiểm tra. Nguồn của carb_g giữ nguyên như ghi ở trên, dòng này không thêm nguồn mới.]",45,FALSE
2134,Cá đối Flathead grey mullet,,thủy sản,108,19.5,0,3.3,0,0,65,357,224,,,,,,cá,NIN,"Bảng TPTP VN 2017, mã 08009, tr.94 | sugar_g = 0 [R2 CHỐT 2026-08-18 (DAT-28): SUY RA TẤT YẾU, không phải tra cứu mới — carb_g = 0 ở chính dòng này, mà đường là một phần của carbohydrate tổng nên sugar_g không thể lớn hơn 0. Ràng buộc sugar_g <= carb_g đã được scripts/validate_data.py kiểm tra. Nguồn của carb_g giữ nguyên như ghi ở trên, dòng này không thêm nguồn mới.]",42,FALSE
2135,Cá mè Silver carp,,thủy sản,144,15.4,0,9.1,0,0,31,319,215,,,,,,cá,NIN,"Bảng TPTP VN 2017, mã 08014, tr.94 | sugar_g = 0 [R2 CHỐT 2026-08-18 (DAT-28): SUY RA TẤT YẾU, không phải tra cứu mới — carb_g = 0 ở chính dòng này, mà đường là một phần của carbohydrate tổng nên sugar_g không thể lớn hơn 0. Ràng buộc sugar_g <= carb_g đã được scripts/validate_data.py kiểm tra. Nguồn của carb_g giữ nguyên như ghi ở trên, dòng này không thêm nguồn mới.]",36,FALSE
2136,Cá thu đao Pacific saury,,thủy sản,156,20,0,8.4,0,0,86,406,190,,,,,,cá,NIN,"Bảng TPTP VN 2017, mã 08027, tr.96 | sugar_g = 0 [R2 CHỐT 2026-08-18 (DAT-28): SUY RA TẤT YẾU, không phải tra cứu mới — carb_g = 0 ở chính dòng này, mà đường là một phần của carbohydrate tổng nên sugar_g không thể lớn hơn 0. Ràng buộc sugar_g <= carb_g đã được scripts/validate_data.py kiểm tra. Nguồn của carb_g giữ nguyên như ghi ở trên, dòng này không thêm nguồn mới.]",30,FALSE
2137,Cá trắm cỏ Grass carp,,thủy sản,91,17,0,2.6,0,0,26,305,145,,,,,,cá,NIN,"Bảng TPTP VN 2017, mã 08029, tr.96 | sugar_g = 0 [R2 CHỐT 2026-08-18 (DAT-28): SUY RA TẤT YẾU, không phải tra cứu mới — carb_g = 0 ở chính dòng này, mà đường là một phần của carbohydrate tổng nên sugar_g không thể lớn hơn 0. Ràng buộc sugar_g <= carb_g đã được scripts/validate_data.py kiểm tra. Nguồn của carb_g giữ nguyên như ghi ở trên, dòng này không thêm nguồn mới.]",35,FALSE
2138,Cá trê Catfish,,thủy sản,173,16.5,0,11.9,0,0,53,299,210,,,,,,cá,NIN,"Bảng TPTP VN 2017, mã 08030, tr.96 | sugar_g = 0 [R2 CHỐT 2026-08-18 (DAT-28): SUY RA TẤT YẾU, không phải tra cứu mới — carb_g = 0 ở chính dòng này, mà đường là một phần của carbohydrate tổng nên sugar_g không thể lớn hơn 0. Ràng buộc sugar_g <= carb_g đã được scripts/validate_data.py kiểm tra. Nguồn của carb_g giữ nguyên như ghi ở trên, dòng này không thêm nguồn mới.]",40,FALSE
2139,Cá trôi Mrigal carp,,thủy sản,127,18.8,0,5.7,0,0,14,314,185,,,,,,cá,NIN,"Bảng TPTP VN 2017, mã 08032, tr.98 | sugar_g = 0 [R2 CHỐT 2026-08-18 (DAT-28): SUY RA TẤT YẾU, không phải tra cứu mới — carb_g = 0 ở chính dòng này, mà đường là một phần của carbohydrate tổng nên sugar_g không thể lớn hơn 0. Ràng buộc sugar_g <= carb_g đã được scripts/validate_data.py kiểm tra. Nguồn của carb_g giữ nguyên như ghi ở trên, dòng này không thêm nguồn mới.]",27.6,FALSE
2140,Cua bể Crab sea water,,thủy sản,103,17.5,7,0.6,0,,316,322,191,,,,,,hải sản,NIN,"Bảng TPTP VN 2017, mã 08033, tr.98",40,FALSE
2141,"Lươn Eel, silver - pike",,thủy sản,130,18.4,10.7,1.5,0,,51,272,164,,,,,,cá,NIN,"Bảng TPTP VN 2017, mã 08038, tr.98",35,FALSE
2142,Mực khô Dried cuttle fish squid,,thủy sản,291,60.1,2.5,4.5,0,,445,1368,287,,,,,,hải sản,NIN,"Bảng TPTP VN 2017, mã 08039, tr.98",4,FALSE
2143,Sò Oyster,,thủy sản,51,8.8,3,0.4,0,,380,223,82,,,,,,hải sản,NIN,"Bảng TPTP VN 2017, mã 08048, tr.100",80,FALSE
2144,"Tôm đồng Shrimp, fresh water",,thủy sản,90,18.4,0,1.8,0,0,418,316,150,,,,,,hải sản,NIN,"Bảng TPTP VN 2017, mã 08052, tr.100 | sugar_g = 0 [R2 CHỐT 2026-08-18 (DAT-28): SUY RA TẤT YẾU, không phải tra cứu mới — carb_g = 0 ở chính dòng này, mà đường là một phần của carbohydrate tổng nên sugar_g không thể lớn hơn 0. Ràng buộc sugar_g <= carb_g đã được scripts/validate_data.py kiểm tra. Nguồn của carb_g giữ nguyên như ghi ở trên, dòng này không thêm nguồn mới.]",10,FALSE
2145,Trai Mussel fresh water,,thủy sản,38,4.6,2.5,1.1,0,,56,314,107,,,,,,hải sản,NIN,"Bảng TPTP VN 2017, mã 08054, tr.100",60,FALSE
2146,Bánh tôm sống phồng Raw shrimp chips,,thủy sản,381,3.4,75.3,7.4,0,,418,195,50,,,,,,hải sản,NIN,"Bảng TPTP VN 2017, mã 08056, tr.100",0,FALSE
2147,"Lòng trứng đỏ gà Hen egg, yolk",,trứng,327,13.6,1,29.8,0,,108,169,532,,,,,,trứng,NIN,"Bảng TPTP VN 2017, mã 09002, tr.106",0,FALSE
2148,"Lòng trứng trắng gà Hen egg, white",,trứng,46,10.3,1,0.1,0,,215,172,16,,,,,,trứng,NIN,"Bảng TPTP VN 2017, mã 09003, tr.106",0,FALSE
2149,"Trứng cá muối Fish red, granule caviar, black and",,trứng,274,24.6,3.5,17.9,0,,1500,181,356,,,,,,cá,NIN,"Bảng TPTP VN 2017, mã 09009, tr.106",0,FALSE
2150,"Sữa bò tươi Milk cow, fresh (Fluid)",,sữa,74,3.9,4.8,4.4,0,,380,143,95,,,,,,sữa,NIN,"Bảng TPTP VN 2017, mã 10001, tr.110",0,FALSE
2151,Sữa dê tươi Milk goat’s whole,,sữa,69,3.5,4.5,4.1,0,4.45,50,204,126,,,,,,sữa,NIN,"Bảng TPTP VN 2017, mã 10002, tr.110 [đường: Bộ Y tế – Viện Dinh dưỡng, Bảng thành phần thực phẩm Việt Nam (bản PDF do FAO lưu), cột 'Đường tổng số (Sugar)', mã 10002]",0,FALSE
2153,Sữa vớt béo chua Yogurt (Skimmed milk),,sữa,26,3.4,3.1,0,0,,135,339,109,,,,,,sữa,NIN,"Bảng TPTP VN 2017, mã 10005, tr.110",0,FALSE
2154,Sữa tách bột béo Skimmed milk powder,,sữa,357,35,52,1,0,51.48,535,1794,980,,,,,,sữa,NIN,"Bảng TPTP VN 2017, mã 10007, tr.110 [đường: Bộ Y tế – Viện Dinh dưỡng, Bảng thành phần thực phẩm Việt Nam (bản PDF do FAO lưu), cột 'Đường tổng số (Sugar)', mã 10007]",0,FALSE
2155,"Mận đường nước Plum, ened canned sweet-",,đồ hộp,62,0.3,14.9,0.1,1.8,,20,93,15,,,,,,,NIN,"Bảng TPTP VN 2017, mã 11006, tr.114",10,FALSE
2156,Bột ca cao Cocoa powder,,đồ ngọt,423,23.3,44.2,17,4.6,1.75,21,1524,734,,,,,,,NIN,"Bảng TPTP VN 2017, mã 12012, tr.120 [đường: Bộ Y tế – Viện Dinh dưỡng, Bảng thành phần thực phẩm Việt Nam (bản PDF do FAO lưu), cột 'Đường tổng số (Sugar)', mã 12012]",0,FALSE
2157,Mật ong Honey,,đồ ngọt,327,0.4,81.3,0,0,81.02,4,52,16,,,,,,,NIN,"Bảng TPTP VN 2017, mã 12026, tr.122 [đường: Bộ Y tế – Viện Dinh dưỡng, Bảng thành phần thực phẩm Việt Nam (bản PDF do FAO lưu), cột 'Đường tổng số (Sugar)', mã 12026]",0,FALSE
2158,Muối Table salt,,gia vị,0,0,0,0,0,0,38758,4,70,,,,,,,NIN,"Bảng TPTP VN 2017, mã 13005, tr.126 [đường: Bộ Y tế – Viện Dinh dưỡng, Bảng thành phần thực phẩm Việt Nam (bản PDF do FAO lưu), cột 'Đường tổng số (Sugar)', mã 13005]",0,FALSE
2159,"Nghệ tươi Turmeric, rhizome, fresh",,gia vị,377,0,82.5,5.2,0.9,,5,356,22,,,,,,,NIN,"Bảng TPTP VN 2017, mã 13007, tr.126",10,FALSE
2160,Magi Soybean sauce,,gia vị,65,10,6.1,0.1,0,1.7,5586,212,130,,,,,,,NIN,"Bảng TPTP VN 2017, mã 13010, tr.126 [đường: Bộ Y tế – Viện Dinh dưỡng, Bảng thành phần thực phẩm Việt Nam (bản PDF do FAO lưu), cột 'Đường tổng số (Sugar)', mã 13010]",0,FALSE
2161,Sốt mayonnaise Mayonnaise,,gia vị,701,0,0.1,77.8,0,0.1,486,14,25,,,,,,trứng,NIN,"Bảng TPTP VN 2017, mã 13023, tr.128 [đường: Bộ Y tế – Viện Dinh dưỡng, Bảng thành phần thực phẩm Việt Nam (bản PDF do FAO lưu), cột 'Đường tổng số (Sugar)', mã 13023]",0,FALSE
2162,"Bia (cồn: 4,5 g) Beer hol) light (4,5 % Alco-",,đồ uống,43,0.5,2.3,0,0,,4,27,26,,,,,,,NIN,"Bảng TPTP VN 2017, mã 14001, tr.132",0,FALSE
2163,"Nước ép cà chua Tomato salt added juice, without",,đồ uống,21,0.8,3,0.6,0.4,,10,229,13,,,,,,,NIN,"Bảng TPTP VN 2017, mã 14007, tr.132",0,FALSE
2164,Nước quít tươi Mandarins juice (fresh),,đồ uống,25,0.4,5.3,0.2,0.2,,1,178,24,,,,,,,NIN,"Bảng TPTP VN 2017, mã 14009, tr.132",0,FALSE
2165,"Rượu (cồn 9,5 vang g) trắng White alcohol) wine (9.5%",,đồ uống,66,0.1,0.2,0,0,0.2,4,61,6,,,,,,,NIN,"Bảng TPTP VN 2017, mã 14014, tr.134 [đường: Bộ Y tế – Viện Dinh dưỡng, Bảng thành phần thực phẩm Việt Nam (bản PDF do FAO lưu), cột 'Đường tổng số (Sugar)', mã 14014]",0,FALSE
2166,"Rượu trắng 10.2 g) vang ngọt (cồn White (10.2% wine, alcohol) sweet",,đồ uống,96,0.2,5.9,0,0,5.9,13,110,13,,,,,,,NIN,"Bảng TPTP VN 2017, mã 14015, tr.134 [đường: Bộ Y tế – Viện Dinh dưỡng, Bảng thành phần thực phẩm Việt Nam (bản PDF do FAO lưu), cột 'Đường tổng số (Sugar)', mã 14015]",0,FALSE
3000,Gạo nếp cái,,ngũ cốc,346,8.6,74.9,1.5,0.6,,3,282,98,,,,,,,NIN,"NIN - Bảng thành phần dinh dưỡng (bảng nội bộ do chuyên gia dinh dưỡng dự án biên soạn/sử dụng từ nguồn NIN, file 'Bảng xác định nhu cầu dinh dưỡng + thực đơn.xlsx', sheet 'Bảng TP có phospho')",,FALSE
3001,Gạo tẻ máy,,ngũ cốc,344,7.9,76.2,1,0.4,,5,241,104,,,,,,,NIN,"NIN - Bảng thành phần dinh dưỡng (bảng nội bộ do chuyên gia dinh dưỡng dự án biên soạn/sử dụng từ nguồn NIN, file 'Bảng xác định nhu cầu dinh dưỡng + thực đơn.xlsx', sheet 'Bảng TP có phospho')",,FALSE
3002,Gạo tẻ giã,,ngũ cốc,344,8.1,75.3,1.3,0.7,,5,202,108,,,,,,,NIN,"NIN - Bảng thành phần dinh dưỡng (bảng nội bộ do chuyên gia dinh dưỡng dự án biên soạn/sử dụng từ nguồn NIN, file 'Bảng xác định nhu cầu dinh dưỡng + thực đơn.xlsx', sheet 'Bảng TP có phospho')",,FALSE
3003,Kê,,ngũ cốc,331,7,69,3,3.4,,7,249,290,,,,,,,NIN,"NIN - Bảng thành phần dinh dưỡng (bảng nội bộ do chuyên gia dinh dưỡng dự án biên soạn/sử dụng từ nguồn NIN, file 'Bảng xác định nhu cầu dinh dưỡng + thực đơn.xlsx', sheet 'Bảng TP có phospho')",,FALSE
3004,Bột mỳ,,ngũ cốc,346,11,72.9,1.1,0.3,,4,186,132,,,,,,,NIN,"NIN - Bảng thành phần dinh dưỡng (bảng nội bộ do chuyên gia dinh dưỡng dự án biên soạn/sử dụng từ nguồn NIN, file 'Bảng xác định nhu cầu dinh dưỡng + thực đơn.xlsx', sheet 'Bảng TP có phospho')",,FALSE
3005,Củ sắn,củ khoai mì,khoai củ,152,1.1,36.4,0.2,9.2,,2,394,30,,,,,,,NIN,"NIN - Bảng thành phần dinh dưỡng (bảng nội bộ do chuyên gia dinh dưỡng dự án biên soạn/sử dụng từ nguồn NIN, file 'Bảng xác định nhu cầu dinh dưỡng + thực đơn.xlsx', sheet 'Bảng TP có phospho')",,FALSE
3006,Khoai sọ,,khoai củ,114,1.8,26.5,0.1,1.2,,10,448,75,,,,,,,NIN,"NIN - Bảng thành phần dinh dưỡng (bảng nội bộ do chuyên gia dinh dưỡng dự án biên soạn/sử dụng từ nguồn NIN, file 'Bảng xác định nhu cầu dinh dưỡng + thực đơn.xlsx', sheet 'Bảng TP có phospho')",,FALSE
3007,Cùi dừa già,,hạt,368,4.8,6.2,36,4.2,,7,555,154,,,,,,,NIN,"NIN - Bảng thành phần dinh dưỡng (bảng nội bộ do chuyên gia dinh dưỡng dự án biên soạn/sử dụng từ nguồn NIN, file 'Bảng xác định nhu cầu dinh dưỡng + thực đơn.xlsx', sheet 'Bảng TP có phospho')",,FALSE
3008,Đậu hà lan,,đậu,342,22.2,60.1,1.4,6,,9,135,303,,,,,,,NIN,"NIN - Bảng thành phần dinh dưỡng (bảng nội bộ do chuyên gia dinh dưỡng dự án biên soạn/sử dụng từ nguồn NIN, file 'Bảng xác định nhu cầu dinh dưỡng + thực đơn.xlsx', sheet 'Bảng TP có phospho')",,FALSE
3009,Lạc hạt,đậu phộng hạt,hạt,573,27.5,15.5,44.5,2.5,4.72,4,421,420,,,,,,lạc,NIN,"NIN - Bảng thành phần dinh dưỡng (bảng nội bộ do chuyên gia dinh dưỡng dự án biên soạn/sử dụng từ nguồn NIN, file 'Bảng xác định nhu cầu dinh dưỡng + thực đơn.xlsx', sheet 'Bảng TP có phospho') | sugar_g = 4.72 g/100 g tra chéo từ USDA FoodData Central fdcId:peanuts all types raw 'Peanuts, all types, raw' [R2 CHỐT 2026-08-18 (DAT-28): chỉ bổ sung cột đường, nguồn của các chỉ số còn lại giữ nguyên như ghi ở trên. Ánh xạ do R2 đối chiếu tay từng dòng, không khớp tên tự động.]",,FALSE
3010,Quả cọ tươi,,hạt,178,2.3,12.1,13.4,3.5,,49,508,34,,,,,,,NIN,"NIN - Bảng thành phần dinh dưỡng (bảng nội bộ do chuyên gia dinh dưỡng dự án biên soạn/sử dụng từ nguồn NIN, file 'Bảng xác định nhu cầu dinh dưỡng + thực đơn.xlsx', sheet 'Bảng TP có phospho')",,FALSE
3011,"Vừng đen, trắng","mè đen, trắng",hạt,568,20.1,17.6,46.4,3.5,,49,508,379,,,,,,vừng,NIN,"NIN - Bảng thành phần dinh dưỡng (bảng nội bộ do chuyên gia dinh dưỡng dự án biên soạn/sử dụng từ nguồn NIN, file 'Bảng xác định nhu cầu dinh dưỡng + thực đơn.xlsx', sheet 'Bảng TP có phospho')",,FALSE
3012,Bí xanh,,rau,12,0.6,2.4,0,1,,13,150,23,,,,,,,NIN,"NIN - Bảng thành phần dinh dưỡng (bảng nội bộ do chuyên gia dinh dưỡng dự án biên soạn/sử dụng từ nguồn NIN, file 'Bảng xác định nhu cầu dinh dưỡng + thực đơn.xlsx', sheet 'Bảng TP có phospho')",,FALSE
3013,Bí ngô,bí đỏ,rau,24,0.3,5.6,0,0.7,,8,349,16,,,,,,,NIN,"NIN - Bảng thành phần dinh dưỡng (bảng nội bộ do chuyên gia dinh dưỡng dự án biên soạn/sử dụng từ nguồn NIN, file 'Bảng xác định nhu cầu dinh dưỡng + thực đơn.xlsx', sheet 'Bảng TP có phospho')",,FALSE
3014,Cà pháo,,rau,20,1.5,3.6,0,1.6,,7,221,16,,,,,,,NIN,"NIN - Bảng thành phần dinh dưỡng (bảng nội bộ do chuyên gia dinh dưỡng dự án biên soạn/sử dụng từ nguồn NIN, file 'Bảng xác định nhu cầu dinh dưỡng + thực đơn.xlsx', sheet 'Bảng TP có phospho')",,FALSE
3015,Cải xoong,,rau,14,2.1,1.4,0,2,,85,211,28,,,,,,,NIN,"NIN - Bảng thành phần dinh dưỡng (bảng nội bộ do chuyên gia dinh dưỡng dự án biên soạn/sử dụng từ nguồn NIN, file 'Bảng xác định nhu cầu dinh dưỡng + thực đơn.xlsx', sheet 'Bảng TP có phospho')",,FALSE
3016,Cải thìa,,rau,16,1.4,2.6,0,1.8,,25,200,30,,,,,,,NIN,"NIN - Bảng thành phần dinh dưỡng (bảng nội bộ do chuyên gia dinh dưỡng dự án biên soạn/sử dụng từ nguồn NIN, file 'Bảng xác định nhu cầu dinh dưỡng + thực đơn.xlsx', sheet 'Bảng TP có phospho')",,FALSE
3017,Cần tây,,rau,47,3.7,8.1,0,1.5,,96,326,128,,,,,,,NIN,"NIN - Bảng thành phần dinh dưỡng (bảng nội bộ do chuyên gia dinh dưỡng dự án biên soạn/sử dụng từ nguồn NIN, file 'Bảng xác định nhu cầu dinh dưỡng + thực đơn.xlsx', sheet 'Bảng TP có phospho')",,FALSE
3018,Đậu cô ve,,rau,73,5,13.3,0,1,,96,254,122,,,,,,,NIN,"NIN - Bảng thành phần dinh dưỡng (bảng nội bộ do chuyên gia dinh dưỡng dự án biên soạn/sử dụng từ nguồn NIN, file 'Bảng xác định nhu cầu dinh dưỡng + thực đơn.xlsx', sheet 'Bảng TP có phospho')",,FALSE
3019,Đậu Đũa,đậu que,rau,57,6,8.3,0,2,,5,194,16,,,,,,,NIN,"NIN - Bảng thành phần dinh dưỡng (bảng nội bộ do chuyên gia dinh dưỡng dự án biên soạn/sử dụng từ nguồn NIN, file 'Bảng xác định nhu cầu dinh dưỡng + thực đơn.xlsx', sheet 'Bảng TP có phospho')",,FALSE
3020,Đu đủ xanh,,rau,22,0.8,4.6,0,2,,7,215,50,,,,,,,NIN,"NIN - Bảng thành phần dinh dưỡng (bảng nội bộ do chuyên gia dinh dưỡng dự án biên soạn/sử dụng từ nguồn NIN, file 'Bảng xác định nhu cầu dinh dưỡng + thực đơn.xlsx', sheet 'Bảng TP có phospho')",,FALSE
3021,Giá đỗ xanh,,rau,43,5.5,5.3,0,2,,23,164,91,,,,,,,NIN,"NIN - Bảng thành phần dinh dưỡng (bảng nội bộ do chuyên gia dinh dưỡng dự án biên soạn/sử dụng từ nguồn NIN, file 'Bảng xác định nhu cầu dinh dưỡng + thực đơn.xlsx', sheet 'Bảng TP có phospho')",,FALSE
3022,Hẹ lá,,rau,16,2.2,1.8,0,0.9,,6,234,45,,,,,,,NIN,"NIN - Bảng thành phần dinh dưỡng (bảng nội bộ do chuyên gia dinh dưỡng dự án biên soạn/sử dụng từ nguồn NIN, file 'Bảng xác định nhu cầu dinh dưỡng + thực đơn.xlsx', sheet 'Bảng TP có phospho')",,FALSE
3023,Lá lốt,,rau,39,4.3,5.4,0,2.5,,15,598,980,,,,,,,NIN,"NIN - Bảng thành phần dinh dưỡng (bảng nội bộ do chuyên gia dinh dưỡng dự án biên soạn/sử dụng từ nguồn NIN, file 'Bảng xác định nhu cầu dinh dưỡng + thực đơn.xlsx', sheet 'Bảng TP có phospho')",,FALSE
3024,Măng chua,,rau,11,1.4,1.4,0,4.1,,9,486,29,,,,,,,NIN,"NIN - Bảng thành phần dinh dưỡng (bảng nội bộ do chuyên gia dinh dưỡng dự án biên soạn/sử dụng từ nguồn NIN, file 'Bảng xác định nhu cầu dinh dưỡng + thực đơn.xlsx', sheet 'Bảng TP có phospho')",,FALSE
3025,Ớt vàng to,,rau,28,1.3,5.7,0,1.4,,15,257,120,,,,,,,NIN,"NIN - Bảng thành phần dinh dưỡng (bảng nội bộ do chuyên gia dinh dưỡng dự án biên soạn/sử dụng từ nguồn NIN, file 'Bảng xác định nhu cầu dinh dưỡng + thực đơn.xlsx', sheet 'Bảng TP có phospho')",,FALSE
3026,Rau bí,,rau,18,2.7,1.7,0,1.7,,17,390,26,,,,,,,NIN,"NIN - Bảng thành phần dinh dưỡng (bảng nội bộ do chuyên gia dinh dưỡng dự án biên soạn/sử dụng từ nguồn NIN, file 'Bảng xác định nhu cầu dinh dưỡng + thực đơn.xlsx', sheet 'Bảng TP có phospho')",,FALSE
3027,Rau diếp,,rau,13,1.2,2,0,0.5,,14,254,37,,,,,,,NIN,"NIN - Bảng thành phần dinh dưỡng (bảng nội bộ do chuyên gia dinh dưỡng dự án biên soạn/sử dụng từ nguồn NIN, file 'Bảng xác định nhu cầu dinh dưỡng + thực đơn.xlsx', sheet 'Bảng TP có phospho')",,FALSE
3028,Rau dđay,,rau,24,2.8,3.2,0,1.5,,16,417,57,,,,,,,NIN,"NIN - Bảng thành phần dinh dưỡng (bảng nội bộ do chuyên gia dinh dưỡng dự án biên soạn/sử dụng từ nguồn NIN, file 'Bảng xác định nhu cầu dinh dưỡng + thực đơn.xlsx', sheet 'Bảng TP có phospho')",,FALSE
3029,Rau dền đỏ,,rau,41,3.3,6.2,0.3,1.6,,56,417,123,,,,,,,NIN,"NIN - Bảng thành phần dinh dưỡng (bảng nội bộ do chuyên gia dinh dưỡng dự án biên soạn/sử dụng từ nguồn NIN, file 'Bảng xác định nhu cầu dinh dưỡng + thực đơn.xlsx', sheet 'Bảng TP có phospho')",,FALSE
3030,Rau khoai lang,,rau,22,2.6,2.8,0,1.4,,19,498,54,,,,,,,NIN,"NIN - Bảng thành phần dinh dưỡng (bảng nội bộ do chuyên gia dinh dưỡng dự án biên soạn/sử dụng từ nguồn NIN, file 'Bảng xác định nhu cầu dinh dưỡng + thực đơn.xlsx', sheet 'Bảng TP có phospho')",,FALSE
3031,Súp lơ,bông cải,rau,30,2.5,4.9,0,0.9,,20,349,51,,,,,,,NIN,"NIN - Bảng thành phần dinh dưỡng (bảng nội bộ do chuyên gia dinh dưỡng dự án biên soạn/sử dụng từ nguồn NIN, file 'Bảng xác định nhu cầu dinh dưỡng + thực đơn.xlsx', sheet 'Bảng TP có phospho')",,FALSE
3032,Cam,,trái cây,37,0.9,8.4,0,1.4,,4,108,23,,,,,,,NIN,"NIN - Bảng thành phần dinh dưỡng (bảng nội bộ do chuyên gia dinh dưỡng dự án biên soạn/sử dụng từ nguồn NIN, file 'Bảng xác định nhu cầu dinh dưỡng + thực đơn.xlsx', sheet 'Bảng TP có phospho')",,FALSE
3033,Chuối tây,,trái cây,66,0.9,15,0.3,0,,17,286,15,,,,,,,NIN,"NIN - Bảng thành phần dinh dưỡng (bảng nội bộ do chuyên gia dinh dưỡng dự án biên soạn/sử dụng từ nguồn NIN, file 'Bảng xác định nhu cầu dinh dưỡng + thực đơn.xlsx', sheet 'Bảng TP có phospho')",,FALSE
3034,Dứa ta,thơm ta|khóm ta,trái cây,29,0.8,6.5,0,0.8,,24,157,17,,,,,,,NIN,"NIN - Bảng thành phần dinh dưỡng (bảng nội bộ do chuyên gia dinh dưỡng dự án biên soạn/sử dụng từ nguồn NIN, file 'Bảng xác định nhu cầu dinh dưỡng + thực đơn.xlsx', sheet 'Bảng TP có phospho')",,FALSE
3035,Hông đỏ,,trái cây,28,0.7,6.2,0,2.5,,4,214,19,,,,,,,NIN,"NIN - Bảng thành phần dinh dưỡng (bảng nội bộ do chuyên gia dinh dưỡng dự án biên soạn/sử dụng từ nguồn NIN, file 'Bảng xác định nhu cầu dinh dưỡng + thực đơn.xlsx', sheet 'Bảng TP có phospho')",,FALSE
3036,Hồng ngâm,,trái cây,38,0.9,8.6,0,2.5,,3,217,19,,,,,,,NIN,"NIN - Bảng thành phần dinh dưỡng (bảng nội bộ do chuyên gia dinh dưỡng dự án biên soạn/sử dụng từ nguồn NIN, file 'Bảng xác định nhu cầu dinh dưỡng + thực đơn.xlsx', sheet 'Bảng TP có phospho')",,FALSE
3037,Mít dai,,trái cây,48,0.6,11.4,0,1.2,,3,368,28,,,,,,,NIN,"NIN - Bảng thành phần dinh dưỡng (bảng nội bộ do chuyên gia dinh dưỡng dự án biên soạn/sử dụng từ nguồn NIN, file 'Bảng xác định nhu cầu dinh dưỡng + thực đơn.xlsx', sheet 'Bảng TP có phospho')",,FALSE
3038,Nho ta,,trái cây,14,0.4,3.1,0,2.4,,11,120,22,,,,,,,NIN,"NIN - Bảng thành phần dinh dưỡng (bảng nội bộ do chuyên gia dinh dưỡng dự án biên soạn/sử dụng từ nguồn NIN, file 'Bảng xác định nhu cầu dinh dưỡng + thực đơn.xlsx', sheet 'Bảng TP có phospho')",,FALSE
3039,Táo tây,,trái cây,47,0.5,11.3,0,0.6,,15,102,13,,,,,,,NIN,"NIN - Bảng thành phần dinh dưỡng (bảng nội bộ do chuyên gia dinh dưỡng dự án biên soạn/sử dụng từ nguồn NIN, file 'Bảng xác định nhu cầu dinh dưỡng + thực đơn.xlsx', sheet 'Bảng TP có phospho')",,FALSE
3040,Thịt bò loại I,,thịt,118,21,0,3.8,0,0,83,378,226,,,,,,,NIN,"NIN - Bảng thành phần dinh dưỡng (bảng nội bộ do chuyên gia dinh dưỡng dự án biên soạn/sử dụng từ nguồn NIN, file 'Bảng xác định nhu cầu dinh dưỡng + thực đơn.xlsx', sheet 'Bảng TP có phospho'); thải bỏ 2% tra CHÉO từ NIN mã 7003 'Beef, grade I' | sugar_g = 0 [R2 CHỐT 2026-08-18 (DAT-28): SUY RA TẤT YẾU, không phải tra cứu mới — carb_g = 0 ở chính dòng này, mà đường là một phần của carbohydrate tổng nên sugar_g không thể lớn hơn 0. Ràng buộc sugar_g <= carb_g đã được scripts/validate_data.py kiểm tra. Nguồn của carb_g giữ nguyên như ghi ở trên, dòng này không thêm nguồn mới.]",2,FALSE
3041,Thịt cừu,,thịt,219,16.4,0,17,0,0,91,256,117,,,,,,,NIN,"NIN - Bảng thành phần dinh dưỡng (bảng nội bộ do chuyên gia dinh dưỡng dự án biên soạn/sử dụng từ nguồn NIN, file 'Bảng xác định nhu cầu dinh dưỡng + thực đơn.xlsx', sheet 'Bảng TP có phospho') | sugar_g = 0 [R2 CHỐT 2026-08-18 (DAT-28): SUY RA TẤT YẾU, không phải tra cứu mới — carb_g = 0 ở chính dòng này, mà đường là một phần của carbohydrate tổng nên sugar_g không thể lớn hơn 0. Ràng buộc sugar_g <= carb_g đã được scripts/validate_data.py kiểm tra. Nguồn của carb_g giữ nguyên như ghi ở trên, dòng này không thêm nguồn mới.]",,FALSE
3042,Gan bò,,thịt,110,17.4,3,3.1,0,,110,213,340,,,,,,,NIN,"NIN - Bảng thành phần dinh dưỡng (bảng nội bộ do chuyên gia dinh dưỡng dự án biên soạn/sử dụng từ nguồn NIN, file 'Bảng xác định nhu cầu dinh dưỡng + thực đơn.xlsx', sheet 'Bảng TP có phospho')",,FALSE
3043,Cua nghẹ,,thủy sản,54,11.9,0,0.7,0,0,316,322,125,,,,,,hải sản,NIN,"NIN - Bảng thành phần dinh dưỡng (bảng nội bộ do chuyên gia dinh dưỡng dự án biên soạn/sử dụng từ nguồn NIN, file 'Bảng xác định nhu cầu dinh dưỡng + thực đơn.xlsx', sheet 'Bảng TP có phospho') | sugar_g = 0 [R2 CHỐT 2026-08-18 (DAT-28): SUY RA TẤT YẾU, không phải tra cứu mới — carb_g = 0 ở chính dòng này, mà đường là một phần của carbohydrate tổng nên sugar_g không thể lớn hơn 0. Ràng buộc sugar_g <= carb_g đã được scripts/validate_data.py kiểm tra. Nguồn của carb_g giữ nguyên như ghi ở trên, dòng này không thêm nguồn mới.]",,FALSE
3044,Sò,,thủy sản,51,8.8,3,0.4,0,,380,223,82,,,,,,hải sản,NIN,"NIN - Bảng thành phần dinh dưỡng (bảng nội bộ do chuyên gia dinh dưỡng dự án biên soạn/sử dụng từ nguồn NIN, file 'Bảng xác định nhu cầu dinh dưỡng + thực đơn.xlsx', sheet 'Bảng TP có phospho')",,FALSE
3045,Tôm đồng,,thủy sản,90,18.4,0,1.8,0,0,418,316,150,,,,,,hải sản,NIN,"NIN - Bảng thành phần dinh dưỡng (bảng nội bộ do chuyên gia dinh dưỡng dự án biên soạn/sử dụng từ nguồn NIN, file 'Bảng xác định nhu cầu dinh dưỡng + thực đơn.xlsx', sheet 'Bảng TP có phospho') | sugar_g = 0 [R2 CHỐT 2026-08-18 (DAT-28): SUY RA TẤT YẾU, không phải tra cứu mới — carb_g = 0 ở chính dòng này, mà đường là một phần của carbohydrate tổng nên sugar_g không thể lớn hơn 0. Ràng buộc sugar_g <= carb_g đã được scripts/validate_data.py kiểm tra. Nguồn của carb_g giữ nguyên như ghi ở trên, dòng này không thêm nguồn mới.]",,FALSE
3046,Lòng đỏ trứng gà,,trứng,327,13.6,1,29.8,0,,108,169,532,,,,,,trứng,NIN,"NIN - Bảng thành phần dinh dưỡng (bảng nội bộ do chuyên gia dinh dưỡng dự án biên soạn/sử dụng từ nguồn NIN, file 'Bảng xác định nhu cầu dinh dưỡng + thực đơn.xlsx', sheet 'Bảng TP có phospho')",,FALSE
3047,Lòng trắng trứng gà,,trứng,46,10.3,1,0.1,0,,215,172,16,,,,,,trứng,NIN,"NIN - Bảng thành phần dinh dưỡng (bảng nội bộ do chuyên gia dinh dưỡng dự án biên soạn/sử dụng từ nguồn NIN, file 'Bảng xác định nhu cầu dinh dưỡng + thực đơn.xlsx', sheet 'Bảng TP có phospho')",,FALSE
4000,Ngô vàng hạt khô,bắp vàng hạt khô,ngũ cốc,362,8.6,71.4,4.7,2,,35,287,190,,,,,,,NIN,"Bảng TPTP VN 2017, mã 01008, tr.24",2,FALSE
4001,Bỏng ngô,bỏng bắp,ngũ cốc,386,8.6,84.2,1.6,3.4,,346,609,47,,,,,,,NIN,"Bảng TPTP VN 2017, mã 01015, tr.26",0,FALSE
4002,Bột gạo nếp,,ngũ cốc,365,8.2,79.4,1.6,0.6,,3,293,148,,,,,,,NIN,"Bảng TPTP VN 2017, mã 01016, tr.26",0,FALSE
4003,Bột gạo tẻ,,ngũ cốc,360,6.6,82.6,0.4,0.4,,0,76,135,,,,,,,NIN,"Bảng TPTP VN 2017, mã 01017, tr.26",0,FALSE
4004,Bột ngô vàng,bột bắp vàng,ngũ cốc,367,8.3,74.5,4,1.5,,5,315,170,,,,,,,NIN,"Bảng TPTP VN 2017, mã 01019, tr.26",0,FALSE
4005,Khoai lang nghệ,,khoai củ,119,1.2,27.9,0.3,0.8,,350,107,56,,,,,,,NIN,"Bảng TPTP VN 2017, mã 02009, tr.30",13,FALSE
4006,Khoai lang khô,,khoai củ,348,2.2,83.6,0.5,3.6,,86,584,137,,,,,,,NIN,"Bảng TPTP VN 2017, mã 02022, tr.32",5,FALSE
4007,Khoai tây khô,,khoai củ,343,6.6,78.5,0.3,3.4,,25,1410,180,,,,,,,NIN,"Bảng TPTP VN 2017, mã 02023, tr.32",0,FALSE
4008,Cùi dừa non,,hạt,54,3.5,6.1,1.7,3.5,,141,454,53,,,,,,,NIN,"Bảng TPTP VN 2017, mã 03002, tr.36",0,FALSE
4009,Đậu tương,,đậu,418,34,29.1,18.4,4.5,,2,1504,690,,,,,,đậu nành,NIN,"Bảng TPTP VN 2017, mã 03007, tr.36",2,FALSE
4010,Bột đậu xanh,,hạt,363,24.6,60.4,2.5,3.9,,6,1185,100,,,,,,,NIN,"Bảng TPTP VN 2017, mã 03023, tr.38",0,FALSE
4011,Bột lạc,bột đậu phộng,hạt,583,27.5,17.1,45,2.1,,4,414,380,,,,,,lạc,NIN,"Bảng TPTP VN 2017, mã 03024, tr.38",0,FALSE
4012,Hạt bí đỏ rang,,hạt,528,35.1,25.3,31.8,2.3,,172,383,900,,,,,,,NIN,"Bảng TPTP VN 2017, mã 03028, tr.38",19,FALSE
4013,Tào phớ,,hạt,46,3.8,5.1,1.2,0,,33,85,23,,,,,,đậu nành,NIN,"Bảng TPTP VN 2017, mã 03033, tr.40",0,FALSE
4014,Cà bát,,rau,28,1.2,5.57,0.13,1.5,,2,230,16,,,,,,,NIN,"Bảng TPTP VN 2017, mã 04004, tr.44",5,FALSE
4015,Cải bắp đỏ,bắp cải đỏ,rau,61,1.9,13,0.2,4,,27,243,42,,,,,,,NIN,"Bảng TPTP VN 2017, mã 04011, tr.44",22,FALSE
4016,Chuối xanh,,rau,78,1.2,17.48,0.32,1,,13,256,27,,,,,,,NIN,"Bảng TPTP VN 2017, mã 04019, tr.46",32,FALSE
4017,Củ cải trắng khô,,rau,290,17.6,51.6,1.5,17.7,,278,3494,204,,,,,,,NIN,"Bảng TPTP VN 2017, mã 04022, tr.46",0,FALSE
4018,Hành củ tươi,,rau,29,1.3,5.22,0.28,0.7,4.24,17,212,49,,,,,,,NIN,"Bảng TPTP VN 2017, mã 04037, tr.48 | sugar_g = 4.24 g/100 g tra chéo từ USDA FoodData Central fdcId:170000 'Onions, raw' [R2 CHỐT 2026-08-18 (DAT-28): chỉ bổ sung cột đường, các chỉ số khác giữ nguyên nguồn gốc. Ánh xạ được XÁC MINH bằng đối chiếu mô tả USDA trả về, không đoán fdcId — bản đầu của scripts/tra_sugar_g_usda.py hardcode id theo trí nhớ và sai 4/8 dòng (rau muống ra Asparagus, bí xanh ra Cucumber), nên nay bắt buộc tìm-rồi-đối-chiếu. ⚠️ Hạn chế đã biết: carb_g của dòng này từ bảng NIN còn sugar_g từ USDA — hai bảng đo giống/điều kiện khác nhau nên tỷ lệ đường/carb có thể lệch so với tỷ lệ nội bộ của USDA. Ràng buộc sugar_g <= carb_g vẫn được validate_data.py kiểm.]",24,FALSE
4019,Hạt sen tươi,hột sen tươi,rau,164,9.5,30.3,0.5,0.8,,1,367,164,,,,,,,NIN,"Bảng TPTP VN 2017, mã 04040, tr.48",39,FALSE
4020,Hạt sen khô,hột sen khô,rau,342,20,60.2,2.4,2.2,,5,1368,285,,,,,,,NIN,"Bảng TPTP VN 2017, mã 04041, tr.48",0,FALSE
4021,Khế,,rau,26,0.6,5.47,0.23,2.6,,2,133,8,,,,,,,NIN,"Bảng TPTP VN 2017, mã 04045, tr.48",13,FALSE
4022,Măng tây,,rau,24,2.2,3.36,0.14,2.3,,2,202,6,,,,,,,NIN,"Bảng TPTP VN 2017, mã 04052, tr.50",50,FALSE
4023,Măng tre,,rau,31,1.7,5.59,0.21,4.1,,4,533,58,,,,,,,NIN,"Bảng TPTP VN 2017, mã 04053, tr.50",50,FALSE
4024,Ngải cứu,,rau,33,3.8,4.4,0,2,,98,612,45,,,,,,,NIN,"Bảng TPTP VN 2017, mã 04057, tr.50",31,FALSE
4025,Ngó sen,,rau,65,1,15.13,0.07,1.2,,40,556,51,,,,,,,NIN,"Bảng TPTP VN 2017, mã 04059, tr.50",11,FALSE
4026,Ớt xanh to,,rau,31,1.3,6.07,0.13,1.5,,3,175,25,,,,,,,NIN,"Bảng TPTP VN 2017, mã 04063, tr.50",10,FALSE
4027,Dưa chuột muối,,rau,17,0.8,3.06,0.14,0.7,,1208,23,20,,,,,,,NIN,"Bảng TPTP VN 2017, mã 04118, tr.58",0,FALSE
4028,Mộc nhĩ,,rau,332,10.6,72,0.2,7,,70,708,201,,,,,,,NIN,"Bảng TPTP VN 2017, mã 04125, tr.60",10,FALSE
4029,Chôm chôm,,trái cây,77,1.5,17.7,0,1.3,,94,69,15,,,,,,,NIN,"Bảng TPTP VN 2017, mã 05004, tr.64",50,FALSE
4030,Dâu tây,,trái cây,59,1.8,12.1,0.4,4,,37,292,23,,,,,,,NIN,"Bảng TPTP VN 2017, mã 05009, tr.64",15,FALSE
4031,Dưa bở,,trái cây,21,0.5,4.3,0.2,0.7,,0,201,36,,,,,,,NIN,"Bảng TPTP VN 2017, mã 05010, tr.64",10,FALSE
4032,Dứa tây,thơm tây|khóm tây,trái cây,40,0.5,9.23,0.07,0.4,,1,115,11,,,,,,,NIN,"Bảng TPTP VN 2017, mã 05015, tr.64",40,FALSE
4033,Đào,,trái cây,37,0.9,7.8,0.2,1.5,,0,190,34,,,,,,,NIN,"Bảng TPTP VN 2017, mã 05016, tr.66",12,FALSE
4034,Hồng Xiêm,,trái cây,58,0.5,12.5,0.7,2.5,,12,193,24,,,,,,,NIN,"Bảng TPTP VN 2017, mã 05022, tr.66",10,FALSE
4035,Lựu,,trái cây,79,0.6,18.85,0.15,2.5,,3,259,23,,,,,,,NIN,"Bảng TPTP VN 2017, mã 05024, tr.66",85,FALSE
4036,Mơ,,trái cây,50,0.9,11.03,0.27,0.8,,1,259,26,,,,,,,NIN,"Bảng TPTP VN 2017, mã 05031, tr.68",14,FALSE
4037,Mơ khô,,trái cây,290,3,66.9,1.1,4.1,,10,1162,106,,,,,,,NIN,"Bảng TPTP VN 2017, mã 05032, tr.68",0,FALSE
4038,Nho ngọt,,trái cây,71,0.4,16.99,0.11,0.6,,2,191,22,,,,,,,NIN,"Bảng TPTP VN 2017, mã 05037, tr.68",1.9,FALSE
4039,Quả bơ vỏ xanh,,trái cây,103,1.9,2.8,9.4,0.5,,2,351,85,,,,,,,NIN,"Bảng TPTP VN 2017, mã 05042, tr.68",28,FALSE
4040,Vải khô,,trái cây,264,3,58.6,1.9,1,,3,1110,58,,,,,,,NIN,"Bảng TPTP VN 2017, mã 05053, tr.70",44,FALSE
4041,Thịt bê mỡ,,thịt,144,19,0,7.5,0,0,76,329,188,,,,,,,NIN,"Bảng TPTP VN 2017, mã 07001, tr.78 | sugar_g = 0 [R2 CHỐT 2026-08-18 (DAT-28): SUY RA TẤT YẾU, không phải tra cứu mới — carb_g = 0 ở chính dòng này, mà đường là một phần của carbohydrate tổng nên sugar_g không thể lớn hơn 0. Ràng buộc sugar_g <= carb_g đã được scripts/validate_data.py kiểm tra. Nguồn của carb_g giữ nguyên như ghi ở trên, dòng này không thêm nguồn mới.]",2,FALSE
4042,Thịt chó sấn,,thịt,338,16,0,30.4,0,0,20,255,43,,,,,,,NIN,"Bảng TPTP VN 2017, mã 07008, tr.78 | sugar_g = 0 [R2 CHỐT 2026-08-18 (DAT-28): SUY RA TẤT YẾU, không phải tra cứu mới — carb_g = 0 ở chính dòng này, mà đường là một phần của carbohydrate tổng nên sugar_g không thể lớn hơn 0. Ràng buộc sugar_g <= carb_g đã được scripts/validate_data.py kiểm tra. Nguồn của carb_g giữ nguyên như ghi ở trên, dòng này không thêm nguồn mới.]",2,FALSE
4043,Thịt chó vai,,thịt,230,18,0,17.6,0,0,32,176,36,,,,,,,NIN,"Bảng TPTP VN 2017, mã 07009, tr.78 | sugar_g = 0 [R2 CHỐT 2026-08-18 (DAT-28): SUY RA TẤT YẾU, không phải tra cứu mới — carb_g = 0 ở chính dòng này, mà đường là một phần của carbohydrate tổng nên sugar_g không thể lớn hơn 0. Ràng buộc sugar_g <= carb_g đã được scripts/validate_data.py kiểm tra. Nguồn của carb_g giữ nguyên như ghi ở trên, dòng này không thêm nguồn mới.]",2,FALSE
4044,Thịt gà ta,,thịt,199,20.3,0,13.1,0,0,70,189,200,,,,,,,NIN,"Bảng TPTP VN 2017, mã 07013, tr.80 | sugar_g = 0 [R2 CHỐT 2026-08-18 (DAT-28): SUY RA TẤT YẾU, không phải tra cứu mới — carb_g = 0 ở chính dòng này, mà đường là một phần của carbohydrate tổng nên sugar_g không thể lớn hơn 0. Ràng buộc sugar_g <= carb_g đã được scripts/validate_data.py kiểm tra. Nguồn của carb_g giữ nguyên như ghi ở trên, dòng này không thêm nguồn mới.]",52,FALSE
4045,Thịt gà tây,,thịt,218,20.06,0.04,15.3,0,,66,236,320,,,,,,,NIN,"Bảng TPTP VN 2017, mã 07014, tr.80",53,FALSE
4046,Thịt Hươu,,thịt,94,19,0,2,0,0,51,318,205,,,,,,,NIN,"Bảng TPTP VN 2017, mã 07015, tr.80 | sugar_g = 0 [R2 CHỐT 2026-08-18 (DAT-28): SUY RA TẤT YẾU, không phải tra cứu mới — carb_g = 0 ở chính dòng này, mà đường là một phần của carbohydrate tổng nên sugar_g không thể lớn hơn 0. Ràng buộc sugar_g <= carb_g đã được scripts/validate_data.py kiểm tra. Nguồn của carb_g giữ nguyên như ghi ở trên, dòng này không thêm nguồn mới.]",2,FALSE
4047,Thịt lợn mỡ,thịt heo mỡ,thịt,394,14.5,0,37.3,0,0,42,253,156,,,,,,,NIN,"Bảng TPTP VN 2017, mã 07016, tr.80 | sugar_g = 0 [R2 CHỐT 2026-08-18 (DAT-28): SUY RA TẤT YẾU, không phải tra cứu mới — carb_g = 0 ở chính dòng này, mà đường là một phần của carbohydrate tổng nên sugar_g không thể lớn hơn 0. Ràng buộc sugar_g <= carb_g đã được scripts/validate_data.py kiểm tra. Nguồn của carb_g giữ nguyên như ghi ở trên, dòng này không thêm nguồn mới.]",2,FALSE
4048,Thịt ngỗng,,thịt,409,14,0,39.2,0,0,73,308,210,,,,,,,NIN,"Bảng TPTP VN 2017, mã 07019, tr.80 | sugar_g = 0 [R2 CHỐT 2026-08-18 (DAT-28): SUY RA TẤT YẾU, không phải tra cứu mới — carb_g = 0 ở chính dòng này, mà đường là một phần của carbohydrate tổng nên sugar_g không thể lớn hơn 0. Ràng buộc sugar_g <= carb_g đã được scripts/validate_data.py kiểm tra. Nguồn của carb_g giữ nguyên như ghi ở trên, dòng này không thêm nguồn mới.]",52,FALSE
4049,Thịt ngựa,,thịt,176,21.5,0,10,0,0,62,291,200,,,,,,,NIN,"Bảng TPTP VN 2017, mã 07020, tr.80 | sugar_g = 0 [R2 CHỐT 2026-08-18 (DAT-28): SUY RA TẤT YẾU, không phải tra cứu mới — carb_g = 0 ở chính dòng này, mà đường là một phần của carbohydrate tổng nên sugar_g không thể lớn hơn 0. Ràng buộc sugar_g <= carb_g đã được scripts/validate_data.py kiểm tra. Nguồn của carb_g giữ nguyên như ghi ở trên, dòng này không thêm nguồn mới.]",2,FALSE
4050,Thịt thỏ nhà,,thịt,158,21.5,0,8,0,0,41,330,224,,,,,,,NIN,"Bảng TPTP VN 2017, mã 07021, tr.80 | sugar_g = 0 [R2 CHỐT 2026-08-18 (DAT-28): SUY RA TẤT YẾU, không phải tra cứu mới — carb_g = 0 ở chính dòng này, mà đường là một phần của carbohydrate tổng nên sugar_g không thể lớn hơn 0. Ràng buộc sugar_g <= carb_g đã được scripts/validate_data.py kiểm tra. Nguồn của carb_g giữ nguyên như ghi ở trên, dòng này không thêm nguồn mới.]",45,FALSE
4051,Thịt thỏ rừng,,thịt,103,23.5,0,1,0,0,50,378,226,,,,,,,NIN,"Bảng TPTP VN 2017, mã 07022, tr.80 | sugar_g = 0 [R2 CHỐT 2026-08-18 (DAT-28): SUY RA TẤT YẾU, không phải tra cứu mới — carb_g = 0 ở chính dòng này, mà đường là một phần của carbohydrate tổng nên sugar_g không thể lớn hơn 0. Ràng buộc sugar_g <= carb_g đã được scripts/validate_data.py kiểm tra. Nguồn của carb_g giữ nguyên như ghi ở trên, dòng này không thêm nguồn mới.]",45,FALSE
4052,Bầu dục bò,,thịt,67,12.5,0.3,1.8,0,,200,262,219,,,,,,,NIN,"Bảng TPTP VN 2017, mã 07029, tr.82",7,FALSE
4053,Bầu dục lợn,bầu dục heo,thịt,81,13,0.3,3.1,0,,121,390,223,,,,,,,NIN,"Bảng TPTP VN 2017, mã 07030, tr.82",2,FALSE
4054,Chân giò lợn,chân giò heo,thịt,230,15.7,0,18.6,0,0,47,315,106,,,,,,,NIN,"Bảng TPTP VN 2017, mã 07032, tr.82 | sugar_g = 0 [R2 CHỐT 2026-08-18 (DAT-28): SUY RA TẤT YẾU, không phải tra cứu mới — carb_g = 0 ở chính dòng này, mà đường là một phần của carbohydrate tổng nên sugar_g không thể lớn hơn 0. Ràng buộc sugar_g <= carb_g đã được scripts/validate_data.py kiểm tra. Nguồn của carb_g giữ nguyên như ghi ở trên, dòng này không thêm nguồn mới.]",38,FALSE
4055,Dạ dày lợn,dạ dày heo,thịt,85,14.6,0,2.9,0,0,75,140,144,,,,,,,NIN,"Bảng TPTP VN 2017, mã 07034, tr.82 | sugar_g = 0 [R2 CHỐT 2026-08-18 (DAT-28): SUY RA TẤT YẾU, không phải tra cứu mới — carb_g = 0 ở chính dòng này, mà đường là một phần của carbohydrate tổng nên sugar_g không thể lớn hơn 0. Ràng buộc sugar_g <= carb_g đã được scripts/validate_data.py kiểm tra. Nguồn của carb_g giữ nguyên như ghi ở trên, dòng này không thêm nguồn mới.]",2,FALSE
4056,Gan gà,,thịt,111,18.2,2,3.4,0,,71,335,260,243,"USDA/ODS-NIH Purine DB R2.0 (2025) — Chicken liver, raw. Gan gà. Mức tin cậy: khớp trực tiếp.",,,,,NIN,"Bảng TPTP VN 2017, mã 07040, tr.82",0,FALSE
4057,Mề gà,,thịt,99,21.3,0.6,1.3,0,,69,237,150,,,,,,,NIN,"Bảng TPTP VN 2017, mã 07048, tr.84",4,FALSE
4058,Lưỡi lợn,lưỡi heo,thịt,178,14.2,1.4,12.8,0,,110,243,118,,,,,,,NIN,"Bảng TPTP VN 2017, mã 07045, tr.82",3,FALSE
4059,Óc lợn,óc heo,thịt,123,9,0.4,9.5,0,,120,258,311,,,,,,,NIN,"Bảng TPTP VN 2017, mã 07050, tr.84",8,FALSE
4060,Sườn lợn,sườn heo,thịt,187,17.9,0,12.8,0,0,60,200,160,,,,,,,NIN,"Bảng TPTP VN 2017, mã 07053, tr.84 | sugar_g = 0 [R2 CHỐT 2026-08-18 (DAT-28): SUY RA TẤT YẾU, không phải tra cứu mới — carb_g = 0 ở chính dòng này, mà đường là một phần của carbohydrate tổng nên sugar_g không thể lớn hơn 0. Ràng buộc sugar_g <= carb_g đã được scripts/validate_data.py kiểm tra. Nguồn của carb_g giữ nguyên như ghi ở trên, dòng này không thêm nguồn mới.]",57,FALSE
4061,Chả lợn,chả heo,thịt,517,10.8,5.1,50.4,0,,339,407,100,,,,,,,NIN,"Bảng TPTP VN 2017, mã 07064, tr.86",0,FALSE
4062,Nem chạo,,thịt,116,12.1,13.35,1.6,0.3,,70,38,25,,,,,,,NIN,"Bảng TPTP VN 2017, mã 07072, tr.86",0,FALSE
4063,Ruốc thịt lợn,ruốc thịt heo,thịt,369,46.6,0,20.3,0,0,1472,371,16,,,,,,,NIN,"Bảng TPTP VN 2017, mã 07074, tr.86 | sugar_g = 0 [R2 CHỐT 2026-08-18 (DAT-28): SUY RA TẤT YẾU, không phải tra cứu mới — carb_g = 0 ở chính dòng này, mà đường là một phần của carbohydrate tổng nên sugar_g không thể lớn hơn 0. Ràng buộc sugar_g <= carb_g đã được scripts/validate_data.py kiểm tra. Nguồn của carb_g giữ nguyên như ghi ở trên, dòng này không thêm nguồn mới.]",0,FALSE
4064,Thịt bò khô,,thịt,239,51,5.2,1.6,0,,312,135,476,,,,,,,NIN,"Bảng TPTP VN 2017, mã 07075, tr.88",0,FALSE
4065,Ếch,,thịt,90,20,0,1.1,0,0,58,285,147,,,,,,,NIN,"Bảng TPTP VN 2017, mã 07080, tr.88 | sugar_g = 0 [R2 CHỐT 2026-08-18 (DAT-28): SUY RA TẤT YẾU, không phải tra cứu mới — carb_g = 0 ở chính dòng này, mà đường là một phần của carbohydrate tổng nên sugar_g không thể lớn hơn 0. Ràng buộc sugar_g <= carb_g đã được scripts/validate_data.py kiểm tra. Nguồn của carb_g giữ nguyên như ghi ở trên, dòng này không thêm nguồn mới.]",0,FALSE
4066,Cá diếc,,thủy sản,87,17.7,0,1.8,0,0,35,271,152,,,,,,cá,NIN,"Bảng TPTP VN 2017, mã 08006, tr.94 | sugar_g = 0 [R2 CHỐT 2026-08-18 (DAT-28): SUY RA TẤT YẾU, không phải tra cứu mới — carb_g = 0 ở chính dòng này, mà đường là một phần của carbohydrate tổng nên sugar_g không thể lớn hơn 0. Ràng buộc sugar_g <= carb_g đã được scripts/validate_data.py kiểm tra. Nguồn của carb_g giữ nguyên như ghi ở trên, dòng này không thêm nguồn mới.]",45,FALSE
4067,Cá mè,,thủy sản,144,15.4,0,9.1,0,0,31,319,215,,,,,,cá,NIN,"Bảng TPTP VN 2017, mã 08014, tr.94 | sugar_g = 0 [R2 CHỐT 2026-08-18 (DAT-28): SUY RA TẤT YẾU, không phải tra cứu mới — carb_g = 0 ở chính dòng này, mà đường là một phần của carbohydrate tổng nên sugar_g không thể lớn hơn 0. Ràng buộc sugar_g <= carb_g đã được scripts/validate_data.py kiểm tra. Nguồn của carb_g giữ nguyên như ghi ở trên, dòng này không thêm nguồn mới.]",36,FALSE
4068,Cá đối,,thủy sản,108,19.5,0,3.3,0,0,65,357,224,,,,,,cá,NIN,"Bảng TPTP VN 2017, mã 08009, tr.94 | sugar_g = 0 [R2 CHỐT 2026-08-18 (DAT-28): SUY RA TẤT YẾU, không phải tra cứu mới — carb_g = 0 ở chính dòng này, mà đường là một phần của carbohydrate tổng nên sugar_g không thể lớn hơn 0. Ràng buộc sugar_g <= carb_g đã được scripts/validate_data.py kiểm tra. Nguồn của carb_g giữ nguyên như ghi ở trên, dòng này không thêm nguồn mới.]",42,FALSE
4069,Cá trắm cỏ,,thủy sản,91,17,0,2.6,0,0,26,305,145,,,,,,cá,NIN,"Bảng TPTP VN 2017, mã 08029, tr.96 | sugar_g = 0 [R2 CHỐT 2026-08-18 (DAT-28): SUY RA TẤT YẾU, không phải tra cứu mới — carb_g = 0 ở chính dòng này, mà đường là một phần của carbohydrate tổng nên sugar_g không thể lớn hơn 0. Ràng buộc sugar_g <= carb_g đã được scripts/validate_data.py kiểm tra. Nguồn của carb_g giữ nguyên như ghi ở trên, dòng này không thêm nguồn mới.]",35,FALSE
4070,Cá trôi,,thủy sản,127,18.8,0,5.7,0,0,14,314,185,,,,,,cá,NIN,"Bảng TPTP VN 2017, mã 08032, tr.98 | sugar_g = 0 [R2 CHỐT 2026-08-18 (DAT-28): SUY RA TẤT YẾU, không phải tra cứu mới — carb_g = 0 ở chính dòng này, mà đường là một phần của carbohydrate tổng nên sugar_g không thể lớn hơn 0. Ràng buộc sugar_g <= carb_g đã được scripts/validate_data.py kiểm tra. Nguồn của carb_g giữ nguyên như ghi ở trên, dòng này không thêm nguồn mới.]",27.6,FALSE
4071,Lươn,,thủy sản,130,18.4,10.7,1.5,0,,51,272,164,,,,,,cá,NIN,"Bảng TPTP VN 2017, mã 08038, tr.98",35,FALSE
4072,Sữa bò tươi,,sữa,74,3.9,4.8,4.4,0,,380,143,95,,,,,,sữa,NIN,"Bảng TPTP VN 2017, mã 10001, tr.110",0,FALSE
4073,Sữa dê tươi,,sữa,69,3.5,4.5,4.1,0,4.45,50,204,126,,,,,,sữa,NIN,"Bảng TPTP VN 2017, mã 10002, tr.110 [đường: Bộ Y tế – Viện Dinh dưỡng, Bảng thành phần thực phẩm Việt Nam (bản PDF do FAO lưu), cột 'Đường tổng số (Sugar)', mã 10002]",0,FALSE
4074,Sữa bột toàn phần,,sữa,494,27,38,26,0,,371,1330,790,,,,,,sữa,NIN,"Bảng TPTP VN 2017, mã 10006, tr.110",0,FALSE
4075,Sữa bột tách béo,,sữa,357,35,52,1,0,51.48,535,1794,980,,,,,,sữa,NIN,"Bảng TPTP VN 2017, mã 10007, tr.110 [đường: Bộ Y tế – Viện Dinh dưỡng, Bảng thành phần thực phẩm Việt Nam (bản PDF do FAO lưu), cột 'Đường tổng số (Sugar)', mã 10007]",0,FALSE
4076,Mật ong,,đồ ngọt,327,0.4,81.3,0,0,81.02,4,52,16,,,,,,,NIN,"Bảng TPTP VN 2017, mã 12026, tr.122 [đường: Bộ Y tế – Viện Dinh dưỡng, Bảng thành phần thực phẩm Việt Nam (bản PDF do FAO lưu), cột 'Đường tổng số (Sugar)', mã 12026]",0,FALSE
4100,Ngô tươi,bắp tươi,rau củ,86,3.27,18.7,1.35,2,6.26,15,270,89,,,,,,,USDA,"Khớp chéo ngôn ngữ (không phải khớp trực tiếp) — USDA FoodData Central 'Corn, sweet, yellow, raw' (fdcId:169998), lý do khớp: ngô tươi ăn thông thường ở VN. CẦN R2 xác nhận độ phù hợp trước khi dùng cho bệnh nhân.; sugar_g từ USDA FDC fdcId:169998 'Total Sugars'",,TRUE
4101,Củ cải,,rau củ,18,0.6,4.1,0.1,1.6,2.5,21,227,23,,,,,,,USDA,"Khớp chéo ngôn ngữ (không phải khớp trực tiếp) — USDA FoodData Central 'Radishes, oriental, raw' (fdcId:168451), lý do khớp: củ cải trắng/daikon — 'oriental radish' là đúng loại củ cải VN dùng, không phải radish đỏ nhỏ kiểu Âu. CẦN R2 xác nhận độ phù hợp trước khi dùng cho bệnh nhân.; sugar_g từ USDA FDC fdcId:168451 'Total Sugars'",,TRUE
4102,Tỏi tây,,rau củ,61,1.5,14.15,0.3,1.8,3.9,20,180,35,,,,,,,USDA,"Khớp chéo ngôn ngữ (không phải khớp trực tiếp) — USDA FoodData Central 'Leeks, (bulb and lower leaf-portion), raw' (fdcId:169246), lý do khớp: tỏi tây = leek, khớp trực tiếp tên. CẦN R2 xác nhận độ phù hợp trước khi dùng cho bệnh nhân.; sugar_g từ USDA FDC fdcId:169246 'Total Sugars'",,TRUE
4103,Dưa lê,,trái cây,36,0.54,9.09,0.14,0.8,8.12,18,228,11,,,,,,,USDA,"Khớp chéo ngôn ngữ (không phải khớp trực tiếp) — USDA FoodData Central 'Melons, honeydew, raw' (fdcId:169911), lý do khớp: dưa lê VN là giống dưa vỏ vàng/lê, gần nhất trong USDA là honeydew (chưa có giống dưa lê cụ thể). CẦN R2 xác nhận độ phù hợp trước khi dùng cho bệnh nhân.; sugar_g từ USDA FDC fdcId:169911 'Total Sugars'",,TRUE
4104,Mận,,trái cây,46,0.7,11.42,0.28,1.4,9.92,0,157,16,,,,,,,USDA,"Khớp chéo ngôn ngữ (không phải khớp trực tiếp) — USDA FoodData Central 'Plums, raw' (fdcId:169949), lý do khớp: mận Bắc (Prunus salicina) — khớp loại quả 'plum' nói chung, không phân biệt giống. CẦN R2 xác nhận độ phù hợp trước khi dùng cho bệnh nhân.; sugar_g từ USDA FDC fdcId:169949 'Total Sugars'",,TRUE
4105,Táo ta,,trái cây,281,4.72,72.52,0.5,6,,5,217,68,,,,,,,USDA,"Khớp chéo ngôn ngữ (không phải khớp trực tiếp) — USDA FoodData Central 'Jujube, Chinese, fresh, dried' (fdcId:168152), lý do khớp: táo ta VN chính là 'Chinese jujube' (Ziziphus jujuba), khớp tên khoa học trực tiếp. CẦN R2 xác nhận độ phù hợp trước khi dùng cho bệnh nhân.",,TRUE
4106,Thịt Dê,,thịt cừu/thú rừng,109,20.6,0,2.31,0,0,82,385,180,,,,,,,USDA,"Khớp chéo ngôn ngữ (không phải khớp trực tiếp) — USDA FoodData Central 'Game meat, goat, raw' (fdcId:175303), lý do khớp: thịt dê = goat meat, khớp trực tiếp. CẦN R2 xác nhận độ phù hợp trước khi dùng cho bệnh nhân. | sugar_g = 0 [R2 CHỐT 2026-08-18 (DAT-28): SUY RA TẤT YẾU, không phải tra cứu mới — carb_g = 0 ở chính dòng này, mà đường là một phần của carbohydrate tổng nên sugar_g không thể lớn hơn 0. Ràng buộc sugar_g <= carb_g đã được scripts/validate_data.py kiểm tra. Nguồn của carb_g giữ nguyên như ghi ở trên, dòng này không thêm nguồn mới.]",,TRUE
4107,Ốc nhồi,,thủy sản,90,16.1,2,1.4,0,0,70,382,272,,,,,,hải sản,USDA,"Khớp chéo ngôn ngữ (không phải khớp trực tiếp) — USDA FoodData Central 'Mollusks, snail, raw' (fdcId:167744), lý do khớp: ốc nhồi (Pila polita) — USDA chỉ có 'snail' chung, không phân biệt loài, số liệu mang tính tham khảo. CẦN R2 xác nhận độ phù hợp trước khi dùng cho bệnh nhân.; sugar_g từ USDA FDC fdcId:167744 'Total Sugars'",,TRUE
4108,Dầu thực vật,,dầu mỡ,884,0,0,100,0,0,0,0,0,,,,,,,USDA,"Khớp chéo ngôn ngữ (không phải khớp trực tiếp) — USDA FoodData Central 'Oil, vegetable, soybean, refined' (fdcId:172370), lý do khớp: dầu thực vật tinh luyện nói chung — Na/K/P gần 0 ở mọi loại dầu tinh luyện (đúng ngoại lệ 'trace' nêu ở PLAN_DAT-13 §0), chọn đậu nành làm đại diện vì phổ biến nhất ở VN. CẦN R2 xác nhận độ phù hợp trước khi dùng cho bệnh nhân.; sugar_g từ USDA FDC fdcId:172370 'Total Sugars'",,TRUE
4109,Đường cát,,đồ ngọt,387,0,99.98,0,0,99.8,1,2,0,,,,,,,USDA,"Khớp chéo ngôn ngữ (không phải khớp trực tiếp) — USDA FoodData Central 'Sugars, granulated' (fdcId:169655), lý do khớp: đường cát = đường tinh luyện, Na/K/P gần 0. CẦN R2 xác nhận độ phù hợp trước khi dùng cho bệnh nhân.; sugar_g từ USDA FDC fdcId:169655 'Total Sugars'",,TRUE
4111,cà phê tan 1 gói 22g,,đồ uống,353,12.2,75.4,0.5,0,0,37,3535,303,,,,,,,USDA,"Khớp chéo ngôn ngữ (không phải khớp trực tiếp) — USDA FoodData Central 'Beverages, coffee, instant, regular, powder' (fdcId:171893), lý do khớp: cà phê hoà tan nguyên chất — số liệu USDA là bột pha, không tính theo gói 22g cụ thể. CẦN R2 xác nhận độ phù hợp trước khi dùng cho bệnh nhân.; sugar_g từ USDA FDC fdcId:171893 'Total Sugars'",,TRUE
4112,Hạt điều khô chiên,,hạt,574,15.31,32.69,46.35,3,5.01,16,565,490,,,,,,,USDA,"Khớp chéo ngôn ngữ (không phải khớp trực tiếp) — USDA FoodData Central 'Nuts, cashew nuts, dry roasted, without salt added' (fdcId:170571), lý do khớp: hạt điều rang khô, chọn bản 'không muối' để không phóng đại Na (bản có muối Na cao hơn nhiều — nếu SP thực tế có muối, số Na này sẽ thấp hơn thực tế, cần R2 xác nhận). CẦN R2 xác nhận độ phù hợp trước khi dùng cho bệnh nhân.; sugar_g từ USDA FDC fdcId:170571 'Total Sugars'",,TRUE
4113,Hạt dẻ to,,hạt,213,2.42,45.54,2.26,8.1,,3,518,93,,,,,,,USDA,"Khớp chéo ngôn ngữ (không phải khớp trực tiếp) — USDA FoodData Central 'Nuts, chestnuts, european, raw, unpeeled' (fdcId:170574), lý do khớp: hạt dẻ (chestnut) — chọn bản sống chưa bóc vỏ vì gần nhất với 'hạt dẻ to' bán nguyên vỏ ở VN. CẦN R2 xác nhận độ phù hợp trước khi dùng cho bệnh nhân.",,TRUE
4114,Khoai tây lát chiên,,đồ ăn vặt,545,4.62,55.38,35.28,2.9,0.76,529,637,110,,,,,,,USDA,"Khớp chéo ngôn ngữ (không phải khớp trực tiếp) — USDA FoodData Central 'Snack, potato chips, made from dried potatoes, plain' (fdcId:168853), lý do khớp: khoai tây lát chiên = potato chips, chọn vị plain. CẦN R2 xác nhận độ phù hợp trước khi dùng cho bệnh nhân.; sugar_g từ USDA FDC fdcId:168853 'Total Sugars'",,TRUE
4115,Mỡ lợn nước,mỡ heo nước,dầu mỡ,902,0,0,100,0,0,0,0,0,,,,,,,USDA,"Khớp chéo ngôn ngữ (không phải khớp trực tiếp) — USDA FoodData Central 'Lard' (fdcId:171401), lý do khớp: mỡ lợn nước đã thắng = lard, khớp trực tiếp. CẦN R2 xác nhận độ phù hợp trước khi dùng cho bệnh nhân.; sugar_g từ USDA FDC fdcId:171401 'Total Sugars'",,TRUE
1105898,Gạo nếp (loại thường),,,350,8.4,75.4,1.6,0.5,,3,282,130,,,,,,,NIN,"NIN 2017, ma 01002, tr.24",,FALSE
1105899,Ngô bắp tươi,,,200,4.1,40.8,2.3,1.2,,3,306,187,,,,,,,NIN,"NIN 2017, ma 01007, tr.24",,FALSE
1105904,Bánh phở,,,141,3.2,32.1,0.4,0,,3,15,64,,,,,,,NIN,"NIN 2017, ma 01013, tr.24; bo sung Na/K/P tu NIN 2007, ma 01013, tr.26",,FALSE
1105911,Củ cái,,,134,3.1,30.18,0.12,1.8,,12,397,32,,,,,,,NIN,"NIN 2017, ma 02002, tr.30",,FALSE
1105912,Củ dong,,,129,1.4,30.8,0.2,2.4,,73,299,21,,,,,,,estimated,"NIN 2017 mã 02003 (năng lượng/đa chất); fat_g lấy từ USDA FDC #168490 'Arrowroot, raw' do NIN 2017 không phân tích các trường này — khớp theo name_en NIN 'Arrow root, raw', score=1.00. ƯỚC TÍNH, R2 cần duyệt.",,TRUE
1105918,Bột dong lọc,,,343,0.6,85.2,0.1,0.5,,2,11,18,,,,,,,estimated,"NIN 2017 mã 02016 (năng lượng/đa chất); fat_g, na_mg, k_mg lấy từ USDA FDC #170684 'Arrowroot flour' do NIN 2017 không phân tích các trường này — khớp theo name_en NIN 'Arrow root flour', score=1.00. ƯỚC TÍNH, R2 cần duyệt.",,TRUE
1105922,Bột sắn,bột khoai mì,,341,2.4,81.8,0.5,2.2,,13.08,197.6,37,,,,,,,estimated,"NIN 2017 mã 02020 (năng lượng/đa chất); na_mg, k_mg lấy từ USDA FDC #2512377 'Flour, cassava' do NIN 2017 không phân tích các trường này — khớp theo name_en NIN 'Cassava flour', score=0.91. ƯỚC TÍNH, R2 cần duyệt.",,TRUE
1105929,Đậu Hà lan (hạt),,,342,22.2,60.1,1.4,6,,9,135,303,,,,,,,NIN,"NIN 2017, ma 03006, tr.36",,FALSE
1105930,Đậu tương (đậu nành),,,418,34,29.1,18.4,4.5,,2,1504,690,,,,,,đậu nành,NIN,"NIN 2017, ma 03007, tr.36",,FALSE
1105933,Đậu xanh (đậu tắt),,,346,23.4,57.8,2.4,4.7,,6,1132,377,,,,,,,NIN,"NIN 2017, ma 03010, tr.36",,FALSE
1105939,"Vừng (đen, trắng)","mè (đen, trắng)",,582,20.1,21.1,46.4,3.5,,11,468,629,,,,,,vừng,NIN,"NIN 2017, ma 03020, tr.38",,FALSE
1105940,Bột đậu tương đã loại béo (đậu nành),,,331,49,31.5,1,2.5,,20,2384,602,,,,,,đậu nành,NIN,"NIN 2017, ma 03021, tr.38",,FALSE
1105947,Sữa đậu nành (100g đậu/lít),,,29,3.1,0.5,1.6,0.1,,55,124,36,,,,,,đậu nành,NIN,"NIN 2017, ma 03032, tr.40",,FALSE
1105949,"Cà rốt (củ đỏ, vàng)",,,44,1.5,9.03,0.17,1.2,,52,266,39,,,,,,,NIN,"NIN 2017, ma 04007, tr.44",,FALSE
1105952,Cải soong,,,22,2.1,3.33,0.07,2,,85,211,28,,,,,,,NIN,"NIN 2017, ma 04014, tr.44",,FALSE
1105953,Cải thìa (cải trắng),,,24,1.4,4.26,0.14,1.8,,25,200,30,,,,,,,NIN,"NIN 2017, ma 04015, tr.44",,FALSE
1105963,Giá đậu tương,,,82,7.7,8.7,1.8,0.7,,14,484,58,,,,,,đậu nành,NIN,"NIN 2017, ma 04035, tr.48",,FALSE
1105964,Giá đậu xanh,,,52,5.5,7.17,0.13,2,,23,164,91,,,,,,,NIN,"NIN 2017, ma 04036, tr.48",,FALSE
1105975,Ớt đỏ to,,,31,0.99,6.04,0.3,2,,2,211,26,,,,,,,NIN,"NIN 2017, ma 04061, tr.50",,FALSE
1105978,Rau câu khô,,,281,11.2,56.6,1.1,20.8,,102,1125,124,,,,,,,NIN,"NIN 2017, ma 04067, tr.52",,FALSE
1105979,Rau câu tươi,,,45,1.9,9.1,0.1,5,,9,226,34,,,,,,,NIN,"NIN 2017, ma 04068, tr.52",,FALSE
1105981,Rau giền cơm,,,27,3.4,2.69,0.31,1.6,,20,611,76,,,,,,,NIN,"NIN 2017, ma 04072, tr.52",,FALSE
1105982,Rau giền đỏ,,,47,3.3,7.79,0.31,1.6,,56,476,123,,,,,,,NIN,"NIN 2017, ma 04073, tr.52",,FALSE
1105984,Rau húng,,,34,2.2,5.08,0.52,3.5,,91,148,83,,,,,,,NIN,"NIN 2017, ma 04075, tr.52",,FALSE
1105988,Rau mùi tàu,ngò rí tàu|ngò tàu,,30,2.1,4.25,0.55,1.6,,39,237,30,,,,,,,NIN,"NIN 2017, ma 04082, tr.52",,FALSE
1105993,Rau sà lách,,,18,1.5,2.43,0.27,0.5,,59,333,34,,,,,,,NIN,"NIN 2017, ma 04090, tr.54",,FALSE
1106000,Súp lơ trắng,bông cải trắng,,34,2.5,5.65,0.15,0.9,,20,349,51,,,,,,,NIN,"NIN 2017, ma 04099, tr.54",,FALSE
1106001,Tỏi ta,,,126,6,24.65,0.35,1.5,,18,373,181,,,,,,,NIN,"NIN 2017, ma 04103, tr.56",,FALSE
1106017,Kiệu muối,,,29,1.3,5.9,0.2,1.2,,812,120,35,,,,,,,NIN,"NIN 2017, ma 04121, tr.58; bo sung Na/K/P tu NIN 2007, ma 04121, tr.223",,FALSE
1106020,Men bia tươi,,,103,16.2,6.5,1.3,2,,12,322,272,,,,,,,NIN,"NIN 2017, ma 04124, tr.60; bo sung Na/K/P tu NIN 2007, ma 04124, tr.226",,FALSE
1106021,Nấm hương khô,,,342,36,40.5,4,17,,5,318,606,,,,,,,NIN,"NIN 2017, ma 04126, tr.60; bo sung Na/K/P tu NIN 2007, ma 04126, tr.228",,FALSE
1106023,Nấm mỡ (Nấm tây),,,37,4,4.5,0.3,1.1,,12,322,80,,,,,,,NIN,"NIN 2017, ma 04128, tr.60",,FALSE
1106024,Nấm thường tươi,,,48,4.6,5.7,0.8,3.5,,5,318,59,,,,,,,NIN,"NIN 2017, ma 04130, tr.60",,FALSE
1106027,Gioi,,,27,0.4,6.4,0.3,2.9,,0,123,6,,,,,,,NIN,"NIN 2017, ma 05018, tr.66; bo sung Na/K/P tu NIN 2007, ma 05018, tr.248",,FALSE
1106029,Hồng đỏ,,,38,0.7,8.6,0.1,2.5,,4,214,19,,,,,,,NIN,"NIN 2017, ma 05020, tr.66",,FALSE
1106030,Mãng cầu xiêm,,,58,1.8,12.6,0.3,1.9,,4,382,14,,,,,,,estimated,"NIN 2017 mã 05025 (năng lượng/đa chất); fat_g lấy từ USDA FDC #167761 'Soursop, raw' do NIN 2017 không phân tích các trường này — khớp theo name_en NIN 'Soursop', score=0.96. ƯỚC TÍNH, R2 cần duyệt.",,TRUE
1106032,Mận tím,,,23,0.6,4.6,0.2,0.7,,0,157,20,,,,,,,NIN,"NIN 2017, ma 05027, tr.66",,FALSE
1106036,Nhãn khô,,,292,4.3,67.6,0.5,1.7,,48,658,117,,,,,,,NIN,"NIN 2017, ma 05036, tr.68; bo sung Na/K/P tu NIN 2007, ma 05036, tr.266",,FALSE
1106044,Quít,,,40,0.8,9.2,0.3,0.6,,4,111,17,,,,,,,NIN,"NIN 2017, ma 05047, tr.70; bo sung Na/K/P tu NIN 2007, ma 05047, tr.277",,FALSE
1106047,Quả kiwi,,,68,1.14,14.66,0.52,3,,3,312,34,,,,,,,NIN,"NIN 2017, ma 05056, tr.70",,FALSE
1106050,Bơ thực vật,,,729,0.5,0.1,80.7,0,,2,25,13,,,,,,,NIN,"NIN 2017, ma 06005, tr.74",,FALSE
1106051,Dầu bông,,,900,0,0,100,0,0,0,0,0,,,,,,,estimated,"NIN 2017 mã 06006 (năng lượng/đa chất); na_mg, k_mg, p_mg lấy từ USDA FDC #171024 'Oil, cottonseed, salad or cooking' do NIN 2017 không phân tích các trường này — khớp theo name_en NIN 'Cottonseed oil, salad or cooking', score=0.97. ƯỚC TÍNH, R2 cần duyệt. | sugar_g = 0 [R2 CHỐT 2026-08-18 (DAT-28): SUY RA TẤT YẾU, không phải tra cứu mới — carb_g = 0 ở chính dòng này, mà đường là một phần của carbohydrate tổng nên sugar_g không thể lớn hơn 0. Ràng buộc sugar_g <= carb_g đã được scripts/validate_data.py kiểm tra. Nguồn của carb_g giữ nguyên như ghi ở trên, dòng này không thêm nguồn mới.]",,TRUE
1106052,Dầu cám gạo,,,900,0,0,100,0,0,0,0,0,,,,,,,estimated,"NIN 2017 mã 06007 (năng lượng/đa chất); na_mg, k_mg, p_mg lấy từ USDA FDC #171013 'Oil, rice bran' do NIN 2017 không phân tích các trường này — khớp theo name_en NIN 'Rice bran oil', score=0.94. ƯỚC TÍNH, R2 cần duyệt. | sugar_g = 0 [R2 CHỐT 2026-08-18 (DAT-28): SUY RA TẤT YẾU, không phải tra cứu mới — carb_g = 0 ở chính dòng này, mà đường là một phần của carbohydrate tổng nên sugar_g không thể lớn hơn 0. Ràng buộc sugar_g <= carb_g đã được scripts/validate_data.py kiểm tra. Nguồn của carb_g giữ nguyên như ghi ở trên, dòng này không thêm nguồn mới.]",,TRUE
1106053,Dầu cọ,,,900,0,0,100,0,0,0,0,0,,,,,,,estimated,"NIN 2017 mã 06008 (năng lượng/đa chất); na_mg, k_mg, p_mg lấy từ USDA FDC #171015 'Oil, palm' do NIN 2017 không phân tích các trường này — khớp theo name_en NIN 'Palm oil', score=0.90. ƯỚC TÍNH, R2 cần duyệt. | sugar_g = 0 [R2 CHỐT 2026-08-18 (DAT-28): SUY RA TẤT YẾU, không phải tra cứu mới — carb_g = 0 ở chính dòng này, mà đường là một phần của carbohydrate tổng nên sugar_g không thể lớn hơn 0. Ràng buộc sugar_g <= carb_g đã được scripts/validate_data.py kiểm tra. Nguồn của carb_g giữ nguyên như ghi ở trên, dòng này không thêm nguồn mới.]",,TRUE
1106054,Dầu dừa,,,900,0,0,100,0,0,0,0,0,,,,,,,estimated,"NIN 2017 mã 06009 (năng lượng/đa chất); na_mg, k_mg, p_mg lấy từ USDA FDC #2710182 'Coconut oil' do NIN 2017 không phân tích các trường này — khớp theo name_en NIN 'Coconut oil', score=1.00. ƯỚC TÍNH, R2 cần duyệt. | sugar_g = 0 [R2 CHỐT 2026-08-18 (DAT-28): SUY RA TẤT YẾU, không phải tra cứu mới — carb_g = 0 ở chính dòng này, mà đường là một phần của carbohydrate tổng nên sugar_g không thể lớn hơn 0. Ràng buộc sugar_g <= carb_g đã được scripts/validate_data.py kiểm tra. Nguồn của carb_g giữ nguyên như ghi ở trên, dòng này không thêm nguồn mới.]",,TRUE
1106055,Dầu đậu tương,,,900,0,0,100,0,0,0,0,0,,,,,,đậu nành,estimated,"NIN 2017 mã 06010 (năng lượng/đa chất); na_mg, k_mg, p_mg lấy từ USDA FDC #171411 'Oil, soybean, salad or cooking' do NIN 2017 không phân tích các trường này — khớp theo name_en NIN 'Soybean oil, salad or cooking', score=0.97. ƯỚC TÍNH, R2 cần duyệt. | sugar_g = 0 [R2 CHỐT 2026-08-18 (DAT-28): SUY RA TẤT YẾU, không phải tra cứu mới — carb_g = 0 ở chính dòng này, mà đường là một phần của carbohydrate tổng nên sugar_g không thể lớn hơn 0. Ràng buộc sugar_g <= carb_g đã được scripts/validate_data.py kiểm tra. Nguồn của carb_g giữ nguyên như ghi ở trên, dòng này không thêm nguồn mới.]",,TRUE
1106056,Dầu lạc,dầu đậu phộng,,900,0,0,100,0,0,0,0,0,,,,,,lạc,estimated,"NIN 2017 mã 06011 (năng lượng/đa chất); na_mg, k_mg, p_mg lấy từ USDA FDC #171410 'Oil, peanut, salad or cooking' do NIN 2017 không phân tích các trường này — khớp theo name_en NIN 'Peanut oil, salad or cooking', score=0.97. ƯỚC TÍNH, R2 cần duyệt. | sugar_g = 0 [R2 CHỐT 2026-08-18 (DAT-28): SUY RA TẤT YẾU, không phải tra cứu mới — carb_g = 0 ở chính dòng này, mà đường là một phần của carbohydrate tổng nên sugar_g không thể lớn hơn 0. Ràng buộc sugar_g <= carb_g đã được scripts/validate_data.py kiểm tra. Nguồn của carb_g giữ nguyên như ghi ở trên, dòng này không thêm nguồn mới.]",,TRUE
1106057,Dầu mè,,,900,0,0,100,0,0,0,0,0,,,,,,,estimated,"NIN 2017 mã 06012 (năng lượng/đa chất); na_mg, k_mg, p_mg lấy từ USDA FDC #171016 'Oil, sesame, salad or cooking' do NIN 2017 không phân tích các trường này — khớp theo name_en NIN 'Sesame oil. Salad or cooking', score=0.97. ƯỚC TÍNH, R2 cần duyệt. | sugar_g = 0 [R2 CHỐT 2026-08-18 (DAT-28): SUY RA TẤT YẾU, không phải tra cứu mới — carb_g = 0 ở chính dòng này, mà đường là một phần của carbohydrate tổng nên sugar_g không thể lớn hơn 0. Ràng buộc sugar_g <= carb_g đã được scripts/validate_data.py kiểm tra. Nguồn của carb_g giữ nguyên như ghi ở trên, dòng này không thêm nguồn mới.]",,TRUE
1106059,Dầu oliu,,,900,0,0,100,0,0,2,1,0,,,,,,,estimated,"NIN 2017 mã 06014 (năng lượng/đa chất); p_mg lấy từ USDA FDC #171413 'Oil, olive, salad or cooking' do NIN 2017 không phân tích các trường này — khớp theo name_en NIN 'Olive oil, salad or cooking', score=0.97. ƯỚC TÍNH, R2 cần duyệt. | sugar_g = 0 [R2 CHỐT 2026-08-18 (DAT-28): SUY RA TẤT YẾU, không phải tra cứu mới — carb_g = 0 ở chính dòng này, mà đường là một phần của carbohydrate tổng nên sugar_g không thể lớn hơn 0. Ràng buộc sugar_g <= carb_g đã được scripts/validate_data.py kiểm tra. Nguồn của carb_g giữ nguyên như ghi ở trên, dòng này không thêm nguồn mới.]",,TRUE
1106060,Thịt bê nạc,,,85,20,0,0.5,0,0,80,348,176,,,,,,,NIN,"NIN 2017, ma 07002, tr.78 | sugar_g = 0 [R2 CHỐT 2026-08-18 (DAT-28): SUY RA TẤT YẾU, không phải tra cứu mới — carb_g = 0 ở chính dòng này, mà đường là một phần của carbohydrate tổng nên sugar_g không thể lớn hơn 0. Ràng buộc sugar_g <= carb_g đã được scripts/validate_data.py kiểm tra. Nguồn của carb_g giữ nguyên như ghi ở trên, dòng này không thêm nguồn mới.]",,FALSE
1106062,"Thịt bò, lưng, nạc",,,121,23.07,0.1,3.16,0,,57,361,214,,,,,,,NIN,"NIN 2017, ma 07005, tr.78",,FALSE
1106063,"Thịt bò, lưng, nạc và mỡ",,,174,21.53,0.7,9.49,0,,59,349,185,,,,,,,NIN,"NIN 2017, ma 07006, tr.78",,FALSE
1106064,Thịt bồ câu ra ràng,,,340,17.5,0,30,0,0,54,199,217,,,,,,,NIN,"NIN 2017, ma 07007, tr.78 | sugar_g = 0 [R2 CHỐT 2026-08-18 (DAT-28): SUY RA TẤT YẾU, không phải tra cứu mới — carb_g = 0 ở chính dòng này, mà đường là một phần của carbohydrate tổng nên sugar_g không thể lớn hơn 0. Ràng buộc sugar_g <= carb_g đã được scripts/validate_data.py kiểm tra. Nguồn của carb_g giữ nguyên như ghi ở trên, dòng này không thêm nguồn mới.]",,FALSE
1106065,"Thịt cừu, nạc",,,219,16.4,0,17,0,0,91,256,177,,,,,,,NIN,"NIN 2017, ma 07010, tr.78 | sugar_g = 0 [R2 CHỐT 2026-08-18 (DAT-28): SUY RA TẤT YẾU, không phải tra cứu mới — carb_g = 0 ở chính dòng này, mà đường là một phần của carbohydrate tổng nên sugar_g không thể lớn hơn 0. Ràng buộc sugar_g <= carb_g đã được scripts/validate_data.py kiểm tra. Nguồn của carb_g giữ nguyên như ghi ở trên, dòng này không thêm nguồn mới.]",,FALSE
1106066,"Thịt dê, nạc",,,122,20.7,0,4.3,0,0,82,385,129,,,,,,,NIN,"NIN 2017, ma 07011, tr.78 | sugar_g = 0 [R2 CHỐT 2026-08-18 (DAT-28): SUY RA TẤT YẾU, không phải tra cứu mới — carb_g = 0 ở chính dòng này, mà đường là một phần của carbohydrate tổng nên sugar_g không thể lớn hơn 0. Ràng buộc sugar_g <= carb_g đã được scripts/validate_data.py kiểm tra. Nguồn của carb_g giữ nguyên như ghi ở trên, dòng này không thêm nguồn mới.]",,FALSE
1106068,"Thịt lợn nửa nạc, nửa mỡ","thịt heo nửa nạc, nửa mỡ",,260,16.5,0,21.5,0,0,55,285,178,,,,,,,NIN,"NIN 2017, ma 07018, tr.80 | sugar_g = 0 [R2 CHỐT 2026-08-18 (DAT-28): SUY RA TẤT YẾU, không phải tra cứu mới — carb_g = 0 ở chính dòng này, mà đường là một phần của carbohydrate tổng nên sugar_g không thể lớn hơn 0. Ràng buộc sugar_g <= carb_g đã được scripts/validate_data.py kiểm tra. Nguồn của carb_g giữ nguyên như ghi ở trên, dòng này không thêm nguồn mới.]",,FALSE
1106069,Thịt trâu,,,97,20.39,0.89,1.37,0,,53,297,197,,,,,,,NIN,"NIN 2017, ma 07023, tr.80",,FALSE
1106075,Dạ dày bò,,,97,14.8,0,4.2,0,0,97,67,85,,,,,,,NIN,"NIN 2017, ma 07033, tr.82 | sugar_g = 0 [R2 CHỐT 2026-08-18 (DAT-28): SUY RA TẤT YẾU, không phải tra cứu mới — carb_g = 0 ở chính dòng này, mà đường là một phần của carbohydrate tổng nên sugar_g không thể lớn hơn 0. Ràng buộc sugar_g <= carb_g đã được scripts/validate_data.py kiểm tra. Nguồn của carb_g giữ nguyên như ghi ở trên, dòng này không thêm nguồn mới.]",,FALSE
1106079,Đuôi lợn,đuôi heo,,467,10.8,0,47.1,0,0,21,114,50,,,,,,,NIN,"NIN 2017, ma 07038, tr.82 | sugar_g = 0 [R2 CHỐT 2026-08-18 (DAT-28): SUY RA TẤT YẾU, không phải tra cứu mới — carb_g = 0 ở chính dòng này, mà đường là một phần của carbohydrate tổng nên sugar_g không thể lớn hơn 0. Ràng buộc sugar_g <= carb_g đã được scripts/validate_data.py kiểm tra. Nguồn của carb_g giữ nguyên như ghi ở trên, dòng này không thêm nguồn mới.]",,FALSE
1106080,Gan vịt,,,122,17.1,2.8,4.7,0,,140,230,177,,,,,,,NIN,"NIN 2017, ma 07042, tr.82",,FALSE
1106082,Lưỡi bò,,,164,13.6,0.2,12.1,0,,69,315,162,,,,,,,NIN,"NIN 2017, ma 07044, tr.82",,FALSE
1106085,óc bò,,,124,9,0.5,9.5,0,,126,274,311,,,,,,,NIN,"NIN 2017, ma 07049, tr.84",,FALSE
1106086,Phổi bò,,,103,15.2,0,4.7,0,0,198,340,195,,,,,,,NIN,"NIN 2017, ma 07051, tr.84 | sugar_g = 0 [R2 CHỐT 2026-08-18 (DAT-28): SUY RA TẤT YẾU, không phải tra cứu mới — carb_g = 0 ở chính dòng này, mà đường là một phần của carbohydrate tổng nên sugar_g không thể lớn hơn 0. Ràng buộc sugar_g <= carb_g đã được scripts/validate_data.py kiểm tra. Nguồn của carb_g giữ nguyên như ghi ở trên, dòng này không thêm nguồn mới.]",,FALSE
1106087,Phổi lợn,phổi heo,,92,14.8,0,3.6,0,0,153,303,230,,,,,,,NIN,"NIN 2017, ma 07052, tr.84 | sugar_g = 0 [R2 CHỐT 2026-08-18 (DAT-28): SUY RA TẤT YẾU, không phải tra cứu mới — carb_g = 0 ở chính dòng này, mà đường là một phần của carbohydrate tổng nên sugar_g không thể lớn hơn 0. Ràng buộc sugar_g <= carb_g đã được scripts/validate_data.py kiểm tra. Nguồn của carb_g giữ nguyên như ghi ở trên, dòng này không thêm nguồn mới.]",,FALSE
1106088,Tai lợn,tai heo,,126,21,1.3,4.1,0,,191,55,41,,,,,,,NIN,"NIN 2017, ma 07054, tr.84",,FALSE
1106089,Tim bò,,,89,15,0.6,3,0,,98,287,185,,,,,,,NIN,"NIN 2017, ma 07055, tr.84",,FALSE
1106090,Tim gà,,,114,16,0,5.5,0,0,74,176,177,,,,,,,NIN,"NIN 2017, ma 07056, tr.84 | sugar_g = 0 [R2 CHỐT 2026-08-18 (DAT-28): SUY RA TẤT YẾU, không phải tra cứu mới — carb_g = 0 ở chính dòng này, mà đường là một phần của carbohydrate tổng nên sugar_g không thể lớn hơn 0. Ràng buộc sugar_g <= carb_g đã được scripts/validate_data.py kiểm tra. Nguồn của carb_g giữ nguyên như ghi ở trên, dòng này không thêm nguồn mới.]",,FALSE
1106092,Tiết lợn luộc,tiết heo luộc,,44,10.7,0,0.1,0,0,343,131,12,,,,,,,NIN,"NIN 2017, ma 07059, tr.84 | sugar_g = 0 [R2 CHỐT 2026-08-18 (DAT-28): SUY RA TẤT YẾU, không phải tra cứu mới — carb_g = 0 ở chính dòng này, mà đường là một phần của carbohydrate tổng nên sugar_g không thể lớn hơn 0. Ràng buộc sugar_g <= carb_g đã được scripts/validate_data.py kiểm tra. Nguồn của carb_g giữ nguyên như ghi ở trên, dòng này không thêm nguồn mới.]",,FALSE
1106096,Ba tê,,,326,10.8,15.4,24.6,0,,95,166,88,,,,,,,NIN,"NIN 2017, ma 07063, tr.86",,FALSE
1106106,Ếch (thịt đùi),,,90,20,0,1.1,0,0,58,285,147,,,,,,,NIN,"NIN 2017, ma 07080, tr.88 | sugar_g = 0 [R2 CHỐT 2026-08-18 (DAT-28): SUY RA TẤT YẾU, không phải tra cứu mới — carb_g = 0 ở chính dòng này, mà đường là một phần của carbohydrate tổng nên sugar_g không thể lớn hơn 0. Ràng buộc sugar_g <= carb_g đã được scripts/validate_data.py kiểm tra. Nguồn của carb_g giữ nguyên như ghi ở trên, dòng này không thêm nguồn mới.]",,FALSE
1106108,Lòng gà (cả bộ),,,119,17.88,1.79,4.47,0,,77,228,197,,,,,,,NIN,"NIN 2017, ma 07082, tr.88",,FALSE
1106133,Cá thu đao,,,156,20,0,8.4,0,0,86,406,190,,,,,,cá,NIN,"NIN 2017, ma 08027, tr.96 | sugar_g = 0 [R2 CHỐT 2026-08-18 (DAT-28): SUY RA TẤT YẾU, không phải tra cứu mới — carb_g = 0 ở chính dòng này, mà đường là một phần của carbohydrate tổng nên sugar_g không thể lớn hơn 0. Ràng buộc sugar_g <= carb_g đã được scripts/validate_data.py kiểm tra. Nguồn của carb_g giữ nguyên như ghi ở trên, dòng này không thêm nguồn mới.]",,FALSE
1106135,Cá trê,,,173,16.5,0,11.9,0,0,53,299,210,,,,,,cá,NIN,"NIN 2017, ma 08030, tr.96 | sugar_g = 0 [R2 CHỐT 2026-08-18 (DAT-28): SUY RA TẤT YẾU, không phải tra cứu mới — carb_g = 0 ở chính dòng này, mà đường là một phần của carbohydrate tổng nên sugar_g không thể lớn hơn 0. Ràng buộc sugar_g <= carb_g đã được scripts/validate_data.py kiểm tra. Nguồn của carb_g giữ nguyên như ghi ở trên, dòng này không thêm nguồn mới.]",,FALSE
1106136,Cua bể,,,103,17.5,7,0.6,0,,316,322,191,,,,,,hải sản,NIN,"NIN 2017, ma 08033, tr.98",,FALSE
1106137,Cua ghẹ,,,54,11.9,0,0.7,0,0,293,329,229,,,,,,hải sản,NIN,"NIN 2017, ma 08035, tr.98 | sugar_g = 0 [R2 CHỐT 2026-08-18 (DAT-28): SUY RA TẤT YẾU, không phải tra cứu mới — carb_g = 0 ở chính dòng này, mà đường là một phần của carbohydrate tổng nên sugar_g không thể lớn hơn 0. Ràng buộc sugar_g <= carb_g đã được scripts/validate_data.py kiểm tra. Nguồn của carb_g giữ nguyên như ghi ở trên, dòng này không thêm nguồn mới.]",,FALSE
1106139,Mực khô,,,291,60.1,2.5,4.5,0,,445,1368,287,,,,,,hải sản,NIN,"NIN 2017, ma 08039, tr.98",,FALSE
1106148,Tôm khô,,,347,75.6,2.5,3.8,0,,2175,200,995,,,,,,hải sản,estimated,"NIN 2017 mã 08053 (năng lượng/đa chất); na_mg, k_mg lấy từ USDA FDC #2706366 'Shrimp, dried' do NIN 2017 không phân tích các trường này — khớp theo name_en NIN 'Shrimp dried', score=1.00. ƯỚC TÍNH, R2 cần duyệt.",,TRUE
1106149,Trai,,,38,4.6,2.5,1.1,0,,56,314,107,,,,,,hải sản,NIN,"NIN 2017, ma 08054, tr.100",,FALSE
1106151,Bánh phồng tôm sống,,,381,3.4,75.3,7.4,0,,418,195,50,,,,,,hải sản,NIN,"NIN 2017, ma 08056, tr.100",,FALSE
1106162,Trứng gà ta,,,150,12.96,1.25,10.33,0,,158,176,210,,,,,,trứng,NIN,"NIN 2017, ma 09001, tr.106",,FALSE
1106165,Trứng chim cút,,,157,12.78,2.89,10.47,0,,141,132,226,,,,,,trứng,NIN,"NIN 2017, ma 09007, tr.106",,FALSE
1106167,Trứng cá muối,,,274,24.6,3.5,17.9,0,,1500,181,356,,,,,,cá,NIN,"NIN 2017, ma 09009, tr.106",,FALSE
1106171,Sữa chua vớt béo,,,26,3.4,3.1,0,0,,135,339,109,,,,,,sữa,NIN,"NIN 2017, ma 10005, tr.110",,FALSE
1106172,Sữa đặc có đường Việt Nam,,,336,8.1,56,8.8,0,,127,371,219,,,,,,sữa,estimated,"NIN 2017 mã 10008 (năng lượng/đa chất); na_mg, k_mg lấy từ USDA FDC #2705402 'Milk, condensed, sweetened' do NIN 2017 không phân tích các trường này — khớp theo name_en NIN 'Milk condensed sweetened', score=1.00. ƯỚC TÍNH, R2 cần duyệt.",,TRUE
1106173,Phó mát,,,380,25.5,0,30.9,0,0,621,98,424,,,,,,,NIN,"NIN 2017, ma 10009, tr.110 | sugar_g = 0 [R2 CHỐT 2026-08-18 (DAT-28): SUY RA TẤT YẾU, không phải tra cứu mới — carb_g = 0 ở chính dòng này, mà đường là một phần của carbohydrate tổng nên sugar_g không thể lớn hơn 0. Ràng buộc sugar_g <= carb_g đã được scripts/validate_data.py kiểm tra. Nguồn của carb_g giữ nguyên như ghi ở trên, dòng này không thêm nguồn mới.]",,FALSE
1106175,Dưa chuột hộp,,,19,0.3,4.16,0.14,0.7,,1208,23,16,,,,,,,NIN,"NIN 2017, ma 11002, tr.114",,FALSE
1106176,Dứa hộp,thơm hộp|khóm hộp,,57,0.3,13.84,0.06,0.2,,1,105,12,,,,,,,NIN,"NIN 2017, ma 11003, tr.114",,FALSE
1106179,Mận nước đường,,,62,0.3,14.9,0.1,1.8,,20,93,15,,,,,,,NIN,"NIN 2017, ma 11006, tr.114",,FALSE
1106186,Nước dứa hộp,nước thơm hộp|nước khóm hộp,,41,0.3,9.74,0.06,0.4,,2,130,12,,,,,,,NIN,"NIN 2017, ma 11013, tr.116",,FALSE
1106206,Bột ca cao,,,423,23.3,44.2,17,4.6,,21,1524,734,,,,,,,NIN,"NIN 2017, ma 12012, tr.120",,FALSE
1106207,Đường kính,,đồ ngọt,397,0,99.3,0,0,99.3,0,2,0,,,,,,,NIN,"NIN 2017, ma 12014, tr.122; bo sung Na/K/P tu NIN 2007, ma 12014, tr.510 | NIN 2017, mã 12014, tr.122 (đường kính). [R2 CHỐT 2026-08-18 (DAT-28): đường kính là sucrose tinh luyện, toàn bộ carb là đường; lấy sugar_g = carb_g = 99.3. Đối chiếu USDA FDC 746784 'Sugars, granulated' 99.7–99.8 g/100 g — cùng bậc, khác biệt do nguồn bảng khác nhau, không suy diễn số ngoài nguồn.]",,FALSE
1106221,Gừng khô (bột),,,346,7.6,72.4,2.9,12.5,,32,1343,148,,,,,,,NIN,"NIN 2017, ma 13002, tr.126; bo sung Na/K/P tu NIN 2007, ma 13002, tr.527",,FALSE
1106222,Gừng tươi,,,41,0.4,8.59,0.51,3.3,,7,316,8,,,,,,,NIN,"NIN 2017, ma 13003, tr.126",,FALSE
1106223,Hạt tiêu,,,365,7,67.6,7.4,33.5,,44,1259,44,,,,,,,NIN,"NIN 2017, ma 13004, tr.126",,FALSE
1106224,Muối,,,0,0,0,0,0,0,38758,4,70,,,,,,,NIN,"NIN 2017, ma 13005, tr.126 | sugar_g = 0 [R2 CHỐT 2026-08-18 (DAT-28): SUY RA TẤT YẾU, không phải tra cứu mới — carb_g = 0 ở chính dòng này, mà đường là một phần của carbohydrate tổng nên sugar_g không thể lớn hơn 0. Ràng buộc sugar_g <= carb_g đã được scripts/validate_data.py kiểm tra. Nguồn của carb_g giữ nguyên như ghi ở trên, dòng này không thêm nguồn mới.]",,FALSE
1106225,"Nghệ khô, bột",,,360,6.3,72.1,5.1,21.1,,38,2525,284,,,,,,,NIN,"NIN 2017, ma 13006, tr.126; bo sung Na/K/P tu NIN 2007, ma 13006, tr.531",,FALSE
1106226,Nghệ tươi,,,377,0,82.5,5.2,0.9,,5,356,22,,,,,,,NIN,"NIN 2017, ma 13007, tr.126",,FALSE
1106229,Magi,,,65,10,6.1,0.1,0,,5586,212,130,,,,,,,NIN,"NIN 2017, ma 13010, tr.126",,FALSE
1106236,Nước mắm cá,,,35,5.06,3.64,0.01,0,,7720,288,7,,,,,,,NIN,"NIN 2017, ma 13017, tr.128",,FALSE
1106240,Sốt mayonnaise,,,701,0,0.1,77.8,0,,486,14,25,,,,,,,NIN,"NIN 2017, ma 13023, tr.128",,FALSE
1106241,"Bia (cồn: 4,5 g)",,,43,0.5,2.3,0,0,,4,27,26,,,,,,,NIN,"NIN 2017, ma 14001, tr.132",,FALSE
1106245,Nước cam tươi,,,23,0.7,4.7,0.2,0.2,,1,200,16,,,,,,,NIN,"NIN 2017, ma 14005, tr.132; bo sung Na/K/P tu NIN 2007, ma 14005, tr.555",,FALSE
1106247,Nước ép cà chua,,,21,0.8,3,0.6,0.4,,10,229,13,,,,,,,NIN,"NIN 2017, ma 14007, tr.132",,FALSE
1106249,Nước quít tươi,,,25,0.4,5.3,0.2,0.2,,1,178,24,,,,,,,NIN,"NIN 2017, ma 14009, tr.132",,FALSE
1106254,"Rượu vang trắng (cồn 9,5 g)",,,66,0.1,0.2,0,0,,4,61,6,,,,,,,NIN,"NIN 2017, ma 14014, tr.134",,FALSE
1106255,Rượu vang trắng ngọt (cồn 10.2 g),,,96,0.2,5.9,0,0,,13,110,13,,,,,,,NIN,"NIN 2017, ma 14015, tr.134",,FALSE
1106314,Mỳ vằn thắn,,,81,2.6,10.58,3.1,0.2,,370,86,31,,,,,,,estimated,"NIN 2017 mã 15060 (năng lượng/đa chất); na_mg, k_mg lấy từ USDA FDC #2709160 'Soup, wonton' do NIN 2017 không phân tích các trường này — khớp theo name_en NIN 'Wonton soup', score=0.91. ƯỚC TÍNH, R2 cần duyệt.",,TRUE
5000,"Sữa bột Glucerna (bột, chưa pha)",Glucerna|Glucerna Triple Care|sua Glucerna,sữa dinh dưỡng y tế,437,19.5,50.11,16.7,7.49,10.77,405,710,323,,,,,,sữa|đậu nành,curated,"Abbott Family Singapore — Glucerna Triple Care, bang Nutritional Table, per 100 g bot (family.abbott/sg-en/glucerna/products/glucerna-triple-care.html, truy cap 2026-08-12). Cong thuc ban tai VN nhap tu Singapore. GI: nha SX cong bo dinh tinh 'low GI' nhung KHONG cong bo tri so -> de trong, khong suy dien. Purine: khong cong bo. Di ung: khai bao RONG theo huong an toan (sua tu dam sua bo; dau nanh tu dau/lecithin dau nanh trong danh sach thanh phan) - R2 doi chieu nhan san pham truoc khi thu hep",,FALSE
5001,"Sữa bột Nutren Diabetes (bột, chưa pha)",Nutren Diabetes|Nutren Diabetik|sua Nutren Diabetes,sữa dinh dưỡng y tế,455,23,44,19,7.0,9.5,440,515,200,,,,,,sữa,curated,"Nestle Health Science Singapore — NUTREN Diabetes Powder, bang thanh phan dinh duong, per 100 g bot (nestlehealthscience.sg/brands/nutren-diabetes/nutren-diabetes-powder, truy cap 2026-08-12). Khau phan chuan nha SX: 55 g bot -> 250 ml. GI: nha SX cong bo GI=28 tren san pham pha san RTD, KHONG phai tri so do cho bot nay -> de trong gi_index, khong gan cheo (RULE-2). Purine: khong cong bo. Di ung: dam whey + caseinat kali (goc sua) theo danh sach thanh phan",,FALSE
5002,Rau ngót,bồ ngót|rau bồ ngót,rau,35,5.3,3.4,1.0,2.5,,25,457,65,,,,,,,NIN,"Bộ Y tế – Viện Dinh dưỡng, Bảng thành phần thực phẩm Việt Nam (Vietnamese Food Composition Table), mã 4086, STT 168, tr.168 — tên tiếng Anh 'Sauropus, sp. leaves', thải bỏ 23,0%. Trích trực tiếp từ bản PDF do FAO lưu (fao.org/fileadmin/templates/food_composition/documents/pdf/VTN_FCT_2007.pdf). LƯU Ý PROVENANCE: bảng NIN để TRỐNG ô Lipid, Đường tổng số, Purin và Vitamin K (dấu '-' = KHÔNG CÓ SỐ LIỆU, không phải bằng 0). Đường và purin vì thế để rỗng đúng theo nguồn. Riêng lipid là trường bắt buộc của FoodItem nên lấy 1,0 g từ Tabel Komposisi Pangan Indonesia (TKPI, mã DP005 'Daun katuk') — CÙNG LOÀI Sauropus androgynus; đây là con số DUY NHẤT trong dòng này không đến từ NIN.",23,FALSE
5010,Cá rô đồng,cá rô,thủy sản,126,19.1,0,5.5,0,0,62,269,151,,,,,,cá,NIN,"Bộ Y tế – Viện Dinh dưỡng, Bảng thành phần thực phẩm Việt Nam (bản PDF do FAO lưu), mã 8023 — 'Anabas'; Na/K bổ sung từ USDA FDC fdcId:173678 'Fish, perch, mixed species, raw' — ƯỚC TÍNH, NIN bỏ trống Na/K cho mã này",44,TRUE
5011,Tép,tép gạo|tép riu,thủy sản,58,11.7,0,1.2,0,0,418,316,218,,,,,,hải sản,NIN,"Bộ Y tế – Viện Dinh dưỡng, Bảng thành phần thực phẩm Việt Nam (bản PDF do FAO lưu), mã 8049 — 'Tiny shrimp'; Na/K bổ sung từ proxy từ NIN mã 8052 'Fresh-water shrimp' (Tôm đồng, id 2144) — ƯỚC TÍNH, NIN bỏ trống Na/K cho mã này",8,TRUE
5015,Ớt tươi,ớt|ớt đỏ,gia vị,23,1,4,0.3,2,,2,211,26,,,,,,,NIN,"Bộ Y tế – Viện Dinh dưỡng, Bảng thành phần thực phẩm Việt Nam (bản PDF do FAO lưu), mã 4061 — 'Chili pepper, peppers red'",18,FALSE
5016,Hành khô (hành tím),hành khô|hành tím|củ hành tím,gia vị,72,2.5,16.8,0.1,3.2,7.87,12,334,60,,,,,,,USDA,"USDA FoodData Central, SR Legacy fdcId:170499 'Shallots, raw'. NIN không có hành khô — mã 4117 gần nhất là 'Onion shallot, scallion, PICKLED' (hành muối). Lưu ý: 'hành khô' trong tiếng Việt là CỦ HÀNH TÍM, không phải hành sấy khô; khác với 'Hành củ tươi' (id 4018, = Onion, bulb onion) và 'Hành lá' (id 79).; thải bỏ 30% tra CHÉO từ NIN mã 4117 'Onion shallot'",30,FALSE
5017,Húng quế,rau húng quế|húng chó,rau lá,20,2.2,1.5,0.6,3.5,0.3,91,148,83,,,,,,,NIN,"Bộ Y tế – Viện Dinh dưỡng, Bảng thành phần thực phẩm Việt Nam (bản PDF do FAO lưu), mã 4075 — 'Basil sweet leaves, raw'",20,FALSE
5018,Rau răm,răm,rau lá,30,4.7,2.8,,3.8,,5,216,55,,,,,,,NIN,"Bộ Y tế – Viện Dinh dưỡng, Bảng thành phần thực phẩm Việt Nam (bản PDF do FAO lưu), mã 4088 — 'Polygonum odoratum'. NIN bỏ trống ô Lipid (Fat) — để TRỐNG theo DEC-061, không suy 0 và không mượn proxy.",25,FALSE
5019,Giấm,dấm|dấm gạo|giấm ăn|giấm gạo,gia vị,18,0,0.04,0,0,0.04,2,2,4,,,,,,,USDA,"USDA FoodData Central, SR Legacy fdcId:172237 'Vinegar, distilled'. NIN không có dòng dấm/giấm.; thải bỏ 0% tra CHÉO từ giấm là chất lỏng, không có phần bỏ đi",0,FALSE
5030,Cá tra,cá basa|cá ba sa,thủy sản,75.5254,14.5929,0,1.906,0,0,295.875,265.9,160.333,,,,,,cá,FAO,"FAO/INFOODS uFiSh 1.0 (FAO, Rome 2016), sheet '04 NV_sum (per 100 g EP)', Food Item ID 091022, 3-Alpha 'PGS' — Striped catfish, farmed, fillet w/o skin, raw, (previously f; dạng sống (state=r), số liệu trên 100 g phần ăn được; thải bỏ suy từ hệ số EDIBLE=0.39 của uFiSh (uFiSh đánh dấu ngoặc vuông = độ tin cậy thấp) | sugar_g = 0 [R2 CHỐT 2026-08-18 (DAT-28): SUY RA TẤT YẾU, không phải tra cứu mới — carb_g = 0 ở chính dòng này, mà đường là một phần của carbohydrate tổng nên sugar_g không thể lớn hơn 0. Ràng buộc sugar_g <= carb_g đã được scripts/validate_data.py kiểm tra. Nguồn của carb_g giữ nguyên như ghi ở trên, dòng này không thêm nguồn mới.]",61,FALSE
5033,Tôm sú (uFiSh),,thủy sản,93.71,17.3129,3.6584,1.09167,0,,167,289,251.5,,,,,,hải sản,FAO,"FAO/INFOODS uFiSh 1.0 (FAO, Rome 2016), sheet '04 NV_sum (per 100 g EP)', Food Item ID 092034, 3-Alpha 'GIT' — Giant tiger prawn, flesh, raw (n.s.); dạng sống (state=r), số liệu trên 100 g phần ăn được; thải bỏ suy từ hệ số EDIBLE=0.57 của uFiSh",43,FALSE
5034,Tôm càng xanh,,thủy sản,90.83,17.7975,0.6485,1.894,0,,152.8,325.685,141,,,,,,hải sản,FAO,"FAO/INFOODS uFiSh 1.0 (FAO, Rome 2016), sheet '04 NV_sum (per 100 g EP)', Food Item ID 092007, 3-Alpha 'PRF' — Giant river prawn, flesh, raw; dạng sống (state=r), số liệu trên 100 g phần ăn được; thải bỏ suy từ hệ số EDIBLE=0.57 của uFiSh",43,FALSE
5035,Tôm thẻ chân trắng,tôm thẻ,thủy sản,81.84,18.2,0,1,0,0,215,126,155,,,,,,hải sản,FAO,"FAO/INFOODS uFiSh 1.0 (FAO, Rome 2016), sheet '04 NV_sum (per 100 g EP)', Food Item ID 092037, 3-Alpha 'PNV' — Whiteleg shrimp, flesh, raw; dạng sống (state=r), số liệu trên 100 g phần ăn được; thải bỏ suy từ hệ số EDIBLE=0.57 của uFiSh | sugar_g = 0 [R2 CHỐT 2026-08-18 (DAT-28): SUY RA TẤT YẾU, không phải tra cứu mới — carb_g = 0 ở chính dòng này, mà đường là một phần của carbohydrate tổng nên sugar_g không thể lớn hơn 0. Ràng buộc sugar_g <= carb_g đã được scripts/validate_data.py kiểm tra. Nguồn của carb_g giữ nguyên như ghi ở trên, dòng này không thêm nguồn mới.]",43,FALSE
5036,Cua biển,cua bể,thủy sản,78.325,14.7,1.135,1.665,0,,231.45,210,215.5,,,,,,hải sản,FAO,"FAO/INFOODS uFiSh 1.0 (FAO, Rome 2016), sheet '04 NV_sum (per 100 g EP)', Food Item ID 092015, 3-Alpha 'MUD' — Indo-Pacific swamp crab, flesh, raw; dạng sống (state=r), số liệu trên 100 g phần ăn được; thải bỏ suy từ hệ số EDIBLE=0.2 của uFiSh",80,FALSE
5037,Vẹm xanh,,thủy sản,53.3,9.3,2,0.9,0,,211,210,178,,,,,,hải sản,FAO,"FAO/INFOODS uFiSh 1.0 (FAO, Rome 2016), sheet '04 NV_sum (per 100 g EP)', Food Item ID 093022, 3-Alpha 'MSV' — Green mussel, flesh, raw; dạng sống (state=r), số liệu trên 100 g phần ăn được; thải bỏ suy từ hệ số EDIBLE=0.51 của uFiSh",49,FALSE
4116,Đậu ván,đậu ván trắng|hyacinth bean|lablab bean,legume,344,23.9,60.74,1.69,25.6,,21,1235,372,,,,,,,USDA,"USDA FDC fdcId:175210 ""Hyacinth beans, mature seeds, raw"" — khớp trực tiếp. sugar_g để trống: USDA không đo Total Sugars cho mục này (đậu khô nguyên hạt, cùng tình trạng nhiều loại đậu khác trong kho).",,false
4117,Mỳ sợi,mì sợi|mì khô|mỳ khô|wheat noodles,ngũ cốc,350,11.0,74.5,0.9,0.3,2.67,6,223,97,,,,,,gluten,NIN,"Bảng thành phần dinh dưỡng thực phẩm Việt Nam 2017 (Viện Dinh dưỡng), mã 01022 'Mỳ sợi / Wheat noodles, raw', tr. 26; na_mg/k_mg/sugar_g tra chéo USDA FDC fdcId:168927 'Pasta, dry, unenriched' vì bảng NIN BỎ TRỐNG ba ô này (khớp loài+dạng: đều là sợi lúa mì khô chưa làm giàu vi chất; kiểm chéo carb 74,50 NIN vs 74,67 USDA). Mọi giá trị khác lấy nguyên từ NIN.",0,FALSE
150,Nước lã,nước|nước đun sôi|nước dùng|nước lọc,khác,0,0,0,0,0,0,0,0,0,0,nước tinh khiết không chứa purine — không cần tra nguồn,,,,,curated,hằng số vật lý — nước tinh khiết (H2O) không mang năng lượng/protein/carb/fat/khoáng chất. Thêm để sửa lỗi kcal/100g quá đặc ở món nước/cháo (DEC-094): nước dùng/nước cháo là phần lớn khối lượng bát ăn nhưng trước đó bị loại khỏi dish_ingredients cùng với xương ninh.,0,FALSE
153,Giò lụa,chả lụa|giò chả,thịt chế biến,205,16.90,0.50,15.00,0.1,,643,215,249,,,,,,,NIN,"NIN 2017 mã 07069 'Giò lụa / Pork, mince lean meat, steamed', tr. 86 (kcal/protein/carb/fat/fiber/P). Na=643mg/100g: USDA FDC branded 'QUE HUONG THIT DOI, CURED PORK ROLL SAUSAGE' fdcId:402367 (nhãn dinh dưỡng bắt buộc theo luật, một sản phẩm đơn lẻ). K=215mg/100g: ƯỚC LƯỢNG SINH LÝ (KHÔNG PHẢI SỐ ĐO) — R2 duyệt phương pháp 18/08/2026 sau khi xác nhận không có nguồn đo. Suy từ tỷ lệ K/protein trung bình 12,74 (10 mẫu USDA sr_legacy 'Pork, fresh, loin, cooked', thịt nạc chưa ướp muối, cùng loài) × protein NIN 16,90g. Ngoại lệ duy nhất trong dự án dùng suy luận sinh lý cho khoáng chất — không áp dụng cho Na (khoáng ngoại bào, thêm vào khi chế biến, không có tỷ lệ sinh lý).",0,TRUE
5100,Quế (bột),quế|cinnamon|bột quế,gia vị,246,3.8,80.8,1.2,53.1,2.3,10,431,64,,,,,,,USDA,"USDA FoodData Central, SR Legacy 'Spices, cinnamon, ground' (fdcId:171320). Đối chiếu chéo 2 nguồn độc lập cùng dẫn USDA SR: nutritionvalue.org (246 kcal · 3,8 g đạm · 80,8 g carb · 2,3 g đường · 53,1 g xơ · 1,2 g béo · Na 10 mg · K 431 mg · P 64 mg) và recipal.com/medindia (247 kcal · 4,0 · 80,6 · 2,2 · 53,1 · 1,2 · Na 10 · K 431). Lấy bản nutritionvalue vì có đủ cả phospho. [R2 THÊM 2026-08-18: kho chưa có QUẾ — phát hiện khi rà nhóm ký kế thừa, món 'Chả quế' và 'Chả quế lợn' không có quế trong công thức. Lưu ý phân biệt: 'Húng quế' (id 5017) là BASIL, loài khác hẳn, KHÔNG dùng thay được. Thêm dòng này để mở đường dựng lại 2 công thức đó — nhưng SỐ GRAM quế trong món vẫn chưa có nguồn, cần R2 tra từ công thức thật trước khi ký lại món.]",0,FALSE
