dish_id,name_vi,region,serving_g,verified_by,note
VFR-9,Ếch xào chua ngọt,,400.0,pending,"Nguon: ViFoodRec (github.com/QuocAn55/DS300, PACLIC 2024, ViFoodRec food_id=9). CHUA CO LICENSE CHINH THUC tren repo goc (kiem tra 2026-08-09) — CHI dung ten mon + danh sach nguyen lieu (van ban), R2/phap ly CAN XAC NHAN truoc khi dung cho san pham that. Gram tu parse tu van ban nguyen lieu goc, KHONG lay so dinh duong cua ViFoodRec (RULE-1/RULE-2). R2 CAN DUYET gram truoc khi dung cho benh nhan."
VFR-15,Mì nưa xào kim chi thịt bò,,500.0,pending,"Nguon: ViFoodRec (github.com/QuocAn55/DS300, PACLIC 2024, ViFoodRec food_id=15). CHUA CO LICENSE CHINH THUC tren repo goc (kiem tra 2026-08-09) — CHI dung ten mon + danh sach nguyen lieu (van ban), R2/phap ly CAN XAC NHAN truoc khi dung cho san pham that. Gram tu parse tu van ban nguyen lieu goc, KHONG lay so dinh duong cua ViFoodRec (RULE-1/RULE-2). R2 CAN DUYET gram truoc khi dung cho benh nhan."
VFR-17,Thịt ba chỉ kho cam,,500.0,pending,"Nguon: ViFoodRec (github.com/QuocAn55/DS300, PACLIC 2024, ViFoodRec food_id=17). CHUA CO LICENSE CHINH THUC tren repo goc (kiem tra 2026-08-09) — CHI dung ten mon + danh sach nguyen lieu (van ban), R2/phap ly CAN XAC NHAN truoc khi dung cho san pham that. Gram tu parse tu van ban nguyen lieu goc, KHONG lay so dinh duong cua ViFoodRec (RULE-1/RULE-2). R2 CAN DUYET gram truoc khi dung cho benh nhan."
VFR-24,Gỏi mít thịt ba chỉ,,300.0,pending,"Nguon: ViFoodRec (github.com/QuocAn55/DS300, PACLIC 2024, ViFoodRec food_id=24). CHUA CO LICENSE CHINH THUC tren repo goc (kiem tra 2026-08-09) — CHI dung ten mon + danh sach nguyen lieu (van ban), R2/phap ly CAN XAC NHAN truoc khi dung cho san pham that. Gram tu parse tu van ban nguyen lieu goc, KHONG lay so dinh duong cua ViFoodRec (RULE-1/RULE-2). R2 CAN DUYET gram truoc khi dung cho benh nhan."
VFR-31,Cá tai tượng chiên xốt sambal,,1000.0,pending,"Nguon: ViFoodRec (github.com/QuocAn55/DS300, PACLIC 2024, ViFoodRec food_id=31). CHUA CO LICENSE CHINH THUC tren repo goc (kiem tra 2026-08-09) — CHI dung ten mon + danh sach nguyen lieu (van ban), R2/phap ly CAN XAC NHAN truoc khi dung cho san pham that. Gram tu parse tu van ban nguyen lieu goc, KHONG lay so dinh duong cua ViFoodRec (RULE-1/RULE-2). R2 CAN DUYET gram truoc khi dung cho benh nhan."
VFR-44,Cá hồi ngũ sắc,,800.0,pending,"Nguon: ViFoodRec (github.com/QuocAn55/DS300, PACLIC 2024, ViFoodRec food_id=44). CHUA CO LICENSE CHINH THUC tren repo goc (kiem tra 2026-08-09) — CHI dung ten mon + danh sach nguyen lieu (van ban), R2/phap ly CAN XAC NHAN truoc khi dung cho san pham that. Gram tu parse tu van ban nguyen lieu goc, KHONG lay so dinh duong cua ViFoodRec (RULE-1/RULE-2). R2 CAN DUYET gram truoc khi dung cho benh nhan."
VFR-51,PanCake kem mè,,100.0,pending,"Nguon: ViFoodRec (github.com/QuocAn55/DS300, PACLIC 2024, ViFoodRec food_id=51). CHUA CO LICENSE CHINH THUC tren repo goc (kiem tra 2026-08-09) — CHI dung ten mon + danh sach nguyen lieu (van ban), R2/phap ly CAN XAC NHAN truoc khi dung cho san pham that. Gram tu parse tu van ban nguyen lieu goc, KHONG lay so dinh duong cua ViFoodRec (RULE-1/RULE-2). R2 CAN DUYET gram truoc khi dung cho benh nhan."
VFR-64,Cá hấp ngưu bàng,,700.0,pending,"Nguon: ViFoodRec (github.com/QuocAn55/DS300, PACLIC 2024, ViFoodRec food_id=64). CHUA CO LICENSE CHINH THUC tren repo goc (kiem tra 2026-08-09) — CHI dung ten mon + danh sach nguyen lieu (van ban), R2/phap ly CAN XAC NHAN truoc khi dung cho san pham that. Gram tu parse tu van ban nguyen lieu goc, KHONG lay so dinh duong cua ViFoodRec (RULE-1/RULE-2). R2 CAN DUYET gram truoc khi dung cho benh nhan."
VFR-84,Chè bà ba,,100.0,pending,"Nguon: ViFoodRec (github.com/QuocAn55/DS300, PACLIC 2024, ViFoodRec food_id=84). CHUA CO LICENSE CHINH THUC tren repo goc (kiem tra 2026-08-09) — CHI dung ten mon + danh sach nguyen lieu (van ban), R2/phap ly CAN XAC NHAN truoc khi dung cho san pham that. Gram tu parse tu van ban nguyen lieu goc, KHONG lay so dinh duong cua ViFoodRec (RULE-1/RULE-2). R2 CAN DUYET gram truoc khi dung cho benh nhan."
VFR-86,Lẩu kim chi,,250.0,pending,"Nguon: ViFoodRec (github.com/QuocAn55/DS300, PACLIC 2024, ViFoodRec food_id=86). CHUA CO LICENSE CHINH THUC tren repo goc (kiem tra 2026-08-09) — CHI dung ten mon + danh sach nguyen lieu (van ban), R2/phap ly CAN XAC NHAN truoc khi dung cho san pham that. Gram tu parse tu van ban nguyen lieu goc, KHONG lay so dinh duong cua ViFoodRec (RULE-1/RULE-2). R2 CAN DUYET gram truoc khi dung cho benh nhan."
VFR-88,Vịt kho củ cải mặn,,630.0,pending,"Nguon: ViFoodRec (github.com/QuocAn55/DS300, PACLIC 2024, ViFoodRec food_id=88). CHUA CO LICENSE CHINH THUC tren repo goc (kiem tra 2026-08-09) — CHI dung ten mon + danh sach nguyen lieu (van ban), R2/phap ly CAN XAC NHAN truoc khi dung cho san pham that. Gram tu parse tu van ban nguyen lieu goc, KHONG lay so dinh duong cua ViFoodRec (RULE-1/RULE-2). R2 CAN DUYET gram truoc khi dung cho benh nhan."
VFR-93,Canh cua chả cá,,850.0,pending,"Nguon: ViFoodRec (github.com/QuocAn55/DS300, PACLIC 2024, ViFoodRec food_id=93). CHUA CO LICENSE CHINH THUC tren repo goc (kiem tra 2026-08-09) — CHI dung ten mon + danh sach nguyen lieu (van ban), R2/phap ly CAN XAC NHAN truoc khi dung cho san pham that. Gram tu parse tu van ban nguyen lieu goc, KHONG lay so dinh duong cua ViFoodRec (RULE-1/RULE-2). R2 CAN DUYET gram truoc khi dung cho benh nhan."
VFR-94,Chả chay rim ngũ vị,,300.0,pending,"Nguon: ViFoodRec (github.com/QuocAn55/DS300, PACLIC 2024, ViFoodRec food_id=94). CHUA CO LICENSE CHINH THUC tren repo goc (kiem tra 2026-08-09) — CHI dung ten mon + danh sach nguyen lieu (van ban), R2/phap ly CAN XAC NHAN truoc khi dung cho san pham that. Gram tu parse tu van ban nguyen lieu goc, KHONG lay so dinh duong cua ViFoodRec (RULE-1/RULE-2). R2 CAN DUYET gram truoc khi dung cho benh nhan."
VFR-102,Cá cam phủ tuyết,,300.0,pending,"Nguon: ViFoodRec (github.com/QuocAn55/DS300, PACLIC 2024, ViFoodRec food_id=102). CHUA CO LICENSE CHINH THUC tren repo goc (kiem tra 2026-08-09) — CHI dung ten mon + danh sach nguyen lieu (van ban), R2/phap ly CAN XAC NHAN truoc khi dung cho san pham that. Gram tu parse tu van ban nguyen lieu goc, KHONG lay so dinh duong cua ViFoodRec (RULE-1/RULE-2). R2 CAN DUYET gram truoc khi dung cho benh nhan."
VFR-113,Chân gà sả tắc,,400.0,pending,"Nguon: ViFoodRec (github.com/QuocAn55/DS300, PACLIC 2024, ViFoodRec food_id=113). CHUA CO LICENSE CHINH THUC tren repo goc (kiem tra 2026-08-09) — CHI dung ten mon + danh sach nguyen lieu (van ban), R2/phap ly CAN XAC NHAN truoc khi dung cho san pham that. Gram tu parse tu van ban nguyen lieu goc, KHONG lay so dinh duong cua ViFoodRec (RULE-1/RULE-2). R2 CAN DUYET gram truoc khi dung cho benh nhan."
VFR-126,Canh ếch lá giang,,300.0,pending,"Nguon: ViFoodRec (github.com/QuocAn55/DS300, PACLIC 2024, ViFoodRec food_id=126). CHUA CO LICENSE CHINH THUC tren repo goc (kiem tra 2026-08-09) — CHI dung ten mon + danh sach nguyen lieu (van ban), R2/phap ly CAN XAC NHAN truoc khi dung cho san pham that. Gram tu parse tu van ban nguyen lieu goc, KHONG lay so dinh duong cua ViFoodRec (RULE-1/RULE-2). R2 CAN DUYET gram truoc khi dung cho benh nhan."
VFR-131,Cá gáy chiên xốt chanh sả,,350.0,pending,"Nguon: ViFoodRec (github.com/QuocAn55/DS300, PACLIC 2024, ViFoodRec food_id=131). CHUA CO LICENSE CHINH THUC tren repo goc (kiem tra 2026-08-09) — CHI dung ten mon + danh sach nguyen lieu (van ban), R2/phap ly CAN XAC NHAN truoc khi dung cho san pham that. Gram tu parse tu van ban nguyen lieu goc, KHONG lay so dinh duong cua ViFoodRec (RULE-1/RULE-2). R2 CAN DUYET gram truoc khi dung cho benh nhan."
VFR-136,Bánh sen chiên giòn,,150.0,pending,"Nguon: ViFoodRec (github.com/QuocAn55/DS300, PACLIC 2024, ViFoodRec food_id=136). CHUA CO LICENSE CHINH THUC tren repo goc (kiem tra 2026-08-09) — CHI dung ten mon + danh sach nguyen lieu (van ban), R2/phap ly CAN XAC NHAN truoc khi dung cho san pham that. Gram tu parse tu van ban nguyen lieu goc, KHONG lay so dinh duong cua ViFoodRec (RULE-1/RULE-2). R2 CAN DUYET gram truoc khi dung cho benh nhan."
VFR-143,Cá hồi kho nước tương,,400.0,pending,"Nguon: ViFoodRec (github.com/QuocAn55/DS300, PACLIC 2024, ViFoodRec food_id=143). CHUA CO LICENSE CHINH THUC tren repo goc (kiem tra 2026-08-09) — CHI dung ten mon + danh sach nguyen lieu (van ban), R2/phap ly CAN XAC NHAN truoc khi dung cho san pham that. Gram tu parse tu van ban nguyen lieu goc, KHONG lay so dinh duong cua ViFoodRec (RULE-1/RULE-2). R2 CAN DUYET gram truoc khi dung cho benh nhan."
VFR-152,Canh tôm rau cần nước,,200.0,pending,"Nguon: ViFoodRec (github.com/QuocAn55/DS300, PACLIC 2024, ViFoodRec food_id=152). CHUA CO LICENSE CHINH THUC tren repo goc (kiem tra 2026-08-09) — CHI dung ten mon + danh sach nguyen lieu (van ban), R2/phap ly CAN XAC NHAN truoc khi dung cho san pham that. Gram tu parse tu van ban nguyen lieu goc, KHONG lay so dinh duong cua ViFoodRec (RULE-1/RULE-2). R2 CAN DUYET gram truoc khi dung cho benh nhan."
VFR-153,Thịt rang sả,,300.0,pending,"Nguon: ViFoodRec (github.com/QuocAn55/DS300, PACLIC 2024, ViFoodRec food_id=153). CHUA CO LICENSE CHINH THUC tren repo goc (kiem tra 2026-08-09) — CHI dung ten mon + danh sach nguyen lieu (van ban), R2/phap ly CAN XAC NHAN truoc khi dung cho san pham that. Gram tu parse tu van ban nguyen lieu goc, KHONG lay so dinh duong cua ViFoodRec (RULE-1/RULE-2). R2 CAN DUYET gram truoc khi dung cho benh nhan."
VFR-155,Hoành thánh nhân đậu chiên,,80.0,pending,"Nguon: ViFoodRec (github.com/QuocAn55/DS300, PACLIC 2024, ViFoodRec food_id=155). CHUA CO LICENSE CHINH THUC tren repo goc (kiem tra 2026-08-09) — CHI dung ten mon + danh sach nguyen lieu (van ban), R2/phap ly CAN XAC NHAN truoc khi dung cho san pham that. Gram tu parse tu van ban nguyen lieu goc, KHONG lay so dinh duong cua ViFoodRec (RULE-1/RULE-2). R2 CAN DUYET gram truoc khi dung cho benh nhan."
VFR-156,Tôm chiên ủ rơm,,250.0,pending,"Nguon: ViFoodRec (github.com/QuocAn55/DS300, PACLIC 2024, ViFoodRec food_id=156). CHUA CO LICENSE CHINH THUC tren repo goc (kiem tra 2026-08-09) — CHI dung ten mon + danh sach nguyen lieu (van ban), R2/phap ly CAN XAC NHAN truoc khi dung cho san pham that. Gram tu parse tu van ban nguyen lieu goc, KHONG lay so dinh duong cua ViFoodRec (RULE-1/RULE-2). R2 CAN DUYET gram truoc khi dung cho benh nhan."
VFR-162,Nghêu xào lá khổ qua,,2250.0,pending,"Nguon: ViFoodRec (github.com/QuocAn55/DS300, PACLIC 2024, ViFoodRec food_id=162). CHUA CO LICENSE CHINH THUC tren repo goc (kiem tra 2026-08-09) — CHI dung ten mon + danh sach nguyen lieu (van ban), R2/phap ly CAN XAC NHAN truoc khi dung cho san pham that. Gram tu parse tu van ban nguyen lieu goc, KHONG lay so dinh duong cua ViFoodRec (RULE-1/RULE-2). R2 CAN DUYET gram truoc khi dung cho benh nhan."
VFR-163,Cánh gà nhồi củ năng,,20.0,pending,"Nguon: ViFoodRec (github.com/QuocAn55/DS300, PACLIC 2024, ViFoodRec food_id=163). CHUA CO LICENSE CHINH THUC tren repo goc (kiem tra 2026-08-09) — CHI dung ten mon + danh sach nguyen lieu (van ban), R2/phap ly CAN XAC NHAN truoc khi dung cho san pham that. Gram tu parse tu van ban nguyen lieu goc, KHONG lay so dinh duong cua ViFoodRec (RULE-1/RULE-2). R2 CAN DUYET gram truoc khi dung cho benh nhan."
VFR-174,Gà chiên lá é,,500.0,pending,"Nguon: ViFoodRec (github.com/QuocAn55/DS300, PACLIC 2024, ViFoodRec food_id=174). CHUA CO LICENSE CHINH THUC tren repo goc (kiem tra 2026-08-09) — CHI dung ten mon + danh sach nguyen lieu (van ban), R2/phap ly CAN XAC NHAN truoc khi dung cho san pham that. Gram tu parse tu van ban nguyen lieu goc, KHONG lay so dinh duong cua ViFoodRec (RULE-1/RULE-2). R2 CAN DUYET gram truoc khi dung cho benh nhan."
VFR-175,Canh nghêu kim chi tía tô,,200.0,pending,"Nguon: ViFoodRec (github.com/QuocAn55/DS300, PACLIC 2024, ViFoodRec food_id=175). CHUA CO LICENSE CHINH THUC tren repo goc (kiem tra 2026-08-09) — CHI dung ten mon + danh sach nguyen lieu (van ban), R2/phap ly CAN XAC NHAN truoc khi dung cho san pham that. Gram tu parse tu van ban nguyen lieu goc, KHONG lay so dinh duong cua ViFoodRec (RULE-1/RULE-2). R2 CAN DUYET gram truoc khi dung cho benh nhan."
VFR-180,Cá bớp chiên giòn xốt chanh,,300.0,pending,"Nguon: ViFoodRec (github.com/QuocAn55/DS300, PACLIC 2024, ViFoodRec food_id=180). CHUA CO LICENSE CHINH THUC tren repo goc (kiem tra 2026-08-09) — CHI dung ten mon + danh sach nguyen lieu (van ban), R2/phap ly CAN XAC NHAN truoc khi dung cho san pham that. Gram tu parse tu van ban nguyen lieu goc, KHONG lay so dinh duong cua ViFoodRec (RULE-1/RULE-2). R2 CAN DUYET gram truoc khi dung cho benh nhan."
VFR-198,Bánh cá khoai tây,,200.0,pending,"Nguon: ViFoodRec (github.com/QuocAn55/DS300, PACLIC 2024, ViFoodRec food_id=198). CHUA CO LICENSE CHINH THUC tren repo goc (kiem tra 2026-08-09) — CHI dung ten mon + danh sach nguyen lieu (van ban), R2/phap ly CAN XAC NHAN truoc khi dung cho san pham that. Gram tu parse tu van ban nguyen lieu goc, KHONG lay so dinh duong cua ViFoodRec (RULE-1/RULE-2). R2 CAN DUYET gram truoc khi dung cho benh nhan."
VFR-206,Bánh rau củ chiên,,30.0,pending,"Nguon: ViFoodRec (github.com/QuocAn55/DS300, PACLIC 2024, ViFoodRec food_id=206). CHUA CO LICENSE CHINH THUC tren repo goc (kiem tra 2026-08-09) — CHI dung ten mon + danh sach nguyen lieu (van ban), R2/phap ly CAN XAC NHAN truoc khi dung cho san pham that. Gram tu parse tu van ban nguyen lieu goc, KHONG lay so dinh duong cua ViFoodRec (RULE-1/RULE-2). R2 CAN DUYET gram truoc khi dung cho benh nhan."
VFR-214,Bún cua lưỡi heo,,500.0,pending,"Nguon: ViFoodRec (github.com/QuocAn55/DS300, PACLIC 2024, ViFoodRec food_id=214). CHUA CO LICENSE CHINH THUC tren repo goc (kiem tra 2026-08-09) — CHI dung ten mon + danh sach nguyen lieu (van ban), R2/phap ly CAN XAC NHAN truoc khi dung cho san pham that. Gram tu parse tu van ban nguyen lieu goc, KHONG lay so dinh duong cua ViFoodRec (RULE-1/RULE-2). R2 CAN DUYET gram truoc khi dung cho benh nhan."
VFR-219,Gỏi cá,,300.0,pending,"Nguon: ViFoodRec (github.com/QuocAn55/DS300, PACLIC 2024, ViFoodRec food_id=219). CHUA CO LICENSE CHINH THUC tren repo goc (kiem tra 2026-08-09) — CHI dung ten mon + danh sach nguyen lieu (van ban), R2/phap ly CAN XAC NHAN truoc khi dung cho san pham that. Gram tu parse tu van ban nguyen lieu goc, KHONG lay so dinh duong cua ViFoodRec (RULE-1/RULE-2). R2 CAN DUYET gram truoc khi dung cho benh nhan."
VFR-220,Bột chiên,,200.0,pending,"Nguon: ViFoodRec (github.com/QuocAn55/DS300, PACLIC 2024, ViFoodRec food_id=220). CHUA CO LICENSE CHINH THUC tren repo goc (kiem tra 2026-08-09) — CHI dung ten mon + danh sach nguyen lieu (van ban), R2/phap ly CAN XAC NHAN truoc khi dung cho san pham that. Gram tu parse tu van ban nguyen lieu goc, KHONG lay so dinh duong cua ViFoodRec (RULE-1/RULE-2). R2 CAN DUYET gram truoc khi dung cho benh nhan."
VFR-227,Bánh bột báng ngũ sắc,,200.0,pending,"Nguon: ViFoodRec (github.com/QuocAn55/DS300, PACLIC 2024, ViFoodRec food_id=227). CHUA CO LICENSE CHINH THUC tren repo goc (kiem tra 2026-08-09) — CHI dung ten mon + danh sach nguyen lieu (van ban), R2/phap ly CAN XAC NHAN truoc khi dung cho san pham that. Gram tu parse tu van ban nguyen lieu goc, KHONG lay so dinh duong cua ViFoodRec (RULE-1/RULE-2). R2 CAN DUYET gram truoc khi dung cho benh nhan."
VFR-228,Sườn nướng lá hương thảo,,600.0,pending,"Nguon: ViFoodRec (github.com/QuocAn55/DS300, PACLIC 2024, ViFoodRec food_id=228). CHUA CO LICENSE CHINH THUC tren repo goc (kiem tra 2026-08-09) — CHI dung ten mon + danh sach nguyen lieu (van ban), R2/phap ly CAN XAC NHAN truoc khi dung cho san pham that. Gram tu parse tu van ban nguyen lieu goc, KHONG lay so dinh duong cua ViFoodRec (RULE-1/RULE-2). R2 CAN DUYET gram truoc khi dung cho benh nhan."
VFR-238,Canh gà măng chua lá giang,,200.0,pending,"Nguon: ViFoodRec (github.com/QuocAn55/DS300, PACLIC 2024, ViFoodRec food_id=238). CHUA CO LICENSE CHINH THUC tren repo goc (kiem tra 2026-08-09) — CHI dung ten mon + danh sach nguyen lieu (van ban), R2/phap ly CAN XAC NHAN truoc khi dung cho san pham that. Gram tu parse tu van ban nguyen lieu goc, KHONG lay so dinh duong cua ViFoodRec (RULE-1/RULE-2). R2 CAN DUYET gram truoc khi dung cho benh nhan."
VFR-243,Mướp khía xào mực,,300.0,pending,"Nguon: ViFoodRec (github.com/QuocAn55/DS300, PACLIC 2024, ViFoodRec food_id=243). CHUA CO LICENSE CHINH THUC tren repo goc (kiem tra 2026-08-09) — CHI dung ten mon + danh sach nguyen lieu (van ban), R2/phap ly CAN XAC NHAN truoc khi dung cho san pham that. Gram tu parse tu van ban nguyen lieu goc, KHONG lay so dinh duong cua ViFoodRec (RULE-1/RULE-2). R2 CAN DUYET gram truoc khi dung cho benh nhan."
VFR-245,Canh chùm ngây sườn non,,200.0,pending,"Nguon: ViFoodRec (github.com/QuocAn55/DS300, PACLIC 2024, ViFoodRec food_id=245). CHUA CO LICENSE CHINH THUC tren repo goc (kiem tra 2026-08-09) — CHI dung ten mon + danh sach nguyen lieu (van ban), R2/phap ly CAN XAC NHAN truoc khi dung cho san pham that. Gram tu parse tu van ban nguyen lieu goc, KHONG lay so dinh duong cua ViFoodRec (RULE-1/RULE-2). R2 CAN DUYET gram truoc khi dung cho benh nhan."
VFR-246,Kiểm,,200.0,pending,"Nguon: ViFoodRec (github.com/QuocAn55/DS300, PACLIC 2024, ViFoodRec food_id=246). CHUA CO LICENSE CHINH THUC tren repo goc (kiem tra 2026-08-09) — CHI dung ten mon + danh sach nguyen lieu (van ban), R2/phap ly CAN XAC NHAN truoc khi dung cho san pham that. Gram tu parse tu van ban nguyen lieu goc, KHONG lay so dinh duong cua ViFoodRec (RULE-1/RULE-2). R2 CAN DUYET gram truoc khi dung cho benh nhan."
VFR-248,Chả lụa chay,,200.0,pending,"Nguon: ViFoodRec (github.com/QuocAn55/DS300, PACLIC 2024, ViFoodRec food_id=248). CHUA CO LICENSE CHINH THUC tren repo goc (kiem tra 2026-08-09) — CHI dung ten mon + danh sach nguyen lieu (van ban), R2/phap ly CAN XAC NHAN truoc khi dung cho san pham that. Gram tu parse tu van ban nguyen lieu goc, KHONG lay so dinh duong cua ViFoodRec (RULE-1/RULE-2). R2 CAN DUYET gram truoc khi dung cho benh nhan."
VFR-250,Chả cá vị cà ri,,200.0,pending,"Nguon: ViFoodRec (github.com/QuocAn55/DS300, PACLIC 2024, ViFoodRec food_id=250). CHUA CO LICENSE CHINH THUC tren repo goc (kiem tra 2026-08-09) — CHI dung ten mon + danh sach nguyen lieu (van ban), R2/phap ly CAN XAC NHAN truoc khi dung cho san pham that. Gram tu parse tu van ban nguyen lieu goc, KHONG lay so dinh duong cua ViFoodRec (RULE-1/RULE-2). R2 CAN DUYET gram truoc khi dung cho benh nhan."
VFR-251,Cá lóc chiên mắm sả,,350.0,pending,"Nguon: ViFoodRec (github.com/QuocAn55/DS300, PACLIC 2024, ViFoodRec food_id=251). CHUA CO LICENSE CHINH THUC tren repo goc (kiem tra 2026-08-09) — CHI dung ten mon + danh sach nguyen lieu (van ban), R2/phap ly CAN XAC NHAN truoc khi dung cho san pham that. Gram tu parse tu van ban nguyen lieu goc, KHONG lay so dinh duong cua ViFoodRec (RULE-1/RULE-2). R2 CAN DUYET gram truoc khi dung cho benh nhan."
VFR-260,Cá chạch chiên lá quế,,300.0,pending,"Nguon: ViFoodRec (github.com/QuocAn55/DS300, PACLIC 2024, ViFoodRec food_id=260). CHUA CO LICENSE CHINH THUC tren repo goc (kiem tra 2026-08-09) — CHI dung ten mon + danh sach nguyen lieu (van ban), R2/phap ly CAN XAC NHAN truoc khi dung cho san pham that. Gram tu parse tu van ban nguyen lieu goc, KHONG lay so dinh duong cua ViFoodRec (RULE-1/RULE-2). R2 CAN DUYET gram truoc khi dung cho benh nhan."
VFR-283,Thịt bò chiên mắm bò hóc,,200.0,pending,"Nguon: ViFoodRec (github.com/QuocAn55/DS300, PACLIC 2024, ViFoodRec food_id=283). CHUA CO LICENSE CHINH THUC tren repo goc (kiem tra 2026-08-09) — CHI dung ten mon + danh sach nguyen lieu (van ban), R2/phap ly CAN XAC NHAN truoc khi dung cho san pham that. Gram tu parse tu van ban nguyen lieu goc, KHONG lay so dinh duong cua ViFoodRec (RULE-1/RULE-2). R2 CAN DUYET gram truoc khi dung cho benh nhan."
VFR-289,Heo xiên que nướng mắc khén,,600.0,pending,"Nguon: ViFoodRec (github.com/QuocAn55/DS300, PACLIC 2024, ViFoodRec food_id=289). CHUA CO LICENSE CHINH THUC tren repo goc (kiem tra 2026-08-09) — CHI dung ten mon + danh sach nguyen lieu (van ban), R2/phap ly CAN XAC NHAN truoc khi dung cho san pham that. Gram tu parse tu van ban nguyen lieu goc, KHONG lay so dinh duong cua ViFoodRec (RULE-1/RULE-2). R2 CAN DUYET gram truoc khi dung cho benh nhan."
VFR-299,Cá đổng kho dưa cà,,400.0,pending,"Nguon: ViFoodRec (github.com/QuocAn55/DS300, PACLIC 2024, ViFoodRec food_id=299). CHUA CO LICENSE CHINH THUC tren repo goc (kiem tra 2026-08-09) — CHI dung ten mon + danh sach nguyen lieu (van ban), R2/phap ly CAN XAC NHAN truoc khi dung cho san pham that. Gram tu parse tu van ban nguyen lieu goc, KHONG lay so dinh duong cua ViFoodRec (RULE-1/RULE-2). R2 CAN DUYET gram truoc khi dung cho benh nhan."
VFR-302,Bacon xào bông cải măng tây,,150.0,pending,"Nguon: ViFoodRec (github.com/QuocAn55/DS300, PACLIC 2024, ViFoodRec food_id=302). CHUA CO LICENSE CHINH THUC tren repo goc (kiem tra 2026-08-09) — CHI dung ten mon + danh sach nguyen lieu (van ban), R2/phap ly CAN XAC NHAN truoc khi dung cho san pham that. Gram tu parse tu van ban nguyen lieu goc, KHONG lay so dinh duong cua ViFoodRec (RULE-1/RULE-2). R2 CAN DUYET gram truoc khi dung cho benh nhan."
VFR-308,Tôm chiên lá cà ri,,600.0,pending,"Nguon: ViFoodRec (github.com/QuocAn55/DS300, PACLIC 2024, ViFoodRec food_id=308). CHUA CO LICENSE CHINH THUC tren repo goc (kiem tra 2026-08-09) — CHI dung ten mon + danh sach nguyen lieu (van ban), R2/phap ly CAN XAC NHAN truoc khi dung cho san pham that. Gram tu parse tu van ban nguyen lieu goc, KHONG lay so dinh duong cua ViFoodRec (RULE-1/RULE-2). R2 CAN DUYET gram truoc khi dung cho benh nhan."
VFR-318,Salad cá chiên giòn,,800.0,pending,"Nguon: ViFoodRec (github.com/QuocAn55/DS300, PACLIC 2024, ViFoodRec food_id=318). CHUA CO LICENSE CHINH THUC tren repo goc (kiem tra 2026-08-09) — CHI dung ten mon + danh sach nguyen lieu (van ban), R2/phap ly CAN XAC NHAN truoc khi dung cho san pham that. Gram tu parse tu van ban nguyen lieu goc, KHONG lay so dinh duong cua ViFoodRec (RULE-1/RULE-2). R2 CAN DUYET gram truoc khi dung cho benh nhan."
VFR-319,Bánh cuốn lòng vịt,,200.0,pending,"Nguon: ViFoodRec (github.com/QuocAn55/DS300, PACLIC 2024, ViFoodRec food_id=319). CHUA CO LICENSE CHINH THUC tren repo goc (kiem tra 2026-08-09) — CHI dung ten mon + danh sach nguyen lieu (van ban), R2/phap ly CAN XAC NHAN truoc khi dung cho san pham that. Gram tu parse tu van ban nguyen lieu goc, KHONG lay so dinh duong cua ViFoodRec (RULE-1/RULE-2). R2 CAN DUYET gram truoc khi dung cho benh nhan."
VFR-328,Rong biển cuộn đậu hũ,,300.0,pending,"Nguon: ViFoodRec (github.com/QuocAn55/DS300, PACLIC 2024, ViFoodRec food_id=328). CHUA CO LICENSE CHINH THUC tren repo goc (kiem tra 2026-08-09) — CHI dung ten mon + danh sach nguyen lieu (van ban), R2/phap ly CAN XAC NHAN truoc khi dung cho san pham that. Gram tu parse tu van ban nguyen lieu goc, KHONG lay so dinh duong cua ViFoodRec (RULE-1/RULE-2). R2 CAN DUYET gram truoc khi dung cho benh nhan."
VFR-329,Gỏi bưởi cá hồi,,200.0,pending,"Nguon: ViFoodRec (github.com/QuocAn55/DS300, PACLIC 2024, ViFoodRec food_id=329). CHUA CO LICENSE CHINH THUC tren repo goc (kiem tra 2026-08-09) — CHI dung ten mon + danh sach nguyen lieu (van ban), R2/phap ly CAN XAC NHAN truoc khi dung cho san pham that. Gram tu parse tu van ban nguyen lieu goc, KHONG lay so dinh duong cua ViFoodRec (RULE-1/RULE-2). R2 CAN DUYET gram truoc khi dung cho benh nhan."
VFR-333,Mì Spaghetti xốt chay,,200.0,pending,"Nguon: ViFoodRec (github.com/QuocAn55/DS300, PACLIC 2024, ViFoodRec food_id=333). CHUA CO LICENSE CHINH THUC tren repo goc (kiem tra 2026-08-09) — CHI dung ten mon + danh sach nguyen lieu (van ban), R2/phap ly CAN XAC NHAN truoc khi dung cho san pham that. Gram tu parse tu van ban nguyen lieu goc, KHONG lay so dinh duong cua ViFoodRec (RULE-1/RULE-2). R2 CAN DUYET gram truoc khi dung cho benh nhan."
VFR-342,Chả ốc nướng lá lốt,,100.0,pending,"Nguon: ViFoodRec (github.com/QuocAn55/DS300, PACLIC 2024, ViFoodRec food_id=342). CHUA CO LICENSE CHINH THUC tren repo goc (kiem tra 2026-08-09) — CHI dung ten mon + danh sach nguyen lieu (van ban), R2/phap ly CAN XAC NHAN truoc khi dung cho san pham that. Gram tu parse tu van ban nguyen lieu goc, KHONG lay so dinh duong cua ViFoodRec (RULE-1/RULE-2). R2 CAN DUYET gram truoc khi dung cho benh nhan."
VFR-343,Lẩu nấm tiềm củ quả,,100.0,pending,"Nguon: ViFoodRec (github.com/QuocAn55/DS300, PACLIC 2024, ViFoodRec food_id=343). CHUA CO LICENSE CHINH THUC tren repo goc (kiem tra 2026-08-09) — CHI dung ten mon + danh sach nguyen lieu (van ban), R2/phap ly CAN XAC NHAN truoc khi dung cho san pham that. Gram tu parse tu van ban nguyen lieu goc, KHONG lay so dinh duong cua ViFoodRec (RULE-1/RULE-2). R2 CAN DUYET gram truoc khi dung cho benh nhan."
VFR-344,Cháo lươn khoai môn đậu xanh,,750.0,pending,"Nguon: ViFoodRec (github.com/QuocAn55/DS300, PACLIC 2024, ViFoodRec food_id=344). CHUA CO LICENSE CHINH THUC tren repo goc (kiem tra 2026-08-09) — CHI dung ten mon + danh sach nguyen lieu (van ban), R2/phap ly CAN XAC NHAN truoc khi dung cho san pham that. Gram tu parse tu van ban nguyen lieu goc, KHONG lay so dinh duong cua ViFoodRec (RULE-1/RULE-2). R2 CAN DUYET gram truoc khi dung cho benh nhan."
VFR-350,Canh cua rau nhút,,750.0,pending,"Nguon: ViFoodRec (github.com/QuocAn55/DS300, PACLIC 2024, ViFoodRec food_id=350). CHUA CO LICENSE CHINH THUC tren repo goc (kiem tra 2026-08-09) — CHI dung ten mon + danh sach nguyen lieu (van ban), R2/phap ly CAN XAC NHAN truoc khi dung cho san pham that. Gram tu parse tu van ban nguyen lieu goc, KHONG lay so dinh duong cua ViFoodRec (RULE-1/RULE-2). R2 CAN DUYET gram truoc khi dung cho benh nhan."
VFR-355,Thịt ba rọi nướng lá chanh,,600.0,pending,"Nguon: ViFoodRec (github.com/QuocAn55/DS300, PACLIC 2024, ViFoodRec food_id=355). CHUA CO LICENSE CHINH THUC tren repo goc (kiem tra 2026-08-09) — CHI dung ten mon + danh sach nguyen lieu (van ban), R2/phap ly CAN XAC NHAN truoc khi dung cho san pham that. Gram tu parse tu van ban nguyen lieu goc, KHONG lay so dinh duong cua ViFoodRec (RULE-1/RULE-2). R2 CAN DUYET gram truoc khi dung cho benh nhan."
VFR-357,Canh nghêu mồng tơi,,500.0,pending,"Nguon: ViFoodRec (github.com/QuocAn55/DS300, PACLIC 2024, ViFoodRec food_id=357). CHUA CO LICENSE CHINH THUC tren repo goc (kiem tra 2026-08-09) — CHI dung ten mon + danh sach nguyen lieu (van ban), R2/phap ly CAN XAC NHAN truoc khi dung cho san pham that. Gram tu parse tu van ban nguyen lieu goc, KHONG lay so dinh duong cua ViFoodRec (RULE-1/RULE-2). R2 CAN DUYET gram truoc khi dung cho benh nhan."
VFR-360,Bầu xào giò thủ,,400.0,pending,"Nguon: ViFoodRec (github.com/QuocAn55/DS300, PACLIC 2024, ViFoodRec food_id=360). CHUA CO LICENSE CHINH THUC tren repo goc (kiem tra 2026-08-09) — CHI dung ten mon + danh sach nguyen lieu (van ban), R2/phap ly CAN XAC NHAN truoc khi dung cho san pham that. Gram tu parse tu van ban nguyen lieu goc, KHONG lay so dinh duong cua ViFoodRec (RULE-1/RULE-2). R2 CAN DUYET gram truoc khi dung cho benh nhan."
VFR-382,Ram hến,,200.0,pending,"Nguon: ViFoodRec (github.com/QuocAn55/DS300, PACLIC 2024, ViFoodRec food_id=382). CHUA CO LICENSE CHINH THUC tren repo goc (kiem tra 2026-08-09) — CHI dung ten mon + danh sach nguyen lieu (van ban), R2/phap ly CAN XAC NHAN truoc khi dung cho san pham that. Gram tu parse tu van ban nguyen lieu goc, KHONG lay so dinh duong cua ViFoodRec (RULE-1/RULE-2). R2 CAN DUYET gram truoc khi dung cho benh nhan."
VFR-386,Đậu hũ nhồi nấm bào ngư,,50.0,pending,"Nguon: ViFoodRec (github.com/QuocAn55/DS300, PACLIC 2024, ViFoodRec food_id=386). CHUA CO LICENSE CHINH THUC tren repo goc (kiem tra 2026-08-09) — CHI dung ten mon + danh sach nguyen lieu (van ban), R2/phap ly CAN XAC NHAN truoc khi dung cho san pham that. Gram tu parse tu van ban nguyen lieu goc, KHONG lay so dinh duong cua ViFoodRec (RULE-1/RULE-2). R2 CAN DUYET gram truoc khi dung cho benh nhan."
VFR-388,Cơm gạo lứt bí đỏ hấp,,50.0,pending,"Nguon: ViFoodRec (github.com/QuocAn55/DS300, PACLIC 2024, ViFoodRec food_id=388). CHUA CO LICENSE CHINH THUC tren repo goc (kiem tra 2026-08-09) — CHI dung ten mon + danh sach nguyen lieu (van ban), R2/phap ly CAN XAC NHAN truoc khi dung cho san pham that. Gram tu parse tu van ban nguyen lieu goc, KHONG lay so dinh duong cua ViFoodRec (RULE-1/RULE-2). R2 CAN DUYET gram truoc khi dung cho benh nhan."
VFR-402,Cá hồi chiên xốt xoài,,200.0,pending,"Nguon: ViFoodRec (github.com/QuocAn55/DS300, PACLIC 2024, ViFoodRec food_id=402). CHUA CO LICENSE CHINH THUC tren repo goc (kiem tra 2026-08-09) — CHI dung ten mon + danh sach nguyen lieu (van ban), R2/phap ly CAN XAC NHAN truoc khi dung cho san pham that. Gram tu parse tu van ban nguyen lieu goc, KHONG lay so dinh duong cua ViFoodRec (RULE-1/RULE-2). R2 CAN DUYET gram truoc khi dung cho benh nhan."
VFR-415,Miến trộn cua lột,,100.0,pending,"Nguon: ViFoodRec (github.com/QuocAn55/DS300, PACLIC 2024, ViFoodRec food_id=415). CHUA CO LICENSE CHINH THUC tren repo goc (kiem tra 2026-08-09) — CHI dung ten mon + danh sach nguyen lieu (van ban), R2/phap ly CAN XAC NHAN truoc khi dung cho san pham that. Gram tu parse tu van ban nguyen lieu goc, KHONG lay so dinh duong cua ViFoodRec (RULE-1/RULE-2). R2 CAN DUYET gram truoc khi dung cho benh nhan."
VFR-425,Bún bò giò heo,,200.0,pending,"Nguon: ViFoodRec (github.com/QuocAn55/DS300, PACLIC 2024, ViFoodRec food_id=425). CHUA CO LICENSE CHINH THUC tren repo goc (kiem tra 2026-08-09) — CHI dung ten mon + danh sach nguyen lieu (van ban), R2/phap ly CAN XAC NHAN truoc khi dung cho san pham that. Gram tu parse tu van ban nguyen lieu goc, KHONG lay so dinh duong cua ViFoodRec (RULE-1/RULE-2). R2 CAN DUYET gram truoc khi dung cho benh nhan."
VFR-429,Sụn heo xáo nghệ,,300.0,pending,"Nguon: ViFoodRec (github.com/QuocAn55/DS300, PACLIC 2024, ViFoodRec food_id=429). CHUA CO LICENSE CHINH THUC tren repo goc (kiem tra 2026-08-09) — CHI dung ten mon + danh sach nguyen lieu (van ban), R2/phap ly CAN XAC NHAN truoc khi dung cho san pham that. Gram tu parse tu van ban nguyen lieu goc, KHONG lay so dinh duong cua ViFoodRec (RULE-1/RULE-2). R2 CAN DUYET gram truoc khi dung cho benh nhan."
VFR-445,Nem vuông chay,,80.0,pending,"Nguon: ViFoodRec (github.com/QuocAn55/DS300, PACLIC 2024, ViFoodRec food_id=445). CHUA CO LICENSE CHINH THUC tren repo goc (kiem tra 2026-08-09) — CHI dung ten mon + danh sach nguyen lieu (van ban), R2/phap ly CAN XAC NHAN truoc khi dung cho san pham that. Gram tu parse tu van ban nguyen lieu goc, KHONG lay so dinh duong cua ViFoodRec (RULE-1/RULE-2). R2 CAN DUYET gram truoc khi dung cho benh nhan."
VFR-456,Canh hến kim chi,,150.0,pending,"Nguon: ViFoodRec (github.com/QuocAn55/DS300, PACLIC 2024, ViFoodRec food_id=456). CHUA CO LICENSE CHINH THUC tren repo goc (kiem tra 2026-08-09) — CHI dung ten mon + danh sach nguyen lieu (van ban), R2/phap ly CAN XAC NHAN truoc khi dung cho san pham that. Gram tu parse tu van ban nguyen lieu goc, KHONG lay so dinh duong cua ViFoodRec (RULE-1/RULE-2). R2 CAN DUYET gram truoc khi dung cho benh nhan."
VFR-458,Sakê bột chiên,,200.0,pending,"Nguon: ViFoodRec (github.com/QuocAn55/DS300, PACLIC 2024, ViFoodRec food_id=458). CHUA CO LICENSE CHINH THUC tren repo goc (kiem tra 2026-08-09) — CHI dung ten mon + danh sach nguyen lieu (van ban), R2/phap ly CAN XAC NHAN truoc khi dung cho san pham that. Gram tu parse tu van ban nguyen lieu goc, KHONG lay so dinh duong cua ViFoodRec (RULE-1/RULE-2). R2 CAN DUYET gram truoc khi dung cho benh nhan."
VFR-460,Cá kèo chiên xốt chanh dây,,300.0,pending,"Nguon: ViFoodRec (github.com/QuocAn55/DS300, PACLIC 2024, ViFoodRec food_id=460). CHUA CO LICENSE CHINH THUC tren repo goc (kiem tra 2026-08-09) — CHI dung ten mon + danh sach nguyen lieu (van ban), R2/phap ly CAN XAC NHAN truoc khi dung cho san pham that. Gram tu parse tu van ban nguyen lieu goc, KHONG lay so dinh duong cua ViFoodRec (RULE-1/RULE-2). R2 CAN DUYET gram truoc khi dung cho benh nhan."
VFR-468,Nụ bí bọc giò sống,,300.0,pending,"Nguon: ViFoodRec (github.com/QuocAn55/DS300, PACLIC 2024, ViFoodRec food_id=468). CHUA CO LICENSE CHINH THUC tren repo goc (kiem tra 2026-08-09) — CHI dung ten mon + danh sach nguyen lieu (van ban), R2/phap ly CAN XAC NHAN truoc khi dung cho san pham that. Gram tu parse tu van ban nguyen lieu goc, KHONG lay so dinh duong cua ViFoodRec (RULE-1/RULE-2). R2 CAN DUYET gram truoc khi dung cho benh nhan."
VFR-477,Cá tẩm bột cay chiên giòn,,400.0,pending,"Nguon: ViFoodRec (github.com/QuocAn55/DS300, PACLIC 2024, ViFoodRec food_id=477). CHUA CO LICENSE CHINH THUC tren repo goc (kiem tra 2026-08-09) — CHI dung ten mon + danh sach nguyen lieu (van ban), R2/phap ly CAN XAC NHAN truoc khi dung cho san pham that. Gram tu parse tu van ban nguyen lieu goc, KHONG lay so dinh duong cua ViFoodRec (RULE-1/RULE-2). R2 CAN DUYET gram truoc khi dung cho benh nhan."
VFR-480,Bún thịt heo xiên sả nướng,,300.0,pending,"Nguon: ViFoodRec (github.com/QuocAn55/DS300, PACLIC 2024, ViFoodRec food_id=480). CHUA CO LICENSE CHINH THUC tren repo goc (kiem tra 2026-08-09) — CHI dung ten mon + danh sach nguyen lieu (van ban), R2/phap ly CAN XAC NHAN truoc khi dung cho san pham that. Gram tu parse tu van ban nguyen lieu goc, KHONG lay so dinh duong cua ViFoodRec (RULE-1/RULE-2). R2 CAN DUYET gram truoc khi dung cho benh nhan."
VFR-495,Cá hồi nướng mía,,300.0,pending,"Nguon: ViFoodRec (github.com/QuocAn55/DS300, PACLIC 2024, ViFoodRec food_id=495). CHUA CO LICENSE CHINH THUC tren repo goc (kiem tra 2026-08-09) — CHI dung ten mon + danh sach nguyen lieu (van ban), R2/phap ly CAN XAC NHAN truoc khi dung cho san pham that. Gram tu parse tu van ban nguyen lieu goc, KHONG lay so dinh duong cua ViFoodRec (RULE-1/RULE-2). R2 CAN DUYET gram truoc khi dung cho benh nhan."
VFR-516,Cá cuộn Jambon chiên,,300.0,pending,"Nguon: ViFoodRec (github.com/QuocAn55/DS300, PACLIC 2024, ViFoodRec food_id=516). CHUA CO LICENSE CHINH THUC tren repo goc (kiem tra 2026-08-09) — CHI dung ten mon + danh sach nguyen lieu (van ban), R2/phap ly CAN XAC NHAN truoc khi dung cho san pham that. Gram tu parse tu van ban nguyen lieu goc, KHONG lay so dinh duong cua ViFoodRec (RULE-1/RULE-2). R2 CAN DUYET gram truoc khi dung cho benh nhan."
VFR-522,Ruốc chiên lá quế,,150.0,pending,"Nguon: ViFoodRec (github.com/QuocAn55/DS300, PACLIC 2024, ViFoodRec food_id=522). CHUA CO LICENSE CHINH THUC tren repo goc (kiem tra 2026-08-09) — CHI dung ten mon + danh sach nguyen lieu (van ban), R2/phap ly CAN XAC NHAN truoc khi dung cho san pham that. Gram tu parse tu van ban nguyen lieu goc, KHONG lay so dinh duong cua ViFoodRec (RULE-1/RULE-2). R2 CAN DUYET gram truoc khi dung cho benh nhan."
VFR-527,Gỏi gà sứa sả tắc,,200.0,pending,"Nguon: ViFoodRec (github.com/QuocAn55/DS300, PACLIC 2024, ViFoodRec food_id=527). CHUA CO LICENSE CHINH THUC tren repo goc (kiem tra 2026-08-09) — CHI dung ten mon + danh sach nguyen lieu (van ban), R2/phap ly CAN XAC NHAN truoc khi dung cho san pham that. Gram tu parse tu van ban nguyen lieu goc, KHONG lay so dinh duong cua ViFoodRec (RULE-1/RULE-2). R2 CAN DUYET gram truoc khi dung cho benh nhan."
VFR-532,Kho quẹt chay,,50.0,pending,"Nguon: ViFoodRec (github.com/QuocAn55/DS300, PACLIC 2024, ViFoodRec food_id=532). CHUA CO LICENSE CHINH THUC tren repo goc (kiem tra 2026-08-09) — CHI dung ten mon + danh sach nguyen lieu (van ban), R2/phap ly CAN XAC NHAN truoc khi dung cho san pham that. Gram tu parse tu van ban nguyen lieu goc, KHONG lay so dinh duong cua ViFoodRec (RULE-1/RULE-2). R2 CAN DUYET gram truoc khi dung cho benh nhan."
VFR-546,Hủ tiếu mực,,500.0,pending,"Nguon: ViFoodRec (github.com/QuocAn55/DS300, PACLIC 2024, ViFoodRec food_id=546). CHUA CO LICENSE CHINH THUC tren repo goc (kiem tra 2026-08-09) — CHI dung ten mon + danh sach nguyen lieu (van ban), R2/phap ly CAN XAC NHAN truoc khi dung cho san pham that. Gram tu parse tu van ban nguyen lieu goc, KHONG lay so dinh duong cua ViFoodRec (RULE-1/RULE-2). R2 CAN DUYET gram truoc khi dung cho benh nhan."
VFR-557,Bò áp chảo bản gang,,400.0,pending,"Nguon: ViFoodRec (github.com/QuocAn55/DS300, PACLIC 2024, ViFoodRec food_id=557). CHUA CO LICENSE CHINH THUC tren repo goc (kiem tra 2026-08-09) — CHI dung ten mon + danh sach nguyen lieu (van ban), R2/phap ly CAN XAC NHAN truoc khi dung cho san pham that. Gram tu parse tu van ban nguyen lieu goc, KHONG lay so dinh duong cua ViFoodRec (RULE-1/RULE-2). R2 CAN DUYET gram truoc khi dung cho benh nhan."
VFR-558,Canh củ quả nấu tôm,,100.0,pending,"Nguon: ViFoodRec (github.com/QuocAn55/DS300, PACLIC 2024, ViFoodRec food_id=558). CHUA CO LICENSE CHINH THUC tren repo goc (kiem tra 2026-08-09) — CHI dung ten mon + danh sach nguyen lieu (van ban), R2/phap ly CAN XAC NHAN truoc khi dung cho san pham that. Gram tu parse tu van ban nguyen lieu goc, KHONG lay so dinh duong cua ViFoodRec (RULE-1/RULE-2). R2 CAN DUYET gram truoc khi dung cho benh nhan."
VFR-561,Chả thịt lá lốt,,150.0,pending,"Nguon: ViFoodRec (github.com/QuocAn55/DS300, PACLIC 2024, ViFoodRec food_id=561). CHUA CO LICENSE CHINH THUC tren repo goc (kiem tra 2026-08-09) — CHI dung ten mon + danh sach nguyen lieu (van ban), R2/phap ly CAN XAC NHAN truoc khi dung cho san pham that. Gram tu parse tu van ban nguyen lieu goc, KHONG lay so dinh duong cua ViFoodRec (RULE-1/RULE-2). R2 CAN DUYET gram truoc khi dung cho benh nhan."
VFR-567,Tôm nướng lá chúc,,300.0,pending,"Nguon: ViFoodRec (github.com/QuocAn55/DS300, PACLIC 2024, ViFoodRec food_id=567). CHUA CO LICENSE CHINH THUC tren repo goc (kiem tra 2026-08-09) — CHI dung ten mon + danh sach nguyen lieu (van ban), R2/phap ly CAN XAC NHAN truoc khi dung cho san pham that. Gram tu parse tu van ban nguyen lieu goc, KHONG lay so dinh duong cua ViFoodRec (RULE-1/RULE-2). R2 CAN DUYET gram truoc khi dung cho benh nhan."
VFR-568,Gỏi  ếch rau rừng,,300.0,pending,"Nguon: ViFoodRec (github.com/QuocAn55/DS300, PACLIC 2024, ViFoodRec food_id=568). CHUA CO LICENSE CHINH THUC tren repo goc (kiem tra 2026-08-09) — CHI dung ten mon + danh sach nguyen lieu (van ban), R2/phap ly CAN XAC NHAN truoc khi dung cho san pham that. Gram tu parse tu van ban nguyen lieu goc, KHONG lay so dinh duong cua ViFoodRec (RULE-1/RULE-2). R2 CAN DUYET gram truoc khi dung cho benh nhan."
VFR-572,Gỏi cuốn cá hồi,,250.0,pending,"Nguon: ViFoodRec (github.com/QuocAn55/DS300, PACLIC 2024, ViFoodRec food_id=572). CHUA CO LICENSE CHINH THUC tren repo goc (kiem tra 2026-08-09) — CHI dung ten mon + danh sach nguyen lieu (van ban), R2/phap ly CAN XAC NHAN truoc khi dung cho san pham that. Gram tu parse tu van ban nguyen lieu goc, KHONG lay so dinh duong cua ViFoodRec (RULE-1/RULE-2). R2 CAN DUYET gram truoc khi dung cho benh nhan."
VFR-575,Udon thịt xíu,,500.0,pending,"Nguon: ViFoodRec (github.com/QuocAn55/DS300, PACLIC 2024, ViFoodRec food_id=575). CHUA CO LICENSE CHINH THUC tren repo goc (kiem tra 2026-08-09) — CHI dung ten mon + danh sach nguyen lieu (van ban), R2/phap ly CAN XAC NHAN truoc khi dung cho san pham that. Gram tu parse tu van ban nguyen lieu goc, KHONG lay so dinh duong cua ViFoodRec (RULE-1/RULE-2). R2 CAN DUYET gram truoc khi dung cho benh nhan."
VFR-578,Bánh đa cua,,300.0,pending,"Nguon: ViFoodRec (github.com/QuocAn55/DS300, PACLIC 2024, ViFoodRec food_id=578). CHUA CO LICENSE CHINH THUC tren repo goc (kiem tra 2026-08-09) — CHI dung ten mon + danh sach nguyen lieu (van ban), R2/phap ly CAN XAC NHAN truoc khi dung cho san pham that. Gram tu parse tu van ban nguyen lieu goc, KHONG lay so dinh duong cua ViFoodRec (RULE-1/RULE-2). R2 CAN DUYET gram truoc khi dung cho benh nhan."
VFR-581,Cà tím nướng tôm cháy mỡ hẹ,,50.0,pending,"Nguon: ViFoodRec (github.com/QuocAn55/DS300, PACLIC 2024, ViFoodRec food_id=581). CHUA CO LICENSE CHINH THUC tren repo goc (kiem tra 2026-08-09) — CHI dung ten mon + danh sach nguyen lieu (van ban), R2/phap ly CAN XAC NHAN truoc khi dung cho san pham that. Gram tu parse tu van ban nguyen lieu goc, KHONG lay so dinh duong cua ViFoodRec (RULE-1/RULE-2). R2 CAN DUYET gram truoc khi dung cho benh nhan."
VFR-592,Nấm bào ngư hấp sả,,300.0,pending,"Nguon: ViFoodRec (github.com/QuocAn55/DS300, PACLIC 2024, ViFoodRec food_id=592). CHUA CO LICENSE CHINH THUC tren repo goc (kiem tra 2026-08-09) — CHI dung ten mon + danh sach nguyen lieu (van ban), R2/phap ly CAN XAC NHAN truoc khi dung cho san pham that. Gram tu parse tu van ban nguyen lieu goc, KHONG lay so dinh duong cua ViFoodRec (RULE-1/RULE-2). R2 CAN DUYET gram truoc khi dung cho benh nhan."
VFR-598,Mì căn xào bắp non,,200.0,pending,"Nguon: ViFoodRec (github.com/QuocAn55/DS300, PACLIC 2024, ViFoodRec food_id=598). CHUA CO LICENSE CHINH THUC tren repo goc (kiem tra 2026-08-09) — CHI dung ten mon + danh sach nguyen lieu (van ban), R2/phap ly CAN XAC NHAN truoc khi dung cho san pham that. Gram tu parse tu van ban nguyen lieu goc, KHONG lay so dinh duong cua ViFoodRec (RULE-1/RULE-2). R2 CAN DUYET gram truoc khi dung cho benh nhan."
VFR-602,TẾT 3 MIỀN – Miền Trung: Cuốn nem chua mì căn,,150.0,pending,"Nguon: ViFoodRec (github.com/QuocAn55/DS300, PACLIC 2024, ViFoodRec food_id=602). CHUA CO LICENSE CHINH THUC tren repo goc (kiem tra 2026-08-09) — CHI dung ten mon + danh sach nguyen lieu (van ban), R2/phap ly CAN XAC NHAN truoc khi dung cho san pham that. Gram tu parse tu van ban nguyen lieu goc, KHONG lay so dinh duong cua ViFoodRec (RULE-1/RULE-2). R2 CAN DUYET gram truoc khi dung cho benh nhan."
VFR-603,Bánh kim chi hải sản,,200.0,pending,"Nguon: ViFoodRec (github.com/QuocAn55/DS300, PACLIC 2024, ViFoodRec food_id=603). CHUA CO LICENSE CHINH THUC tren repo goc (kiem tra 2026-08-09) — CHI dung ten mon + danh sach nguyen lieu (van ban), R2/phap ly CAN XAC NHAN truoc khi dung cho san pham that. Gram tu parse tu van ban nguyen lieu goc, KHONG lay so dinh duong cua ViFoodRec (RULE-1/RULE-2). R2 CAN DUYET gram truoc khi dung cho benh nhan."
VFR-609,Đuông khoai lang cốt dừa,,250.0,pending,"Nguon: ViFoodRec (github.com/QuocAn55/DS300, PACLIC 2024, ViFoodRec food_id=609). CHUA CO LICENSE CHINH THUC tren repo goc (kiem tra 2026-08-09) — CHI dung ten mon + danh sach nguyen lieu (van ban), R2/phap ly CAN XAC NHAN truoc khi dung cho san pham that. Gram tu parse tu van ban nguyen lieu goc, KHONG lay so dinh duong cua ViFoodRec (RULE-1/RULE-2). R2 CAN DUYET gram truoc khi dung cho benh nhan."
VFR-624,Bánh mì hấp bì chay,,200.0,pending,"Nguon: ViFoodRec (github.com/QuocAn55/DS300, PACLIC 2024, ViFoodRec food_id=624). CHUA CO LICENSE CHINH THUC tren repo goc (kiem tra 2026-08-09) — CHI dung ten mon + danh sach nguyen lieu (van ban), R2/phap ly CAN XAC NHAN truoc khi dung cho san pham that. Gram tu parse tu van ban nguyen lieu goc, KHONG lay so dinh duong cua ViFoodRec (RULE-1/RULE-2). R2 CAN DUYET gram truoc khi dung cho benh nhan."
VFR-636,Salad ức gà áp chảo,,420.0,pending,"Nguon: ViFoodRec (github.com/QuocAn55/DS300, PACLIC 2024, ViFoodRec food_id=636). CHUA CO LICENSE CHINH THUC tren repo goc (kiem tra 2026-08-09) — CHI dung ten mon + danh sach nguyen lieu (van ban), R2/phap ly CAN XAC NHAN truoc khi dung cho san pham that. Gram tu parse tu van ban nguyen lieu goc, KHONG lay so dinh duong cua ViFoodRec (RULE-1/RULE-2). R2 CAN DUYET gram truoc khi dung cho benh nhan."
VFR-647,Cá chiên bông điên điển,,200.0,pending,"Nguon: ViFoodRec (github.com/QuocAn55/DS300, PACLIC 2024, ViFoodRec food_id=647). CHUA CO LICENSE CHINH THUC tren repo goc (kiem tra 2026-08-09) — CHI dung ten mon + danh sach nguyen lieu (van ban), R2/phap ly CAN XAC NHAN truoc khi dung cho san pham that. Gram tu parse tu van ban nguyen lieu goc, KHONG lay so dinh duong cua ViFoodRec (RULE-1/RULE-2). R2 CAN DUYET gram truoc khi dung cho benh nhan."
VFR-656,Bánh qui mè đen,,150.0,pending,"Nguon: ViFoodRec (github.com/QuocAn55/DS300, PACLIC 2024, ViFoodRec food_id=656). CHUA CO LICENSE CHINH THUC tren repo goc (kiem tra 2026-08-09) — CHI dung ten mon + danh sach nguyen lieu (van ban), R2/phap ly CAN XAC NHAN truoc khi dung cho san pham that. Gram tu parse tu van ban nguyen lieu goc, KHONG lay so dinh duong cua ViFoodRec (RULE-1/RULE-2). R2 CAN DUYET gram truoc khi dung cho benh nhan."
VFR-664,Cơm tấm sườn chay,,120.0,pending,"Nguon: ViFoodRec (github.com/QuocAn55/DS300, PACLIC 2024, ViFoodRec food_id=664). CHUA CO LICENSE CHINH THUC tren repo goc (kiem tra 2026-08-09) — CHI dung ten mon + danh sach nguyen lieu (van ban), R2/phap ly CAN XAC NHAN truoc khi dung cho san pham that. Gram tu parse tu van ban nguyen lieu goc, KHONG lay so dinh duong cua ViFoodRec (RULE-1/RULE-2). R2 CAN DUYET gram truoc khi dung cho benh nhan."
VFR-666,Bún mè đen xào nghêu,,150.0,pending,"Nguon: ViFoodRec (github.com/QuocAn55/DS300, PACLIC 2024, ViFoodRec food_id=666). CHUA CO LICENSE CHINH THUC tren repo goc (kiem tra 2026-08-09) — CHI dung ten mon + danh sach nguyen lieu (van ban), R2/phap ly CAN XAC NHAN truoc khi dung cho san pham that. Gram tu parse tu van ban nguyen lieu goc, KHONG lay so dinh duong cua ViFoodRec (RULE-1/RULE-2). R2 CAN DUYET gram truoc khi dung cho benh nhan."
VFR-674,Pizza phở hải sản,,500.0,pending,"Nguon: ViFoodRec (github.com/QuocAn55/DS300, PACLIC 2024, ViFoodRec food_id=674). CHUA CO LICENSE CHINH THUC tren repo goc (kiem tra 2026-08-09) — CHI dung ten mon + danh sach nguyen lieu (van ban), R2/phap ly CAN XAC NHAN truoc khi dung cho san pham that. Gram tu parse tu van ban nguyen lieu goc, KHONG lay so dinh duong cua ViFoodRec (RULE-1/RULE-2). R2 CAN DUYET gram truoc khi dung cho benh nhan."
VFR-678,Bò nấu pate tiêu xanh,,700.0,pending,"Nguon: ViFoodRec (github.com/QuocAn55/DS300, PACLIC 2024, ViFoodRec food_id=678). CHUA CO LICENSE CHINH THUC tren repo goc (kiem tra 2026-08-09) — CHI dung ten mon + danh sach nguyen lieu (van ban), R2/phap ly CAN XAC NHAN truoc khi dung cho san pham that. Gram tu parse tu van ban nguyen lieu goc, KHONG lay so dinh duong cua ViFoodRec (RULE-1/RULE-2). R2 CAN DUYET gram truoc khi dung cho benh nhan."
VFR-684,Đậu hũ thịt cua viên chiên,,100.0,pending,"Nguon: ViFoodRec (github.com/QuocAn55/DS300, PACLIC 2024, ViFoodRec food_id=684). CHUA CO LICENSE CHINH THUC tren repo goc (kiem tra 2026-08-09) — CHI dung ten mon + danh sach nguyen lieu (van ban), R2/phap ly CAN XAC NHAN truoc khi dung cho san pham that. Gram tu parse tu van ban nguyen lieu goc, KHONG lay so dinh duong cua ViFoodRec (RULE-1/RULE-2). R2 CAN DUYET gram truoc khi dung cho benh nhan."
VFR-691,Sườn kinh đô,,500.0,pending,"Nguon: ViFoodRec (github.com/QuocAn55/DS300, PACLIC 2024, ViFoodRec food_id=691). CHUA CO LICENSE CHINH THUC tren repo goc (kiem tra 2026-08-09) — CHI dung ten mon + danh sach nguyen lieu (van ban), R2/phap ly CAN XAC NHAN truoc khi dung cho san pham that. Gram tu parse tu van ban nguyen lieu goc, KHONG lay so dinh duong cua ViFoodRec (RULE-1/RULE-2). R2 CAN DUYET gram truoc khi dung cho benh nhan."
VFR-692,Cải xoong xào tôm,,400.0,pending,"Nguon: ViFoodRec (github.com/QuocAn55/DS300, PACLIC 2024, ViFoodRec food_id=692). CHUA CO LICENSE CHINH THUC tren repo goc (kiem tra 2026-08-09) — CHI dung ten mon + danh sach nguyen lieu (van ban), R2/phap ly CAN XAC NHAN truoc khi dung cho san pham that. Gram tu parse tu van ban nguyen lieu goc, KHONG lay so dinh duong cua ViFoodRec (RULE-1/RULE-2). R2 CAN DUYET gram truoc khi dung cho benh nhan."
VFR-715,Salad cam tôm sú,,150.0,pending,"Nguon: ViFoodRec (github.com/QuocAn55/DS300, PACLIC 2024, ViFoodRec food_id=715). CHUA CO LICENSE CHINH THUC tren repo goc (kiem tra 2026-08-09) — CHI dung ten mon + danh sach nguyen lieu (van ban), R2/phap ly CAN XAC NHAN truoc khi dung cho san pham that. Gram tu parse tu van ban nguyen lieu goc, KHONG lay so dinh duong cua ViFoodRec (RULE-1/RULE-2). R2 CAN DUYET gram truoc khi dung cho benh nhan."
VFR-723,Cánh gà chiên tiêu lốp,,500.0,pending,"Nguon: ViFoodRec (github.com/QuocAn55/DS300, PACLIC 2024, ViFoodRec food_id=723). CHUA CO LICENSE CHINH THUC tren repo goc (kiem tra 2026-08-09) — CHI dung ten mon + danh sach nguyen lieu (van ban), R2/phap ly CAN XAC NHAN truoc khi dung cho san pham that. Gram tu parse tu van ban nguyen lieu goc, KHONG lay so dinh duong cua ViFoodRec (RULE-1/RULE-2). R2 CAN DUYET gram truoc khi dung cho benh nhan."
VFR-726,Chân giò cuộn hầm sâm,,500.0,pending,"Nguon: ViFoodRec (github.com/QuocAn55/DS300, PACLIC 2024, ViFoodRec food_id=726). CHUA CO LICENSE CHINH THUC tren repo goc (kiem tra 2026-08-09) — CHI dung ten mon + danh sach nguyen lieu (van ban), R2/phap ly CAN XAC NHAN truoc khi dung cho san pham that. Gram tu parse tu van ban nguyen lieu goc, KHONG lay so dinh duong cua ViFoodRec (RULE-1/RULE-2). R2 CAN DUYET gram truoc khi dung cho benh nhan."
VFR-733,Càng cua chiên mè xốt Mayo,,150.0,pending,"Nguon: ViFoodRec (github.com/QuocAn55/DS300, PACLIC 2024, ViFoodRec food_id=733). CHUA CO LICENSE CHINH THUC tren repo goc (kiem tra 2026-08-09) — CHI dung ten mon + danh sach nguyen lieu (van ban), R2/phap ly CAN XAC NHAN truoc khi dung cho san pham that. Gram tu parse tu van ban nguyen lieu goc, KHONG lay so dinh duong cua ViFoodRec (RULE-1/RULE-2). R2 CAN DUYET gram truoc khi dung cho benh nhan."
VFR-734,Mực trứng xào rau răm,,300.0,pending,"Nguon: ViFoodRec (github.com/QuocAn55/DS300, PACLIC 2024, ViFoodRec food_id=734). CHUA CO LICENSE CHINH THUC tren repo goc (kiem tra 2026-08-09) — CHI dung ten mon + danh sach nguyen lieu (van ban), R2/phap ly CAN XAC NHAN truoc khi dung cho san pham that. Gram tu parse tu van ban nguyen lieu goc, KHONG lay so dinh duong cua ViFoodRec (RULE-1/RULE-2). R2 CAN DUYET gram truoc khi dung cho benh nhan."
VFR-738,Sườn chiên cay,,300.0,pending,"Nguon: ViFoodRec (github.com/QuocAn55/DS300, PACLIC 2024, ViFoodRec food_id=738). CHUA CO LICENSE CHINH THUC tren repo goc (kiem tra 2026-08-09) — CHI dung ten mon + danh sach nguyen lieu (van ban), R2/phap ly CAN XAC NHAN truoc khi dung cho san pham that. Gram tu parse tu van ban nguyen lieu goc, KHONG lay so dinh duong cua ViFoodRec (RULE-1/RULE-2). R2 CAN DUYET gram truoc khi dung cho benh nhan."
VFR-742,Cá nục kho rục,,300.0,pending,"Nguon: ViFoodRec (github.com/QuocAn55/DS300, PACLIC 2024, ViFoodRec food_id=742). CHUA CO LICENSE CHINH THUC tren repo goc (kiem tra 2026-08-09) — CHI dung ten mon + danh sach nguyen lieu (van ban), R2/phap ly CAN XAC NHAN truoc khi dung cho san pham that. Gram tu parse tu van ban nguyen lieu goc, KHONG lay so dinh duong cua ViFoodRec (RULE-1/RULE-2). R2 CAN DUYET gram truoc khi dung cho benh nhan."
VFR-746,Cơm tấm sườn cây,,600.0,pending,"Nguon: ViFoodRec (github.com/QuocAn55/DS300, PACLIC 2024, ViFoodRec food_id=746). CHUA CO LICENSE CHINH THUC tren repo goc (kiem tra 2026-08-09) — CHI dung ten mon + danh sach nguyen lieu (van ban), R2/phap ly CAN XAC NHAN truoc khi dung cho san pham that. Gram tu parse tu van ban nguyen lieu goc, KHONG lay so dinh duong cua ViFoodRec (RULE-1/RULE-2). R2 CAN DUYET gram truoc khi dung cho benh nhan."
VFR-753,Mướp hương nhồi tôm hấp,,200.0,pending,"Nguon: ViFoodRec (github.com/QuocAn55/DS300, PACLIC 2024, ViFoodRec food_id=753). CHUA CO LICENSE CHINH THUC tren repo goc (kiem tra 2026-08-09) — CHI dung ten mon + danh sach nguyen lieu (van ban), R2/phap ly CAN XAC NHAN truoc khi dung cho san pham that. Gram tu parse tu van ban nguyen lieu goc, KHONG lay so dinh duong cua ViFoodRec (RULE-1/RULE-2). R2 CAN DUYET gram truoc khi dung cho benh nhan."
VFR-759,Chả giò khoai tây trứng muối,,100.0,pending,"Nguon: ViFoodRec (github.com/QuocAn55/DS300, PACLIC 2024, ViFoodRec food_id=759). CHUA CO LICENSE CHINH THUC tren repo goc (kiem tra 2026-08-09) — CHI dung ten mon + danh sach nguyen lieu (van ban), R2/phap ly CAN XAC NHAN truoc khi dung cho san pham that. Gram tu parse tu van ban nguyen lieu goc, KHONG lay so dinh duong cua ViFoodRec (RULE-1/RULE-2). R2 CAN DUYET gram truoc khi dung cho benh nhan."
VFR-761,Chả ốc chiên,,150.0,pending,"Nguon: ViFoodRec (github.com/QuocAn55/DS300, PACLIC 2024, ViFoodRec food_id=761). CHUA CO LICENSE CHINH THUC tren repo goc (kiem tra 2026-08-09) — CHI dung ten mon + danh sach nguyen lieu (van ban), R2/phap ly CAN XAC NHAN truoc khi dung cho san pham that. Gram tu parse tu van ban nguyen lieu goc, KHONG lay so dinh duong cua ViFoodRec (RULE-1/RULE-2). R2 CAN DUYET gram truoc khi dung cho benh nhan."
VFR-773,Đùi ếch nướng lá cách,,150.0,pending,"Nguon: ViFoodRec (github.com/QuocAn55/DS300, PACLIC 2024, ViFoodRec food_id=773). CHUA CO LICENSE CHINH THUC tren repo goc (kiem tra 2026-08-09) — CHI dung ten mon + danh sach nguyen lieu (van ban), R2/phap ly CAN XAC NHAN truoc khi dung cho san pham that. Gram tu parse tu van ban nguyen lieu goc, KHONG lay so dinh duong cua ViFoodRec (RULE-1/RULE-2). R2 CAN DUYET gram truoc khi dung cho benh nhan."
VFR-780,Ragu bò,,400.0,pending,"Nguon: ViFoodRec (github.com/QuocAn55/DS300, PACLIC 2024, ViFoodRec food_id=780). CHUA CO LICENSE CHINH THUC tren repo goc (kiem tra 2026-08-09) — CHI dung ten mon + danh sach nguyen lieu (van ban), R2/phap ly CAN XAC NHAN truoc khi dung cho san pham that. Gram tu parse tu van ban nguyen lieu goc, KHONG lay so dinh duong cua ViFoodRec (RULE-1/RULE-2). R2 CAN DUYET gram truoc khi dung cho benh nhan."
VFR-785,Súp nấm ngưu bàng,,50.0,pending,"Nguon: ViFoodRec (github.com/QuocAn55/DS300, PACLIC 2024, ViFoodRec food_id=785). CHUA CO LICENSE CHINH THUC tren repo goc (kiem tra 2026-08-09) — CHI dung ten mon + danh sach nguyen lieu (van ban), R2/phap ly CAN XAC NHAN truoc khi dung cho san pham that. Gram tu parse tu van ban nguyen lieu goc, KHONG lay so dinh duong cua ViFoodRec (RULE-1/RULE-2). R2 CAN DUYET gram truoc khi dung cho benh nhan."
VFR-797,Bánh tôm chiên củ sắn,,200.0,pending,"Nguon: ViFoodRec (github.com/QuocAn55/DS300, PACLIC 2024, ViFoodRec food_id=797). CHUA CO LICENSE CHINH THUC tren repo goc (kiem tra 2026-08-09) — CHI dung ten mon + danh sach nguyen lieu (van ban), R2/phap ly CAN XAC NHAN truoc khi dung cho san pham that. Gram tu parse tu van ban nguyen lieu goc, KHONG lay so dinh duong cua ViFoodRec (RULE-1/RULE-2). R2 CAN DUYET gram truoc khi dung cho benh nhan."
VFR-798,Cá hồi áp chảo xốt tiêu,,200.0,pending,"Nguon: ViFoodRec (github.com/QuocAn55/DS300, PACLIC 2024, ViFoodRec food_id=798). CHUA CO LICENSE CHINH THUC tren repo goc (kiem tra 2026-08-09) — CHI dung ten mon + danh sach nguyen lieu (van ban), R2/phap ly CAN XAC NHAN truoc khi dung cho san pham that. Gram tu parse tu van ban nguyen lieu goc, KHONG lay so dinh duong cua ViFoodRec (RULE-1/RULE-2). R2 CAN DUYET gram truoc khi dung cho benh nhan."
VFR-799,Gà cuộn xúc xích,,100.0,pending,"Nguon: ViFoodRec (github.com/QuocAn55/DS300, PACLIC 2024, ViFoodRec food_id=799). CHUA CO LICENSE CHINH THUC tren repo goc (kiem tra 2026-08-09) — CHI dung ten mon + danh sach nguyen lieu (van ban), R2/phap ly CAN XAC NHAN truoc khi dung cho san pham that. Gram tu parse tu van ban nguyen lieu goc, KHONG lay so dinh duong cua ViFoodRec (RULE-1/RULE-2). R2 CAN DUYET gram truoc khi dung cho benh nhan."
VFR-801,Nấm xào bí ngòi,,50.0,pending,"Nguon: ViFoodRec (github.com/QuocAn55/DS300, PACLIC 2024, ViFoodRec food_id=801). CHUA CO LICENSE CHINH THUC tren repo goc (kiem tra 2026-08-09) — CHI dung ten mon + danh sach nguyen lieu (van ban), R2/phap ly CAN XAC NHAN truoc khi dung cho san pham that. Gram tu parse tu van ban nguyen lieu goc, KHONG lay so dinh duong cua ViFoodRec (RULE-1/RULE-2). R2 CAN DUYET gram truoc khi dung cho benh nhan."
VFR-806,Bún thang,,20.0,pending,"Nguon: ViFoodRec (github.com/QuocAn55/DS300, PACLIC 2024, ViFoodRec food_id=806). CHUA CO LICENSE CHINH THUC tren repo goc (kiem tra 2026-08-09) — CHI dung ten mon + danh sach nguyen lieu (van ban), R2/phap ly CAN XAC NHAN truoc khi dung cho san pham that. Gram tu parse tu van ban nguyen lieu goc, KHONG lay so dinh duong cua ViFoodRec (RULE-1/RULE-2). R2 CAN DUYET gram truoc khi dung cho benh nhan."
VFR-809,Canh tôm mọc hạt sen,,200.0,pending,"Nguon: ViFoodRec (github.com/QuocAn55/DS300, PACLIC 2024, ViFoodRec food_id=809). CHUA CO LICENSE CHINH THUC tren repo goc (kiem tra 2026-08-09) — CHI dung ten mon + danh sach nguyen lieu (van ban), R2/phap ly CAN XAC NHAN truoc khi dung cho san pham that. Gram tu parse tu van ban nguyen lieu goc, KHONG lay so dinh duong cua ViFoodRec (RULE-1/RULE-2). R2 CAN DUYET gram truoc khi dung cho benh nhan."
VFR-829,Canh cải gói thịt gà nấm hương,,70.0,pending,"Nguon: ViFoodRec (github.com/QuocAn55/DS300, PACLIC 2024, ViFoodRec food_id=829). CHUA CO LICENSE CHINH THUC tren repo goc (kiem tra 2026-08-09) — CHI dung ten mon + danh sach nguyen lieu (van ban), R2/phap ly CAN XAC NHAN truoc khi dung cho san pham that. Gram tu parse tu van ban nguyen lieu goc, KHONG lay so dinh duong cua ViFoodRec (RULE-1/RULE-2). R2 CAN DUYET gram truoc khi dung cho benh nhan."
VFR-831,Cuốn vịt mắm sả,,200.0,pending,"Nguon: ViFoodRec (github.com/QuocAn55/DS300, PACLIC 2024, ViFoodRec food_id=831). CHUA CO LICENSE CHINH THUC tren repo goc (kiem tra 2026-08-09) — CHI dung ten mon + danh sach nguyen lieu (van ban), R2/phap ly CAN XAC NHAN truoc khi dung cho san pham that. Gram tu parse tu van ban nguyen lieu goc, KHONG lay so dinh duong cua ViFoodRec (RULE-1/RULE-2). R2 CAN DUYET gram truoc khi dung cho benh nhan."
VFR-843,Thịt nướng xí muội,,300.0,pending,"Nguon: ViFoodRec (github.com/QuocAn55/DS300, PACLIC 2024, ViFoodRec food_id=843). CHUA CO LICENSE CHINH THUC tren repo goc (kiem tra 2026-08-09) — CHI dung ten mon + danh sach nguyen lieu (van ban), R2/phap ly CAN XAC NHAN truoc khi dung cho san pham that. Gram tu parse tu van ban nguyen lieu goc, KHONG lay so dinh duong cua ViFoodRec (RULE-1/RULE-2). R2 CAN DUYET gram truoc khi dung cho benh nhan."
VFR-846,Lẩu bắp bò chua cay,,1000.0,pending,"Nguon: ViFoodRec (github.com/QuocAn55/DS300, PACLIC 2024, ViFoodRec food_id=846). CHUA CO LICENSE CHINH THUC tren repo goc (kiem tra 2026-08-09) — CHI dung ten mon + danh sach nguyen lieu (van ban), R2/phap ly CAN XAC NHAN truoc khi dung cho san pham that. Gram tu parse tu van ban nguyen lieu goc, KHONG lay so dinh duong cua ViFoodRec (RULE-1/RULE-2). R2 CAN DUYET gram truoc khi dung cho benh nhan."
VFR-847,Tai heo thấu chua,,300.0,pending,"Nguon: ViFoodRec (github.com/QuocAn55/DS300, PACLIC 2024, ViFoodRec food_id=847). CHUA CO LICENSE CHINH THUC tren repo goc (kiem tra 2026-08-09) — CHI dung ten mon + danh sach nguyen lieu (van ban), R2/phap ly CAN XAC NHAN truoc khi dung cho san pham that. Gram tu parse tu van ban nguyen lieu goc, KHONG lay so dinh duong cua ViFoodRec (RULE-1/RULE-2). R2 CAN DUYET gram truoc khi dung cho benh nhan."
VFR-852,Cá lá lốt chiên mè,,50.0,pending,"Nguon: ViFoodRec (github.com/QuocAn55/DS300, PACLIC 2024, ViFoodRec food_id=852). CHUA CO LICENSE CHINH THUC tren repo goc (kiem tra 2026-08-09) — CHI dung ten mon + danh sach nguyen lieu (van ban), R2/phap ly CAN XAC NHAN truoc khi dung cho san pham that. Gram tu parse tu van ban nguyen lieu goc, KHONG lay so dinh duong cua ViFoodRec (RULE-1/RULE-2). R2 CAN DUYET gram truoc khi dung cho benh nhan."
VFR-857,Giò hoa rong biển,,200.0,pending,"Nguon: ViFoodRec (github.com/QuocAn55/DS300, PACLIC 2024, ViFoodRec food_id=857). CHUA CO LICENSE CHINH THUC tren repo goc (kiem tra 2026-08-09) — CHI dung ten mon + danh sach nguyen lieu (van ban), R2/phap ly CAN XAC NHAN truoc khi dung cho san pham that. Gram tu parse tu van ban nguyen lieu goc, KHONG lay so dinh duong cua ViFoodRec (RULE-1/RULE-2). R2 CAN DUYET gram truoc khi dung cho benh nhan."
VFR-871,Canh cá chép rau cần,,400.0,pending,"Nguon: ViFoodRec (github.com/QuocAn55/DS300, PACLIC 2024, ViFoodRec food_id=871). CHUA CO LICENSE CHINH THUC tren repo goc (kiem tra 2026-08-09) — CHI dung ten mon + danh sach nguyen lieu (van ban), R2/phap ly CAN XAC NHAN truoc khi dung cho san pham that. Gram tu parse tu van ban nguyen lieu goc, KHONG lay so dinh duong cua ViFoodRec (RULE-1/RULE-2). R2 CAN DUYET gram truoc khi dung cho benh nhan."
VFR-872,Salad hạt chia,,100.0,pending,"Nguon: ViFoodRec (github.com/QuocAn55/DS300, PACLIC 2024, ViFoodRec food_id=872). CHUA CO LICENSE CHINH THUC tren repo goc (kiem tra 2026-08-09) — CHI dung ten mon + danh sach nguyen lieu (van ban), R2/phap ly CAN XAC NHAN truoc khi dung cho san pham that. Gram tu parse tu van ban nguyen lieu goc, KHONG lay so dinh duong cua ViFoodRec (RULE-1/RULE-2). R2 CAN DUYET gram truoc khi dung cho benh nhan."
VFR-889,Canh gà lá quế,,100.0,pending,"Nguon: ViFoodRec (github.com/QuocAn55/DS300, PACLIC 2024, ViFoodRec food_id=889). CHUA CO LICENSE CHINH THUC tren repo goc (kiem tra 2026-08-09) — CHI dung ten mon + danh sach nguyen lieu (van ban), R2/phap ly CAN XAC NHAN truoc khi dung cho san pham that. Gram tu parse tu van ban nguyen lieu goc, KHONG lay so dinh duong cua ViFoodRec (RULE-1/RULE-2). R2 CAN DUYET gram truoc khi dung cho benh nhan."
VFR-907,Chả tôm chiên mặt nguyệt,,150.0,pending,"Nguon: ViFoodRec (github.com/QuocAn55/DS300, PACLIC 2024, ViFoodRec food_id=907). CHUA CO LICENSE CHINH THUC tren repo goc (kiem tra 2026-08-09) — CHI dung ten mon + danh sach nguyen lieu (van ban), R2/phap ly CAN XAC NHAN truoc khi dung cho san pham that. Gram tu parse tu van ban nguyen lieu goc, KHONG lay so dinh duong cua ViFoodRec (RULE-1/RULE-2). R2 CAN DUYET gram truoc khi dung cho benh nhan."
VFR-916,Ba chỉ chiên giòn – mắm thơm,,300.0,pending,"Nguon: ViFoodRec (github.com/QuocAn55/DS300, PACLIC 2024, ViFoodRec food_id=916). CHUA CO LICENSE CHINH THUC tren repo goc (kiem tra 2026-08-09) — CHI dung ten mon + danh sach nguyen lieu (van ban), R2/phap ly CAN XAC NHAN truoc khi dung cho san pham that. Gram tu parse tu van ban nguyen lieu goc, KHONG lay so dinh duong cua ViFoodRec (RULE-1/RULE-2). R2 CAN DUYET gram truoc khi dung cho benh nhan."
VFR-919,Cá ngừ đại dương lúc lắc,,300.0,pending,"Nguon: ViFoodRec (github.com/QuocAn55/DS300, PACLIC 2024, ViFoodRec food_id=919). CHUA CO LICENSE CHINH THUC tren repo goc (kiem tra 2026-08-09) — CHI dung ten mon + danh sach nguyen lieu (van ban), R2/phap ly CAN XAC NHAN truoc khi dung cho san pham that. Gram tu parse tu van ban nguyen lieu goc, KHONG lay so dinh duong cua ViFoodRec (RULE-1/RULE-2). R2 CAN DUYET gram truoc khi dung cho benh nhan."
VFR-930,Tôm rang củ nén húng chanh,,400.0,pending,"Nguon: ViFoodRec (github.com/QuocAn55/DS300, PACLIC 2024, ViFoodRec food_id=930). CHUA CO LICENSE CHINH THUC tren repo goc (kiem tra 2026-08-09) — CHI dung ten mon + danh sach nguyen lieu (van ban), R2/phap ly CAN XAC NHAN truoc khi dung cho san pham that. Gram tu parse tu van ban nguyen lieu goc, KHONG lay so dinh duong cua ViFoodRec (RULE-1/RULE-2). R2 CAN DUYET gram truoc khi dung cho benh nhan."
VFR-931,Mì cay chay,,50.0,pending,"Nguon: ViFoodRec (github.com/QuocAn55/DS300, PACLIC 2024, ViFoodRec food_id=931). CHUA CO LICENSE CHINH THUC tren repo goc (kiem tra 2026-08-09) — CHI dung ten mon + danh sach nguyen lieu (van ban), R2/phap ly CAN XAC NHAN truoc khi dung cho san pham that. Gram tu parse tu van ban nguyen lieu goc, KHONG lay so dinh duong cua ViFoodRec (RULE-1/RULE-2). R2 CAN DUYET gram truoc khi dung cho benh nhan."
VFR-954,Hàu chiên giòn sốt mayonnaise mù tạt,,40.0,pending,"Nguon: ViFoodRec (github.com/QuocAn55/DS300, PACLIC 2024, ViFoodRec food_id=954). CHUA CO LICENSE CHINH THUC tren repo goc (kiem tra 2026-08-09) — CHI dung ten mon + danh sach nguyen lieu (van ban), R2/phap ly CAN XAC NHAN truoc khi dung cho san pham that. Gram tu parse tu van ban nguyen lieu goc, KHONG lay so dinh duong cua ViFoodRec (RULE-1/RULE-2). R2 CAN DUYET gram truoc khi dung cho benh nhan."
VFR-961,Tôm bao mọc chiên giòn,,100.0,pending,"Nguon: ViFoodRec (github.com/QuocAn55/DS300, PACLIC 2024, ViFoodRec food_id=961). CHUA CO LICENSE CHINH THUC tren repo goc (kiem tra 2026-08-09) — CHI dung ten mon + danh sach nguyen lieu (van ban), R2/phap ly CAN XAC NHAN truoc khi dung cho san pham that. Gram tu parse tu van ban nguyen lieu goc, KHONG lay so dinh duong cua ViFoodRec (RULE-1/RULE-2). R2 CAN DUYET gram truoc khi dung cho benh nhan."
VFR-971,Bún xí quách nước tương,,1000.0,pending,"Nguon: ViFoodRec (github.com/QuocAn55/DS300, PACLIC 2024, ViFoodRec food_id=971). CHUA CO LICENSE CHINH THUC tren repo goc (kiem tra 2026-08-09) — CHI dung ten mon + danh sach nguyen lieu (van ban), R2/phap ly CAN XAC NHAN truoc khi dung cho san pham that. Gram tu parse tu van ban nguyen lieu goc, KHONG lay so dinh duong cua ViFoodRec (RULE-1/RULE-2). R2 CAN DUYET gram truoc khi dung cho benh nhan."
VFR-972,Mướp hương xào tim,,300.0,pending,"Nguon: ViFoodRec (github.com/QuocAn55/DS300, PACLIC 2024, ViFoodRec food_id=972). CHUA CO LICENSE CHINH THUC tren repo goc (kiem tra 2026-08-09) — CHI dung ten mon + danh sach nguyen lieu (van ban), R2/phap ly CAN XAC NHAN truoc khi dung cho san pham that. Gram tu parse tu van ban nguyen lieu goc, KHONG lay so dinh duong cua ViFoodRec (RULE-1/RULE-2). R2 CAN DUYET gram truoc khi dung cho benh nhan."
VFR-978,Lẩu nhúng chay,,100.0,pending,"Nguon: ViFoodRec (github.com/QuocAn55/DS300, PACLIC 2024, ViFoodRec food_id=978). CHUA CO LICENSE CHINH THUC tren repo goc (kiem tra 2026-08-09) — CHI dung ten mon + danh sach nguyen lieu (van ban), R2/phap ly CAN XAC NHAN truoc khi dung cho san pham that. Gram tu parse tu van ban nguyen lieu goc, KHONG lay so dinh duong cua ViFoodRec (RULE-1/RULE-2). R2 CAN DUYET gram truoc khi dung cho benh nhan."
VFR-989,Lẩu gà ớt hiểm,,1300.0,pending,"Nguon: ViFoodRec (github.com/QuocAn55/DS300, PACLIC 2024, ViFoodRec food_id=989). CHUA CO LICENSE CHINH THUC tren repo goc (kiem tra 2026-08-09) — CHI dung ten mon + danh sach nguyen lieu (van ban), R2/phap ly CAN XAC NHAN truoc khi dung cho san pham that. Gram tu parse tu van ban nguyen lieu goc, KHONG lay so dinh duong cua ViFoodRec (RULE-1/RULE-2). R2 CAN DUYET gram truoc khi dung cho benh nhan."
VFR-994,Cơm phô mai chiên giòn,,30.0,pending,"Nguon: ViFoodRec (github.com/QuocAn55/DS300, PACLIC 2024, ViFoodRec food_id=994). CHUA CO LICENSE CHINH THUC tren repo goc (kiem tra 2026-08-09) — CHI dung ten mon + danh sach nguyen lieu (van ban), R2/phap ly CAN XAC NHAN truoc khi dung cho san pham that. Gram tu parse tu van ban nguyen lieu goc, KHONG lay so dinh duong cua ViFoodRec (RULE-1/RULE-2). R2 CAN DUYET gram truoc khi dung cho benh nhan."
VFR-1018,Nấm chiên giòn xốt chanh dây,,50.0,pending,"Nguon: ViFoodRec (github.com/QuocAn55/DS300, PACLIC 2024, ViFoodRec food_id=1018). CHUA CO LICENSE CHINH THUC tren repo goc (kiem tra 2026-08-09) — CHI dung ten mon + danh sach nguyen lieu (van ban), R2/phap ly CAN XAC NHAN truoc khi dung cho san pham that. Gram tu parse tu van ban nguyen lieu goc, KHONG lay so dinh duong cua ViFoodRec (RULE-1/RULE-2). R2 CAN DUYET gram truoc khi dung cho benh nhan."
VFR-1020,Lẩu thái cua đồng,,300.0,pending,"Nguon: ViFoodRec (github.com/QuocAn55/DS300, PACLIC 2024, ViFoodRec food_id=1020). CHUA CO LICENSE CHINH THUC tren repo goc (kiem tra 2026-08-09) — CHI dung ten mon + danh sach nguyen lieu (van ban), R2/phap ly CAN XAC NHAN truoc khi dung cho san pham that. Gram tu parse tu van ban nguyen lieu goc, KHONG lay so dinh duong cua ViFoodRec (RULE-1/RULE-2). R2 CAN DUYET gram truoc khi dung cho benh nhan."
VFR-1022,Đuôi heo nướng chao,,500.0,pending,"Nguon: ViFoodRec (github.com/QuocAn55/DS300, PACLIC 2024, ViFoodRec food_id=1022). CHUA CO LICENSE CHINH THUC tren repo goc (kiem tra 2026-08-09) — CHI dung ten mon + danh sach nguyen lieu (van ban), R2/phap ly CAN XAC NHAN truoc khi dung cho san pham that. Gram tu parse tu van ban nguyen lieu goc, KHONG lay so dinh duong cua ViFoodRec (RULE-1/RULE-2). R2 CAN DUYET gram truoc khi dung cho benh nhan."
VFR-1024,Cá hồi chiên sốt chanh,,250.0,pending,"Nguon: ViFoodRec (github.com/QuocAn55/DS300, PACLIC 2024, ViFoodRec food_id=1024). CHUA CO LICENSE CHINH THUC tren repo goc (kiem tra 2026-08-09) — CHI dung ten mon + danh sach nguyen lieu (van ban), R2/phap ly CAN XAC NHAN truoc khi dung cho san pham that. Gram tu parse tu van ban nguyen lieu goc, KHONG lay so dinh duong cua ViFoodRec (RULE-1/RULE-2). R2 CAN DUYET gram truoc khi dung cho benh nhan."
VFR-1030,Gan chiên cháy tỏi,,300.0,pending,"Nguon: ViFoodRec (github.com/QuocAn55/DS300, PACLIC 2024, ViFoodRec food_id=1030). CHUA CO LICENSE CHINH THUC tren repo goc (kiem tra 2026-08-09) — CHI dung ten mon + danh sach nguyen lieu (van ban), R2/phap ly CAN XAC NHAN truoc khi dung cho san pham that. Gram tu parse tu van ban nguyen lieu goc, KHONG lay so dinh duong cua ViFoodRec (RULE-1/RULE-2). R2 CAN DUYET gram truoc khi dung cho benh nhan."
VFR-1034,Cánh gà chiên ngũ cốc,,100.0,pending,"Nguon: ViFoodRec (github.com/QuocAn55/DS300, PACLIC 2024, ViFoodRec food_id=1034). CHUA CO LICENSE CHINH THUC tren repo goc (kiem tra 2026-08-09) — CHI dung ten mon + danh sach nguyen lieu (van ban), R2/phap ly CAN XAC NHAN truoc khi dung cho san pham that. Gram tu parse tu van ban nguyen lieu goc, KHONG lay so dinh duong cua ViFoodRec (RULE-1/RULE-2). R2 CAN DUYET gram truoc khi dung cho benh nhan."
VFR-1046,Bì bún chay,,150.0,pending,"Nguon: ViFoodRec (github.com/QuocAn55/DS300, PACLIC 2024, ViFoodRec food_id=1046). CHUA CO LICENSE CHINH THUC tren repo goc (kiem tra 2026-08-09) — CHI dung ten mon + danh sach nguyen lieu (van ban), R2/phap ly CAN XAC NHAN truoc khi dung cho san pham that. Gram tu parse tu van ban nguyen lieu goc, KHONG lay so dinh duong cua ViFoodRec (RULE-1/RULE-2). R2 CAN DUYET gram truoc khi dung cho benh nhan."
VFR-1050,Thịt giò heo kho củ cải,,500.0,pending,"Nguon: ViFoodRec (github.com/QuocAn55/DS300, PACLIC 2024, ViFoodRec food_id=1050). CHUA CO LICENSE CHINH THUC tren repo goc (kiem tra 2026-08-09) — CHI dung ten mon + danh sach nguyen lieu (van ban), R2/phap ly CAN XAC NHAN truoc khi dung cho san pham that. Gram tu parse tu van ban nguyen lieu goc, KHONG lay so dinh duong cua ViFoodRec (RULE-1/RULE-2). R2 CAN DUYET gram truoc khi dung cho benh nhan."
VFR-1052,Hamburger bí đỏ,,150.0,pending,"Nguon: ViFoodRec (github.com/QuocAn55/DS300, PACLIC 2024, ViFoodRec food_id=1052). CHUA CO LICENSE CHINH THUC tren repo goc (kiem tra 2026-08-09) — CHI dung ten mon + danh sach nguyen lieu (van ban), R2/phap ly CAN XAC NHAN truoc khi dung cho san pham that. Gram tu parse tu van ban nguyen lieu goc, KHONG lay so dinh duong cua ViFoodRec (RULE-1/RULE-2). R2 CAN DUYET gram truoc khi dung cho benh nhan."
VFR-1058,Giò heo hầm tứ quý,,600.0,pending,"Nguon: ViFoodRec (github.com/QuocAn55/DS300, PACLIC 2024, ViFoodRec food_id=1058). CHUA CO LICENSE CHINH THUC tren repo goc (kiem tra 2026-08-09) — CHI dung ten mon + danh sach nguyen lieu (van ban), R2/phap ly CAN XAC NHAN truoc khi dung cho san pham that. Gram tu parse tu van ban nguyen lieu goc, KHONG lay so dinh duong cua ViFoodRec (RULE-1/RULE-2). R2 CAN DUYET gram truoc khi dung cho benh nhan."
VFR-1060,Sườn xóc tỏi,,500.0,pending,"Nguon: ViFoodRec (github.com/QuocAn55/DS300, PACLIC 2024, ViFoodRec food_id=1060). CHUA CO LICENSE CHINH THUC tren repo goc (kiem tra 2026-08-09) — CHI dung ten mon + danh sach nguyen lieu (van ban), R2/phap ly CAN XAC NHAN truoc khi dung cho san pham that. Gram tu parse tu van ban nguyen lieu goc, KHONG lay so dinh duong cua ViFoodRec (RULE-1/RULE-2). R2 CAN DUYET gram truoc khi dung cho benh nhan."
VFR-1063,Vịt nướng nồi đất,,2000.0,pending,"Nguon: ViFoodRec (github.com/QuocAn55/DS300, PACLIC 2024, ViFoodRec food_id=1063). CHUA CO LICENSE CHINH THUC tren repo goc (kiem tra 2026-08-09) — CHI dung ten mon + danh sach nguyen lieu (van ban), R2/phap ly CAN XAC NHAN truoc khi dung cho san pham that. Gram tu parse tu van ban nguyen lieu goc, KHONG lay so dinh duong cua ViFoodRec (RULE-1/RULE-2). R2 CAN DUYET gram truoc khi dung cho benh nhan."
VFR-1066,Cuốn rau rừng thịt khìa chay,,150.0,pending,"Nguon: ViFoodRec (github.com/QuocAn55/DS300, PACLIC 2024, ViFoodRec food_id=1066). CHUA CO LICENSE CHINH THUC tren repo goc (kiem tra 2026-08-09) — CHI dung ten mon + danh sach nguyen lieu (van ban), R2/phap ly CAN XAC NHAN truoc khi dung cho san pham that. Gram tu parse tu van ban nguyen lieu goc, KHONG lay so dinh duong cua ViFoodRec (RULE-1/RULE-2). R2 CAN DUYET gram truoc khi dung cho benh nhan."
VFR-1070,Bánh tráng cuộn rau rừng,,200.0,pending,"Nguon: ViFoodRec (github.com/QuocAn55/DS300, PACLIC 2024, ViFoodRec food_id=1070). CHUA CO LICENSE CHINH THUC tren repo goc (kiem tra 2026-08-09) — CHI dung ten mon + danh sach nguyen lieu (van ban), R2/phap ly CAN XAC NHAN truoc khi dung cho san pham that. Gram tu parse tu van ban nguyen lieu goc, KHONG lay so dinh duong cua ViFoodRec (RULE-1/RULE-2). R2 CAN DUYET gram truoc khi dung cho benh nhan."
VFR-1075,Canh cải cầu vồng nấu cua,,350.0,pending,"Nguon: ViFoodRec (github.com/QuocAn55/DS300, PACLIC 2024, ViFoodRec food_id=1075). CHUA CO LICENSE CHINH THUC tren repo goc (kiem tra 2026-08-09) — CHI dung ten mon + danh sach nguyen lieu (van ban), R2/phap ly CAN XAC NHAN truoc khi dung cho san pham that. Gram tu parse tu van ban nguyen lieu goc, KHONG lay so dinh duong cua ViFoodRec (RULE-1/RULE-2). R2 CAN DUYET gram truoc khi dung cho benh nhan."
VFR-1085,Cá hố kho hành gừng,,350.0,pending,"Nguon: ViFoodRec (github.com/QuocAn55/DS300, PACLIC 2024, ViFoodRec food_id=1085). CHUA CO LICENSE CHINH THUC tren repo goc (kiem tra 2026-08-09) — CHI dung ten mon + danh sach nguyen lieu (van ban), R2/phap ly CAN XAC NHAN truoc khi dung cho san pham that. Gram tu parse tu van ban nguyen lieu goc, KHONG lay so dinh duong cua ViFoodRec (RULE-1/RULE-2). R2 CAN DUYET gram truoc khi dung cho benh nhan."
VFR-1093,Đu đủ trộn gà khìa,,200.0,pending,"Nguon: ViFoodRec (github.com/QuocAn55/DS300, PACLIC 2024, ViFoodRec food_id=1093). CHUA CO LICENSE CHINH THUC tren repo goc (kiem tra 2026-08-09) — CHI dung ten mon + danh sach nguyen lieu (van ban), R2/phap ly CAN XAC NHAN truoc khi dung cho san pham that. Gram tu parse tu van ban nguyen lieu goc, KHONG lay so dinh duong cua ViFoodRec (RULE-1/RULE-2). R2 CAN DUYET gram truoc khi dung cho benh nhan."
VFR-1095,Pancake bắp,,300.0,pending,"Nguon: ViFoodRec (github.com/QuocAn55/DS300, PACLIC 2024, ViFoodRec food_id=1095). CHUA CO LICENSE CHINH THUC tren repo goc (kiem tra 2026-08-09) — CHI dung ten mon + danh sach nguyen lieu (van ban), R2/phap ly CAN XAC NHAN truoc khi dung cho san pham that. Gram tu parse tu van ban nguyen lieu goc, KHONG lay so dinh duong cua ViFoodRec (RULE-1/RULE-2). R2 CAN DUYET gram truoc khi dung cho benh nhan."
VFR-1101,Bánh rau củ chiên giòn,,100.0,pending,"Nguon: ViFoodRec (github.com/QuocAn55/DS300, PACLIC 2024, ViFoodRec food_id=1101). CHUA CO LICENSE CHINH THUC tren repo goc (kiem tra 2026-08-09) — CHI dung ten mon + danh sach nguyen lieu (van ban), R2/phap ly CAN XAC NHAN truoc khi dung cho san pham that. Gram tu parse tu van ban nguyen lieu goc, KHONG lay so dinh duong cua ViFoodRec (RULE-1/RULE-2). R2 CAN DUYET gram truoc khi dung cho benh nhan."
VFR-1105,Nấm xốt tiêu xanh,,30.0,pending,"Nguon: ViFoodRec (github.com/QuocAn55/DS300, PACLIC 2024, ViFoodRec food_id=1105). CHUA CO LICENSE CHINH THUC tren repo goc (kiem tra 2026-08-09) — CHI dung ten mon + danh sach nguyen lieu (van ban), R2/phap ly CAN XAC NHAN truoc khi dung cho san pham that. Gram tu parse tu van ban nguyen lieu goc, KHONG lay so dinh duong cua ViFoodRec (RULE-1/RULE-2). R2 CAN DUYET gram truoc khi dung cho benh nhan."
VFR-1108,Củ sen kẹp chả cá basa,,200.0,pending,"Nguon: ViFoodRec (github.com/QuocAn55/DS300, PACLIC 2024, ViFoodRec food_id=1108). CHUA CO LICENSE CHINH THUC tren repo goc (kiem tra 2026-08-09) — CHI dung ten mon + danh sach nguyen lieu (van ban), R2/phap ly CAN XAC NHAN truoc khi dung cho san pham that. Gram tu parse tu van ban nguyen lieu goc, KHONG lay so dinh duong cua ViFoodRec (RULE-1/RULE-2). R2 CAN DUYET gram truoc khi dung cho benh nhan."
VFR-1109,Cá nướng Pa Pỉnh Tộp,,1000.0,pending,"Nguon: ViFoodRec (github.com/QuocAn55/DS300, PACLIC 2024, ViFoodRec food_id=1109). CHUA CO LICENSE CHINH THUC tren repo goc (kiem tra 2026-08-09) — CHI dung ten mon + danh sach nguyen lieu (van ban), R2/phap ly CAN XAC NHAN truoc khi dung cho san pham that. Gram tu parse tu van ban nguyen lieu goc, KHONG lay so dinh duong cua ViFoodRec (RULE-1/RULE-2). R2 CAN DUYET gram truoc khi dung cho benh nhan."
VFR-1111,Tôm chiên xiên sả trái tim,,50.0,pending,"Nguon: ViFoodRec (github.com/QuocAn55/DS300, PACLIC 2024, ViFoodRec food_id=1111). CHUA CO LICENSE CHINH THUC tren repo goc (kiem tra 2026-08-09) — CHI dung ten mon + danh sach nguyen lieu (van ban), R2/phap ly CAN XAC NHAN truoc khi dung cho san pham that. Gram tu parse tu van ban nguyen lieu goc, KHONG lay so dinh duong cua ViFoodRec (RULE-1/RULE-2). R2 CAN DUYET gram truoc khi dung cho benh nhan."
VFR-1113,Mực nhồi tôm chiên hạnh nhân,,600.0,pending,"Nguon: ViFoodRec (github.com/QuocAn55/DS300, PACLIC 2024, ViFoodRec food_id=1113). CHUA CO LICENSE CHINH THUC tren repo goc (kiem tra 2026-08-09) — CHI dung ten mon + danh sach nguyen lieu (van ban), R2/phap ly CAN XAC NHAN truoc khi dung cho san pham that. Gram tu parse tu van ban nguyen lieu goc, KHONG lay so dinh duong cua ViFoodRec (RULE-1/RULE-2). R2 CAN DUYET gram truoc khi dung cho benh nhan."
VFR-1117,Cá cơm chiên bông hẹ mắm me,,150.0,pending,"Nguon: ViFoodRec (github.com/QuocAn55/DS300, PACLIC 2024, ViFoodRec food_id=1117). CHUA CO LICENSE CHINH THUC tren repo goc (kiem tra 2026-08-09) — CHI dung ten mon + danh sach nguyen lieu (van ban), R2/phap ly CAN XAC NHAN truoc khi dung cho san pham that. Gram tu parse tu van ban nguyen lieu goc, KHONG lay so dinh duong cua ViFoodRec (RULE-1/RULE-2). R2 CAN DUYET gram truoc khi dung cho benh nhan."
VFR-1123,Viên chả mực chiên giòn,,250.0,pending,"Nguon: ViFoodRec (github.com/QuocAn55/DS300, PACLIC 2024, ViFoodRec food_id=1123). CHUA CO LICENSE CHINH THUC tren repo goc (kiem tra 2026-08-09) — CHI dung ten mon + danh sach nguyen lieu (van ban), R2/phap ly CAN XAC NHAN truoc khi dung cho san pham that. Gram tu parse tu van ban nguyen lieu goc, KHONG lay so dinh duong cua ViFoodRec (RULE-1/RULE-2). R2 CAN DUYET gram truoc khi dung cho benh nhan."
VFR-1132,Cơm gà xối mỡ,,30.0,pending,"Nguon: ViFoodRec (github.com/QuocAn55/DS300, PACLIC 2024, ViFoodRec food_id=1132). CHUA CO LICENSE CHINH THUC tren repo goc (kiem tra 2026-08-09) — CHI dung ten mon + danh sach nguyen lieu (van ban), R2/phap ly CAN XAC NHAN truoc khi dung cho san pham that. Gram tu parse tu van ban nguyen lieu goc, KHONG lay so dinh duong cua ViFoodRec (RULE-1/RULE-2). R2 CAN DUYET gram truoc khi dung cho benh nhan."
VFR-1140,Bắp xào trứng muối,,30.0,pending,"Nguon: ViFoodRec (github.com/QuocAn55/DS300, PACLIC 2024, ViFoodRec food_id=1140). CHUA CO LICENSE CHINH THUC tren repo goc (kiem tra 2026-08-09) — CHI dung ten mon + danh sach nguyen lieu (van ban), R2/phap ly CAN XAC NHAN truoc khi dung cho san pham that. Gram tu parse tu van ban nguyen lieu goc, KHONG lay so dinh duong cua ViFoodRec (RULE-1/RULE-2). R2 CAN DUYET gram truoc khi dung cho benh nhan."
VFR-1181,Lươn Hấp Mướp Hương,,615.0,pending,"Nguon: ViFoodRec (github.com/QuocAn55/DS300, PACLIC 2024, ViFoodRec food_id=1181). CHUA CO LICENSE CHINH THUC tren repo goc (kiem tra 2026-08-09) — CHI dung ten mon + danh sach nguyen lieu (van ban), R2/phap ly CAN XAC NHAN truoc khi dung cho san pham that. Gram tu parse tu van ban nguyen lieu goc, KHONG lay so dinh duong cua ViFoodRec (RULE-1/RULE-2). R2 CAN DUYET gram truoc khi dung cho benh nhan."
VFR-1216,Rau Củ Xào Chua Ngọt,,350.0,pending,"Nguon: ViFoodRec (github.com/QuocAn55/DS300, PACLIC 2024, ViFoodRec food_id=1216). CHUA CO LICENSE CHINH THUC tren repo goc (kiem tra 2026-08-09) — CHI dung ten mon + danh sach nguyen lieu (van ban), R2/phap ly CAN XAC NHAN truoc khi dung cho san pham that. Gram tu parse tu van ban nguyen lieu goc, KHONG lay so dinh duong cua ViFoodRec (RULE-1/RULE-2). R2 CAN DUYET gram truoc khi dung cho benh nhan."
VFR-1328,Ruốc Nấm Hương Chay,,200.0,pending,"Nguon: ViFoodRec (github.com/QuocAn55/DS300, PACLIC 2024, ViFoodRec food_id=1328). CHUA CO LICENSE CHINH THUC tren repo goc (kiem tra 2026-08-09) — CHI dung ten mon + danh sach nguyen lieu (van ban), R2/phap ly CAN XAC NHAN truoc khi dung cho san pham that. Gram tu parse tu van ban nguyen lieu goc, KHONG lay so dinh duong cua ViFoodRec (RULE-1/RULE-2). R2 CAN DUYET gram truoc khi dung cho benh nhan."
VFR-1330,Chanh Muối,,2300.0,pending,"Nguon: ViFoodRec (github.com/QuocAn55/DS300, PACLIC 2024, ViFoodRec food_id=1330). CHUA CO LICENSE CHINH THUC tren repo goc (kiem tra 2026-08-09) — CHI dung ten mon + danh sach nguyen lieu (van ban), R2/phap ly CAN XAC NHAN truoc khi dung cho san pham that. Gram tu parse tu van ban nguyen lieu goc, KHONG lay so dinh duong cua ViFoodRec (RULE-1/RULE-2). R2 CAN DUYET gram truoc khi dung cho benh nhan."
VFR-1333,Rau Củ Ngâm Chua Ngọt,,413.0,pending,"Nguon: ViFoodRec (github.com/QuocAn55/DS300, PACLIC 2024, ViFoodRec food_id=1333). CHUA CO LICENSE CHINH THUC tren repo goc (kiem tra 2026-08-09) — CHI dung ten mon + danh sach nguyen lieu (van ban), R2/phap ly CAN XAC NHAN truoc khi dung cho san pham that. Gram tu parse tu van ban nguyen lieu goc, KHONG lay so dinh duong cua ViFoodRec (RULE-1/RULE-2). R2 CAN DUYET gram truoc khi dung cho benh nhan."
VFR-1336,Hạt Điều Ngào Đường,,860.0,pending,"Nguon: ViFoodRec (github.com/QuocAn55/DS300, PACLIC 2024, ViFoodRec food_id=1336). CHUA CO LICENSE CHINH THUC tren repo goc (kiem tra 2026-08-09) — CHI dung ten mon + danh sach nguyen lieu (van ban), R2/phap ly CAN XAC NHAN truoc khi dung cho san pham that. Gram tu parse tu van ban nguyen lieu goc, KHONG lay so dinh duong cua ViFoodRec (RULE-1/RULE-2). R2 CAN DUYET gram truoc khi dung cho benh nhan."
VFR-1442,Cá Pháo Ngâm,,1040.0,pending,"Nguon: ViFoodRec (github.com/QuocAn55/DS300, PACLIC 2024, ViFoodRec food_id=1442). CHUA CO LICENSE CHINH THUC tren repo goc (kiem tra 2026-08-09) — CHI dung ten mon + danh sach nguyen lieu (van ban), R2/phap ly CAN XAC NHAN truoc khi dung cho san pham that. Gram tu parse tu van ban nguyen lieu goc, KHONG lay so dinh duong cua ViFoodRec (RULE-1/RULE-2). R2 CAN DUYET gram truoc khi dung cho benh nhan."
VFR-1531,Mứt Vỏ Chanh Leo,,1000.0,pending,"Nguon: ViFoodRec (github.com/QuocAn55/DS300, PACLIC 2024, ViFoodRec food_id=1531). CHUA CO LICENSE CHINH THUC tren repo goc (kiem tra 2026-08-09) — CHI dung ten mon + danh sach nguyen lieu (van ban), R2/phap ly CAN XAC NHAN truoc khi dung cho san pham that. Gram tu parse tu van ban nguyen lieu goc, KHONG lay so dinh duong cua ViFoodRec (RULE-1/RULE-2). R2 CAN DUYET gram truoc khi dung cho benh nhan."
VFR-1536,Ruốc Chân Nấm Hương,,150.0,pending,"Nguon: ViFoodRec (github.com/QuocAn55/DS300, PACLIC 2024, ViFoodRec food_id=1536). CHUA CO LICENSE CHINH THUC tren repo goc (kiem tra 2026-08-09) — CHI dung ten mon + danh sach nguyen lieu (van ban), R2/phap ly CAN XAC NHAN truoc khi dung cho san pham that. Gram tu parse tu van ban nguyen lieu goc, KHONG lay so dinh duong cua ViFoodRec (RULE-1/RULE-2). R2 CAN DUYET gram truoc khi dung cho benh nhan."
VFR-1544,Cháo Hàu,,400.0,pending,"Nguon: ViFoodRec (github.com/QuocAn55/DS300, PACLIC 2024, ViFoodRec food_id=1544). CHUA CO LICENSE CHINH THUC tren repo goc (kiem tra 2026-08-09) — CHI dung ten mon + danh sach nguyen lieu (van ban), R2/phap ly CAN XAC NHAN truoc khi dung cho san pham that. Gram tu parse tu van ban nguyen lieu goc, KHONG lay so dinh duong cua ViFoodRec (RULE-1/RULE-2). R2 CAN DUYET gram truoc khi dung cho benh nhan."
VFR-1546,Bánh Canh Chả Cá Nha Trang,,500.0,pending,"Nguon: ViFoodRec (github.com/QuocAn55/DS300, PACLIC 2024, ViFoodRec food_id=1546). CHUA CO LICENSE CHINH THUC tren repo goc (kiem tra 2026-08-09) — CHI dung ten mon + danh sach nguyen lieu (van ban), R2/phap ly CAN XAC NHAN truoc khi dung cho san pham that. Gram tu parse tu van ban nguyen lieu goc, KHONG lay so dinh duong cua ViFoodRec (RULE-1/RULE-2). R2 CAN DUYET gram truoc khi dung cho benh nhan."
VFR-1563,Bánh Trung Thu Thập Cẩm Gà Quay,,600.0,pending,"Nguon: ViFoodRec (github.com/QuocAn55/DS300, PACLIC 2024, ViFoodRec food_id=1563). CHUA CO LICENSE CHINH THUC tren repo goc (kiem tra 2026-08-09) — CHI dung ten mon + danh sach nguyen lieu (van ban), R2/phap ly CAN XAC NHAN truoc khi dung cho san pham that. Gram tu parse tu van ban nguyen lieu goc, KHONG lay so dinh duong cua ViFoodRec (RULE-1/RULE-2). R2 CAN DUYET gram truoc khi dung cho benh nhan."
VFR-1588,Hạt Sen Xóc Muối (Rang Muối),,570.0,pending,"Nguon: ViFoodRec (github.com/QuocAn55/DS300, PACLIC 2024, ViFoodRec food_id=1588). CHUA CO LICENSE CHINH THUC tren repo goc (kiem tra 2026-08-09) — CHI dung ten mon + danh sach nguyen lieu (van ban), R2/phap ly CAN XAC NHAN truoc khi dung cho san pham that. Gram tu parse tu van ban nguyen lieu goc, KHONG lay so dinh duong cua ViFoodRec (RULE-1/RULE-2). R2 CAN DUYET gram truoc khi dung cho benh nhan."
VFR-1665,Cá Chẽm Sốt Chanh Dây,,500.0,pending,"Nguon: ViFoodRec (github.com/QuocAn55/DS300, PACLIC 2024, ViFoodRec food_id=1665). CHUA CO LICENSE CHINH THUC tren repo goc (kiem tra 2026-08-09) — CHI dung ten mon + danh sach nguyen lieu (van ban), R2/phap ly CAN XAC NHAN truoc khi dung cho san pham that. Gram tu parse tu van ban nguyen lieu goc, KHONG lay so dinh duong cua ViFoodRec (RULE-1/RULE-2). R2 CAN DUYET gram truoc khi dung cho benh nhan."
VFR-1667,Bún Xào Chay,,1000.0,pending,"Nguon: ViFoodRec (github.com/QuocAn55/DS300, PACLIC 2024, ViFoodRec food_id=1667). CHUA CO LICENSE CHINH THUC tren repo goc (kiem tra 2026-08-09) — CHI dung ten mon + danh sach nguyen lieu (van ban), R2/phap ly CAN XAC NHAN truoc khi dung cho san pham that. Gram tu parse tu van ban nguyen lieu goc, KHONG lay so dinh duong cua ViFoodRec (RULE-1/RULE-2). R2 CAN DUYET gram truoc khi dung cho benh nhan."
VFR-1700,Bò Kho,,1000.0,pending,"Nguon: ViFoodRec (github.com/QuocAn55/DS300, PACLIC 2024, ViFoodRec food_id=1700). CHUA CO LICENSE CHINH THUC tren repo goc (kiem tra 2026-08-09) — CHI dung ten mon + danh sach nguyen lieu (van ban), R2/phap ly CAN XAC NHAN truoc khi dung cho san pham that. Gram tu parse tu van ban nguyen lieu goc, KHONG lay so dinh duong cua ViFoodRec (RULE-1/RULE-2). R2 CAN DUYET gram truoc khi dung cho benh nhan."
VFR-1736,Bánh Canh Chả Cá Nha Trang,,1000.0,pending,"Nguon: ViFoodRec (github.com/QuocAn55/DS300, PACLIC 2024, ViFoodRec food_id=1736). CHUA CO LICENSE CHINH THUC tren repo goc (kiem tra 2026-08-09) — CHI dung ten mon + danh sach nguyen lieu (van ban), R2/phap ly CAN XAC NHAN truoc khi dung cho san pham that. Gram tu parse tu van ban nguyen lieu goc, KHONG lay so dinh duong cua ViFoodRec (RULE-1/RULE-2). R2 CAN DUYET gram truoc khi dung cho benh nhan."
VFR-1740,Cá Hú Kho Trái Bần,,1000.0,pending,"Nguon: ViFoodRec (github.com/QuocAn55/DS300, PACLIC 2024, ViFoodRec food_id=1740). CHUA CO LICENSE CHINH THUC tren repo goc (kiem tra 2026-08-09) — CHI dung ten mon + danh sach nguyen lieu (van ban), R2/phap ly CAN XAC NHAN truoc khi dung cho san pham that. Gram tu parse tu van ban nguyen lieu goc, KHONG lay so dinh duong cua ViFoodRec (RULE-1/RULE-2). R2 CAN DUYET gram truoc khi dung cho benh nhan."
VFR-1798,Thịt Bò Hầm Khoai Tây,,500.0,pending,"Nguon: ViFoodRec (github.com/QuocAn55/DS300, PACLIC 2024, ViFoodRec food_id=1798). CHUA CO LICENSE CHINH THUC tren repo goc (kiem tra 2026-08-09) — CHI dung ten mon + danh sach nguyen lieu (van ban), R2/phap ly CAN XAC NHAN truoc khi dung cho san pham that. Gram tu parse tu van ban nguyen lieu goc, KHONG lay so dinh duong cua ViFoodRec (RULE-1/RULE-2). R2 CAN DUYET gram truoc khi dung cho benh nhan."
VFR-1850,Kem Bơ Cốt Dừa,,1000.0,pending,"Nguon: ViFoodRec (github.com/QuocAn55/DS300, PACLIC 2024, ViFoodRec food_id=1850). CHUA CO LICENSE CHINH THUC tren repo goc (kiem tra 2026-08-09) — CHI dung ten mon + danh sach nguyen lieu (van ban), R2/phap ly CAN XAC NHAN truoc khi dung cho san pham that. Gram tu parse tu van ban nguyen lieu goc, KHONG lay so dinh duong cua ViFoodRec (RULE-1/RULE-2). R2 CAN DUYET gram truoc khi dung cho benh nhan."
VFR-1868,Canh Hẹ Nấu Đậu Hũ,,200.0,pending,"Nguon: ViFoodRec (github.com/QuocAn55/DS300, PACLIC 2024, ViFoodRec food_id=1868). CHUA CO LICENSE CHINH THUC tren repo goc (kiem tra 2026-08-09) — CHI dung ten mon + danh sach nguyen lieu (van ban), R2/phap ly CAN XAC NHAN truoc khi dung cho san pham that. Gram tu parse tu van ban nguyen lieu goc, KHONG lay so dinh duong cua ViFoodRec (RULE-1/RULE-2). R2 CAN DUYET gram truoc khi dung cho benh nhan."
VFR-1872,Cà Tím Sốt Dầu Hào,,500.0,pending,"Nguon: ViFoodRec (github.com/QuocAn55/DS300, PACLIC 2024, ViFoodRec food_id=1872). CHUA CO LICENSE CHINH THUC tren repo goc (kiem tra 2026-08-09) — CHI dung ten mon + danh sach nguyen lieu (van ban), R2/phap ly CAN XAC NHAN truoc khi dung cho san pham that. Gram tu parse tu van ban nguyen lieu goc, KHONG lay so dinh duong cua ViFoodRec (RULE-1/RULE-2). R2 CAN DUYET gram truoc khi dung cho benh nhan."
VFR-1895,Mứt Gừng Tự Làm Tại Nhà,,450.0,pending,"Nguon: ViFoodRec (github.com/QuocAn55/DS300, PACLIC 2024, ViFoodRec food_id=1895). CHUA CO LICENSE CHINH THUC tren repo goc (kiem tra 2026-08-09) — CHI dung ten mon + danh sach nguyen lieu (van ban), R2/phap ly CAN XAC NHAN truoc khi dung cho san pham that. Gram tu parse tu van ban nguyen lieu goc, KHONG lay so dinh duong cua ViFoodRec (RULE-1/RULE-2). R2 CAN DUYET gram truoc khi dung cho benh nhan."
VFR-1911,Đậu Cove Xào Cà Rốt,,208.0,pending,"Nguon: ViFoodRec (github.com/QuocAn55/DS300, PACLIC 2024, ViFoodRec food_id=1911). CHUA CO LICENSE CHINH THUC tren repo goc (kiem tra 2026-08-09) — CHI dung ten mon + danh sach nguyen lieu (van ban), R2/phap ly CAN XAC NHAN truoc khi dung cho san pham that. Gram tu parse tu van ban nguyen lieu goc, KHONG lay so dinh duong cua ViFoodRec (RULE-1/RULE-2). R2 CAN DUYET gram truoc khi dung cho benh nhan."
VFR-1913,Đậu Que Cháy Tỏi,,210.0,pending,"Nguon: ViFoodRec (github.com/QuocAn55/DS300, PACLIC 2024, ViFoodRec food_id=1913). CHUA CO LICENSE CHINH THUC tren repo goc (kiem tra 2026-08-09) — CHI dung ten mon + danh sach nguyen lieu (van ban), R2/phap ly CAN XAC NHAN truoc khi dung cho san pham that. Gram tu parse tu van ban nguyen lieu goc, KHONG lay so dinh duong cua ViFoodRec (RULE-1/RULE-2). R2 CAN DUYET gram truoc khi dung cho benh nhan."
VFR-1924,Cà Rốt Xào Nấm Đông Cô,,111.0,pending,"Nguon: ViFoodRec (github.com/QuocAn55/DS300, PACLIC 2024, ViFoodRec food_id=1924). CHUA CO LICENSE CHINH THUC tren repo goc (kiem tra 2026-08-09) — CHI dung ten mon + danh sach nguyen lieu (van ban), R2/phap ly CAN XAC NHAN truoc khi dung cho san pham that. Gram tu parse tu van ban nguyen lieu goc, KHONG lay so dinh duong cua ViFoodRec (RULE-1/RULE-2). R2 CAN DUYET gram truoc khi dung cho benh nhan."
VFR-1952,Đậu Bắp Xào Tỏi Đơn Giản,,200.0,pending,"Nguon: ViFoodRec (github.com/QuocAn55/DS300, PACLIC 2024, ViFoodRec food_id=1952). CHUA CO LICENSE CHINH THUC tren repo goc (kiem tra 2026-08-09) — CHI dung ten mon + danh sach nguyen lieu (van ban), R2/phap ly CAN XAC NHAN truoc khi dung cho san pham that. Gram tu parse tu van ban nguyen lieu goc, KHONG lay so dinh duong cua ViFoodRec (RULE-1/RULE-2). R2 CAN DUYET gram truoc khi dung cho benh nhan."
VFR-1959,Canh Bí Đậu Nước Cốt Dừa,,925.0,pending,"Nguon: ViFoodRec (github.com/QuocAn55/DS300, PACLIC 2024, ViFoodRec food_id=1959). CHUA CO LICENSE CHINH THUC tren repo goc (kiem tra 2026-08-09) — CHI dung ten mon + danh sach nguyen lieu (van ban), R2/phap ly CAN XAC NHAN truoc khi dung cho san pham that. Gram tu parse tu van ban nguyen lieu goc, KHONG lay so dinh duong cua ViFoodRec (RULE-1/RULE-2). R2 CAN DUYET gram truoc khi dung cho benh nhan."
VFR-1971,Măng Tây Xào Nấm Hương Cà Rốt Baby,,600.0,pending,"Nguon: ViFoodRec (github.com/QuocAn55/DS300, PACLIC 2024, ViFoodRec food_id=1971). CHUA CO LICENSE CHINH THUC tren repo goc (kiem tra 2026-08-09) — CHI dung ten mon + danh sach nguyen lieu (van ban), R2/phap ly CAN XAC NHAN truoc khi dung cho san pham that. Gram tu parse tu van ban nguyen lieu goc, KHONG lay so dinh duong cua ViFoodRec (RULE-1/RULE-2). R2 CAN DUYET gram truoc khi dung cho benh nhan."
VFR-1972,Mứt Gừng Không Cay,,3000.0,pending,"Nguon: ViFoodRec (github.com/QuocAn55/DS300, PACLIC 2024, ViFoodRec food_id=1972). CHUA CO LICENSE CHINH THUC tren repo goc (kiem tra 2026-08-09) — CHI dung ten mon + danh sach nguyen lieu (van ban), R2/phap ly CAN XAC NHAN truoc khi dung cho san pham that. Gram tu parse tu van ban nguyen lieu goc, KHONG lay so dinh duong cua ViFoodRec (RULE-1/RULE-2). R2 CAN DUYET gram truoc khi dung cho benh nhan."
VFR-1995,Nấm Bào Ngư Xào Cải Thìa,,500.0,pending,"Nguon: ViFoodRec (github.com/QuocAn55/DS300, PACLIC 2024, ViFoodRec food_id=1995). CHUA CO LICENSE CHINH THUC tren repo goc (kiem tra 2026-08-09) — CHI dung ten mon + danh sach nguyen lieu (van ban), R2/phap ly CAN XAC NHAN truoc khi dung cho san pham that. Gram tu parse tu van ban nguyen lieu goc, KHONG lay so dinh duong cua ViFoodRec (RULE-1/RULE-2). R2 CAN DUYET gram truoc khi dung cho benh nhan."
VFR-1996,Đậu Hủ Xóc Dầu Hành,,155.0,pending,"Nguon: ViFoodRec (github.com/QuocAn55/DS300, PACLIC 2024, ViFoodRec food_id=1996). CHUA CO LICENSE CHINH THUC tren repo goc (kiem tra 2026-08-09) — CHI dung ten mon + danh sach nguyen lieu (van ban), R2/phap ly CAN XAC NHAN truoc khi dung cho san pham that. Gram tu parse tu van ban nguyen lieu goc, KHONG lay so dinh duong cua ViFoodRec (RULE-1/RULE-2). R2 CAN DUYET gram truoc khi dung cho benh nhan."
VFR-2053,Ngó Sen Xào Đơn Giản,,500.0,pending,"Nguon: ViFoodRec (github.com/QuocAn55/DS300, PACLIC 2024, ViFoodRec food_id=2053). CHUA CO LICENSE CHINH THUC tren repo goc (kiem tra 2026-08-09) — CHI dung ten mon + danh sach nguyen lieu (van ban), R2/phap ly CAN XAC NHAN truoc khi dung cho san pham that. Gram tu parse tu van ban nguyen lieu goc, KHONG lay so dinh duong cua ViFoodRec (RULE-1/RULE-2). R2 CAN DUYET gram truoc khi dung cho benh nhan."
VFR-2073,Nước Màu Truyền Thống,,300.0,pending,"Nguon: ViFoodRec (github.com/QuocAn55/DS300, PACLIC 2024, ViFoodRec food_id=2073). CHUA CO LICENSE CHINH THUC tren repo goc (kiem tra 2026-08-09) — CHI dung ten mon + danh sach nguyen lieu (van ban), R2/phap ly CAN XAC NHAN truoc khi dung cho san pham that. Gram tu parse tu van ban nguyen lieu goc, KHONG lay so dinh duong cua ViFoodRec (RULE-1/RULE-2). R2 CAN DUYET gram truoc khi dung cho benh nhan."
VFR-2082,Cải Thảo Xào Nấm Hương Chay,,220.0,pending,"Nguon: ViFoodRec (github.com/QuocAn55/DS300, PACLIC 2024, ViFoodRec food_id=2082). CHUA CO LICENSE CHINH THUC tren repo goc (kiem tra 2026-08-09) — CHI dung ten mon + danh sach nguyen lieu (van ban), R2/phap ly CAN XAC NHAN truoc khi dung cho san pham that. Gram tu parse tu van ban nguyen lieu goc, KHONG lay so dinh duong cua ViFoodRec (RULE-1/RULE-2). R2 CAN DUYET gram truoc khi dung cho benh nhan."
VFR-2106,Canh Khoai Tây Chay Thập Cẩm,,900.0,pending,"Nguon: ViFoodRec (github.com/QuocAn55/DS300, PACLIC 2024, ViFoodRec food_id=2106). CHUA CO LICENSE CHINH THUC tren repo goc (kiem tra 2026-08-09) — CHI dung ten mon + danh sach nguyen lieu (van ban), R2/phap ly CAN XAC NHAN truoc khi dung cho san pham that. Gram tu parse tu van ban nguyen lieu goc, KHONG lay so dinh duong cua ViFoodRec (RULE-1/RULE-2). R2 CAN DUYET gram truoc khi dung cho benh nhan."
VFR-2114,Tự Làm Muối Ớt Rang,,250.0,pending,"Nguon: ViFoodRec (github.com/QuocAn55/DS300, PACLIC 2024, ViFoodRec food_id=2114). CHUA CO LICENSE CHINH THUC tren repo goc (kiem tra 2026-08-09) — CHI dung ten mon + danh sach nguyen lieu (van ban), R2/phap ly CAN XAC NHAN truoc khi dung cho san pham that. Gram tu parse tu van ban nguyen lieu goc, KHONG lay so dinh duong cua ViFoodRec (RULE-1/RULE-2). R2 CAN DUYET gram truoc khi dung cho benh nhan."
VFR-2175,Kẹo Gừng Thơm Dẻo Ngon,,750.0,pending,"Nguon: ViFoodRec (github.com/QuocAn55/DS300, PACLIC 2024, ViFoodRec food_id=2175). CHUA CO LICENSE CHINH THUC tren repo goc (kiem tra 2026-08-09) — CHI dung ten mon + danh sach nguyen lieu (van ban), R2/phap ly CAN XAC NHAN truoc khi dung cho san pham that. Gram tu parse tu van ban nguyen lieu goc, KHONG lay so dinh duong cua ViFoodRec (RULE-1/RULE-2). R2 CAN DUYET gram truoc khi dung cho benh nhan."
VFR-2178,Đậu Đũa Xào Tỏi Đơn Giản,,510.0,pending,"Nguon: ViFoodRec (github.com/QuocAn55/DS300, PACLIC 2024, ViFoodRec food_id=2178). CHUA CO LICENSE CHINH THUC tren repo goc (kiem tra 2026-08-09) — CHI dung ten mon + danh sach nguyen lieu (van ban), R2/phap ly CAN XAC NHAN truoc khi dung cho san pham that. Gram tu parse tu van ban nguyen lieu goc, KHONG lay so dinh duong cua ViFoodRec (RULE-1/RULE-2). R2 CAN DUYET gram truoc khi dung cho benh nhan."
VFR-2199,Khổ Qua Xào Nấm Mỡ,,400.0,pending,"Nguon: ViFoodRec (github.com/QuocAn55/DS300, PACLIC 2024, ViFoodRec food_id=2199). CHUA CO LICENSE CHINH THUC tren repo goc (kiem tra 2026-08-09) — CHI dung ten mon + danh sach nguyen lieu (van ban), R2/phap ly CAN XAC NHAN truoc khi dung cho san pham that. Gram tu parse tu van ban nguyen lieu goc, KHONG lay so dinh duong cua ViFoodRec (RULE-1/RULE-2). R2 CAN DUYET gram truoc khi dung cho benh nhan."
VFR-2200,Cải Thìa Xào Tỏi,,105.0,pending,"Nguon: ViFoodRec (github.com/QuocAn55/DS300, PACLIC 2024, ViFoodRec food_id=2200). CHUA CO LICENSE CHINH THUC tren repo goc (kiem tra 2026-08-09) — CHI dung ten mon + danh sach nguyen lieu (van ban), R2/phap ly CAN XAC NHAN truoc khi dung cho san pham that. Gram tu parse tu van ban nguyen lieu goc, KHONG lay so dinh duong cua ViFoodRec (RULE-1/RULE-2). R2 CAN DUYET gram truoc khi dung cho benh nhan."
VFR-2204,Cải Thìa Xào Tỏi,,300.0,pending,"Nguon: ViFoodRec (github.com/QuocAn55/DS300, PACLIC 2024, ViFoodRec food_id=2204). CHUA CO LICENSE CHINH THUC tren repo goc (kiem tra 2026-08-09) — CHI dung ten mon + danh sach nguyen lieu (van ban), R2/phap ly CAN XAC NHAN truoc khi dung cho san pham that. Gram tu parse tu van ban nguyen lieu goc, KHONG lay so dinh duong cua ViFoodRec (RULE-1/RULE-2). R2 CAN DUYET gram truoc khi dung cho benh nhan."
VFR-2294,Nước Đậu Xanh Rang,,101.0,pending,"Nguon: ViFoodRec (github.com/QuocAn55/DS300, PACLIC 2024, ViFoodRec food_id=2294). CHUA CO LICENSE CHINH THUC tren repo goc (kiem tra 2026-08-09) — CHI dung ten mon + danh sach nguyen lieu (van ban), R2/phap ly CAN XAC NHAN truoc khi dung cho san pham that. Gram tu parse tu van ban nguyen lieu goc, KHONG lay so dinh duong cua ViFoodRec (RULE-1/RULE-2). R2 CAN DUYET gram truoc khi dung cho benh nhan."
VFR-2295,Củ Cải Muối Xổi Mắm Me,,300.0,pending,"Nguon: ViFoodRec (github.com/QuocAn55/DS300, PACLIC 2024, ViFoodRec food_id=2295). CHUA CO LICENSE CHINH THUC tren repo goc (kiem tra 2026-08-09) — CHI dung ten mon + danh sach nguyen lieu (van ban), R2/phap ly CAN XAC NHAN truoc khi dung cho san pham that. Gram tu parse tu van ban nguyen lieu goc, KHONG lay so dinh duong cua ViFoodRec (RULE-1/RULE-2). R2 CAN DUYET gram truoc khi dung cho benh nhan."
VFR-2309,Chè Bí Đỏ Đậu Đen,,650.0,pending,"Nguon: ViFoodRec (github.com/QuocAn55/DS300, PACLIC 2024, ViFoodRec food_id=2309). CHUA CO LICENSE CHINH THUC tren repo goc (kiem tra 2026-08-09) — CHI dung ten mon + danh sach nguyen lieu (van ban), R2/phap ly CAN XAC NHAN truoc khi dung cho san pham that. Gram tu parse tu van ban nguyen lieu goc, KHONG lay so dinh duong cua ViFoodRec (RULE-1/RULE-2). R2 CAN DUYET gram truoc khi dung cho benh nhan."
VFR-2328,Cháo Nghêu,,1500.0,pending,"Nguon: ViFoodRec (github.com/QuocAn55/DS300, PACLIC 2024, ViFoodRec food_id=2328). CHUA CO LICENSE CHINH THUC tren repo goc (kiem tra 2026-08-09) — CHI dung ten mon + danh sach nguyen lieu (van ban), R2/phap ly CAN XAC NHAN truoc khi dung cho san pham that. Gram tu parse tu van ban nguyen lieu goc, KHONG lay so dinh duong cua ViFoodRec (RULE-1/RULE-2). R2 CAN DUYET gram truoc khi dung cho benh nhan."
VFR-2329,Măng Xào Lá Lốt,,530.0,pending,"Nguon: ViFoodRec (github.com/QuocAn55/DS300, PACLIC 2024, ViFoodRec food_id=2329). CHUA CO LICENSE CHINH THUC tren repo goc (kiem tra 2026-08-09) — CHI dung ten mon + danh sach nguyen lieu (van ban), R2/phap ly CAN XAC NHAN truoc khi dung cho san pham that. Gram tu parse tu van ban nguyen lieu goc, KHONG lay so dinh duong cua ViFoodRec (RULE-1/RULE-2). R2 CAN DUYET gram truoc khi dung cho benh nhan."
VFR-2476,Đậu Bắp Xào Tỏi,,250.0,pending,"Nguon: ViFoodRec (github.com/QuocAn55/DS300, PACLIC 2024, ViFoodRec food_id=2476). CHUA CO LICENSE CHINH THUC tren repo goc (kiem tra 2026-08-09) — CHI dung ten mon + danh sach nguyen lieu (van ban), R2/phap ly CAN XAC NHAN truoc khi dung cho san pham that. Gram tu parse tu van ban nguyen lieu goc, KHONG lay so dinh duong cua ViFoodRec (RULE-1/RULE-2). R2 CAN DUYET gram truoc khi dung cho benh nhan."
VFR-2491,Bánh Bí Đỏ Chiên Giòn,,195.0,pending,"Nguon: ViFoodRec (github.com/QuocAn55/DS300, PACLIC 2024, ViFoodRec food_id=2491). CHUA CO LICENSE CHINH THUC tren repo goc (kiem tra 2026-08-09) — CHI dung ten mon + danh sach nguyen lieu (van ban), R2/phap ly CAN XAC NHAN truoc khi dung cho san pham that. Gram tu parse tu van ban nguyen lieu goc, KHONG lay so dinh duong cua ViFoodRec (RULE-1/RULE-2). R2 CAN DUYET gram truoc khi dung cho benh nhan."
VFR-2504,Bánh Hỏi,,500.0,pending,"Nguon: ViFoodRec (github.com/QuocAn55/DS300, PACLIC 2024, ViFoodRec food_id=2504). CHUA CO LICENSE CHINH THUC tren repo goc (kiem tra 2026-08-09) — CHI dung ten mon + danh sach nguyen lieu (van ban), R2/phap ly CAN XAC NHAN truoc khi dung cho san pham that. Gram tu parse tu van ban nguyen lieu goc, KHONG lay so dinh duong cua ViFoodRec (RULE-1/RULE-2). R2 CAN DUYET gram truoc khi dung cho benh nhan."
VFR-2549,Củ Cải Muối Cho Ngày Tết,,1200.0,pending,"Nguon: ViFoodRec (github.com/QuocAn55/DS300, PACLIC 2024, ViFoodRec food_id=2549). CHUA CO LICENSE CHINH THUC tren repo goc (kiem tra 2026-08-09) — CHI dung ten mon + danh sach nguyen lieu (van ban), R2/phap ly CAN XAC NHAN truoc khi dung cho san pham that. Gram tu parse tu van ban nguyen lieu goc, KHONG lay so dinh duong cua ViFoodRec (RULE-1/RULE-2). R2 CAN DUYET gram truoc khi dung cho benh nhan."
VFR-2621,Mứt Ổi Ngày Tết,,1300.0,pending,"Nguon: ViFoodRec (github.com/QuocAn55/DS300, PACLIC 2024, ViFoodRec food_id=2621). CHUA CO LICENSE CHINH THUC tren repo goc (kiem tra 2026-08-09) — CHI dung ten mon + danh sach nguyen lieu (van ban), R2/phap ly CAN XAC NHAN truoc khi dung cho san pham that. Gram tu parse tu van ban nguyen lieu goc, KHONG lay so dinh duong cua ViFoodRec (RULE-1/RULE-2). R2 CAN DUYET gram truoc khi dung cho benh nhan."
VFR-2640,Mứt Dâu Tây Sấy Dẻo,,1400.0,pending,"Nguon: ViFoodRec (github.com/QuocAn55/DS300, PACLIC 2024, ViFoodRec food_id=2640). CHUA CO LICENSE CHINH THUC tren repo goc (kiem tra 2026-08-09) — CHI dung ten mon + danh sach nguyen lieu (van ban), R2/phap ly CAN XAC NHAN truoc khi dung cho san pham that. Gram tu parse tu van ban nguyen lieu goc, KHONG lay so dinh duong cua ViFoodRec (RULE-1/RULE-2). R2 CAN DUYET gram truoc khi dung cho benh nhan."
VFR-2749,Bánh Mì Việt Nam,,339.0,pending,"Nguon: ViFoodRec (github.com/QuocAn55/DS300, PACLIC 2024, ViFoodRec food_id=2749). CHUA CO LICENSE CHINH THUC tren repo goc (kiem tra 2026-08-09) — CHI dung ten mon + danh sach nguyen lieu (van ban), R2/phap ly CAN XAC NHAN truoc khi dung cho san pham that. Gram tu parse tu van ban nguyen lieu goc, KHONG lay so dinh duong cua ViFoodRec (RULE-1/RULE-2). R2 CAN DUYET gram truoc khi dung cho benh nhan."
VFR-2752,Bún Măng Sườn,,2300.0,pending,"Nguon: ViFoodRec (github.com/QuocAn55/DS300, PACLIC 2024, ViFoodRec food_id=2752). CHUA CO LICENSE CHINH THUC tren repo goc (kiem tra 2026-08-09) — CHI dung ten mon + danh sach nguyen lieu (van ban), R2/phap ly CAN XAC NHAN truoc khi dung cho san pham that. Gram tu parse tu van ban nguyen lieu goc, KHONG lay so dinh duong cua ViFoodRec (RULE-1/RULE-2). R2 CAN DUYET gram truoc khi dung cho benh nhan."
VFR-2786,4 Cách Chế Biến Xúc Xích Deli Sumo,,200.0,pending,"Nguon: ViFoodRec (github.com/QuocAn55/DS300, PACLIC 2024, ViFoodRec food_id=2786). CHUA CO LICENSE CHINH THUC tren repo goc (kiem tra 2026-08-09) — CHI dung ten mon + danh sach nguyen lieu (van ban), R2/phap ly CAN XAC NHAN truoc khi dung cho san pham that. Gram tu parse tu van ban nguyen lieu goc, KHONG lay so dinh duong cua ViFoodRec (RULE-1/RULE-2). R2 CAN DUYET gram truoc khi dung cho benh nhan."
VFR-2790,Gà Xào Chua Ngọt Đơn Giản,,500.0,pending,"Nguon: ViFoodRec (github.com/QuocAn55/DS300, PACLIC 2024, ViFoodRec food_id=2790). CHUA CO LICENSE CHINH THUC tren repo goc (kiem tra 2026-08-09) — CHI dung ten mon + danh sach nguyen lieu (van ban), R2/phap ly CAN XAC NHAN truoc khi dung cho san pham that. Gram tu parse tu van ban nguyen lieu goc, KHONG lay so dinh duong cua ViFoodRec (RULE-1/RULE-2). R2 CAN DUYET gram truoc khi dung cho benh nhan."
VFR-2833,Bí Đỏ Um Khô,,500.0,pending,"Nguon: ViFoodRec (github.com/QuocAn55/DS300, PACLIC 2024, ViFoodRec food_id=2833). CHUA CO LICENSE CHINH THUC tren repo goc (kiem tra 2026-08-09) — CHI dung ten mon + danh sach nguyen lieu (van ban), R2/phap ly CAN XAC NHAN truoc khi dung cho san pham that. Gram tu parse tu van ban nguyen lieu goc, KHONG lay so dinh duong cua ViFoodRec (RULE-1/RULE-2). R2 CAN DUYET gram truoc khi dung cho benh nhan."
VFR-2841,Bánh Khoai Sọ Chiên Giòn Tan,,396.0,pending,"Nguon: ViFoodRec (github.com/QuocAn55/DS300, PACLIC 2024, ViFoodRec food_id=2841). CHUA CO LICENSE CHINH THUC tren repo goc (kiem tra 2026-08-09) — CHI dung ten mon + danh sach nguyen lieu (van ban), R2/phap ly CAN XAC NHAN truoc khi dung cho san pham that. Gram tu parse tu van ban nguyen lieu goc, KHONG lay so dinh duong cua ViFoodRec (RULE-1/RULE-2). R2 CAN DUYET gram truoc khi dung cho benh nhan."
VFR-2858,Bánh Quy Bơ Hình Hoa Cúc,,177.0,pending,"Nguon: ViFoodRec (github.com/QuocAn55/DS300, PACLIC 2024, ViFoodRec food_id=2858). CHUA CO LICENSE CHINH THUC tren repo goc (kiem tra 2026-08-09) — CHI dung ten mon + danh sach nguyen lieu (van ban), R2/phap ly CAN XAC NHAN truoc khi dung cho san pham that. Gram tu parse tu van ban nguyen lieu goc, KHONG lay so dinh duong cua ViFoodRec (RULE-1/RULE-2). R2 CAN DUYET gram truoc khi dung cho benh nhan."
VFR-2863,Nộm Măng,,500.0,pending,"Nguon: ViFoodRec (github.com/QuocAn55/DS300, PACLIC 2024, ViFoodRec food_id=2863). CHUA CO LICENSE CHINH THUC tren repo goc (kiem tra 2026-08-09) — CHI dung ten mon + danh sach nguyen lieu (van ban), R2/phap ly CAN XAC NHAN truoc khi dung cho san pham that. Gram tu parse tu van ban nguyen lieu goc, KHONG lay so dinh duong cua ViFoodRec (RULE-1/RULE-2). R2 CAN DUYET gram truoc khi dung cho benh nhan."
VFR-2899,Muối Tỏi,,150.0,pending,"Nguon: ViFoodRec (github.com/QuocAn55/DS300, PACLIC 2024, ViFoodRec food_id=2899). CHUA CO LICENSE CHINH THUC tren repo goc (kiem tra 2026-08-09) — CHI dung ten mon + danh sach nguyen lieu (van ban), R2/phap ly CAN XAC NHAN truoc khi dung cho san pham that. Gram tu parse tu van ban nguyen lieu goc, KHONG lay so dinh duong cua ViFoodRec (RULE-1/RULE-2). R2 CAN DUYET gram truoc khi dung cho benh nhan."
VFR-2901,Cách Luộc Khoai Lang Không Cần Nước,,1000.0,pending,"Nguon: ViFoodRec (github.com/QuocAn55/DS300, PACLIC 2024, ViFoodRec food_id=2901). CHUA CO LICENSE CHINH THUC tren repo goc (kiem tra 2026-08-09) — CHI dung ten mon + danh sach nguyen lieu (van ban), R2/phap ly CAN XAC NHAN truoc khi dung cho san pham that. Gram tu parse tu van ban nguyen lieu goc, KHONG lay so dinh duong cua ViFoodRec (RULE-1/RULE-2). R2 CAN DUYET gram truoc khi dung cho benh nhan."
VFR-2959,Đào Ngâm Đơn Giản,,300.0,pending,"Nguon: ViFoodRec (github.com/QuocAn55/DS300, PACLIC 2024, ViFoodRec food_id=2959). CHUA CO LICENSE CHINH THUC tren repo goc (kiem tra 2026-08-09) — CHI dung ten mon + danh sach nguyen lieu (van ban), R2/phap ly CAN XAC NHAN truoc khi dung cho san pham that. Gram tu parse tu van ban nguyen lieu goc, KHONG lay so dinh duong cua ViFoodRec (RULE-1/RULE-2). R2 CAN DUYET gram truoc khi dung cho benh nhan."
VFR-2967,Cải Thìa Xào Dầu Hào Thơm Ngon,,500.0,pending,"Nguon: ViFoodRec (github.com/QuocAn55/DS300, PACLIC 2024, ViFoodRec food_id=2967). CHUA CO LICENSE CHINH THUC tren repo goc (kiem tra 2026-08-09) — CHI dung ten mon + danh sach nguyen lieu (van ban), R2/phap ly CAN XAC NHAN truoc khi dung cho san pham that. Gram tu parse tu van ban nguyen lieu goc, KHONG lay so dinh duong cua ViFoodRec (RULE-1/RULE-2). R2 CAN DUYET gram truoc khi dung cho benh nhan."
VFR-3024,Bánh Dẻo Khoai Lang Tím Ngon,,1000.0,pending,"Nguon: ViFoodRec (github.com/QuocAn55/DS300, PACLIC 2024, ViFoodRec food_id=3024). CHUA CO LICENSE CHINH THUC tren repo goc (kiem tra 2026-08-09) — CHI dung ten mon + danh sach nguyen lieu (van ban), R2/phap ly CAN XAC NHAN truoc khi dung cho san pham that. Gram tu parse tu van ban nguyen lieu goc, KHONG lay so dinh duong cua ViFoodRec (RULE-1/RULE-2). R2 CAN DUYET gram truoc khi dung cho benh nhan."
VFR-3025,Bánh Trung Thu Từ Khoai Lang Tím,,600.0,pending,"Nguon: ViFoodRec (github.com/QuocAn55/DS300, PACLIC 2024, ViFoodRec food_id=3025). CHUA CO LICENSE CHINH THUC tren repo goc (kiem tra 2026-08-09) — CHI dung ten mon + danh sach nguyen lieu (van ban), R2/phap ly CAN XAC NHAN truoc khi dung cho san pham that. Gram tu parse tu van ban nguyen lieu goc, KHONG lay so dinh duong cua ViFoodRec (RULE-1/RULE-2). R2 CAN DUYET gram truoc khi dung cho benh nhan."
VFR-3077,Màu Dầu Điều,,250.0,pending,"Nguon: ViFoodRec (github.com/QuocAn55/DS300, PACLIC 2024, ViFoodRec food_id=3077). CHUA CO LICENSE CHINH THUC tren repo goc (kiem tra 2026-08-09) — CHI dung ten mon + danh sach nguyen lieu (van ban), R2/phap ly CAN XAC NHAN truoc khi dung cho san pham that. Gram tu parse tu van ban nguyen lieu goc, KHONG lay so dinh duong cua ViFoodRec (RULE-1/RULE-2). R2 CAN DUYET gram truoc khi dung cho benh nhan."
VFR-3114,Cà Rốt Và Củ Cải Ngâm Chua Ngọt,,700.0,pending,"Nguon: ViFoodRec (github.com/QuocAn55/DS300, PACLIC 2024, ViFoodRec food_id=3114). CHUA CO LICENSE CHINH THUC tren repo goc (kiem tra 2026-08-09) — CHI dung ten mon + danh sach nguyen lieu (van ban), R2/phap ly CAN XAC NHAN truoc khi dung cho san pham that. Gram tu parse tu van ban nguyen lieu goc, KHONG lay so dinh duong cua ViFoodRec (RULE-1/RULE-2). R2 CAN DUYET gram truoc khi dung cho benh nhan."
VFR-3168,Bánh Chưng,,2000.0,pending,"Nguon: ViFoodRec (github.com/QuocAn55/DS300, PACLIC 2024, ViFoodRec food_id=3168). CHUA CO LICENSE CHINH THUC tren repo goc (kiem tra 2026-08-09) — CHI dung ten mon + danh sach nguyen lieu (van ban), R2/phap ly CAN XAC NHAN truoc khi dung cho san pham that. Gram tu parse tu van ban nguyen lieu goc, KHONG lay so dinh duong cua ViFoodRec (RULE-1/RULE-2). R2 CAN DUYET gram truoc khi dung cho benh nhan."
VFR-3211,Mứt Vỏ Trái Bưởi Dẻo,,800.0,pending,"Nguon: ViFoodRec (github.com/QuocAn55/DS300, PACLIC 2024, ViFoodRec food_id=3211). CHUA CO LICENSE CHINH THUC tren repo goc (kiem tra 2026-08-09) — CHI dung ten mon + danh sach nguyen lieu (van ban), R2/phap ly CAN XAC NHAN truoc khi dung cho san pham that. Gram tu parse tu van ban nguyen lieu goc, KHONG lay so dinh duong cua ViFoodRec (RULE-1/RULE-2). R2 CAN DUYET gram truoc khi dung cho benh nhan."
VFR-3264,Bánh Cay Chiên Giòn,,400.0,pending,"Nguon: ViFoodRec (github.com/QuocAn55/DS300, PACLIC 2024, ViFoodRec food_id=3264). CHUA CO LICENSE CHINH THUC tren repo goc (kiem tra 2026-08-09) — CHI dung ten mon + danh sach nguyen lieu (van ban), R2/phap ly CAN XAC NHAN truoc khi dung cho san pham that. Gram tu parse tu van ban nguyen lieu goc, KHONG lay so dinh duong cua ViFoodRec (RULE-1/RULE-2). R2 CAN DUYET gram truoc khi dung cho benh nhan."
VFR-3419,Bánh Bao Sữa Chua,,548.0,pending,"Nguon: ViFoodRec (github.com/QuocAn55/DS300, PACLIC 2024, ViFoodRec food_id=3419). CHUA CO LICENSE CHINH THUC tren repo goc (kiem tra 2026-08-09) — CHI dung ten mon + danh sach nguyen lieu (van ban), R2/phap ly CAN XAC NHAN truoc khi dung cho san pham that. Gram tu parse tu van ban nguyen lieu goc, KHONG lay so dinh duong cua ViFoodRec (RULE-1/RULE-2). R2 CAN DUYET gram truoc khi dung cho benh nhan."
VFR-3439,Bánh Bao Khoai Lang Tím,,580.0,pending,"Nguon: ViFoodRec (github.com/QuocAn55/DS300, PACLIC 2024, ViFoodRec food_id=3439). CHUA CO LICENSE CHINH THUC tren repo goc (kiem tra 2026-08-09) — CHI dung ten mon + danh sach nguyen lieu (van ban), R2/phap ly CAN XAC NHAN truoc khi dung cho san pham that. Gram tu parse tu van ban nguyen lieu goc, KHONG lay so dinh duong cua ViFoodRec (RULE-1/RULE-2). R2 CAN DUYET gram truoc khi dung cho benh nhan."
VFR-3466,Bánh Bao Nhân Đậu Đỏ,,1095.0,pending,"Nguon: ViFoodRec (github.com/QuocAn55/DS300, PACLIC 2024, ViFoodRec food_id=3466). CHUA CO LICENSE CHINH THUC tren repo goc (kiem tra 2026-08-09) — CHI dung ten mon + danh sach nguyen lieu (van ban), R2/phap ly CAN XAC NHAN truoc khi dung cho san pham that. Gram tu parse tu van ban nguyen lieu goc, KHONG lay so dinh duong cua ViFoodRec (RULE-1/RULE-2). R2 CAN DUYET gram truoc khi dung cho benh nhan."
VFR-3485,Bánh Bao Bí Đỏ Hấp Nhân Đậu Đỏ,,1080.0,pending,"Nguon: ViFoodRec (github.com/QuocAn55/DS300, PACLIC 2024, ViFoodRec food_id=3485). CHUA CO LICENSE CHINH THUC tren repo goc (kiem tra 2026-08-09) — CHI dung ten mon + danh sach nguyen lieu (van ban), R2/phap ly CAN XAC NHAN truoc khi dung cho san pham that. Gram tu parse tu van ban nguyen lieu goc, KHONG lay so dinh duong cua ViFoodRec (RULE-1/RULE-2). R2 CAN DUYET gram truoc khi dung cho benh nhan."
VFR-3488,Chả Lụa Chay,,1000.0,pending,"Nguon: ViFoodRec (github.com/QuocAn55/DS300, PACLIC 2024, ViFoodRec food_id=3488). CHUA CO LICENSE CHINH THUC tren repo goc (kiem tra 2026-08-09) — CHI dung ten mon + danh sach nguyen lieu (van ban), R2/phap ly CAN XAC NHAN truoc khi dung cho san pham that. Gram tu parse tu van ban nguyen lieu goc, KHONG lay so dinh duong cua ViFoodRec (RULE-1/RULE-2). R2 CAN DUYET gram truoc khi dung cho benh nhan."
VFR-3528,Xôi Bắp Chiên Chà Bông Mỡ Hành,,2000.0,pending,"Nguon: ViFoodRec (github.com/QuocAn55/DS300, PACLIC 2024, ViFoodRec food_id=3528). CHUA CO LICENSE CHINH THUC tren repo goc (kiem tra 2026-08-09) — CHI dung ten mon + danh sach nguyen lieu (van ban), R2/phap ly CAN XAC NHAN truoc khi dung cho san pham that. Gram tu parse tu van ban nguyen lieu goc, KHONG lay so dinh duong cua ViFoodRec (RULE-1/RULE-2). R2 CAN DUYET gram truoc khi dung cho benh nhan."
VFR-3532,Bún Cá Ngừ,,1620.0,pending,"Nguon: ViFoodRec (github.com/QuocAn55/DS300, PACLIC 2024, ViFoodRec food_id=3532). CHUA CO LICENSE CHINH THUC tren repo goc (kiem tra 2026-08-09) — CHI dung ten mon + danh sach nguyen lieu (van ban), R2/phap ly CAN XAC NHAN truoc khi dung cho san pham that. Gram tu parse tu van ban nguyen lieu goc, KHONG lay so dinh duong cua ViFoodRec (RULE-1/RULE-2). R2 CAN DUYET gram truoc khi dung cho benh nhan."
VFR-3594,Siro Chanh Dây,,50.0,pending,"Nguon: ViFoodRec (github.com/QuocAn55/DS300, PACLIC 2024, ViFoodRec food_id=3594). CHUA CO LICENSE CHINH THUC tren repo goc (kiem tra 2026-08-09) — CHI dung ten mon + danh sach nguyen lieu (van ban), R2/phap ly CAN XAC NHAN truoc khi dung cho san pham that. Gram tu parse tu van ban nguyen lieu goc, KHONG lay so dinh duong cua ViFoodRec (RULE-1/RULE-2). R2 CAN DUYET gram truoc khi dung cho benh nhan."
VFR-3597,Khoai Lang Sấy Dẻo,,2000.0,pending,"Nguon: ViFoodRec (github.com/QuocAn55/DS300, PACLIC 2024, ViFoodRec food_id=3597). CHUA CO LICENSE CHINH THUC tren repo goc (kiem tra 2026-08-09) — CHI dung ten mon + danh sach nguyen lieu (van ban), R2/phap ly CAN XAC NHAN truoc khi dung cho san pham that. Gram tu parse tu van ban nguyen lieu goc, KHONG lay so dinh duong cua ViFoodRec (RULE-1/RULE-2). R2 CAN DUYET gram truoc khi dung cho benh nhan."
VFR-3666,Mứt Gừng,,1300.0,pending,"Nguon: ViFoodRec (github.com/QuocAn55/DS300, PACLIC 2024, ViFoodRec food_id=3666). CHUA CO LICENSE CHINH THUC tren repo goc (kiem tra 2026-08-09) — CHI dung ten mon + danh sach nguyen lieu (van ban), R2/phap ly CAN XAC NHAN truoc khi dung cho san pham that. Gram tu parse tu van ban nguyen lieu goc, KHONG lay so dinh duong cua ViFoodRec (RULE-1/RULE-2). R2 CAN DUYET gram truoc khi dung cho benh nhan."
VFR-3699,Rau Bí Xào Tỏi,,300.0,pending,"Nguon: ViFoodRec (github.com/QuocAn55/DS300, PACLIC 2024, ViFoodRec food_id=3699). CHUA CO LICENSE CHINH THUC tren repo goc (kiem tra 2026-08-09) — CHI dung ten mon + danh sach nguyen lieu (van ban), R2/phap ly CAN XAC NHAN truoc khi dung cho san pham that. Gram tu parse tu van ban nguyen lieu goc, KHONG lay so dinh duong cua ViFoodRec (RULE-1/RULE-2). R2 CAN DUYET gram truoc khi dung cho benh nhan."
VFR-3724,Rau Muống Xào Nghêu,,500.0,pending,"Nguon: ViFoodRec (github.com/QuocAn55/DS300, PACLIC 2024, ViFoodRec food_id=3724). CHUA CO LICENSE CHINH THUC tren repo goc (kiem tra 2026-08-09) — CHI dung ten mon + danh sach nguyen lieu (van ban), R2/phap ly CAN XAC NHAN truoc khi dung cho san pham that. Gram tu parse tu van ban nguyen lieu goc, KHONG lay so dinh duong cua ViFoodRec (RULE-1/RULE-2). R2 CAN DUYET gram truoc khi dung cho benh nhan."
VFR-3795,Mứt Dâu Tây,,1700.0,pending,"Nguon: ViFoodRec (github.com/QuocAn55/DS300, PACLIC 2024, ViFoodRec food_id=3795). CHUA CO LICENSE CHINH THUC tren repo goc (kiem tra 2026-08-09) — CHI dung ten mon + danh sach nguyen lieu (van ban), R2/phap ly CAN XAC NHAN truoc khi dung cho san pham that. Gram tu parse tu van ban nguyen lieu goc, KHONG lay so dinh duong cua ViFoodRec (RULE-1/RULE-2). R2 CAN DUYET gram truoc khi dung cho benh nhan."
VFR-3823,Thạch Rau Câu Viên Bi,,380.0,pending,"Nguon: ViFoodRec (github.com/QuocAn55/DS300, PACLIC 2024, ViFoodRec food_id=3823). CHUA CO LICENSE CHINH THUC tren repo goc (kiem tra 2026-08-09) — CHI dung ten mon + danh sach nguyen lieu (van ban), R2/phap ly CAN XAC NHAN truoc khi dung cho san pham that. Gram tu parse tu van ban nguyen lieu goc, KHONG lay so dinh duong cua ViFoodRec (RULE-1/RULE-2). R2 CAN DUYET gram truoc khi dung cho benh nhan."
VFR-3865,Bánh Mì,,313.0,pending,"Nguon: ViFoodRec (github.com/QuocAn55/DS300, PACLIC 2024, ViFoodRec food_id=3865). CHUA CO LICENSE CHINH THUC tren repo goc (kiem tra 2026-08-09) — CHI dung ten mon + danh sach nguyen lieu (van ban), R2/phap ly CAN XAC NHAN truoc khi dung cho san pham that. Gram tu parse tu van ban nguyen lieu goc, KHONG lay so dinh duong cua ViFoodRec (RULE-1/RULE-2). R2 CAN DUYET gram truoc khi dung cho benh nhan."
VFR-3971,Bánh Khoai Lang,,450.0,pending,"Nguon: ViFoodRec (github.com/QuocAn55/DS300, PACLIC 2024, ViFoodRec food_id=3971). CHUA CO LICENSE CHINH THUC tren repo goc (kiem tra 2026-08-09) — CHI dung ten mon + danh sach nguyen lieu (van ban), R2/phap ly CAN XAC NHAN truoc khi dung cho san pham that. Gram tu parse tu van ban nguyen lieu goc, KHONG lay so dinh duong cua ViFoodRec (RULE-1/RULE-2). R2 CAN DUYET gram truoc khi dung cho benh nhan."
