vifoodrec_food_id,name_vi,reason,detail
0,Mực ống hấp củ đậu,unparsed_main_ingredient,Gốc ngò: 5 cây
1,Chả giò ngũ vị,unparsed_main_ingredient,Da bò bía tươi 20 muỗngiếng; Lòng đỏ trứng vịt muối 2 cái; Trứng gà 2 quả; Cọng cần cắt nhuyễn 2 muỗng
2,Canh ba màu,unparsed_main_ingredient,Đậu hũ non : 1 hộp
3,Tàu hủ ky chiên xả ớt,unparsed_main_ingredient,Chao trắng: 1 hũ; Bột mì: ½ chén
4,Gỏi ngó sen tôm thịt,unparsed_main_ingredient,Cần tàu 5 nhánh; Đậu phộng rang; Rau răm
5,Bánh tráng cuốn xốt Mayo,unparsed_main_ingredient,Bánh tráng vuông 10 cái; Xoài keo 1 quả; Trứng cút luộc bóc vỏ 10 quả; Mỡ hành 1/2 chén
6,Ốc hương xào củ dừa,unparsed_main_ingredient,"Cần tàu: 1/2 chén; RAU NÊM: Hành tỏi băm, ớt sừng cắt sợi"
7,Cơm hến trộn,low_food_id_cover,"cover=0.00 thieu: Cơm nguội 2 chén, Thịt hến  , Bạc hà 1 cây, Khế 1 quả, Hoa chuối bào 30g, Giá sống 100g"
8,Ếch kho măng lá quế,unparsed_main_ingredient,Nghệ tươi: 1 muỗng; Nước dừa tươi : 1 chén; Dầu điều : 1 muỗng
10,Lẩu riêu bắp bò,unparsed_main_ingredient,RAU NÊM: Hành lá
11,Bánh rán hương mùa hè,unparsed_main_ingredient,Vỏ chanh mài: 1 muỗng; Xoài: 1/2 trái; Nho: 5 trái; Dâu: 5 trái
12,Măng trúc kho ruốc Huế,unparsed_main_ingredient,Mắm ruốc Huế 1 muỗng; Sả băm 1 muỗng; Nước dừa tươi 1 chén
13,Đậu hũ xốt nấm,unparsed_main_ingredient,"Đậu hũ chiên: 2 muỗngiếng; Bột năng pha loãng: 1 muỗng, Bơ lạt, dầu ăn, dầu mè, Boaro, ớt, Bột ngọt AJI-NO-MOTO, Nước tương Phú Sĩ"
14,Bánh giò trứng cút,unparsed_main_ingredient,"Dụng cụ: Khuôn bánh giò, Bột ngọt AJI-NO-MOTO, Hạt nêm Aji-ngon Heo"
16,Chả lụa kho trứng cút,unparsed_main_ingredient,Su hào: 1 củ; Trứng cút: 10 cái; Sả: 2 cây
18,Canh sườn nha đam,unparsed_main_ingredient,RAU NÊM: hành ngò
19,Cháo hàu sữa đậu xanh,unparsed_main_ingredient,Nước dùng 2 lít; rau răm; gừng băm
20,Lươn nướng lá dứa,unparsed_main_ingredient,Nghệ băm 1 muỗng; Nước nghệ 1 muỗng; Lá dứa 2 cây; sả
21,Rau củ kho mía,unparsed_main_ingredient,ngu vị hương; nước dừa tươi; nước màu dừa
22,Lươn kho củ nén,unparsed_main_ingredient,RAU NÊM: Ngò gai
23,Thịt bê xào cải rổ,unparsed_main_ingredient,Cà rốt 1/3 củ; mù tạt vàng
25,Lẩu ốc thả,unparsed_main_ingredient,"Rau ăn lẩu: rau muống cọng, hoa chuối bào, kèo nèo, nấm kim châm, bún, Đường, muối, tiêu, nước mắm, dầu ăn, Bột ngọt AJI-NO-MOTO, Hạt nêm Aji-ngon Heo, Giấm gạo lên men Ajinomoto"
26,Canh thơm cá ngừ,unparsed_main_ingredient,Thơm 1/4 trái; Cà chua 2 trái; Sả cây; dầu điều
27,Tôm kho tàu,unparsed_main_ingredient,"Dừa tươi: 1 trai, Chanh, hành lá, tỏi băm, Dầu ăn, dầu điều, Đường, muối, tiêu, nước mắm, Hạt nêm Aji-ngon Heo"
28,Canh gà hạt lựu,unparsed_main_ingredient,Cà rốt 1/2 củ
29,Mì ý xốt nấm,unparsed_main_ingredient,"Rượu vang trắng: 1 muỗng, Tỏi băm nhuyễn, ớt cắt sợi, Dầu OLIU, tiêu xay, Nước tương Phú Sĩ, Xốt Mayonnaise Aji-mayo Vị Nguyên Bản, Hạt nêm Aji-ngon Heo"
30,Súp óc heo tóc tiên,unparsed_main_ingredient,RAU NÊM: Ngò rí
32,Giò heo hon,unparsed_main_ingredient,"Giò heo trước căt khoanh: 1/2 cái; Nước dừa nước hoặc xiêm: 0, 5 lít; Quế cây: 1 cây 6cm; Tai vị: 1/2 tai"
33,Trứng ốp la ớt chuông,no_metric_qty,khong co nguyen lieu nao ghi don vi g/kg/ml/l parse duoc
34,Bánh ít trần,unparsed_main_ingredient,Nấm mèo: 3 tai
35,Canh ba rọi cuộn nấm,unparsed_main_ingredient,Bí ngòi 1 trái; Cà rốt 1/2 củ
36,Trà sữa hoa đậu biếc,no_metric_qty,khong co nguyen lieu nao ghi don vi g/kg/ml/l parse duoc
37,Váng đậu cuộn rau củ chiên,unparsed_main_ingredient,"Làm hồ bột năng: pha 1 muỗng bột năng với 1/2 chén nước, đun sôi hỗn hợp này sẽ có hồ bột năng., Bột ngọt AJI-NO-MOTO, Hạt nêm Aji-ngon Nấm, Nước tương Phú Sĩ"
38,Bún giò heo nấu giấm,unparsed_main_ingredient,"Cà chua: 2 trái; Cải trắng: 1 củ; Cà rốt: 1 củ, Hành tím băm, hành ngò, rau xà lách, rau thơm, giá, Tiêu, đường, màu dầu điều, Bột ngọt AJI-NO-MOTO, Hạt nêm Aji-ngon Heo, Giấm gạo lên men Ajinomoto"
39,Mì xào giòn chay,unparsed_main_ingredient,Mì chiên giòn: 1 khoanh; Nấm đông cô khô: 3 tai; Nấm mèo: 3 tai; Cà chua: 1 trái
40,Lẩu cháo chim cút hạt sen,unparsed_main_ingredient,Chim cút: 3 con
41,Pancake khoai lang mật ong,unparsed_main_ingredient,"RAU NÊM: húng lủi; Dụng cụ: túi tam giác bắt kem, Bột bánh rán pha sẵn vị truyền thống"
42,Cá chiên xốt nấm,unparsed_main_ingredient,RAU NÊM: Xà lách xoong
43,Bí ngòi hấp chả chay,unparsed_main_ingredient,RAU NÊM: Ngò rí
45,Má heo nướng táo,unparsed_main_ingredient,Nước táo hộp: 200 muỗngl; Tương cà Heinz: 2 muỗng; Bột ớt Hàn Quốc: 1 muỗng; Sữa đặc có đường: 1 muỗng
46,Mì Quảng xào lươn,unparsed_main_ingredient,Bột nghệ 1 muỗng; Bánh đa nướng 1 cái; Củ nén; đậu phộng rang giã dập
47,Mít non kho nấm,unparsed_main_ingredient,Boaro: 1 cây; Đậu hũ trắng: 1 muỗngiếng; Sả băm: 1 muỗng
48,Rau củ kho chay,unparsed_main_ingredient,"Thơm: 1/4 trái; Cà rốt: 1/3 củ; Poa-rô: 1 khúc, Dầu ăn, đường, Hạt nêm Aji-ngon Nấm, Bột ngọt AJI-NO-MOTO, Nước tương Phú Sĩ"
49,Hủ tíu chay,unparsed_main_ingredient,"Cải thảo: 4 lá; Cà rốt: 1 củ Hành; boaro: 1/2 cây; Cần tàu: 2 cọng, Giá"
50,Cá cuộn tôm trứng cút,unparsed_main_ingredient,Trứng cút 20 quả; Xà lách; Xốt Mayonnaise Aji-mayo Vị Nguyên Bản
52,Chả bắp,unparsed_main_ingredient,"Dừa tươi: 1/3 chén; Kiệu chua: 3 củ; Bột năng: 1 muỗng, Đậu phộng rang, mè rang, Muối, tiêu, đường, dầu ăn, Xốt tương LISA, Bột ngọt AJI-NO-MOTO, Giấm gạo lên men Ajinomoto"
53,Mỳ Ý xốt kem,unparsed_main_ingredient,Kem tươi 100 muỗngl; rượu vang trắng; dầu olive; Xốt Mayonnaise Aji-mayo Vị Nguyên Bản
54,Gà chiên xốt táo,unparsed_main_ingredient,"Nước táo hộp : 200 muỗngl; Táo cắt hạt lựu : 1 trái; Nước tỏi : 2 muỗng, Nước bột năng, Dầu ăn, tiêu, tương ớt, dầu điều, xà lách, Hạt nêm Aji-ngon Gà"
55,Heo kho tàu,unparsed_main_ingredient,Nước dừa xiêm: 1 quả; Trứng gà: 4 quả
56,Gà cuộn cải bó xôi đút lò,unparsed_main_ingredient,"Cà rốt : 1/2 củ, Hỗn hợp lá thơm khô của Ý, Sữa tươi, kem sữa béo, Tiêu, nước bột năng, dầu ăn, Hạt nêm Aji-ngon Heo, Bột ngọt AJI-NO-MOTO, Xốt Mayonnaise Aji-mayo Vị Nguyên Bản"
57,Thăn heo chiên giòn rau quế,low_food_id_cover,"cover=0.00 thieu: Thịt thăn ngoại  , Rau quế 20 lá"
58,Đậu bắp nhồi chiên giòn,unparsed_main_ingredient,Đậu bắp: 10 trái; Nước cốt chanh dây: 1 muỗng
59,Sườn nấu đậu ngự,unparsed_main_ingredient,Dừa tươi: 1 quả; Bột mì: 1 muỗng; RAU NÊM: Ngỏ rí
60,Sụn gà rang lá cà ri cay,unparsed_main_ingredient,Lá cà ri tươi: 3 nhánh
61,Ngọc mực xóc tỏi,low_food_id_cover,"cover=0.43 thieu: Ngọc mực còn gọi là răng mực, Tỏi củ nhỏ đập dập"
62,Pancake sầu riêng,unparsed_main_ingredient,Lá dứa: 2 lá; Bột năng: 2 muỗng
63,Súp bát trân chay,low_food_id_cover,cover=0.00 thieu: Nước dùng rau củ
65,Cơm chiên chay,unparsed_main_ingredient,Cơm: 2 tô; Củ sắn: 1/3 củ; Cà rốt: 1/2 củ; Nấm mèo: 2 tai
66,Lẩu nấm đầu cá hồi,unparsed_main_ingredient,"Rau ăn kèm: bún tươi, xà lách búp cắt sợi, giá, ngò gai, rau thơm, nước mắm ớt..., Bột ngọt AJI-NO-MOTO, Hạt nêm Aji-ngon Heo"
67,Cơm chiên cá mặn,unparsed_main_ingredient,Cơm trắng: 3 chén; Xà lách: 1 búp; Trứng vịt: 2 cái; gừng cắt lát: 2 muỗng
68,Bánh quẩy nhồi chả tôm,unparsed_main_ingredient,Bánh quẩy lớn: 2 cặp; Lòng trắng trứng gà: 1 quả; Nước cốt chanh: 1 muỗng
69,Canh tôm chua cay,unparsed_main_ingredient,Thơm: 1/4 trai; Ca chua chin đo: 2 qua; Hanh tây: 1/2 cu; Toi băm: 2 muỗng
70,Cơm gà,unparsed_main_ingredient,"Gà ta : 1/2 con; Bột nghệ : 1/4 muỗng; Cà rốt : 1/4 củ; Đầu hành băm : 1/2 muỗng, Hành phi, ớt hiểm, Muối, đường, dầu ăn, gừng đập dập, Hạt nêm Aji-ngon Heo, Giấm gạo lên men Ajinomoto, Bột ngọt AJI-NO-MOTO, Nước tương Phú Sĩ"
71,Khai vị đầu xuân,unparsed_main_ingredient,"Sandwich: 4 muỗngiếng; Trứng vịt bắc thảo: 2 quả; Thịt nguội: 4 lát; Xà lách xanh: 4 lá, Xốt Mayonnaise Aji-mayo Vị Nguyên Bản"
72,Cơm gạo lức chiên nghêu,unparsed_main_ingredient,"Trứng vịt muối luộc : 1 quả, Tỏi băm Hành, ngò Đường, dầu ăn, tiêu, Bột ngọt AJI-NO-MOTO, Nước tương Phú Sĩ, Hạt nêm Aji-ngon Heo"
73,Cá trắm kho riềng,unparsed_main_ingredient,Riềng bắc non: 2 củ nhỏ
74,Trứng chiên ngải cứu,unparsed_main_ingredient,"Trang trí: dưa leo, cà chua bi, Hạt nêm Aji-ngon Heo, Xốt Mayonnaise Aji-mayo Vị Nguyên Bản"
75,Cá thu nhật kho me,unparsed_main_ingredient,"Nước cốt me : 1/2 chén; Dừa xiêm : 1 trái, Hành, tỏi băm, Gừng cắt sợi, Tiêu, đường, dầu màu điều, nước mắm, dầu ăn, Bột ngọt AJI-NO-MOTO"
76,Nấm tuyết xào hải sâm,unparsed_main_ingredient,"Nấm tuyết : 1 cái vừa; Nước dừa: 1 chén, Hạt nêm Aji-ngon Nấm, Nước tương Phú Sĩ"
77,Mề gà kho thơm,unparsed_main_ingredient,Thơm chín 1/4 quả; Nước dừa 1 chén; rau răm; rượu trắng
78,Bánh muffin chuối socola,unparsed_main_ingredient,"Trứng gà: 2 quả; Chuối già hương: 2 trái 1 trái cắt lát, phần còn lại cắt nhỏ, vắt 1/2 muỗng nước cốt chanh vào; Bột quế: 1/3 muỗng"
79,Súp trân châu,unparsed_main_ingredient,Trứng gà: 2 quả; Bột năng: 5 muỗng
80,Bún gạo xào mayo,unparsed_main_ingredient,RAU NÊM: Ngò rí
81,Lẩu chem chép tía tô,unparsed_main_ingredient,"Nấm mèo cắt nhỏ : 1 muỗng; Cà chua : 2 trái; Rau tía tô : 1 chén, Hành, tỏi băm, Gừng băm, sả cây đập dập, Bún, Nấm bào ngư, Đậu hũ chiên, Bông súng, rau muống, rau nhút, Đường, tiêu, dầu ăn, Bột ngọt AJI-NO-MOTO, Gia vị nêm sẵn Aji-Quick Lẩu Thái"
82,Salad đậu cay,unparsed_main_ingredient,Đậu hũ chiên 1 muỗngiếng; Poa rô cắt khúc 3cm; Rau quế; Xốt Mayonnaise Aji-mayo Vị Nguyên Bản
83,Salad cải mầm tôm chiên,unparsed_main_ingredient,Vỏ chanh mài: 1 muỗng
85,Gà quay xốt kem nấm,unparsed_main_ingredient,Gà ta 1/2 con; Kem tươi 2 chén; Sữa tươi không đường 1 chén; Nước hành tỏi xay 3 muỗng
87,Pancake Custard Trứng,unparsed_main_ingredient,RAU NÊM: húng lủi
89,Viên xôi chiên,unparsed_main_ingredient,Nước cốt dừa 100 muỗngl; Bánh tráng tròn nhỏ 8 cái; bột năng; Xốt mận hoặc tương xí muội
90,Củ hũ dừa xào ba chỉ,unparsed_main_ingredient,"RAU NÊM: hành tím băm, ngò và rau quế cắt khúc"
91,Pancake chuối xúc xích,unparsed_main_ingredient,Chuối cau 4 quả; Tinh dầu chuối 1/6 muỗng; Tương cà 1 chai; Bột bánh rán pha sẵn vị truyền thống
92,Salad cam tình yêu,unparsed_main_ingredient,Bắp cải tím: 1/3 bắp; Cam Mỹ: 1 trái
95,Đậu cove xào ba rọi xông khói,unparsed_main_ingredient,Trứng vịt 1 quả; Cà rốt 1/2 củ; rượu trắng
96,Ếch om tỏi,unparsed_main_ingredient,Ếch nguyên con làm sạch; Sả: 1 cây; Dầu màu điều: 1 muỗng; Nước dừa tươi: 1 chén
97,Nicoise salad (Salad trứng cá ngừ),unparsed_main_ingredient,Cá ngừ hộp 1 hộp; Xà lách búp 1 búp; Cà chua 1 quả; Khoai tây luộc 1 củ
98,Cá hồi xốt cà ri me,unparsed_main_ingredient,Cà tím 1/2 quả; Đậu bắp 5 trái; Cà chua 1 quả; Lá cà ri tươi 10 lá
99,Gà nướng chảo,no_metric_qty,khong co nguyen lieu nao ghi don vi g/kg/ml/l parse duoc
100,Cuốn chả tôm,unparsed_main_ingredient,Đậu que : 4 cọng; Bánh tráng vuông : 1 gói; Ngó sen ngâm chua : 3 cọng; Nước cốt chanh : 1 muỗng
101,Cuốn lá lốt thịt ếch,unparsed_main_ingredient,RAU NÊM: Mỡ hẹ
103,Sườn nấu cá mòi,unparsed_main_ingredient,Cá mòi 1 hộp; Cà chua 1 quả; Cà paste 2 muỗng
104,Cá nướng cà ri,unparsed_main_ingredient,"Bột Cari: 1 muỗng, Bột ngọt AJI-NO-MOTO"
105,Lẩu đuôi heo tiêu xanh,unparsed_main_ingredient,Đuôi heo : 1 cái; Cà rốt : ½ củ; Mướp : 1 trái
106,Bún bì căn,unparsed_main_ingredient,Mì căn 3 cây; Nấm hương khô 10 tai; sả băm; dưa leo
107,Chả đùm dê,unparsed_main_ingredient,"RAU NÊM: Rau om, ngò gai, ớt lát"
108,Hoành thánh chay,unparsed_main_ingredient,Lá hoành thánh : 20 muỗngiếng; Củ năng: 3 củ; Nấm mèo: 1 tai vừa; Nấm hương: 5 tai
109,Sườn non om chuối,unparsed_main_ingredient,Đậu hũ chiên 1 muỗngiếng; Cà chua 3 trái; Chuối xanh 3 trái; Mắm tôm 1 muỗng
110,Canh chua tôm cà ri,unparsed_main_ingredient,Trang trí: ngò rí
111,Đùi gà chiên cay,unparsed_main_ingredient,Sữa tươi không đường: 1 chén; Lá húng lủi to để chiên: 1 chén
112,Đậu hũ hấp nấm Nhật,unparsed_main_ingredient,"Đậu hũ non: 1 muỗngiếng; Tương hột: 1, 5 muỗng, Nấm linh chi nâu; Nấm Nhật Nấm đông cô bông: 5 cái; Sả: 2 cây"
114,Lươn nướng sả,no_metric_qty,khong co nguyen lieu nao ghi don vi g/kg/ml/l parse duoc
115,Lẩu cá dìa,no_metric_qty,khong co nguyen lieu nao ghi don vi g/kg/ml/l parse duoc
116,Gan kho tộ,unparsed_main_ingredient,"RAU NÊM: rau răm, ớt sợi"
117,Canh chua hải sản,unparsed_main_ingredient,Sả cây 2 cây; Riềng 1 củ nhỏ; Nghệ 1 củ nhỏ; Nước cốt dừa 5 muỗng
118,Cá hồi chiên mắm dừa,unparsed_main_ingredient,Nước dừa 1 chén cơm; Nước chanh 2 muỗng; Cong ngò băm nhỏ 1/2 muỗng; Hung quê
119,Salad cá hồi húng quế,unparsed_main_ingredient,Cà chua 1 trái; Xốt Tasbaco 1 muỗng; Dầu tỏi phi 1 muỗng; Nước cốt chanh 1 muỗng
120,Mực xào hoa trứng,unparsed_main_ingredient,Trứng muối 3 quả; Trứng gà 1 quả; bột mì; mau dâu điêu
121,Bao tử cá kho tiêu,unparsed_main_ingredient,"Trang trí: Ớt cắt sợi, ngò rí"
122,Lẩu cá bớp,unparsed_main_ingredient,Cà chua 1 trái; Hoa chuối; Sả cây 3 cây; Rau om
123,Canh cá chim dưa muối,unparsed_main_ingredient,"Cà chua: 1 trái; RAU NÊM: Húng quế, rau om, cần tàu, hành lá, ớt sừng, tỏi phi"
124,Cá lăng kho củ nén,unparsed_main_ingredient,Thơm: 1/4 trái; Nước dừa tươi: 1/2 chén; Củ nén đập dập: 2 muỗng
125,Bánh xếp,low_food_id_cover,"cover=0.00 thieu: Vỏ bánh, Nhân bánh"
127,Lẩu bò chua cay,unparsed_main_ingredient,Nước dùng bò 2 lít; Tàu hủ ky chiên 2 lá; Quế; Chao 8 viên
128,Cá hường chiên sả nghệ,no_metric_qty,khong co nguyen lieu nao ghi don vi g/kg/ml/l parse duoc
129,Sườn và đậu hũ kho thơm,unparsed_main_ingredient,Thơm 1/4 trái; Nước dừa tươi 2 chén; dầu màu điều
130,Miến đậu xanh xào thập cẩm,unparsed_main_ingredient,Đậu hũ chiên 1 muỗngiếng; Nghệ tươi 1 củ; bột nghệ
132,Cháo tôm nếp cẩm,unparsed_main_ingredient,Nước dùng: 1 lít
133,Cơm chiên cá mặn chay,unparsed_main_ingredient,Cơm : 3 chén
134,Salad rau củ trộn xốt mayonnaise,unparsed_main_ingredient,Cà rốt: 1 củ; Khoai tây: 2 củ; Thịt nguội: 1 lát
135,Ốc giác xào bông hành,unparsed_main_ingredient,Cà chua: 1 trái
137,Cá chim chiên xốt thơm,low_food_id_cover,"cover=0.30 thieu: Cá chim chọn con nhỏ, Nấm linh chi trắng"
138,Đậu hũ chiên sả ớt,no_metric_qty,khong co nguyen lieu nao ghi don vi g/kg/ml/l parse duoc
139,Nấm đùi gà kho măng tây,unparsed_main_ingredient,Đậu hũ chiên 1 muỗngiếng; Thơm 1/4 trái; Nước dừa tươi 1 chén; Boa-rô băm để riêng gốc và lá
140,Xáo lòng,unparsed_main_ingredient,Bánh tráng nướng 1 cái; Rau húng lũi
141,Ốc giác xào cải thìa,unparsed_main_ingredient,Ốc giác : 2 con
142,Gà tiềm hạt sen,unparsed_main_ingredient,Đùi gà 1 cái.; Bọng gà 1 cái.; Cà rốt 1/2 củ.; Củ năng 6 củ.
144,Cà ri gà,unparsed_main_ingredient,Đùi gà: 6 cái; Khoai lang: 2 củ; Cà ri bột: 1 muỗng; Cà ri dầu: 1 muỗng
145,Cá dứa một nắng chua ngọt,unparsed_main_ingredient,Lá dứa: 2 lá; Gừng lát: 2 lát
146,Chả tôm chiên lá trà xanh,low_food_id_cover,"cover=0.44 thieu: Lá trà xanh non, Giò sống"
147,Chả khoai hấp,unparsed_main_ingredient,Trứng gà: 1 quả
148,Thịt gà kho rau răm,unparsed_main_ingredient,- Dừa xiêm: 1 trái
149,Khoai chiên lắc mayo mè lá quế,unparsed_main_ingredient,Sữa chua không đường: 1 muỗng; Sữa đặc: 1 muỗng
150,Canh ghẹ củ sen chua cay,unparsed_main_ingredient,"Thơm: 1/4 trái; Củ thì là: 1/2 củ, Hành lá; thì là: 1 nắm; RAU NÊM: Ớt sừng, ớt hiểm xanh đỏ"
151,Trứng đúc nấm rơm,unparsed_main_ingredient,Bún tàu ngâm nở: 1 lọn nhỏ; Trứng vịt: 3 quả
154,Salad mì Udon cá hồi,unparsed_main_ingredient,Cà chua 1 quả; Bắp mỹ 1/4 trái; Rau húng lũi; Mât ong
157,Bún củ hủ dừa lá chanh,unparsed_main_ingredient,Đậu hũ chiên 1/2 muỗngiếng; Nấm đùi gà 1 cái nhỏ; Lá chanh Bắc; he căt nho
158,Lẩu cà ri nhúng,unparsed_main_ingredient,Nước dùng: 1 lít
159,Sườn chiên xốt mận,unparsed_main_ingredient,Gừng băm: 1 muỗng; Gừng nhỏ: 1 nhánh; Xốt mận: 3 muỗng
160,Salad bắp nướng,unparsed_main_ingredient,Bắp Mỹ 1 trái; Bơ chín 1/2 quả; bơ mặn; dầu oliu
161,Cá trứng chiên giòn,unparsed_main_ingredient,"Bột chiên giòn AjiQuick: 1 gói, Rau húng lủi"
164,Cá trứng ngâm giấm,unparsed_main_ingredient,Cà rốt : 1 củ
165,Bò kho chay,unparsed_main_ingredient,Đậu hũ trắng; chiên vàng: 1 muỗngiếng; Nước dừa tươi: 700 muỗngl; Cà paste: 2 muỗng
166,Bánh cuốn chay,unparsed_main_ingredient,"Nấm mèo: 3 muỗng; Nấm hương: 2 muỗng; Nước dừa tươi: 1 chén; Boa rô còn lá xanh: 1 cây, Ớt hiểm băm, kiệu chua, chanh, ngò rí, Muối, đường, tiêu, dầu ăn, Hạt nêm Aji-ngon Nấm, Nước tương Phú Sĩ, Bột ngọt AJI-NO-MOTO"
167,Chả giò chuối,unparsed_main_ingredient,Chuối già : 2 trái; Trứng gà : 2 quả; Bánh tráng pía : 10 lá
168,Gan bò áp chảo,unparsed_main_ingredient,"Rượu vang đỏ: 2 muỗng; Sữa tươi không đường: 2 muỗng, Xà lách, cà chua, Tiêu, dầu ăn, bơ, Hạt nêm Aji-ngon Heo"
169,Lẩu cá ngát kim chi,unparsed_main_ingredient,"Nước dừa tươi : 1 trái; Sả cây : 4 cây; Rau ăn kèm: Cọng súng, bắp chuối bào, kèo nèo, bông hẹ, bông so đũa Đậu hũ trắng, bún, Muối, đường, nước mắm, sa tế, dầu ăn, Bột ngọt AJI-NO-MOTO, Giấm gạo lên men Ajinomoto"
170,Bánh há cảo,unparsed_main_ingredient,Nấm hương; Đậu hũ 1/2 muỗngiêng; Bắp trái mỹ 1/2 trai; Rau răm
171,Mít kho tương,unparsed_main_ingredient,Đậu hũ chiên: 1 muỗngiếng; Dừa tươi: 1 trái; Hanh boaro: 2 cây
172,Dồi trường xào chua cay,unparsed_main_ingredient,Thơm 1/4 trái; Cần tây 2 nhánh; Dưa leo 1 trái; Gừng cắt quả trám 2 muỗng
173,Thịt kho khổ qua tây,unparsed_main_ingredient,Khổ qua tây : 2 trái
176,Bò tiềm trái dừa,unparsed_main_ingredient,Dừa xiêm 2 trái trái to; chặt nắp đường kính 6cm; giữ nắp; Táo tàu đỏ 4 quả
177,Tôm chiên dừa,unparsed_main_ingredient,"Dừa rám : 1/2 trái, Mứt phúc bồn tử, Nước bột năng, Muối, dầu ăn"
178,Cật xào khoai tây,unparsed_main_ingredient,RAU NÊM: Ngò rí
179,Salad đậu hũ chiên,unparsed_main_ingredient,RAU NÊM: Tỏi phi
181,Cá hồi xông khói cuộn cơm,unparsed_main_ingredient,Cơm gạo Nhật cơm dẻo: 2/3 chén; Rong biển chiên cắt sợi: 4 muỗng; Thì là: 4 cây
182,Nui xào bò,unparsed_main_ingredient,"Trứng gà: 4 quả; Cải ngọt: 1 cây, Ngò rí, gừng, tỏi, Bột năng, xốt cà chua hộp, Rượu ngũ vị, Tiêu, dầu ăn, tương ớt, Hạt nêm Aji-ngon Heo, Nước tương Phú Sĩ"
183,Nấm nấu thả,low_food_id_cover,"cover=0.22 thieu: Má đùi gà, Tôm đất, Giò sống, Xương sườn gà, Bắp non nhỏ"
184,Sake chiên giòn 2 vị,unparsed_main_ingredient,Bánh phồng tôm chiên: 4 cái
185,Cá lăng kho cà bi,unparsed_main_ingredient,Dừa tươi 1 trái
186,Nấm bào ngư xào sả ớt,unparsed_main_ingredient,"Nấm bào ngư:; Thơm: 1/4 trái; Nghệ tươi: 1 củ, Lá boaro"
187,Cuốn thịt ram mắm tép,unparsed_main_ingredient,Dưa kiệu: 5 củ
188,Chả mai cua lá lốt,unparsed_main_ingredient,Cua biển: 4 con vừa; Lá lốt: 1 chén; Trứng gà ta: 2 quả 1 quả; Bún tàu: 1 muỗng
189,Bún chùm ngây xào hải sản,unparsed_main_ingredient,gừng
190,Canh thịt bò cải xoong,low_food_id_cover,cover=0.67 thieu: Thịt bò
191,Mực xáo nước cốt dừa,unparsed_main_ingredient,Nước cốt dừa 1 chén; bột nghệ; dầu ớt sa tế
192,Gỏi dưa leo khô cá,unparsed_main_ingredient,Chao: 3-5 viên; Bánh phồng tôm: 1 gói
193,Canh gà quay tam sắc,unparsed_main_ingredient,"Gừng: 1 củ nhỏ; RAU NÊM: Rau om, ngò gai"
194,Cá cơm chiên giòn,unparsed_main_ingredient,Cải bẹ xanh to chỉ lấy lá: 2 cây; Nước tỏi: 1 muỗng; Nước chanh: 1 muỗng
195,Sườn non ram mè,unparsed_main_ingredient,Nước dừa tươi 1 chén; Nước cốt chanh; nước cốt hành tỏi
196,Gỏi bưởi chay,unparsed_main_ingredient,Bưởi 1 trái; Tàu hũ ky lá 2 muỗngiếng cỡ bàn tay; Cần tàu 1 cây; Boa-rô phi 1/2 chén
197,Trứng hấp hàu rong biển,unparsed_main_ingredient,Trứng gà ta: 6 quả; Thanh cua: 5 cây; RAU NÊM: Đầu hành lá bào
199,Pancake jambon trứng cút,unparsed_main_ingredient,Bột pancake phô mai: 1 gói; Trứng cút: 3 quả
200,Phở xào,unparsed_main_ingredient,Cà rốt ½ củ; Nước bột năng 1 muỗng; Nước dung 1 chén; Gừng xắt sợi
201,Bắp bò xào xốt tiêu xanh,unparsed_main_ingredient,Thơm chín 1/4 trái; Cọng cần tây bào vỏ 2 nhánh; dầu điều
202,Ếch xào lá lốt,low_food_id_cover,"cover=0.04 thieu: Thịt ếch, Nghệ cắt lát, Củ nén"
203,Canh gân bò cải chua,unparsed_main_ingredient,"Cà chua chín: 2 trái; Gừng giã: 1 muỗng; Rượu trắng: 1 muỗng, Dầu ăn, đường, nước mắm; Trang trí: Ngò gai, ớt cắt lát"
204,Jambon cuộn thanh cua,unparsed_main_ingredient,Jambon lát: 4 lá; Gốc hành lá băm: 1 muỗng; Thanh cua: 16 cây
205,Sườn chay rim mật ong,unparsed_main_ingredient,Mật ong: 2/3 muỗng; Nước dừa tươi: 1 chén
207,Canh cá rô nấu cải bẹ xanh,low_food_id_cover,cover=0.43 thieu: Cá rô mề
208,Viên xôi bọc thịt,unparsed_main_ingredient,"Cà rốt xắt sợi nhuyễn : ½ củ; Lòng trắng trứng : 1 muỗng, Hành tím băm, Muối, tiêu, đường, tương ớt, Bột ngọt AJI-NO-MOTO, Gia vị nêm sẵn Aji-Quick Bột tẩm khô chiên giòn, Nước tương Phú Sĩ"
209,Gỏi rau má tai heo,unparsed_main_ingredient,"Tai heo: 1 cái; RAU NÊM: rau răm, tỏi phi"
210,Sườn ram mặn,unparsed_main_ingredient,"Cà chua: 1 quả; Dưa leo: 1 quả, Hành lá, ớt sừng, Hành tím băm, tỏi băm, Dầu ăn, nước mắm, Đường, tiêu, muối, Hạt nêm Aji-ngon Heo"
211,Bạch tuộc lắc cóc non sa tế cay,unparsed_main_ingredient,Gừng: 1 củ nhỏ; Tắc: 5 trái
212,Thăn heo cuộn cải hấp,unparsed_main_ingredient,Trứng gà ta : 1 quả; Cà rốt : 1 củ; Lá cải xanh : 10 lá; RAU NÊM: Hành lá
213,Tôm càng kho trứng muối,no_metric_qty,khong co nguyen lieu nao ghi don vi g/kg/ml/l parse duoc
215,Sườn non xốt giấm đỏ,unparsed_main_ingredient,Gừng: 1 củ nhỏ
216,Gà nướng cỏ xạ hương,unparsed_main_ingredient,Má đùi gà rút xương: 4 muỗngiếng; Cỏ xạ hương tươi thyme: 8 nhánh; Dầu olive: 4 muỗng; Mật ong: 1 muỗng
217,Gnocchi khoai tây xào bò,unparsed_main_ingredient,Cà chua chín mọng 2 quả; Bột năng 1 muỗng; Lá quế tây; bơ lạt
218,Chả cá chiên cốm,unparsed_main_ingredient,Trứng gà 2 quả; Bột mì 1/2 chén; Cọng ngò rí băm 1 muỗng; Cọng cần tây băm 1 muỗng
221,Miến xào chay,unparsed_main_ingredient,"Nấm mèo trắng: 5 tai; Cần tây: 1 bẹ; Poa-rô: 1 cây; Cải bẹ xanh: 1 cây, Ớt sừng, Tiêu sọ xay, dầu ăn, dầu mè, Hạt nêm Aji-ngon Nấm, Nước tương Phú Sĩ"
222,Tôm càng hấp xốt mayonnaise xoài,unparsed_main_ingredient,"Tôm càng : 4 con; RAU NÊM: Rau húng lủi, Xốt Mayonnaise Aji-mayo Vị Nguyên Bản"
223,Gà nướng nấm linh chi,unparsed_main_ingredient,Cà rốt: 1/2 củ; Cần tây: 2 cọng
224,Lẩu gà chua cay,unparsed_main_ingredient,Sả cây: 2 cây; Cà chua: 2 trái; RAU NÊM: Thì là
225,Bún thịt nướng,low_food_id_cover,cover=0.75 thieu: Thịt nạc dăm
226,Pancake nhân dừa,unparsed_main_ingredient,RAU NÊM: húng lủi
229,Canh dưa hường tôm viên,low_food_id_cover,"cover=0.25 thieu: Giò sống, Dưa hường"
230,Miến xào nghêu tay cầm,unparsed_main_ingredient,"Cải thảo : 2 lá; Cà rốt : 1/3 củ; Lá quế : 2 nhánh, Đầu hành lá, ớt sừng cắt sợi, hành, tỏi băm, Nước mắm, tiêu, đường, dầu ăn, Bột ngọt AJI-NO-MOTO, Hạt nêm Aji-ngon Heo"
231,Bánh rán xúc xích bắp vàng,no_metric_qty,khong co nguyen lieu nao ghi don vi g/kg/ml/l parse duoc
232,Brulee trà sữa,no_metric_qty,khong co nguyen lieu nao ghi don vi g/kg/ml/l parse duoc
233,Nấm chiên xốt tôm,unparsed_main_ingredient,Nấm bào ngư chọn nấm to; Gừng băm : 1/2 muỗng; Rượu nếp : 1 muỗng; Trứng gà : 2 quả
234,Bí xanh tiềm tứ hải,unparsed_main_ingredient,Bí xanh 1 quả.; Bọng gà 1 cái.; Cà rốt; gừng
235,Súp khoai bắp tôm,unparsed_main_ingredient,"RAU NÊM: Ngò rí, Hạt nêm Aji-ngon Gà"
236,Bao tử khìa nước sá xị,unparsed_main_ingredient,"RAU NÊM: Hành lá, ngò rí, ớt sừng, salad, cà chua, dưa leo"
237,Bánh rán kẹp pate thịt xông khói,unparsed_main_ingredient,"RAU NÊM: Húng lủi, tắc, Xốt Mayonnaise Aji-mayo Vị Nguyên Bản, Bột bánh rán pha sẵn vị truyền thống"
239,Bò viên chay xào thập cẩm,unparsed_main_ingredient,"Cà chua: 1 trái; Dưa leo: 1 trái; Thơm: 1/4 trái; Cần tàu: 2 cây, Muối, tiêu, đường, dầu hào chay, dầu ăn, Hành boarô, Bột ngọt AJI-NO-MOTO, Nước tương Phú Sĩ"
240,Lẩu ghẹ kim chi,unparsed_main_ingredient,"Củ cải trắng: 1 củ nhỏ, Rau tần ô, hành boaro, củ cải trắng; Tàu hũ non: 1 muỗngiếng, Muối, tiêu, đường, nước mắm, Nước tương Phú Sĩ, Hạt nêm Aji-ngon Heo"
241,Bò nhúng giấm,unparsed_main_ingredient,"Dừa xiêm tươi: 1 trái; Sả: 4 cây; Mắm nêm: 1/8 chén; Thơm: ½ trái, Tỏi, ớt băm, Bánh tráng, bún, dưa leo, xà lách, rau thơm, khế, chuối chát, Đường, muối, dầu ăn, Bột ngọt AJI-NO-MOTO, Giấm gạo lên men Ajinomoto"
242,Thịt kho củ kiệu,low_food_id_cover,"cover=0.00 thieu: Thịt nạc dăm, Củ kiệu ngâm chua"
244,Phở xào chua ngọt,low_food_id_cover,"cover=0.32 thieu: Bánh phở khô, Mực lá, giã nhỏ, Nước me"
247,Hải sâm xào rau củ,unparsed_main_ingredient,"Gừng nhỏ: 2 củ, Tiêu, muối, dầu hào, rượu trắng, dầu ăn, Ngò rí, Hạt nêm Aji-ngon Heo, Nước tương Phú Sĩ, Hạt nêm Aji-ngon Gà"
249,Đà điểu lúc lắc,low_food_id_cover,cover=0.00 thieu: Đà điểu
252,Lẩu bò sa tế,unparsed_main_ingredient,Cà chua : 2 trái; Mì trứng : 5 vắt; Sả : 5 cây; Sa tế tôm : 2 muỗng
253,Salad thanh long chanh dây,unparsed_main_ingredient,RAU NÊM: Húng lủi
254,Gỏi sò lông,unparsed_main_ingredient,Sả băm; nước cốt tắc; húng quế
255,Gà luộc xôi gấc,unparsed_main_ingredient,Gà ta thả vườn: 1 con; Trái gấc chín: 1 quả; Rượu nếp: 10 muỗngl; Gừng lát: 2 lát
256,Cá điêu hồng nướng riềng mẻ,unparsed_main_ingredient,"Mắm tôm: 2 muỗng; RAU NÊM: Thì là, hành hoa đầu to, ngò rí, ớt sừng cắt sợi."
257,Chả giò chay,unparsed_main_ingredient,Nấm rơm; Tàu hũ ky : 1/2 lá; Boaro : 1 cọng; Bánh tráng gạo : 1 gói
258,Cá lưỡi trâu chiên giòn,unparsed_main_ingredient,Thi la 3 cong
259,Cơm gạo lức trộn rau củ,unparsed_main_ingredient,"Gạo lức: 2 chén; Cơm gạo lức sấy giòn: 1/2 chén; Đậu hũ: 1 muỗngiếng; Boa-rô băm: 1 cây, Rau húng quế cắt nhỏ, ớt hiểm cắt lát, Ớt bột, mè rang, tiêu, đường, Dầu mè, dầu ăn, sữa tươi không đường ½ chén, Nước tương Phú Sĩ, Hạt nêm Aji-ngon Nấm"
261,Bánh cốm patê chả lụa,unparsed_main_ingredient,"Sandwich: 8 muỗngiếng; Trứng gà: 2 quả, Tương ớt, Xốt Mayonnaise LISA"
262,Canh chua bông thiên lý,unparsed_main_ingredient,RAU NÊM: Hành ngò
263,Ốc xào,unparsed_main_ingredient,"Cây sả: 3 cây; Lá chanh: 10 lá, Ớt sừng, ớt hiểm, Muối hột, dầu ăn, Bột ngọt AJI-NO-MOTO, Giấm gạo lên men Ajinomoto"
264,Bánh khoai môn đút lò,unparsed_main_ingredient,Trứng gà 1 quả; Bột xù; Xốt Mayonnaise Aji-mayo Vị Nguyên Bản
265,Cánh gà ngâm sả tắc,no_metric_qty,khong co nguyen lieu nao ghi don vi g/kg/ml/l parse duoc
266,Gỏi xoài tôm sả,unparsed_main_ingredient,Xoài Thái: 1 quả; Sả băm: 1 muỗng; Cây sả 15cm chuốt nhỏ que diêm: 10 cây
267,Gỏi gà nướng trái dừa,unparsed_main_ingredient,"RAU NÊM: Húng lủi, hành phi, dầu hành phi"
268,Cuốn tàu hũ ky xốt tiêu,unparsed_main_ingredient,Tàu hũ ky lá 2 muỗngiếng; Đậu hũ trắng 1 muỗngiếng; Gừng xay nhuyễn 1 muỗng; Nước dừa tươi 1 trái
269,Vịt om tương me,unparsed_main_ingredient,Vịt ta khoảng 1.5kg: 1/2 con; Tương hột: 1/2 chén; Nước cốt me đặc: 1/2 chén; Nước dừa tươi : 1 trái
270,Đùi ếch xé phay,unparsed_main_ingredient,Khế chua 2 trái; Chuối chát 2 trái; sả băm; Dưa kiệu cắt sợi
271,Chả tôm xiên que nướng mè,unparsed_main_ingredient,"Cà chua bi: 6 trái; Lòng trắng trứng gà ta: 1 muỗng; Mỡ gáy luộc chín cắt nhỏ: 1 muỗng; Dụng cụ: 12 que xiên, Bột ngọt AJI-NO-MOTO, Xốt Mayonnaise Aji-mayo Vị Nguyên Bản"
272,Bánh cóng,unparsed_main_ingredient,"Rau ăn kèm: xà lách, cải bẹ xanh, rau thơm các loại., Hạt nêm Aji-ngon Heo, Giấm gạo lên men Ajinomoto, Bột ngọt AJI-NO-MOTO"
273,Đậu hũ nhồi tôm chiên,unparsed_main_ingredient,"RAU NÊM: Hành lá, ngò rí"
274,Pancake trứng khuấy,unparsed_main_ingredient,"Trứng gà: 2 trứng; Phô mai lát: 2 lát Cheddar sliced màu vàng cam; Chuối đà lạt: 1 trái; RAU NÊM: lá húng lủi, Bột bánh rán pha sẵn bữa sáng dinh dưỡng"
275,Canape cá hồi trái bơ,unparsed_main_ingredient,Bánh mì baguette: 3 ổ; Bơ chín: 1/2 trái; Ô liu đen: 5 quả; Cà chua bi: 5 trái
276,Gỏi sứa khoai môn,unparsed_main_ingredient,Hanh tây 1 cu nho; Ơt sưng 2 trái; nước cốt chanh; đương
277,Súp nấm cua,unparsed_main_ingredient,"Trứng gà: 3 quả, Nấm đông cô tươi, nấm linh chi, Nấm rơm, nấm kim châm, Tiêu, dầu mè, muối, Bột năng, ngò rí, ớt, Hạt nêm Aji-ngon Heo, Nước tương Phú Sĩ"
278,Lẩu vịt tía tô,unparsed_main_ingredient,Vịt làm sạch: 1/2 con; Tàu hũ ki lá loại để chiên: 1 lá vuông 25cm2; Gừng cắt sợi: 1 muỗng; Chao trắng: 2 muỗng
279,Vịt kho chanh muối,unparsed_main_ingredient,"RAU NÊM: Hành ngò, Dầu điều, tương ớt, Bột ngọt AJI-NO-MOTO, Nước tương Phú Sĩ"
280,Thịt bò kho quế,unparsed_main_ingredient,Sả : 3 cây; Nước dừa tươi : 1 chén
281,Tôm nướng lá chuối,unparsed_main_ingredient,"Cọng ngò rí cắt nhỏ : 2 muỗng; Sả băm : 2 muỗng; Lá chanh Bắc : 2 muỗng; Dầu điều : 2 muỗng, Xà lách xoong, Lá chuối, giấy bạc, Dầu ăn, nước mắm, dầu hào, tương ớt, đường thốt nốt, Hạt nêm Aji-ngon Heo"
282,Kem vị trà Matcha Blendy,unparsed_main_ingredient,"Hạnh nhân lát: 1 muỗng; Bánh quế socola: 4 thanh, Blendy Trà Matcha Sữa"
284,Lẩu kim chi chân gà,unparsed_main_ingredient,Cà chua bi: 12 trái; Sả cây: 3 cây
285,Cá hồi cuộn bơ chiên giòn,unparsed_main_ingredient,"Bơ sáp chín vừa: 1 trái; Bánh tráng dẻo: 6 cái, Dầu ăn, muối, tiêu, nước cốt chanh, tương ớt"
286,Cá đối kho thơm,unparsed_main_ingredient,Thơm: 1/4 trái; Dừa xiêm: 1 trái
287,Bánh rán hamburger,unparsed_main_ingredient,"RAU NÊM: Ngò rí, Xốt Mayonnaise Aji-mayo Vị Nguyên Bản, Bột bánh rán pha sẵn vị truyền thống"
288,Canh thính đu đủ,unparsed_main_ingredient,Thính gạo 1.5 muỗng; Sả cây giã nhỏ 1 cây; Húng quế Tiêu; bột nghệ
290,Tôm thịt kho măng,low_food_id_cover,"cover=0.40 thieu: Thịt ba rọi, Măng luộc"
291,Cá rô kho tộ,low_food_id_cover,"cover=0.00 thieu: Cá rô, Thịt ba chỉ"
292,Pancake phô mai mơ,unparsed_main_ingredient,RAU NÊM: Húng lũi
293,Tôm chiên rong biển,unparsed_main_ingredient,Trứng gà 1 quả; Cốm dẹp 1 muỗng; Củ sen băm 2 muỗng; Cần tây băm 1 muỗng
294,Súp gạo lứt tóc tiên,unparsed_main_ingredient,RAU NÊM: ngò rí
295,Gà nướng nồi đất,no_metric_qty,khong co nguyen lieu nao ghi don vi g/kg/ml/l parse duoc
296,Nghêu kho tộ,no_metric_qty,khong co nguyen lieu nao ghi don vi g/kg/ml/l parse duoc
297,Rau củ xào thịt cua,unparsed_main_ingredient,Dưa leo 2 trái; Nấm mèo 2 tai; Thơm 1/4 trái; Húng quế 1 ít Ớt sừng cắt sợi
298,Nghêu hấp vang trắng,unparsed_main_ingredient,Cần tàu nhỏ 10 cọng; Sữa tươi không đường 220 muỗngl; Vang trắng 150 muỗngl
300,Trăm trứng tiến vua,unparsed_main_ingredient,"RAU NÊM: Cọng cần tàu cắt nhỏ, tỏi phi."
301,Sushi đậu hũ,unparsed_main_ingredient,"RAU NÊM: Gừng chua kiểu nhật, Dầu ăn, đường, Hạt nêm Aji-ngon Nấm, Giấm gạo lên men Ajinomoto, Nước tương Phú Sĩ"
303,Lẩu nghêu sò ốc hến,unparsed_main_ingredient,"RAU NÊM: ngò gai, hành lá cắt nhỏ"
304,Canh bông bí nấm kim châm,low_food_id_cover,"cover=0.12 thieu: Giò sống, Bông bí, Nấm kim châm, Lá húng quế"
305,Trứng cá kho nghệ,unparsed_main_ingredient,Nghệ xắt sợi: 5 muỗng; Gừng đập dập: 1 củ nhỏ
306,Bò kho,unparsed_main_ingredient,"Cà rốt: 1 củ.; Sả: 3 cây., Lá cà ri, rau quế, ngò gai, hành tím, tỏi, ớt, gừng, tai vị, quế., Muối, đường, màu điều, bột bò kho, bột mì, rượu trắng, Hạt nêm Aji-ngon Heo"
307,Khổ qua tây xào thịt bò,low_food_id_cover,cover=0.67 thieu: Thịt bò
309,Pancake đậu xanh cốt dừa,unparsed_main_ingredient,Xoài: 1 trái; Trứng: 1 quả; Vani: 1 ống; Lá dứa: 1 lá
310,Bánh rán bơ dừa,unparsed_main_ingredient,"Bột bánh rán truyền thống: 1 gói; Bơ sáp chín: 1 trái; Đậu phộng: 3 muỗng; Kẹo cốm màu: 2 muỗng, Kem dừa vani"
311,Gỏi tôm rau câu,unparsed_main_ingredient,Cà rốt cắt răng cưa 1/2 củ; Dưa leo cắt răng cưa 1 quả; Cần tàu bỏ bớt lá 1 cây; Nước cốt chanh 1 muỗng
312,Canh cá hồng,unparsed_main_ingredient,Gừng băm: 1 muỗng; Bắp Mỹ luộc tách hạt: 4 muỗng; Nấm đông cô tươi to: 8 cái; Bột bắp: 1 muỗng
313,Canh cá rau muống,unparsed_main_ingredient,"Cà chua: 1 trái; Nước me: 1/2 chén, Rau om, ngò gai"
314,Canh khổ qua hầm thịt,unparsed_main_ingredient,"Khổ qua: 4 trái; Bún tàu: 1/2 chén; Nấm mèo: 2 tai; RAU NÊM: Hành lá, ngò rí"
315,Gỏi xoài cá trê,unparsed_main_ingredient,Cá trê vàng: 1 con
316,Xôi gà đậu xanh,unparsed_main_ingredient,"Gà ta: 1/2 con; Nước mỡ gà: 2 muỗng; Lá dứa: 2 cây; Đầu hành lá: 5 đầu, Muối, tiêu, hành tím băm, hành tím phi, tương ớt, Hạt nêm Aji-ngon Gà, Nước tương Phú Sĩ"
317,Lẩu vịt hầm sả,unparsed_main_ingredient,Vịt xiêm: 1/2 con; Nước dừa tươi: 2 trái; Sả cây: 6 cây; Gừng băm: 1 muỗng
320,Cánh gà xào ớt xiêm,no_metric_qty,khong co nguyen lieu nao ghi don vi g/kg/ml/l parse duoc
321,Bánh khọt chay,unparsed_main_ingredient,Đậu xanh cà ngâm hấp chín 1 chén; Nước cốt dừa 200 muỗngl; Xà lách; rau sống và đồ chua
322,Cá chuồn kho mít non,unparsed_main_ingredient,Cà chua cắt hạt lựu 2 trái; Nước mía 2/3 chén; Nước màu điều 1 muỗng
323,Tôm viên cơm cháy,unparsed_main_ingredient,"Cơm cháy: 4 muỗngiếng; Nước dùng: 2 chén, Tỏi băm, bột năng, ớt sừng, Muối, tiêu, đường, Dầu ăn, dầu mè, Nước tương LISA, Bột ngọt AJI-NO-MOTO"
324,Gà hấp riềng sả,unparsed_main_ingredient,RAU NÊM: Hành tím phi
325,Tôm chiên mè,unparsed_main_ingredient,"Tôm sú: 12 con; Trứng gà: 2 quả, Muối, tiêu, Tương ớt, chanh tươi, Xốt Mayonnaise LISA, Hạt nêm Aji-ngon Heo"
326,Cá rim giấm mè,no_metric_qty,khong co nguyen lieu nao ghi don vi g/kg/ml/l parse duoc
327,Snack phồng tôm rau củ,unparsed_main_ingredient,"Bánh phồng tôm gạo lứt: 15 cái; RAU NÊM: Ngò rí, húng lủi"
330,Súp hành tây kiểu pháp,unparsed_main_ingredient,Lá thơm nguyệt quế 2 la; Cỏ xạ hương 3 cây; Bánh mì baguette 1/2 ô; Bôt mi 1/2 muỗng
331,Salad mực phổ tai,unparsed_main_ingredient,Dưa leo : 1 trái
332,Bò cuộn rau củ,unparsed_main_ingredient,Bí ngòi xanh; vàng 1/2 quả; Lá hương thảo băm 3 nhánh; Rượu vang đỏ
334,Salad trái tim,unparsed_main_ingredient,Dưa leo 1 trái; Cà rốt 1/2 củ; Thơm 1/4 trái; Vỏ chanh vàng
335,Salad bò dưa kiệu,unparsed_main_ingredient,"Cà chua : 1 trái; Nước cốt hành tỏi: 1 muỗng; RAU NÊM: húng lủi, ngò thái rối, mè rang"
336,Canh măng sườn lá giang,unparsed_main_ingredient,"RAU NÊM: Ớt, ngò gai, rau om"
337,Đuôi bò hầm hoa atiso,unparsed_main_ingredient,Hoa ac-ti-sô 1 hoa; Bạch quả 12 hạt; Gừng nướng 1 muỗngiếng
338,Gỏi đu đủ ba khía,unparsed_main_ingredient,"Đậu đũa : 5 trái; Cà chua : 2 trái, Ớt băm, tỏi băm; Trang trí: Ngò rí, Bột ngọt AJI-NO-MOTO, Giấm gạo lên men Ajinomoto"
339,Cá cơm than chiên mè xốt mắm tắc,unparsed_main_ingredient,Tắc chín: 2 trái; Mật ong: 1.5 muỗng; XOÀI KEO: 1 trái cắt sợi; RAU NÊM: Tỏi ớt băm nhỏ
340,Khổ qua nhồi nấm kho nước tương,unparsed_main_ingredient,"Khổ qua: 2 trái to; Cà rốt cắt sợi: 1/4 củ, Nấm hương ngâm nở; cắt nhỏ: 5 tai"
341,Gà nấu nước tương,unparsed_main_ingredient,"Dụng cụ: chỉ cotton, Hạt nêm Aji-ngon Gà, Nước tương Phú Sĩ"
345,Smoothies trà sữa dâu,unparsed_main_ingredient,"RAU NÊM: Rau húng lủi, Blendy Trà Sữa Dâu"
346,Lẩu ếch lá lốt,unparsed_main_ingredient,Đậu hũ: 2 muỗngiếng; Cà chua: 3 trái; Sả: 3 cây; Nước nghệ tươi: 2 muỗng
347,Chả mực bánh xe chiên giòn,unparsed_main_ingredient,Đậu petit pois hạt xanh: 3 muỗng; Lá mè to: 10 lá; Trứng gà: 1 quả; Cà rốt cắt hạt lựu: 1 muỗng
348,Bún sườn non nấu chuối đậu,unparsed_main_ingredient,Đậu hũ chiên: 2 muỗngiếng; Chuối già xanh: 3 trái; Cà chua: 2 trái; Mẻ nuôi: 4 muỗng
349,Mọc đông trứng cút,unparsed_main_ingredient,Trứng cút: 4 quả
351,Bò kho khoai sọ,unparsed_main_ingredient,Boa-rô cắt khúc 3cm 5 khúc; Ketchup 1 muỗng; Rượu vang đỏ 2 muỗng; Nước dừa tươi 1lít
352,Cua xào cay,unparsed_main_ingredient,RAU NÊM: Húng quế
353,Bánh cua,unparsed_main_ingredient,Cà rốt băm: 1/4 củ; Poaro băm: 1/2 cây; Trứng gà: 2 quả; Trứng gà luộc băm: 1 quả
354,Gỏi củ hủ dừa bao tử,unparsed_main_ingredient,"RAU NÊM: rau răm, húng quế"
356,Bánh gạo xào cay,unparsed_main_ingredient,"Boa-rô: 1 cây, Tỏi băm, mè rang, Đường, tương ớt Hàn Quốc, dầu ăn, Bột ngọt AJI-NO-MOTO, Hạt nêm Aji-ngon Gà"
358,Mực nhồi gạo lức rim,low_food_id_cover,"cover=0.12 thieu: Mực ống, Gạo lức, Bắp Mỹ"
359,Trứng chiên cốm xanh,unparsed_main_ingredient,Trứng cút: 12 quả; Trứng gà: 1 quả; Cần tây: 1 cọng; Xà lách xoong: 1 ít
361,Đùi gà Barbecue,unparsed_main_ingredient,Bơ lạt: 1 muỗng
362,Cá nướng xốt Mayo khoai tây,unparsed_main_ingredient,Khoai tây 2 củ; Sữa tươi có đường 3 muỗng; Nước cốt chanh 1 muỗng; Gừng băm
363,Gỏi nha đam,unparsed_main_ingredient,"Cà rốt: 1/3 củ; Dưa leo: 1/2 trái; Rau húng lủi: 1 ít, Hành phi, mè rang, ớt sừng băm, Nước mắm, đường, muối, Hạt nêm Aji-ngon Heo, Giấm gạo lên men Ajinomoto"
364,Canh hến nấu bầu,unparsed_main_ingredient,Thì là: 2 cây
365,Canh cua rau cần,unparsed_main_ingredient,RAU NÊM: Hành lá
366,Canh cà chua nấu đậu,unparsed_main_ingredient,Trứng cút 3 quả; Đậu hũ trắng 1 muỗngiếng
367,Cá rô kho cà na,unparsed_main_ingredient,Dừa tươi 1 trái
368,Thịt kho đậu phộng,unparsed_main_ingredient,Cơm dưa cưng cạy 1/2 trai; ơt hiêm
369,Bánh mì que nướng rau củ,unparsed_main_ingredient,Bánh mì que 2 ổ; Cà chua bi 4 qua; Cà rốt 1/2 củ; Lá ngò rí
370,Canh sườn bò củ sen,unparsed_main_ingredient,"RAU NÊM: Ngò gai, cần tàu."
371,Canh tôm bánh gạo,unparsed_main_ingredient,"Cà rốt: 1/2 củ; RAU NÊM: Hành ngò, chanh"
372,Cá điêu hồng chiên xốt tắc,unparsed_main_ingredient,Cá điêu hồng 1 con; Cà rốt 1/2 củ; Dưa leo 1/2 quả; Tắc 2 quả
373,Tép ruộng xào khế – Bông điên điển,unparsed_main_ingredient,Khế chua: 2 trái Cắt cọng
374,Cuộn rong biển chiên giòn,unparsed_main_ingredient,Lá rong biển: 4 lá; Đầu hành: 2 muỗng
375,Canh nấm khoai từ,unparsed_main_ingredient,"Poa-rô phi vàng : 2 muỗng, Poa-rô băm, Rau om, ngò gai, Tiêu, đường, Hạt nêm Aji-ngon Nấm"
376,Bê chao,unparsed_main_ingredient,"Sả : 4 cây; Gừng : 1 củ nhỏ; Lá chanh : 5 lá; Nước bột năng : 1 muỗng, Tỏi băm, ớt hiểm băm, Tương bần, dầu ăn, nước mắm, đường, tiêu"
377,Canh chua đầu cá hồi,unparsed_main_ingredient,"Cà chua: 2 trái; Nước cốt me: 3 muỗng; RAU NÊM: Rau om, ngò gai"
378,Khai vị cá hồi,unparsed_main_ingredient,Cốt chanh: 1 muỗng; chưa lột vỏ: 4 muỗngúi; Trái bơ: 1 quả; Bánh mì que: 2 ổ
379,Cá cuộn cải chiên xù,unparsed_main_ingredient,"Trứng gà : 1 quả, Tiêu, dầu ăn, wasabi, Bột ngọt AJI-NO-MOTO, Hạt nêm Aji-ngon Heo, Xốt Mayonnaise Aji-mayo Vị Nguyên Bản"
380,Gỏi nấm rau mầm,unparsed_main_ingredient,Sươn chay ngâm nơ 5 muỗngiêng; Cần tây 1 cây; Nước dừa tươi 1 chen; Nước cốt chanh 1 muỗng
381,Tom Yum Kung,unparsed_main_ingredient,Tôm càng xanh 120-150g: 4 con; Riềng cạo vỏ: 1 nhánh; Sả cây bỏ lá: 4 cây; Lá chúc: 6 lá
383,Sushi,unparsed_main_ingredient,Cơm nấu từ gạo dẻo của Nhật: 3 chén; Cá ngừ ngâm dầu: 1 hộp; Dưa leo: 1 trái; Xà lách: 1 cây
384,Củ sen chiên tôm,unparsed_main_ingredient,Trứng gà: 2 quả
385,Canh rau củ ba rọi xông khói,low_food_id_cover,cover=0.67 thieu: Ba rọi xông khói
387,Mì nưa trộn sườn chay,unparsed_main_ingredient,Sườn cốt lết chay 2 muỗngiếng; Dầu phi hành boaro 1 muỗng; nước dừa tươi
389,Bánh canh chay,unparsed_main_ingredient,"Đậu hũ : 2 muỗngiếng; Cà rốt : 1 củ 1/2 củ tỉa hoa, phần còn lại nấu nước dùng; Su hào : 1/2 củ; Bắp mỹ : 1 trái"
390,Salad rong sụn trứng muối,unparsed_main_ingredient,RAU NÊM: Rau quế
391,Gỏi nấm bào ngư,unparsed_main_ingredient,"Dưa leo : 1 trái; Rau răm : 1 nắm; Poa-rô phi : 1 muỗng; Sả băm : 2 muỗng, Ớt băm"
392,Bánh rán chocolate đậu đỏ,unparsed_main_ingredient,"Trang trí: dâu tây, húng lủi/húng bạc hà, Bột bánh rán pha sẵn vị truyền thống"
393,Chả cá kho vân trứng,unparsed_main_ingredient,"Cà chua : 2 trái; Trứng gà : 1 quả, Hành tím cắt lát, Hành lá, ngò rí, Muối, tiêu, đường, sa tế tôm, dầu ăn, dầu điều, Bột ngọt AJI-NO-MOTO, Xốt Mayonnaise Aji-mayo Vị Nguyên Bản, Hạt nêm Aji-ngon Heo"
394,Bánh mì – Lưỡi heo khìa,no_metric_qty,khong co nguyen lieu nao ghi don vi g/kg/ml/l parse duoc
395,Sườn non rim củ nén,unparsed_main_ingredient,"RAU NÊM: Rau răm cắt nhỏ, mè trắng rang"
396,Ba rọi kho măng,low_food_id_cover,"cover=0.00 thieu: Thit ba roi  , Măng luôc 200g, Trưng cut luôc 15 qua, Đâu hũ bi chiên 100g, Hanh tim băm 2 muỗng, Toi băm 1 muỗng, Hanh la 3 nhanh, Ơt sưng 1 qua"
397,Lẩu gà tứ xuyên,no_metric_qty,khong co nguyen lieu nao ghi don vi g/kg/ml/l parse duoc
398,Hoành thánh chay áp chảo,unparsed_main_ingredient,"RAU NÊM: ngò rí băm, boaro phi"
399,Lẩu cá hồi chanh dây,unparsed_main_ingredient,RAU NÊM: Hành lá
400,Cháo yến mạch thịt bò,unparsed_main_ingredient,"Rau nêm: Hành lá, ngò rí"
401,Cá nục xốt thơm,unparsed_main_ingredient,Thơm: 1/2 trái
403,Tôm xào bông so đũa,low_food_id_cover,cover=0.67 thieu: Bông so đũa
404,Cua lột xốt cam,unparsed_main_ingredient,Cua lột làm sạch khoảng 400g: 4 con; Cam vàng: 1 trái; Cam vàng: 1 trái
405,Tôm chiên giòn xốt trứng muối,unparsed_main_ingredient,Củ hành tây: 1/2 củ; Lòng đỏ trứng muối tán nhuyễn: 3 lòng đỏ
406,"Cá cơm, bắp chiên phô mai",unparsed_main_ingredient,Trứng gà 2 cái
407,Canh ghẹ húng quế,unparsed_main_ingredient,Cà chua 2 trái; Thơm 1/4 trái; Sả cây; Rau om
408,Canh đu đủ lá lốt,unparsed_main_ingredient,"Đậu hũ non Poa-rô : 1 khúc, Đường, muối, dầu ăn, Bột ngọt AJI-NO-MOTO, Hạt nêm Aji-ngon Nấm"
409,Chả giò mực,unparsed_main_ingredient,"Trứng gà: 1 quả; Nấm mèo trắng: 2 tai; Bánh tráng chả giò: 1 xấp, Xà lách, rau thơm, Hành phi, tỏi phi, ớt băm, ngò rí, đầu hành lá, Muối, tiêu, đường, rượu trắng, Tương ớt, dầu ăn, Bột ngọt AJI-NO-MOTO, Nước tương Phú Sĩ, Xốt Mayonnaise Aji-mayo Vị Nguyên Bản"
410,Lẩu tôm chua,unparsed_main_ingredient,Nước cốt dừa : 1 chén; Nước dảo dừa : 1 chén; Cary dầu : 1 hũ; Đậu bắp : 5 trái
411,Cá chim chiên giòn,unparsed_main_ingredient,la hung quê
412,Miến măng gà,unparsed_main_ingredient,"Gà ta: 1/2 con; Lòng gà: 1 bộ; Nước dùng nấu từ xương gà: 1, 5 lít, Hành lá, rau răm, hành phi, ớt Muối, tiêu, nước mắm, đường phèn, Bột ngọt AJI-NO-MOTO"
413,Sườn nướng xốt cay,no_metric_qty,khong co nguyen lieu nao ghi don vi g/kg/ml/l parse duoc
414,Cơm chiên nấm thịt bò,unparsed_main_ingredient,"Cơm: 3 chén; Thơm băm nhuyễn: 1 muỗng, Muối, tiêu, tỏi băm, dầu ăn, Hạt nêm Aji-ngon Heo, Nước tương Phú Sĩ"
416,Gỏi sứa tiến vua,unparsed_main_ingredient,"Nấu từ đường và nước mắm tỉ lệ 1:1, Đường, nước mắm, tương ơt, Giấm gạo lên men Ajinomoto"
417,Phèo nướng lá hẹ,unparsed_main_ingredient,Nước nghệ tươi ½ chén súp; Cà chua bi 8 quả; Cà tím 1 quả nhỏ; Đậu bắp 6 trái
418,Gà xào xốt táo,unparsed_main_ingredient,"RAU NÊM: gừng thái lát 5 lát, nước cốt chanh 1 muỗng"
419,Xôi cẩm thịt cua,low_food_id_cover,"cover=0.03 thieu: Nếp ngỗng, Thịt cua, Hành tím Bắc, đỏ, Lá cẩm tươi 1 bó"
420,Salad bí ngòi nướng,unparsed_main_ingredient,Bí ngòi xanh; vàng 1 trái mỗi loại; Bắp Mỹ luộc 1 chén; Húng lủi
421,Lẩu mực nấm,unparsed_main_ingredient,"RAU NÊM: ngò gai, rau om"
422,Cá bống trứng kho tiêu,low_food_id_cover,"cover=0.00 thieu: Cá bống trứng, Thịt ba rọi"
423,Miến xào xốt tương,unparsed_main_ingredient,"Cà chua: 1 trái; Nước dùng: 4 muỗng, Hành lá, ngò rí, tỏi, ớt, Tiêu, đường, dầu mè, dầu ăn, Xốt tương LISA, Hạt nêm Aji-ngon Heo, Nước tương Phú Sĩ"
424,Củ sen xào ngũ vị,unparsed_main_ingredient,ngũ vị hương; bột năng
426,Lẩu nấm gà,unparsed_main_ingredient,Nấm hương khô: 10 tai
427,Cua lột xào chua ngọt,unparsed_main_ingredient,"Cà chua: 1 trái; Gừng cắt sợi: 1 muỗng, Tỏi băm, Tiêu, muối, đường, dầu hào, dầu ăn, Aji-Quick Bột tẩm khô chiên giòn, Giấm gạo lên men Ajinomoto"
428,Cánh gà nướng cay,unparsed_main_ingredient,Sa tế: 2 muỗng; Mật ong: 1 muỗng
430,Khoai lang kho rong biển,unparsed_main_ingredient,Rong biển hijiki 1 muỗng; Boaro; gừng; rượu mirin
431,Bánh pancake sinh nhật sắc màu,low_food_id_cover,"cover=0.00 thieu: Bột bánh rán pha sẵn Ajinomoto 2 gói, Màu dành dành  , Màu trà xanh 35g, Màu gấc 35g, Topping cream 200g, Đường bột 1 muỗng"
432,Canh bạch quả bí đỏ,unparsed_main_ingredient,"Dừa tươi: 2 chén 400 muỗngl; RAU NÊM: Ngò gai, hành boaro phi."
433,Pancake xốt đậu gà,no_metric_qty,khong co nguyen lieu nao ghi don vi g/kg/ml/l parse duoc
434,Bắp bò xào sả ớt cơm cháy,unparsed_main_ingredient,Sả băm 2 muỗng; Sả cây bào mỏng 1 cây; Cơm trắng 1 chén; Đầu hành lá
435,Chả giò cua thanh,no_metric_qty,khong co nguyen lieu nao ghi don vi g/kg/ml/l parse duoc
436,TẾT 3 MIỀN – Miền Bắc: Cuốn đậu mơ su hào,unparsed_main_ingredient,"RAU NÊM: Rau thơm Bắc các loại, dưa leo cắt que, húng láng"
437,Đậu hũ um nước cốt dừa,unparsed_main_ingredient,"RAU NÊM: Rau om, ngò gai, đậu phộng rang"
438,Gà nổ muối,unparsed_main_ingredient,Sả cây để nguyên lá 10 nhánh; Nước cốt chanh; lá chanh; Sả băm
439,Lẩu bạch tuộc,unparsed_main_ingredient,RAU NÊM: Ngò gai
440,Thịt vịt xào củ cải muối,unparsed_main_ingredient,"Ức vịt không xương; Nước dừa tươi: 1/2 chén; RAU NÊM: Hành lá, ngò rí"
441,Salad dâu tằm,unparsed_main_ingredient,"Trứng cút : 5 quả; Xà lách xoăn : 4 lá; Nước cốt chanh : 1 muỗng; Mứt dâu tằm : 1.5 muỗng, Xốt Mayonnaise Aji-mayo Vị Nguyên Bản"
442,Đu đủ hường xào tôm đất,low_food_id_cover,"cover=0.21 thieu: Đu đủ hường, Tôm đất, Tỏi củ nhỏ, Rau răm"
443,Canh tương đậu,unparsed_main_ingredient,Đậu hũ non 1 muỗngiếng; Bí ngòi 1/2 quả; Nấm đông cô tươi 5 tai; Lá hành boaro
444,Bánh gà chiên xốt mè,unparsed_main_ingredient,Lòng đỏ trứng muối: 2 Cái; Cọng ngò rí cắt nhỏ: 2 muỗng; Nước chanh: 1/2 muỗng
446,Thịt heo xông khói hương sả,unparsed_main_ingredient,Nước dừa tươi 2 chén; Sả cây đập dập 8 cây; Mía 1 khúc; cọng ngò băm
447,Lẩu tả pí lù,unparsed_main_ingredient,RAU NÊM: Xá bấu
448,Canh đu đủ viên cua,unparsed_main_ingredient,Nấm mèo 2 tai
449,Canh cá cơm lá me đất,unparsed_main_ingredient,Cà chua 1 quả; Sả cây 2 cây
450,Phở trộn,unparsed_main_ingredient,RAU NÊM: húng quế cắt rối
451,Sườn hầm tỏi,unparsed_main_ingredient,Củ cải trắng 1/2 củ.; tai vị; kỉ tử
452,Canh chua cá dứa 1 nắng,unparsed_main_ingredient,"Bạc hà: 1/4 cây Tước vỏ; Cà chua: 2 quả Chín đỏ, cắt múi cau; Thơm trái: 1/2 trái Bỏ mắt; RAU NÊM: Ngò gai, rau om"
453,Canh cá đồng nấu khế,unparsed_main_ingredient,"RAU NÊM: Rau răm, rau quế."
454,Cà bung thịt heo,unparsed_main_ingredient,Cà tím : 1 trái; Cà chua : 2 trái; Đậu hũ chiên : 1 muỗngiếng; Nghệ băm : 1 muỗng
455,Sườn non kho dưa cải,unparsed_main_ingredient,"Trứng cút: 12 quả; Cà chua: 1 trái, Ớt hiểm, ớt sừng; Nước dừa tươi: 1 chén; RAU NÊM: Hành lá, ngò rí, hành tỏi băm"
457,Nấm kho tộ,unparsed_main_ingredient,Nấm đông cô khô: 5 tai; Boaro: 1 cây; RAU NÊM: lá boaro
459,Đậu hũ xào lăn,unparsed_main_ingredient,Nấm mèo: 3 tai; Nước cốt dừa: 2 chén; Sả: 2 cây
461,Bánh xèo Nhật Bản,unparsed_main_ingredient,Trứng gà: 2 quả; Cá ngừ khô bào: 2 muỗng; Rong biển cắt sợi: 1 muỗng; Bột mì: 2 muỗng
462,Salad hoa lý tôm xá xíu,unparsed_main_ingredient,Xà lách Mỹ: 3 lá; Gừng non: 1 củ nhỏ; RAU NÊM: Húng quế
463,Chuối chiên xốt dâu tây,unparsed_main_ingredient,"RAU NÊM: húng lủi, cam vàng cắt lát, đậu phộng rang"
464,Thịt quay kho dưa cải,unparsed_main_ingredient,"Tai vị: 1 cái, Nước dừa tươi, đường, dầu điều, hành tím băm, tiêu sọ, dầu ăn, Nước tương LISA, Bột ngọt AJI-NO-MOTO, Nước tương Phú Sĩ"
465,Cá rô phi chiên xốt cà,unparsed_main_ingredient,Cà chua băm 1 chén; Nấm mèo 2 tai; dầu điều
466,Lẩu cá thác lác khổ qua,unparsed_main_ingredient,Cọng thì là băm nhỏ : 1 muỗng
467,Mì trộn xốt mayonnaise,unparsed_main_ingredient,Mì trứng: 4 vắt; Cà rốt: 1/4 củ
469,Canh nghêu bó xôi,unparsed_main_ingredient,Đâu hu non 1 muỗngiêng; Tương đâu nanh 1 muỗng loai vang; Gưng cao vo 1 cu nho; Hanh la 2 nhanh
470,Cá chép nấu bung,unparsed_main_ingredient,Chuối xanh: 1 trái; Cà chua: 1 trái; Khế chua: 1 trái; Riềng: 1 củ nhỏ
471,Cá lăng kho nghệ,unparsed_main_ingredient,Nước nghệ 3 muỗng; Nước dừa tươi 1 trái; dầu điều
472,Salad mực ống,unparsed_main_ingredient,Củ radish: 5 củ; Hỗn hợp gia vị lá thơm khô: 1 muỗng; Gừng mài: 1 muỗng; RAU NÊM: Húng lủi
473,Tôm né bơ tỏi,unparsed_main_ingredient,RAU NÊM: Xà lách xoong
474,Mực xào xốt tiêu xanh,low_food_id_cover,"cover=0.51 thieu: Mực ống, Cần tàu"
475,Bún mắm,unparsed_main_ingredient,Tôm sú size 30 : 6 con; Dừa: 2 trái; Cà tím: 1 trái; Sả cây: 3 cây
476,Matcha cà phê,unparsed_main_ingredient,Blendy Trà Matcha Gạo Rang: 2 gói; Bánh quế socola: 2 cây; Sữa tươi không đường: 80 muỗngl
478,Cơm chiên nấm mặn,unparsed_main_ingredient,Nấm đông cô khô 5 tai; Rong biển bột 1 muỗng; Boa-rô băm 1 muỗng; bột mì
479,Đậu bắp nhồi chả cá chiên,unparsed_main_ingredient,"Đậu bắp: 10 trái, Muối, tiêu, đường, nước mắm, dầu ăn, Hành lá, thì là, xà lách, cà chua, Xốt Mayonnaise Aji-mayo Vị Nguyên Bản"
481,Lươn xào lăn,low_food_id_cover,cover=0.38 thieu: Dừa khô nạo
482,Chả mực bắp áp chảo,unparsed_main_ingredient,Xốt Mayonnaise Aji-mayo Vị Nguyên Bản
483,Lẩu chua thịt bò,unparsed_main_ingredient,"Nước dùng hầm từ xương: 1, 5 lít; Sả: 1 cây"
484,Thịt bò kho tàu,unparsed_main_ingredient,"Dừa tươi: 1 trái; Trứng cút: 10 quả, Ớt sừng, hành tây, Sả cây, hành lá, Kiệu chua, giá, cà rốt, hẹ, Muối, đường, tiêu, tỏi, Nước tương LISA, Bột ngọt AJI-NO-MOTO"
485,Canh rau má khoai lang,unparsed_main_ingredient,Gừng cắt sợi; Nước dùng 1; 2 lít; bột năng
486,Đu đủ xào thịt gà,low_food_id_cover,"cover=0.29 thieu: Đu đủ hườm, Bông hẹ, Lá rau quế"
487,Salad cá hồi xốt thanh long,unparsed_main_ingredient,Thanh long đỏ: 1/6 quả; Xà lách xoắn: 1/2 bắp; Dưa leo: 1 quả; Cà rốt: 1/2 củ
488,Phá lấu thịt bê,unparsed_main_ingredient,Dừa tươi 1 trái; Su hào 1/2 củ; Dưa leo 1/2 quả; Cà rốt 1/2 củ
489,Heo quay xào kim chi cà bát,unparsed_main_ingredient,Cần tàu: 2 cây
490,Canh bí đỏ hạnh nhân,unparsed_main_ingredient,Xương gà: 1 bộ; Nấm mèo cắt nhỏ: 1 muỗng; Nấm hương cắt nhỏ: 1 muỗng
491,Gà chiên lá dứa,unparsed_main_ingredient,Cọng ngò rí cắt nhuyễn : 2 muỗng; Lá dứa bản lớn : 30 lá
492,Chân giò kho tương sả,unparsed_main_ingredient,Cà tím 2 trái; Nước dừa tươi 1 trái; Nước cốt dừa 1/2 chén; vàng 1/2 trái mỗi loại
493,Thịt áp chảo Mayonnaise LISA,unparsed_main_ingredient,"Xà lách: 1 cây; Dưa leo: 1 trái, Rau thơm các loại, Tỏi băm, ngò rí, Bơ đậu phộng, dầu ăn, tương ớt, Que để xiên nướng, Nước tương Phú Sĩ, Xốt Mayonnaise Aji-mayo Vị Nguyên Bản"
494,Cá basa chiên giòn,unparsed_main_ingredient,Trứng gà: 2 quả
496,Gà cuộn rong biển,unparsed_main_ingredient,Rong biển Nori 2 lá; Cà rốt cắt que 0; 8 cm 8 cọng; Đậu cove Nhật 8 trái
497,Mắm lóc chưng,unparsed_main_ingredient,"Đầu hành lá băm: 2 muỗng, Muối, tiêu, đường, dầu ăn, Gừng, ớt sừng, Giấm gạo lên men Ajinomoto, Bột ngọt AJI-NO-MOTO"
498,Tôm chua trộn cóc xanh mayo,unparsed_main_ingredient,"Cóc xanh sơ chế; Tôm chua: 1/2 chén cả cái lẫn nước; Lá cóc non: 1/2 chén; RAU NÊM: Mè trắng rang, hánh tím phi, rau răm, rau húng lũi"
499,Thịt nướng ớt chuông,unparsed_main_ingredient,Lá hương thảo băm: 1 muỗng
500,Gà nổ muối hoa tiêu,unparsed_main_ingredient,"Sả cây nguyên lá: 10 nhánh, Nước cốt chanh, Lá chanh, Sả băm, Hoa tiêu, Muối, Đường, Hạt nêm Aji-ngon Gà, Bột canh"
501,Bánh rán giáng sinh,no_metric_qty,khong co nguyen lieu nao ghi don vi g/kg/ml/l parse duoc
502,Cá viên chiên,unparsed_main_ingredient,Tương đen 2 muỗng; Tương đo 1 muỗng
503,Cuốn rau đậu hũ,unparsed_main_ingredient,Đậu hũ 1 muỗngiếng; Dưa leo 1 trái; Bắp cải tím 8 lá; Bánh tráng dẻo 10 cái
504,Lẩu ngưu bàng rong biển,low_food_id_cover,cover=0.50 thieu: ĂN KÈM
505,Pancake chocolate nhân kem dâu,unparsed_main_ingredient,Trang trí: húng lủi
506,Pancake xoài kem tươi,unparsed_main_ingredient,"Bột bánh rán pha sẵn vị truyền thống: 1 gói; Xoài cát Hòa lộc: 1 trái; Whipping dạng bình xịt: 1 chai; RAU NÊM: húng lủi, đường bột, Bột bánh rán pha sẵn vị truyền thống"
507,Bún xào hải sản,unparsed_main_ingredient,Trang trí: Ngò rí
508,Canh chua gà bông so đũa,unparsed_main_ingredient,Cà chua 1 trái; Thơm 1/4 trái; Đậu bắp 5 trái; Bạc hà 1 cây
509,Sườn chiên xốt nấm,low_food_id_cover,"cover=0.14 thieu: Sườn non, Nấm đùi gà, Nấm linh chi"
510,Canh sườn khoai sọ,unparsed_main_ingredient,Đầu hành băm: 1 muỗng
511,Canh hào thanh mát,unparsed_main_ingredient,Gừng cắt lát mỏng đâp dâp 5 lát
512,Cá điêu hồng kho tương hột,unparsed_main_ingredient,"Trang trí: Ngò rí, Nước tương Phú Sĩ, Bột ngọt AJI-NO-MOTO"
513,Nộm lưỡi lợn su hào,unparsed_main_ingredient,Lưỡi lợn: 1/2 cái; Tai lợn: 1/2 cái; Dưa leo: 1 trái; Cà rốt: 1 củ
514,Lẩu nấm chay,unparsed_main_ingredient,Mía lau nướng: 2 khúc; Bắp Mỹ: 1 trái; Cà rốt: 1/2 củ; Khoai môn: 1/2 củ
515,Canh lươn hầm cải chua,unparsed_main_ingredient,Cà chua 1 quả; Sả 2 cây; Rau om; sa tế
517,Lẩu Collagen,unparsed_main_ingredient,Gừng lát: 2 lát; Táo tàu đỏ: 8 quả; Trái lê: 1 quả nhỏ; Cà rốt: 1/2 củ
518,Salad cam đậu đỏ,unparsed_main_ingredient,Trứng gà: 3 quả; Cam vàng: 1 trái; RAU NÊM: Húng lủi
519,Lẩu gà mắc khén,unparsed_main_ingredient,Gà tre: 1 Con; Gừng băm: 2 muỗng; Nước dừa tươi: 1 trái; Rau Nêm: Hành lá
520,Mít non om nước cốt dừa,unparsed_main_ingredient,Nước cốt dừa 1 chén; Nước dão dừa 3 chén; Xốt dầu gấc 2 muỗng; Ơt hiêm
521,Canh hến dưa cải,low_food_id_cover,"cover=0.00 thieu: Thịt hến, Dưa cải"
523,Gà nướng xí muội,unparsed_main_ingredient,Quả xí muội đã ngâm 5 quả; Nước cốt hành tỏi 3 muỗng; Tương xí muội 3 muỗng
524,Lẩu sườn non,unparsed_main_ingredient,Củ tỏi nướng vàng: 4 củ; Táo tàu: 8 trái
525,Bò cuộn lá quế nướng,unparsed_main_ingredient,dài; Trứng gà 1 cái; Bột xù 2 muỗng; Xốt mù tạt vàng
526,Tim heo hầm hạt sen,unparsed_main_ingredient,Tim heo: 1/2 trái
528,Bí nhồi thịt kho,unparsed_main_ingredient,Bí Nhật 2 trái; Cà rốt cắt sợi 1/4 củ; Nấm mèo ngâm nở; cắt nhỏ 5 tai
529,Canh cá chép giòn nấu nghệ,unparsed_main_ingredient,Cá chép giòn: 1/2 con; Cà chua: 2 quả; Nghệ tươi xay: 1 muỗng
530,Gà xào giấm gừng,unparsed_main_ingredient,Sả cây : 2 cây
531,Pancake trà sữa trân châu,unparsed_main_ingredient,RAU NÊM: húng lũi
533,Cá nục hấp cuốn cải xanh,unparsed_main_ingredient,Dưa leo 1 trái; Thơm 1/4 trái; Gừng 1 củ nhỏ; gừng băm
534,Tôm càng đút lò,unparsed_main_ingredient,"Tôm càng: 4 con; Sữa tươi hộp không đường: 200 muỗngl, Muối, tiêu, ngò tây, bơ lạt, bột mì, Rượu vang trắng, Xốt Mayonnaise Aji-mayo Vị Nguyên Bản, Hạt nêm Aji-ngon Heo"
535,Ba chỉ xiên que chiên giòn,unparsed_main_ingredient,"Nước dừa tươi: 2 chén; Sả cây: 3 cây; RAU NÊM: Salad, rau thơm, cà chua bi, dưa leo"
536,Thịt gà kho kim chi,unparsed_main_ingredient,Hẹ lá : 5 cây; Gừng cắt sợi : 2 muỗng
537,Cá kho quẹt,unparsed_main_ingredient,đỏ: 3 trái
538,Xíu mại chay,unparsed_main_ingredient,"RAU NÊM: ngò rí băm, boaro phi"
539,Matcha sữa cacao,unparsed_main_ingredient,"Bột matcha sữa: 2 gói; Rượu rum: 1 muỗng; RAU NÊM: lá húng lủi, Blendy Trà Matcha Sữa"
540,Bê thui xào sa tế,low_food_id_cover,"cover=0.00 thieu: Thịt bê thui, Ớt chuông"
541,Bánh bột lọc,low_food_id_cover,"cover=0.00 thieu: Bột năng, Tôm đát nhỏ, Thịt ba chỉ"
542,Canh bó xôi bò viên,unparsed_main_ingredient,"RAU NÊM: Hành lá, ngò rí"
543,Cá hồi nướng lá thơm,unparsed_main_ingredient,Lá thơm lọ gia vị lá thơm: 1.5 muỗng; Hạt hạnh nhân: 10 hạt
544,Bắp bò kho thơm,unparsed_main_ingredient,Thơm 1/4 trái; Nước dừa tươi 1 trái; Gừng cắt sợi; sả cây
545,Bê cuộn khìa nước dừa tươi,unparsed_main_ingredient,"Nước dừa tươi : 1 trái; Sả cây: 4 cây; Dầu điều: 1 muỗng, Chỉ coton"
547,Trứng cuộn kiểu Nhật,unparsed_main_ingredient,Trứng gà ta: 8 quả; Cá ngừ ngâm dầu: 1/2 hộp
548,Bí đỏ kho rong biển,unparsed_main_ingredient,Nươc dưa tươi 1 chen; Lá húng quế; mau dầu điều
549,Chả tôm thịt mắc khén,unparsed_main_ingredient,Su hào lột vỏ; Mướp hương 1 quả; Nước cốt thơm 1 chén; Mắc khén rang
550,Cá bớp kho thịt ba rọi,low_food_id_cover,"cover=0.00 thieu: Cá bớp cắt khoanh, Thịt ba rọi"
551,Cá hồi cuộn cơm chiên,unparsed_main_ingredient,Cơm gạo Nhật cơm dẻo 2/3 chén; Rong biển chiên cắt sợi 4 muỗng; Thì là 2 cây; Xốt Mayonnaise Aji-mayo Vị Nguyên Bản
552,Canh mồng tơi bắp nụ,low_food_id_cover,"cover=0.00 thieu: Đọt mồng tơi, chừa đuôi, Bắp nụ nhỏ, Giò sống"
553,Sò lông nướng bơ tỏi,unparsed_main_ingredient,Bột xù 4 muỗng; Sữa đặc có đường 2 muỗng; Cốt chanh 1 muỗng
554,Cá sapa nhồi ngọc kê nướng,no_metric_qty,khong co nguyen lieu nao ghi don vi g/kg/ml/l parse duoc
555,Cá thu kho cà tím,unparsed_main_ingredient,Cà tím : 2 trái; Sa tế : 2 muỗng
556,Bò xào nấm mỡ,unparsed_main_ingredient,Bông cải xanh; đỏ mỗi loại 1/4 quả; dầu oliu
559,Gỏi đu đủ khô cá lóc,unparsed_main_ingredient,"Đậu phộng rang : 2 muỗng; Húng lủi : 1 ít lá; Bánh phồng tôm : 1 gói, Đường, dầu ăn, nước mắm, Nước cốt chanh, Giấm gạo lên men Ajinomoto"
560,Bông thiên lý xào hải sản,low_food_id_cover,cover=0.45 thieu: Bông thiên lý
562,Lẩu cá đuối lá giang,unparsed_main_ingredient,"Cà chua : 2 trái, Bún, Rau om, ngò gai, tỏi phi, Hành tỏi băm, ớt hiểm, Dầu ăn, nước mắm, Bột ngọt AJI-NO-MOTO, Gia vị nêm sẵn Aji-Quick Lẩu Thái"
563,Chả giò tàu hũ ky,unparsed_main_ingredient,"Lá tàu hủ ky: 1 lá Mềm, dẻo, tròn, đường kính 50cm chọn loại có ủ lá chuối"
564,Vịt kho riềng ớt khô,unparsed_main_ingredient,Nước me cô đặc 3 muỗng; Dừa trái 1 trái; dầu điều
565,Thịt quay kho cà pháo,unparsed_main_ingredient,Nước dừa tươi 2 chen
566,Trứng hấp tôm nấm,unparsed_main_ingredient,Trứng gà : 3 quả; Cà rốt : 1/2 củ
569,Salad cua thanh,low_food_id_cover,"cover=0.00 thieu: Thanh cua 1 goi  , Ơt chuông xanh đo vang mỗi loại 1/2 trái, Hanh tây tim 1/2 cu, Toi băm 1 muỗng, Ngo tây 2 nhanh"
570,Bánh xếp chay,unparsed_main_ingredient,Nấm hương khô 5 tai; Boa-rô cắt nhỏ 2 muỗng; Trứng gà 2 quả
571,Bún xào cải chua,unparsed_main_ingredient,"Rau nêm: Cần tàu, rau quế"
573,Salad rong nho xốt cam,unparsed_main_ingredient,Rau nêm: Ngò tây
574,Cá thu sốt xoài,unparsed_main_ingredient,Xoài keo: 1 trái; RAU NÊM: Hành lá
576,Đậu mơ kẹp phô mai chiên,unparsed_main_ingredient,Đậu phụ mơ Bắc: 5 muỗngiếng
577,Chả cá chiên bánh tráng,unparsed_main_ingredient,Bánh tráng mè cắt miếng vuông 8cm 10 muỗngiếng; Cà rốt 1 củ; Su hào 1 củ; Dưa leo 1 trái
579,Súp nghêu chua cay,unparsed_main_ingredient,Đậu hũ trắng: 1 muỗngiếng
580,Gà kho nấm,unparsed_main_ingredient,RAU NÊM: Ngò rí
582,Gà kho nghệ chua cay,unparsed_main_ingredient,Sả xay 1 muỗng; bột nghệ
583,Bún chay lá chanh,unparsed_main_ingredient,Đậu hũ chiên : 1 muỗngiếng; Cà chua chín : 2 trái; Thơm : 1/4 trái; Tương hột : 1/2 chén
584,Cơm chiên thịt bò và phô mai,unparsed_main_ingredient,Cơm trắng nấu khô 3 chén; Trứng vịt 1 trứng; Nước tỏi 1 muỗng; rượu trắng
585,Canh gà măng chua,low_food_id_cover,cover=0.57 thieu: Má đùi gà
586,Canh riêu chem chép,unparsed_main_ingredient,Cà chua chín: 2 trái; Khế chua xanh: 1 trái; Thì là: 5 cây
587,Bánh rán Chocolate,no_metric_qty,khong co nguyen lieu nao ghi don vi g/kg/ml/l parse duoc
588,Bắp bò kho chua ngọt,unparsed_main_ingredient,Dừa xiêm tươi : 1 trái; Gừng băm : 1 muỗng; Chao trắng : 5 viên; Sả cây : 2 cây
589,Sườn BBQ,no_metric_qty,khong co nguyen lieu nao ghi don vi g/kg/ml/l parse duoc
590,Bánh canh cá lóc,unparsed_main_ingredient,Xương bọng gà 2 bộ; Củ cải trắng 1/2 củ; Cà rốt 1/2 củ; Rau đắng
591,Gyoza cá hồi – Há cảo Nhật Bản,unparsed_main_ingredient,"RAU NÊM: Tỏi băm, gừng băm"
593,Sườn nướng quả lê,unparsed_main_ingredient,Lê Hàn quốc 1/2 trái; Dưa leo 1 trái; mật ong; gừng cắt lát
594,Bánh rán xiên que,unparsed_main_ingredient,Trang trí: Húng lũi
595,Lẩu cá chẽm đậu hũ non,unparsed_main_ingredient,Đậu hũ non 1 muỗngiếng; Cà chua 2 trái
596,Tôm xốt nụ bạch hoa,low_food_id_cover,"cover=0.00 thieu: Tôm su size 50-60 con/kg  , Bôt mi 100g, Bôt xu 200g, Trưng ga 2 qua, Nu bach hoa ngâm giâm 1 muỗng, Sưa đăc co đương 1 muỗng, La he se 50g"
597,Cá kèo kho kim chi củ cải,low_food_id_cover,cover=0.54 thieu: Cá kèo
599,Canh sườn hạt sen,unparsed_main_ingredient,"Nấm hương: 5 tai, Tiêu, nước mắm, hành lá, ngò rí, Hạt nêm Aji-ngon Heo"
600,Ngồng cải hấp tôm,unparsed_main_ingredient,Bí đao: 1 trái; Gừng: 1 củ
601,Đậu hũ áp chảo xốt sambal,unparsed_main_ingredient,"RAU NÊM: Ngò rí, gừng cắt sợi chiên giòn; Dụng cụ: que xiên, Bột ngọt AJI-NO-MOTO, Hạt nêm Aji-ngon Nấm"
604,Cá chẽm lúc lắc hạt điều,unparsed_main_ingredient,Hạt điều: 50
605,Canh gân bò chua cay,unparsed_main_ingredient,"RAU NÊM: Ngò gai, rau quế"
606,Chả giò hàu,unparsed_main_ingredient,RAU NÊM: Gừng đập dập
607,Bánh mì trứng thịt nguội,no_metric_qty,khong co nguyen lieu nao ghi don vi g/kg/ml/l parse duoc
608,Salad Cá Mòi,unparsed_main_ingredient,Cá moi hộp 1 hộp; Cà chua 1/2 củ; Bắp hạt vàng 1 chén xốt; Dưa leo trái nhỏ
610,Dồi trường hấp hành gừng,unparsed_main_ingredient,Gừng: 1 củ nhỏ
611,Nghêu nướng xốt me,unparsed_main_ingredient,Nước thơm: 2 muỗng; Mật ong: 2 muỗng; Nước cốt me đặc: 3 muỗng mua loại me tách hột; RAU NÊM: Hành lá
612,Cua lột chiên giòn,unparsed_main_ingredient,Tắc: 2 trái
613,Bánh rán cam mật ong,no_metric_qty,khong co nguyen lieu nao ghi don vi g/kg/ml/l parse duoc
614,Salad cá hồi xông khói,unparsed_main_ingredient,"Xà lách romain : 2 cây; Bánh mì sandwich : 2 lát; Cà chua bi : 6 quả; Thì là : 2 cây, Tỏi băm, mù tạc vàng, Tiêu, dầu ăn, Giấm gạo lên men Ajinomoto, Xốt Mayonnaise Aji-mayo Vị Nguyên Bản"
615,Dê nướng sa tế,unparsed_main_ingredient,Sa tế : 2 muỗng; Cà tím : 1 trái; Sả cây : 1 cây; Nước cốt chanh : 1 muỗng
616,Bò nướng lá cách,unparsed_main_ingredient,Lá cách: 1 bó lớn; Sả cây: 8 cây
617,Gỏi bò rau càng cua,unparsed_main_ingredient,"Cần tàu: 4 cọng, Rau húng lủi, tỏi ớt băm, Hành tím phi, nước hành tỏi, Mè trắng rang, tương ớt, tiêu, đường, Hạt nêm Aji-ngon Heo, Nước tương Phú Sĩ, Giấm gạo lên men Ajinomoto"
618,Cốt lết chiên sốt húng chanh,unparsed_main_ingredient,Húng chanh tần dày lá: 10 lá; Nước tắc: 3 muỗng
619,Cải ngồng xào nấm,unparsed_main_ingredient,Boaro cắt sợi: 2 muỗng; Tàu hũ ky: 10x10cm 1 muỗngiếng; RAU NÊM: Ngò rí
620,Đậu hũ khìa,unparsed_main_ingredient,"Đậu hũ trắng: 2 muỗngiếng; Tàu hũ ky: 2 lá; Nấm hương: 4 cái; Dừa tươi: 1 trái, Thơm, cà chua, dưa leo, rau thơm, Muối, tiêu, đường, Ngũ vị hương, dầu ăn, Bột ngọt AJI-NO-MOTO, Nước tương Phú Sĩ"
621,Sandwich trứng cút mayonnaise,no_metric_qty,khong co nguyen lieu nao ghi don vi g/kg/ml/l parse duoc
622,Gỏi rau mầm tôm,unparsed_main_ingredient,"Bánh phồng tôm : 1 gói, 3 tép tỏi, 2 trái ớt"
623,Gỏi củ kiệu,unparsed_main_ingredient,"Rau húng lủi: 1ít, Đậu phộng, hành tỏi phi, Tỏi băm, ớt băm, ớt sợi, Muối, đường, nước mắm, Bánh phồng tôm, Giấm gạo lên men Ajinomoto"
625,Canh riêu cá chép,unparsed_main_ingredient,"Rau ghém ăn kèm: rau muống chẻ, kinh giới, ngò, cây chuối bào, .., Bột ngọt AJI-NO-MOTO"
626,Gà xào nước tương,unparsed_main_ingredient,Trang trí: Lá quế chiên giòn
627,Ếch xào bông hẹ sa tế,low_food_id_cover,"cover=0.07 thieu: Thịt đùi ếch, Bông hẹ"
628,Nem nướng,low_food_id_cover,"cover=0.00 thieu: Thịt nạc lưng  , Giò sống 100g, Mỡ gáy cắt hạt lựu nhỏ 2 ly 70g, Xốt tương"
629,Bún gạo xào rau củ,unparsed_main_ingredient,Đậu hũ chiên 1 muỗngiếng; Cải ngọt 5 nhánh; Cà rốt ½ củ; Cần tàu
630,Bí ngòi hấp xốt nấm,unparsed_main_ingredient,Bí ngòi : 1 trái; Trứng cút : 7 quả
631,Đùi gà áp chảo xốt thơm,unparsed_main_ingredient,"Đùi gà góc tư : 2 cái; Thơm chín : 1/4 trái; Nước tỏi : 2 muỗng; Nước dừa tươi : 2 chén, Xà lách, Dầu ăn, dầu điều, tiêu, nước mắm, tương ớt, nước bột năng, Nước tương Phú Sĩ, Hạt nêm Aji-ngon Gà"
632,Salad cua táo xanh,unparsed_main_ingredient,Dưa leo: 1 trái; Táo xanh: 1 trái; Ôliu đen: 10 trái; Nước tắc: 1 muỗng
633,Gà hon đậu phộng,unparsed_main_ingredient,"RAU NÊM: hành lá, ngò gai"
634,Vịt nướng nước cốt dừa,unparsed_main_ingredient,Nước cốt dừa 1 chén; Sả bằm 2 muỗng; Riềng non băm 1 muỗng; Lá chanh cắt nhuyễn 1 muỗng
635,Cá chiên xốt cam,unparsed_main_ingredient,Nước cam sành: 1/2 chén; Bột cam: 1 muỗng
637,Gà xào măng tây,unparsed_main_ingredient,RAU NÊM: ngò
638,Dồi trường xào bắp cải tím,unparsed_main_ingredient,Gừng cắt sợi 2 muỗng; sa tế
639,Chả cá Lã Vọng,unparsed_main_ingredient,"Trang trí: ớt sừng cắt sợi, húng lủi, Bột ngọt AJI-NO-MOTO"
640,Mực muối rim thịt,unparsed_main_ingredient,"Nước cốt me : 4 muỗng; Nước dừa tươi : 1 chén, Hành lá, Đường, tương ớt, dầu ăn, dầu điều, Bột ngọt AJI-NO-MOTO, Giấm gạo lên men Ajinomoto"
641,Gỏi ổi ốc giác,unparsed_main_ingredient,Cần tây 1 cây; Gừng củ 1 củ; Sả cây đập dập 2 cây; Rau răm
642,Gỏi hoa chuối thịt gà chay,unparsed_main_ingredient,Hoa chuối hột: 1 cái luộc sẵn; Mì căn lớn: 2 muỗngiếng; Boaro băm: 1 muỗng; RAU NÊM: Húng lủi
643,Trà sữa thạch kem hạt chia,unparsed_main_ingredient,"Sữa đặc: 1/3 lon; Vani: 1 ống; RAU NÊM: Húng lủi, Blendy Trà Matcha Sữa, Blendy Trà Sữa Royal"
644,Tôm viên tuyết hoa,unparsed_main_ingredient,"Ruột bánh mì sandwich cắt hạt lựu 3 li : 2 chén, Trứng cút luộc chín; bóc vỏ : 8 quả; Đầu hành lá băm nhỏ : 1 muỗng; Cọng ngò rí cắt nhỏ : 1 muỗng, Tiêu, dầu ăn, tương ớt, Hạt nêm Aji-ngon Heo, Xốt Mayonnaise Aji-mayo Vị Ngọt Dịu"
645,Cá chim kho gừng ớt,unparsed_main_ingredient,Gừng 1 củ vừa; Nước cốt gừng 1 muỗng; Rượu trắng 1 muỗng; rượu trắng
646,Hàu nướng lá hương thảo,unparsed_main_ingredient,Nước cốt chanh; Mù tạt xanh; Xốt Mayonnaise Aji-mayo Vị Nguyên Bản
648,Viên đậu hũ xốt nước tương,no_metric_qty,khong co nguyen lieu nao ghi don vi g/kg/ml/l parse duoc
649,Gà nướng lá húng lủi,unparsed_main_ingredient,Gà ta 1 con 1; Gừng băm nhuyễn 2 muỗng; Cọng cần tàu cắt nhuyễn 2 muỗng; Cọng ngò cắt nhuyễn 2 muỗng
650,Khổ qua chiên me cay,unparsed_main_ingredient,Đậu hũ chiên 1 muỗngiếng; Nước cốt me 1/2 chén; Boa-rô 1 cây
651,Thịt bò xào lá lốt,unparsed_main_ingredient,"Sả cây : 1 cây; Kẹo đậu phộng giã nhuyễn : 2 muỗng, Hành tỏi băm, Ớt sừng cắt sợi, Tiêu, bột cà ri, dầu ăn, Hạt nêm Aji-ngon Heo, Nước tương Phú Sĩ"
652,Bánh rôti cuộn thịt gà,unparsed_main_ingredient,Bánh rô ti : 5 cái; Cà rốt cắt sợi: 1/2 củ; Nước dùng gà : 1 chén; Cơm : 1 chén
653,Canh tôm khoai mài,unparsed_main_ingredient,Gừng băm : 1 muỗng
654,Tôm ram thịt ba chỉ,low_food_id_cover,"cover=0.00 thieu: Tôm đất, Thịt ba chỉ"
655,Chạo chay sả cây,unparsed_main_ingredient,Sả cây 8cây; bột năng; bột gạo; Đậu phộng rang giã nhỏ
657,Đậu rồng xào tép,unparsed_main_ingredient,Trứng gà: 2 quả
658,Canh mực nấu nước dừa,unparsed_main_ingredient,Thơm chín 1/2 trái; Cà chua 2 trái; Nước dừa 1 lít; Tabasco đỏ
659,Salad mì Ý với giò thủ,unparsed_main_ingredient,"Dưa leo: 1 trái; Cà chua: 2 trái; Dưa kiệu: 1 ít, Ngò rí, xà lách, Muối, đường, dầu ăn, ớt bột, Giấm gạo lên men Ajinomoto, Xốt Mayonnaise Aji-mayo Vị Nguyên Bản"
660,Sườn kho quế mật ong,unparsed_main_ingredient,Sả cắt lát 2 cây; Bột quế 1 muỗng; Quế thanh 1 thanh nhỏ; Mật ong 2 muỗng
661,Cháo bồ câu,unparsed_main_ingredient,Bồ câu 2 con.; Xương gà 1 bộ; Gừng; nấm hương
662,Cá trê chiên giòn,unparsed_main_ingredient,Cá trê 2 con; Gừng băm 1 muỗng; Gừng sợi 2 muỗng; Xốt Mayonnaise Aji-mayo Vị Nguyên Bản
663,Canh mực nấu chua,unparsed_main_ingredient,"RAU NÊM: Ngò gai, lá quế, ớt sừng"
665,Canh bí đỏ rong biển,unparsed_main_ingredient,Sườn chay 2 muỗngiếng
667,Mực xào nấm hương,unparsed_main_ingredient,Xốt tiêu đen 1 muỗng; Gừng băm nhuyễn 1 muỗng; Tép tỏi nhỏ loại tỏi Lý Sơn 15 tép; Dầu màu điều
668,Cà tím áp chảo xốt cay,unparsed_main_ingredient,Cà tím 2 trái; Sườn chay lát 4 muỗngiếng; Nước cốt dừa 1/2 chén; lá tàu hũ ki chiên vàng
669,Lẩu tập tàng,low_food_id_cover,"cover=0.48 thieu: Bún, Đọt mồng tơi"
670,Salad ngũ sắc,unparsed_main_ingredient,Khoai tây: 1 củ; Cà chua: 2 quả; Cá ngừ ngâm dầu : 1 hộp; Trứng : 1 quả
671,Thịt bò nướng mù tạt,unparsed_main_ingredient,"Bắp Mỹ: 1 trái; Đậu bắp: 8 trái; Cà chua bi: 1 ít, Tiêu, hành tím băm, tỏi băm, Que xiên, mù tạt xanh, dầu ăn, Xốt Mayonnaise LISA, Giấm gạo lên men Ajinomoto, Hạt nêm Aji-ngon Heo"
672,Gà chiên bắp phô mai,low_food_id_cover,"cover=0.00 thieu: Má đùi gà rút xương, Bắp non"
673,Gà xào ngũ sắc,unparsed_main_ingredient,"RAU NÊM: Hành, cần cắt khúc"
675,Bí đỏ xào thịt xông khói,low_food_id_cover,"cover=0.68 thieu: Thịt ba rọi xông khói, Lá tía tô, Bơ lạt cắt khối 1cm giữ lạnh"
676,Canh giò heo rau củ,unparsed_main_ingredient,Bắp Mỹ: 1/2 trái; Nấm đông cô tươi: 4 tai nhỏ; RAU NÊM: Hành ngò
677,Khoai môn hạt sen chiên xù,unparsed_main_ingredient,Cà rốt cắt hạt lựu nhỏ : 1 muỗng; Trứng gà : 2 quả
679,Canh chua tôm nước trong,unparsed_main_ingredient,"Long trăng trưng gà: 2 qua; Ca chua chin đo: 2 quả; Thơm got vo: 1/4 quả; RAU NÊM: Ngo gai, rau ôm"
680,Thịt ba chỉ kho mơ,unparsed_main_ingredient,Mơ ngâm 10 quả
681,Cá điêu hồng chiên xốt chanh dây,unparsed_main_ingredient,ơt sưng căt lat; bôt năng
682,Cá viên chiên mè,unparsed_main_ingredient,Mỡ heo băm nhỏ 2 muỗng; Trứng cút 8 quả; Bột xù 1 chén; Trứng gà 1 quả
683,Cà bát om thịt ba chỉ,unparsed_main_ingredient,"- Riềng nhỏ: 1 củ; - Nghệ tươi: 1 củ; - Lá tía tô: 1 ít, - Cơm mẻ, hành lá, ớt, tỏi băm, - Đường, tiêu, muối, nước mắm, dầu ăn, Hạt nêm Aji-ngon Heo"
685,Xào lăn chay thảo mộc,unparsed_main_ingredient,"Mì căn: 4 cây; Nấm mèo ngâm nở: 3 tai; Chuối sáp luộc chín: 6 trái; RAU NÊM: Ngò gai, rau om, húng quế"
686,Cánh gà chiên dừa,unparsed_main_ingredient,Cánh gà 120g: 4 cái; Sả băm: 1 muỗng; Gừng xay: 1/2 muỗng; Bột quế: 1/6 muỗng
687,Cá lăng nướng thì là,unparsed_main_ingredient,Thì là 2 cây; Đầu hành lá chẻ đôi 4 cái; Gừng cắt sợi 1 muỗng; Nước hành tỏi 1 muỗng
688,Cải thìa xào nấm đông cô thịt cua,unparsed_main_ingredient,"Rau nêm: ngò rí, ớt sợi."
689,Sandwich nướng tôm,unparsed_main_ingredient,Trứng gà 1 quả; Cu năng 5 củ; Ơt sưng 1 trai; Bánh mì sandwich lat 3 muỗngiếng
690,Vịt lộn xào me,unparsed_main_ingredient,Hột vịt lộn: 4 trái; Nước cốt me: 1 chén; Đậu phộng rang: 2 muỗng
693,Bông cải trộn tôm,unparsed_main_ingredient,"Cà rốt: 1/4 củ; Sả phi: 2 muỗng, Muối, tiêu, Tỏi, ớt, sả băm, Hạt nêm Aji-ngon Heo, Xốt Mayonnaise Aji-mayo Vị Nguyên Bản"
694,Bún bò bắp cải chua,unparsed_main_ingredient,"Cà chua: 2 trái; Nước ngâm cải chua: 5 muỗng; Nước dùng heo: 1, 2 lit"
695,Lẩu cháo chùm ngây,unparsed_main_ingredient,Boa rô băm 2 muỗng; Boa rô phi 2 muỗng; Lá boa rô xắt nhuyễn 2 muỗng; Tàu hủ ky 1/2 lá
696,Xôi xá xíu,unparsed_main_ingredient,"RAU NÊM: Đồ chua, ớt hiểm xanh"
697,Cuộn hành hoa,unparsed_main_ingredient,Củ cải trắng; cà rốt cắt cọng ngâm chua ngọt; Húng lũi; rau húng cây
698,Thịt lăn mè,unparsed_main_ingredient,"Trang trí: ngò tây, cà chua bi, Bột ngọt AJI-NO-MOTO"
699,Mì xào xá xíu,unparsed_main_ingredient,Lạp xưởng 2 cây
700,Dimsum hải sản,unparsed_main_ingredient,Vỏ hoành thánh 12 lá; Nấm đông cô khô 5 cái; Gừng băm 1 muỗng; Cà rốt băm
701,Cá kèo chiên chấm tương bần,unparsed_main_ingredient,Tương bần 2 muỗng; Nước chanh 1 muỗng; Sả băm 1 muỗng
702,Hủ tiếu xào sò huyết,unparsed_main_ingredient,"Lạp xưởng: 1 cây; Trứng gà: 2 quả, Tỏi băm; Rau nêm: Hành lá, ngò rí, ớt cắt sợi"
703,Canh cua đồng rong biển,unparsed_main_ingredient,Cà chua chín 2 trái; Mỡ cắt vuông 1; 5cm 3 muỗng; Thì là
704,Sò huyết xào tỏi,unparsed_main_ingredient,Nước cốt chanh 1 muỗng
705,Đậu hũ cuộn chiên giòn,unparsed_main_ingredient,"Đậu hũ chiên: 3 muỗngiếng; Nấm mèo khô: 2 tai; Gừng sợi: 2 muỗng, Giấm gạo lên men Ajinomoto, Hạt nêm Aji-ngon Heo, Gia vị nêm sẵn Aji-Quick Bột tẩm khô chiên giòn, Nước tương Phú Sĩ"
706,Ba rọi nướng riềng,unparsed_main_ingredient,Hanh tây 1 cu; Riêng cắt sợi 1 cu nhỏ; Hanh tim băm 1 muỗng; Toi băm 1 muỗng
707,Bánh ướt xá xíu áp chảo,unparsed_main_ingredient,Cà rốt 1/3 củ; Củ sắn 1/2 củ; Nấm mèo 1 tai; Trứng cút 4 quả
708,Cá cuốn tôm chiên xốt quả bơ,unparsed_main_ingredient,Tôm đất to bỏ vỏ; Bơ chín 1/2 quả; Dưa nụ ngâm chua 1 muỗng; Sữa tươi có đường 1 muỗng
709,Kèo nèo xào tép,unparsed_main_ingredient,Ơt sưng 1 qua; Hanh la 2 nhanh; Hanh tây 1/2 cu; Ca rôt 1/2 cu
710,Gỏi xoài cá cơm chiên,unparsed_main_ingredient,Xoài keo 1 trái; Nước chanh dây 4 muỗng; hạt điều rang; Bánh phồng tôm
711,Gà nấu nấm,unparsed_main_ingredient,"Cà rốt: 1 củ; Dừa xiêm: 1 trái, Bánh mì, bột mì, Dầu ăn, hành tím băm, Muối, tiêu, đường, Hạt nêm Aji-ngon Heo"
712,Nước ép táo quýt bó xôi,unparsed_main_ingredient,Táo đỏ 2 quả; Quýt ngọt 2 quả; Gừng gọt vỏ 1 muỗngiếng nhỏ; Lá húng lủi 4 đọt
713,Bánh canh khoai tím,unparsed_main_ingredient,Giò heo 4 khoanh; Tôm sú 4 con; Mực ống 1 con; Trứng cút 4 quả
714,Gỏi rau mầm,unparsed_main_ingredient,"Bánh phồng tôm: 1 gói, Dầu ăn"
716,Mít non trộn đậu hũ ky,unparsed_main_ingredient,"Tàu hũ chiên: 1 muỗngiếng; Tàu hũ ky chiên sẵn: 1 muỗngiếng, Dưa leo, cà rốt cắt sợi răng cưa, Rau răm, cần tàu, ớt sừng, Đậu phộng rang, Mè trắng rang, ớt sừng băm nhuyễn, dầu boaro phi, dưa kiệu cắt sợi, Đường, muối, tiêu, Nước tương LISA, Giấm gạo lên men Ajinomoto, Bột ngọt AJI-NO-MOTO, Nước tương Phú Sĩ"
717,Canh bóng cuộn bí ngòi,unparsed_main_ingredient,Bí ngòi xanh: 1 trái; Bóng bì loại mỏng dai: 2 muỗngiếng; Cà rốt: 1 củ; Nấm mèo: 2 tai
718,Bắp bò nhúng mẻ,unparsed_main_ingredient,Cà chua: 2 trái; Riềng: 2 muỗng; Mẻ nuôi xay: 3 muỗng; Nghệ xay: 2 muỗng
719,Miến xào hến xốt me,unparsed_main_ingredient,Hẹ cắt khúc 5cm 1 chén; Nước cốt me; Gừng băm
720,Thịt bò xào kiểu Hàn Quốc,unparsed_main_ingredient,Thơm: ½ trái
721,Gỏi gân bò trứng muối,unparsed_main_ingredient,"RAU NÊM: mè trắng rang, ớt sừng cắt sợi, lá cần tàu"
722,Bò kho nước dừa,unparsed_main_ingredient,Nước dừa tươi 2 chén; Quế chi 1 muỗngiếng cỡ ngón tay; Hoa hồi 2/3 cái; Đinh hương 2 nụ
724,Sườn cuộn bacon chiên mè,no_metric_qty,khong co nguyen lieu nao ghi don vi g/kg/ml/l parse duoc
725,Súp nấm hải sản chua cay,unparsed_main_ingredient,"Bột năng: 3 muỗng; Trứng gà: 1 quả; Sả cây: 2 cây, Hành tây bào mỏng, lá chúc, hành tím bào; RAU NÊM: ngò rí"
727,Bún gạo xào thập cẩm,unparsed_main_ingredient,"Trứng vịt: 1 quả, Cà rốt, bông hẹ, nấm đông cô, hành tây, hành ngò, Đường, rượu trắng, nước mắm, Dầu mè, dầu ăn, Bột năng, Tỏi băm, ớt trái, tiêu, Nước tương LISA, Bột ngọt AJI-NO-MOTO, Nước tương Phú Sĩ, Hạt nêm Aji-ngon Heo, Giấm gạo lên men Ajinomoto"
728,Canh chân nấm táo đỏ,unparsed_main_ingredient,"Táo đỏ táo tàu : 5 trái; Nước dừa tươi: 500 muỗngl; RAU NÊM: Lá boaro xanh, lá quế"
729,TẾT 3 MIỀN – Miền Nam: Cải bẹ xanh cuốn củ hủ dừa,unparsed_main_ingredient,"CUỐN KÈM: bún tươi, rau thơm, dưa leo, thơm, Đường, tiêu, bột ngọt, tương ớt, dầu mè, Hạt nêm Aji-ngon Nấm, Nước tương Phú Sĩ"
730,Thịt gà nấu long nhãn,unparsed_main_ingredient,Đùi gà: 4 cái; Cà rốt: 1 củ; Dừa tươi: 1 trái
731,Canh gà nấm mỡ,unparsed_main_ingredient,Má đùi gà 4 cái; Nước dùng gà 1; 5 lít
732,Mít non om sườn chay củ sen,unparsed_main_ingredient,"Mít non chọn loại còn sống hạt mít nhỏ, non; Sườn chay: 3 muỗngiếng; Nước cốt dừa: 1 chén; Dừa tươi: 1 trái"
735,Mì vịt tiềm chay,unparsed_main_ingredient,Đậu hũ chiên 1 muỗngiếng; Cà rốt tỉa hoa cắt lát 1/3 củ; Nấm đông cô ngâm mềm 12 cái; Nước dùng chay 2
736,Bánh bao chiên,unparsed_main_ingredient,Mỡ băm: 1 muỗng; Đầu hành lá băm: 1 muỗng; Lạp xưởng: 1 cây; Trứng cút: 12 quả
737,Salad ổi,unparsed_main_ingredient,Ổi xanh: 3 trái to
739,Đà điểu xốt trái cây,unparsed_main_ingredient,Khoai tây 1 củ; Húng lũi cắt nhỏ 1 ít; Lá hương thảo 1 muỗng; bột năng
740,Thăn heo cuốn cải hấp,unparsed_main_ingredient,Trứng gà ta 1 quả; Cà rốt 1 củ; Lá cải xanh 10 lá; thuốc muối
741,Đà điểu xào lá cách,unparsed_main_ingredient,đỏ 1/2 trái mỗi loại; Nước cốt dừa 1 chén; Đậu phộng rang 2 muỗng
743,Thịt quay chay,unparsed_main_ingredient,"Vỏ bánh mì: 1 cái; Nước cốt dừa: 1 chén; Bột gạo: 2 muỗng, 1 khuôn inox hình chữ nhật, Dầu điều, Muối, đường, bột năng, Nước tương LISA, Bột ngọt AJI-NO-MOTO"
744,Cá nướng mù tạt,unparsed_main_ingredient,Lòng đỏ trứng 1 quả; Bắp cải bào; dưa leo; húng quế
745,Canh măng cua đồng,unparsed_main_ingredient,"Cà chua: 2 trái, Hành tím. hành lá, ngò rí, muối, tiêu, đường, nước mắm, dầu ăn, Hạt nêm Aji-ngon Heo, Bột ngọt AJI-NO-MOTO"
747,Bánh pancake hạt dẻ cười,unparsed_main_ingredient,Dâu tây tươi 5 trái; Sữa chua có đường 1 hộp; Phô mai mềm 1 hộp; Vỏ chanh vàng mài 1.5 muỗng
748,Canh cà chua thịt bò,unparsed_main_ingredient,Cà chua 3 trái; Khoai tây 1 củ
749,Vịt nấu ragu,unparsed_main_ingredient,Dừa tươi: 1 trái; Bắp mỹ: 1/2 trái; Sả: 5 cây; Nụ đinh hương: 2 nụ
750,Lẩu bắp bò tôm chua,unparsed_main_ingredient,Đậu hũ trắng 1 muỗngiếng; gừng; sả cây đập dập; Rau om
751,Bò cuộn ba rọi xông khói,unparsed_main_ingredient,"Cọng cần tàu cắt nhỏ : 2 muỗng; Rượu brandy : 1 muỗng, Rau mầm, Cà chua bi, Bột mì, dầu ăn, muối, tiêu, tương ớt, Hạt nêm Aji-ngon Gà, Xốt Mayonnaise Aji-mayo Vị Nguyên Bản"
752,Bánh xèo,unparsed_main_ingredient,"Dừa: 1 trái, Đồ chua, ớt, hành tỏi băm, bột nghệ, Muối, tiêu đường, nước mắm, dầu ăn, Cải xanh, rau xà lách, rau thơm các loại, Giấm gạo lên men Ajinomoto, Hạt nêm Aji-ngon Heo"
754,Bí đỏ hấp hải sản,unparsed_main_ingredient,Bí đỏ tròn cỡ vừa 1 quả; Nấm hương 4 tai
755,Salad cá hồi,unparsed_main_ingredient,Cà chua bi 6 trái; lá quế tây băm; nước cốt chanh
756,Chả cá thì là,unparsed_main_ingredient,"Thì là: 2 cây; Lòng trắng trứng gà: 1 quả; Bột năng: 1 muỗng; Đầu hành hoa: 3 cây, Muối, tiêu, dầu ăn, tương ớt, Bột ngọt AJI-NO-MOTO, Xốt Mayonnaise Aji-mayo Vị Nguyên Bản"
757,Măng tây xào tôm,unparsed_main_ingredient,lá Oregano khô; dầu olive
758,Cá tuyết sốt nanban,no_metric_qty,khong co nguyen lieu nao ghi don vi g/kg/ml/l parse duoc
760,Pancake trứng muối chà bông,unparsed_main_ingredient,"Trang trí: húng lủi, Bột bánh rán pha sẵn vị truyền thống"
762,Cá hấp nước tương,unparsed_main_ingredient,Cá điêu hồng: 1 con; Gừng: 1 củ
763,Cháo ếch,unparsed_main_ingredient,Cháo trắng 4 chén; Nước dùng gà 1; 5 chén; Gừng băm
764,Sườn sụn om hành phi,unparsed_main_ingredient,"RAU NÊM: hanh hoa, ơt sơi"
765,Chả trứng hấp,unparsed_main_ingredient,Trứng vịt 3 cái; Trứng muối 2 cái; Nấm mèo ngâm mềm để ráo 1 tai lớn; Bún tàu ngâm mềm để ráo 1 lọn
766,Canh chua cá củ thì là,unparsed_main_ingredient,Cà chua 1 quả; Thơm 1/4 quả; Củ thì là fennel 1 củ
767,Cá chép kho riềng,unparsed_main_ingredient,"Mía dài 40cm: 1 khúc, Ớt sừng, ớt hiểm, hành lá Tiêu xay, tiêu hạt, muối Đường, dầu ăn, màu dầu điều, nước màu, Bột ngọt AJI-NO-MOTO, Nước tương Phú Sĩ"
768,Cánh gà xốt mù tạt,no_metric_qty,khong co nguyen lieu nao ghi don vi g/kg/ml/l parse duoc
769,Vịt kho củ hũ dừa,unparsed_main_ingredient,Sả cây 4 cây; Nước dừa tươi 1 trái; Sả băm
770,Lẩu hoa cá kèo,unparsed_main_ingredient,"Cà chua: 2 quả; Thơm: 1/2 quả; Nước dùng gà: 1, 8 lít; RAU NÊM: húng quế, rau om, ngò gai, ớt hiểm, tỏi phi"
771,Gà chiên sốt taru taru,no_metric_qty,khong co nguyen lieu nao ghi don vi g/kg/ml/l parse duoc
772,Phở cuốn,unparsed_main_ingredient,"Cà rốt: 1/2; cXà lách: 2 cây, Rau thơm các loại, Tỏi băm, ớt băm, Tiêu, đường, nước mắm, Giấm gạo lên men Ajinomoto, Hạt nêm Aji-ngon Heo"
774,Đậu hủ bách hoa xốt thịt cua,unparsed_main_ingredient,Đậu hủ non 2 cây; Nấm hương 10 tai; Cà rốt cắt hạt lựu nhỏ 1 muỗng; bột năng
775,Pancake dành dành,no_metric_qty,khong co nguyen lieu nao ghi don vi g/kg/ml/l parse duoc
776,Canh cua khổ qua,unparsed_main_ingredient,Khổ qua: 2 trái
777,Súp tôm măng tây vị lẩu Thái,unparsed_main_ingredient,Bột năng: 3 muỗng; Trứng gà: 2 quả; Tàu hủ non: 1/2 cây
778,Mì Linguine xào tôm bắp,unparsed_main_ingredient,Cà chua cắt hạt lựu 1 chén; Tương cà chua 2 muỗng; Nước cốt chanh 1 muỗng; Rau cần tây
779,Mì Ý xào thịt bò băm,unparsed_main_ingredient,"Trứng gà: 4 quả, Cà rốt, ngò tây, hanh tây, Dầu ăn, đương, muối, tiêu Tương cà, ca hôp, bơ, tỏi băm, Nước tương LISA, Hạt nêm Aji-ngon Heo"
781,Cánh gà kho bắp non,unparsed_main_ingredient,RAU NÊM: Hành lá
782,Bún ốc,unparsed_main_ingredient,"Nước dùng: 1, 5 lít; Cà chua: 2 trái; Đậu hũ chiên: 1"
783,Đùi gà mật ong,unparsed_main_ingredient,"Đùi gà công nghiệp 300g/cái : 2 cái; Nước táu nước láu : 1 lít; Hoa hồi : 3 cái, Thảo quả 1 quả; Quế chi : 1 muỗngiếng nhỏ"
784,Bánh crepe kem chuối,unparsed_main_ingredient,Chuối Doli: 1 trái; Xốt socola: 1 trái; Trứng gà: 1 quả; Bột quế: 1 ít
786,Cuốn lá lốt chay,unparsed_main_ingredient,"Sườn non chay loại khô: 5 muỗngiếng; Sả băm: 1, 5 muỗng; Đậu phộng rang: 2 muỗng, Đường, ngũ vị hương, tương ớt, sa tế chay, Nước cốt chanh, boaro phi, dầu ăn"
787,Gà nướng xiên xốt đậu phộng,unparsed_main_ingredient,Sả xay nhuyễn: 1 muỗng; Bột nghệ: 2 muỗng; Nước cốt chanh: 1 muỗng
788,Sò lông xào chua ngọt,unparsed_main_ingredient,Cà chua 1 quả; Thơm 1/4 muỗngiếng; Nấm linh chi nâu 1 gói; Dưa leo 1 quả
789,Phở bò,unparsed_main_ingredient,Củ cải trắng 1 củ; Gừng 1 củ nhỏ; 1/2 trái thảo quả; 1 nụ đinh hương
790,Lẩu cua lá me,unparsed_main_ingredient,Cua thịt: 2 con; Cà chua chín đỏ: 2 trái; Nước dùng: 2 lít; Sả băm: 1 muỗng
791,Gà lên mâm,unparsed_main_ingredient,Gà ta có trứng non 1 con; Lòng gà 1 bộ; Xôi trắng 2 chén; Củ nén thái mỏng 4 muỗng
792,Đọt su xào trứng bắc thảo,unparsed_main_ingredient,Trứng Bắc Thảo 2 quả; Trứng gà ta 1 quả; Táo tàu không hạt 5 trái; Kỉ tử 1 muỗng
793,Bánh hành tóp mỡ,unparsed_main_ingredient,Mỡ nước 2 muỗng; Trứng gà 1 quả; Bột nở 1/4 muỗng; Gừng cắt lát đập dập
794,Thịt rang gừng lá chanh,unparsed_main_ingredient,La chanh căt nhuyên 1 muỗng; đương; nươc măm
795,Sườn nướng tiêu,unparsed_main_ingredient,Khoai tây: 1 củ
796,Khoai tây viên chiên xù,unparsed_main_ingredient,"Trứng gà: 2 quả, Bột mì, bột xù, Tiêu, tương cà, tỏi băm, dầu ăn, Hạt nêm Aji-ngon Heo, Xốt Mayonnaise Aji-mayo Vị Nguyên Bản"
800,Vịt om dưa cải khoai sọ,unparsed_main_ingredient,"RAU NÊM: ngò gai, rau om, ớt sừng"
802,Canh nấm càng cua,unparsed_main_ingredient,Càng cua 6 cái; Nấm đông cô khô 8 tai; Nước dùng 1; 2 lít
803,Mì Soba xào bạch tuộc,unparsed_main_ingredient,gừng băm; gừng đập dập
804,Pancake sắc màu,unparsed_main_ingredient,Trứng gà : 4 quả; Xúc xích xông khói: 1 cây; Bắp Mỹ luộc tách hạt: 1/2 chén; cắt hạt lựu: 1/2 chén
805,Bánh mì hạnh nhân,unparsed_main_ingredient,Bánh mì trắng sandwich: 4 lát; Trứng gà: 2 quả; Dâu ngọt: 4 quả; Húng lủi: 2 đọt
807,Chả chay cuốn rong biển,unparsed_main_ingredient,Lá rong biển lá nori: 3 lá; Lá tàu hủ kỷ yểu: 3 muỗngiếng; Đậu hủ trắng loại miếng nhỏ: 3 muỗngiếng
808,Cá thu chiên nghệ,unparsed_main_ingredient,"Xoài keo: 1 trái; Nước cốt nghệ tươi: 2 muỗng; Thính gạo rang giã nhỏ: 1 muỗng, Dầu ăn, tiêu, đường, nước mắm, ớt bột, Gia vị nêm sẵn Aji-Quick Bột tẩm khô chiên giòn, Giấm gạo lên men Ajinomoto"
810,Sườn chiên lá lốt,low_food_id_cover,"cover=0.03 thieu: Sườn non, Bột xù"
811,Ếch khói lửa,no_metric_qty,khong co nguyen lieu nao ghi don vi g/kg/ml/l parse duoc
812,Bắp bò xốt pate chấm muối tắc,unparsed_main_ingredient,Gừng lát dày 2 ly: 2 lát 2cm; Pate gan heo: 2 muỗng; Bột năng : 1 muỗng; Đầu hành lá: 10 cọng
813,Bò né chay,unparsed_main_ingredient,Boaro cắt lát; sả băm; sa tế chay; Bơ lạt
814,Ếch xé phay trộn rau mầm,unparsed_main_ingredient,"Sả xay: 2 muỗng; Sả cây: 2 cây; RAU NÊM: Rau húng lủi cắt rối, ớt sừng cắt sợi 1 trái"
815,Trứng hấp hải sản,unparsed_main_ingredient,Tôm sú 4 con; Nấm hương 4 tai; Thanh cá giả 1/2 thanh; Cải bó xôi 1 cây
816,Củ hũ dừa kho nấm,unparsed_main_ingredient,Nước dừa: 1/2 chén
817,Chôm chôm nhồi tôm chiên,unparsed_main_ingredient,Chôm chôm : 20 quả; Đầu hành lá băm : 1 muỗng; Cọng ngò băm : 1/2 muỗng; Trứng gà : 2 quả
818,Bò cuộn nấm xốt tiêu,unparsed_main_ingredient,"Nước dùng: ½ chén; Bột năng pha loãng: 1 muỗng, Muối, tiêu, đường, Tương cà, dầu ăn, bơ tươi, Hạt nêm Aji-ngon Heo, Gia vị nêm sẵn Aji-Quick Bột tẩm khô chiên giòn, Xốt Mayonnaise Aji-mayo Vị Nguyên Bản"
819,Vịt nấu chao,unparsed_main_ingredient,"Gừng: 1 củ; Chao đỏ: 2 muỗng; Chao trắng: 3 muỗng; Nước dừa tươi: 1 lít, Tỏi băm, hành tím băm, ớt băm, Ngò om, ngò gai, tiêu, dầu điều, đường, Bột ngọt AJI-NO-MOTO, Hạt nêm Aji-ngon Heo"
820,Canh sườn non táo đỏ,unparsed_main_ingredient,"Cà rốt : 1 củ; Bắp Mỹ : 1/3 trái, Muối, đường, Hành ngò, Bột ngọt AJI-NO-MOTO, Hạt nêm Aji-ngon Gà"
821,Mì trường thọ,unparsed_main_ingredient,"Vịt quay: 1/2 con; Nấm đông cô: 4 tai; Cà rốt: 1/2 củ, Dầu hào, đường, tiêu, dầu ăn, Ngò rí, hành lá, ớt, tỏi băm, Hạt nêm Aji-ngon Heo, Nước tương Phú Sĩ"
822,Rong biển trộn nấm tuyết,unparsed_main_ingredient,Cá giả đông lạnh: 1/4 thanh; Rau húng lủi: 1 ít
823,Gỏi bò rau mầm,unparsed_main_ingredient,bánh phồng tôm
824,Mì EFU xào xá xíu,unparsed_main_ingredient,RAU NÊM: Ngò rí
825,Bánh tôm,unparsed_main_ingredient,"Bột gạo: 1 muỗng; Bột nổi: 1 muỗng; Nước vôi trong: 1 tô, Bột nghệ, ớt sừng, Xà lách, rau thơm, ngò rí, tỏi, ớt băm, Muối, đường, nước mắm, bột nghệ, Giấm gạo lên men Ajinomoto, Bột ngọt AJI-NO-MOTO, Hạt nêm Aji-ngon Heo"
826,Trứng chiên đậu hủ thịt cua,unparsed_main_ingredient,Trứng gà ta 6 quả; Cà chua bi 1 quả
827,Canh nấm hạt sen,unparsed_main_ingredient,Cà rốt : 1/2 cây
828,Cá nục kho kiểu Nhật,unparsed_main_ingredient,"Ơt sưng: 2 trai; Ơt hiêm: 2 trai; Toi: 5 tep; Gưng: 1 cu vưa, Dâu ăn, dâu điêu, đương, tiêu, muối, Bột ngọt AJI-NO-MOTO, Nước tương Phú Sĩ, Hạt nêm Aji-ngon Gà, Giấm gạo lên men Ajinomoto"
830,Súp hoành thánh,unparsed_main_ingredient,Rau Nêm: Hành ngò
832,Gỏi rong biển,unparsed_main_ingredient,"Dưa leo: 1 trái; Cà rốt: 1 củ; Rau răm: 1 nhúm, Tỏi, hành tím, ớt sừng, Đường, nước mắm, Hạt nêm Aji-ngon Heo, Giấm gạo lên men Ajinomoto"
833,Bún riêu cua xí quách,unparsed_main_ingredient,"Cà chua: 4 trái, Hành lá; Mỡ có tóp mỡ: 1/2 chén, Muối, đường, mắm tôm, dầu điều, nước mắm, Bún tươi, rau sống, ớt xay, chanh, Bột ngọt AJI-NO-MOTO, Hạt nêm Aji-ngon Gà, Giấm gạo lên men Ajinomoto"
834,Cuốn cá xốt xoài,unparsed_main_ingredient,Bơ chín 1 quả; Xoài keo 1/4 trái; Bánh tráng; Nước cốt chanh
835,Spagetty xốt vẹm,unparsed_main_ingredient,Vẹm đông lạnh 15 con; Lòng đỏ trứng gà 1 cái; Cà chua 2 quả; Kem sữa tươi ½ chén súp
836,Cá rô phi kho lá lốt,unparsed_main_ingredient,Nước dừa tươi 1/2 lít
837,Thịt bò xào bông so đũa,unparsed_main_ingredient,"RAU NÊM: Hành lá, ngò rí"
838,Vịt xào lá mắc mật,no_metric_qty,khong co nguyen lieu nao ghi don vi g/kg/ml/l parse duoc
839,Lẩu mẻ cá chẽm,unparsed_main_ingredient,"Dừa xiêm: 1 trái; Cơm mẻ: 1 chén, Muối, tiêu, đường, nước mắm, Hạt nêm Aji-ngon Heo, Bột ngọt AJI-NO-MOTO, Giấm gạo lên men Ajinomoto, Xốt Mayonnaise Aji-mayo Vị Nguyên Bản"
840,Súp nghêu rau củ,unparsed_main_ingredient,Cà chua: 2 trái; Khoai tây nhỏ: 1 củ
841,Cookies Blendy dâu 3 màu,unparsed_main_ingredient,Trà sữa dâu Blendy: 4 gói; Bánh cookies đỏ: 6 cái; Bánh cookies đen: 4 cái; Whipping cream: 150 muỗngl
842,Sườn nấu đậu,unparsed_main_ingredient,"Cà rốt: 1/2 củ.; Cà chua: 2 trái., Lá thơm, ngò rí, tỏi, bơ, hành tím, hành tây, dầu điều, sữa bột, bột mì, cà chua hộp, dầu ăn, muối, tiêu, đường, Hạt nêm Aji-ngon Heo"
844,Cá lóc đồng kho nghệ,unparsed_main_ingredient,Nước nghệ tươi 2 muỗng; Sả băm 1 muỗng; Nước dừa tươi 2 chén; Húng lủi
845,Súp gà chua cay,unparsed_main_ingredient,"Đậu hũ non: 1 muỗngiếng; Nước dùng gà: 1, 5 lít; Nấm đông cô tươi: 5 tai"
848,Nghêu kho gừng,unparsed_main_ingredient,Gừng non 1 củ; Rượu trắng 2 muỗng; nước màu
849,Canh sụn bò củ cải,unparsed_main_ingredient,Củ cải trắng gọt vỏ: 1 củ to; Cà chua: 2 quả; Cần tàu: 3 cây; Gừng cắt lát: 2 lát
850,Cánh gà nhồi sả chiên xốt me,unparsed_main_ingredient,Cánh gà 4 cái; Sả băm 4 muỗng; Nước me cô đặc 5 muỗng; Nước bột năng
851,Gỏi cuốn tôm chiên,unparsed_main_ingredient,Tía tô: 2 cây; Húng quế: 2 cây; Rau diếp cá: 5 cây; Xà lách: 1 cây
853,Bánh rán sô-cô-la xốt táo,no_metric_qty,khong co nguyen lieu nao ghi don vi g/kg/ml/l parse duoc
854,Bò lá lốt chiên,unparsed_main_ingredient,Sả cây băm nhuyễn: 1 muỗng; Lá lốt: 30 lá
855,Ốc xào chuối xanh,unparsed_main_ingredient,- Chuối xanh: 3 trái
856,Vịt rang tỏi,unparsed_main_ingredient,Toi tep đâp dâp 1 củ; Ơt sưng căt qua tram 1 trái; Bột năng; Bơ đậu phộng
858,Tôm nướng hoàng kim,unparsed_main_ingredient,Lòng đỏ trứng muối: 4 trứng; Lòng đỏ trứng gà: 2 trứng; Sữa đặc có đường: 1 muỗng
859,Sườn chay nấu đậu,unparsed_main_ingredient,Dừa tươi: 1 trái; Tàu hũ ky: 1 muỗngiếng; Bánh mì: 4 ổ
860,Đông cô hấp tôm,unparsed_main_ingredient,Lòng trắng trứng: 1/2 cái; Nước dùng: 1 chén; Nấm đông cô khô: 10 tai; Cà rốt: 1/4 củ
861,Chả lụi,unparsed_main_ingredient,Bánh tráng mỏng 1 xấp; Xoài keo 1 quả; Dưa leo 1 quả; Rau xà lách xoăn 2 cây
862,Cơm tôm bí đỏ,unparsed_main_ingredient,Cơm nguội: 2 chén
863,Chả nghêu húng quế,unparsed_main_ingredient,Bột năng : 1 muỗng; Mỡ chài : 1 muỗngiếng; Húng quế : 20 lá to; Lòng trắng trứng gà : 1 cái
864,Gà tiềm chôm chôm,unparsed_main_ingredient,Gừng giã 1 muỗng; Dừa tươi 1 trái; rượu trắng
865,Cá trứng chiên xốt trứng muối,unparsed_main_ingredient,RAU NÊM: ngò rí băm
866,Gà hấp lá sen,unparsed_main_ingredient,"Trang trí: 2 lá sen, 5 bông sen, Bột ngọt AJI-NO-MOTO"
867,Phở sắn xào thập cẩm,unparsed_main_ingredient,Tàu hũ ky lá: 1 lá to; Nước dùng chay: 250 muỗngl
868,Canh cá kèo rau đắng,unparsed_main_ingredient,Nước me sệt 1/2 ch; Rau om
869,Mì căn xốt nấm,unparsed_main_ingredient,Mì căn : 3 cây; Đậu hũ non : 1/2 muỗngiếng; Nấm đông cô đã ngâm : 4 tai; Cải thìa : 6 cây
870,Sườn non kho xá bấu,unparsed_main_ingredient,Xá bấu: 2 cây; Ớ hiểm khô: 5 quả; Nước cơm: 1/2 chén
873,Gỏi rau má tôm khô chiên giòn,unparsed_main_ingredient,RAU NÊM: húng lũi
874,Bò xào khổ qua bắp cải tím,unparsed_main_ingredient,Khổ qua 2 trái
875,Sườn chiên xốt chanh dây,unparsed_main_ingredient,"Nước chanh dây : 1 chén; Nước dừa tươi : 1 trái; Nước cốt tỏi : 1 muỗng, Ớt băm, cọng ngò rí băm, Tiêu, đường, tương ớt, dầu ăn, bột năng, muối; Trang trí: Cà chua, dưa leo, xà lách"
876,Cá trắm kho khế,unparsed_main_ingredient,Nước trà xanh 3 chén; Riềng cắt lát; nước màu; dầu điều
877,Bánh tét lá cẩm,low_food_id_cover,"cover=0.33 thieu: Thịt ba chỉ, Dừa nạo, Lá cẩm, Lá dứa, Lá chuối hột"
878,Cá kèo kho rau răm,low_food_id_cover,"cover=0.00 thieu: Cá kèo sống, Rau răm"
879,Gỏi miến thịt bằm,unparsed_main_ingredient,"Cà rốt: 1/2 củ; Cần tàu: 1 cây; Bánh phồng tôm: 1 gói, Ngò rí, rau húng lủi, Tiêu, nước mắm, nước cốt chanh, Đường, dầu ăn, Hạt nêm Aji-ngon Heo, Giấm gạo lên men Ajinomoto"
880,Miến trộn kiểu Thái,unparsed_main_ingredient,Tôm sú 4 con; Tôm khô 1 chén xốt; Cà chua bi 7 quả; đậu phộng rang giã
881,Bánh mì que xốt thịt cay Mayo,unparsed_main_ingredient,RAU NÊM: Ngò rí
882,Bánh ít nhân tôm thịt,unparsed_main_ingredient,Nấm mèo: 2 tai
883,Tôm xốt cocktail,unparsed_main_ingredient,Dừa xiêm 1 trái chặt vát 1 đầu; giữ nước dừa lại; Cà chua 1 trái; Sữa đặc có đường 1 muỗng
884,Gà cuộn xôi chiên,no_metric_qty,khong co nguyen lieu nao ghi don vi g/kg/ml/l parse duoc
885,Rau củ chiên giòn,unparsed_main_ingredient,Cà tím: 1 trái; Cà rốt: 1/2 củ; Bông bí: 5 bông; Trứng gà: 2 quả
886,Cá nục kho thơm,unparsed_main_ingredient,Thơm: 1/4 trái cắt lát dày 1cm; Mía lau : khoảng 15cm cắt khúc vừa nồi; Nước màu: 1/2 muỗng; Dầu điều: 1 muỗng
887,Cá lăng kho chuối và tai chua,unparsed_main_ingredient,Chuối xanh 2 trái; Lá trà xanh 10 lá; Nước trà xanh 1 tô; Riềng
888,Chả giò Spaghetti,unparsed_main_ingredient,"Nấm đông cô tươi: 4 tai; Cải thảo: 2 lá; Thịt nguội: 1 lát; Bánh tráng bò bía tươi: 1/2 gói, Hành, tỏi băm, mè trắng, bột năng, Tiêu, tương ớt, dầu ăn, Hạt nêm Aji-ngon Heo, Xốt Mayonnaise Aji-mayo Vị Nguyên Bản"
890,Gà hấp cải bẹ xanh,no_metric_qty,khong co nguyen lieu nao ghi don vi g/kg/ml/l parse duoc
891,Canh cá nấu mẻ,unparsed_main_ingredient,Mẻ 3 muỗng; Cà chua 3 quả; Nghệ 1 củ nhỏ; Thì là
892,Gỏi trộn khô mực,unparsed_main_ingredient,Bưởi : 1 trái
893,Ốc cà na hấp sả,unparsed_main_ingredient,Sả cây 5 cây; Rượu trắng 2 muỗng; Tắc 3 trái
894,Bánh mì nướng tỏi,no_metric_qty,khong co nguyen lieu nao ghi don vi g/kg/ml/l parse duoc
895,Tim heo xào măng tây,unparsed_main_ingredient,Tim heo: 1 quả Bổ đôi làm sạch; Bột bắp: 1 muỗng; Rượu Brandy: 1 muỗng; RAU NÊM: Ngò rí
896,Mì spaghetti xào tôm nấm,unparsed_main_ingredient,Tôm sú 30-40: 6 con; Cà rốt: 1/2 củ; Trứng gà: 2 quả; RAU NÊM: Ngò rí
897,Bao tử kho xốt cay,unparsed_main_ingredient,RAU NÊM: Hành lá cắt nhỏ
898,Chả hấp chay,no_metric_qty,khong co nguyen lieu nao ghi don vi g/kg/ml/l parse duoc
899,Salad đậu cô ve,low_food_id_cover,"cover=0.74 thieu: Thịt cua, Đậu phộng"
900,Canh sườn củ cải muối,unparsed_main_ingredient,"Cải muối: 2 củ; Câu kỷ tử: 1/2 muỗng, Hành lá, ngò rí, Ớt sừng, hành tím, Muối, tiêu, Hạt nêm Aji-ngon Heo, Bột ngọt AJI-NO-MOTO, Nước tương Phú Sĩ"
901,Bắp bò xào đậu rồng,unparsed_main_ingredient,Cà chua: 1 trái thái múi cau; Thơm: 1/4 trái thái lát; RAU NÊM: lá húng lủi
902,Mì áp chảo thịt heo,unparsed_main_ingredient,Boa rô 1 cây
903,Chả giò rong biển,unparsed_main_ingredient,Củ năng băm : 2 muỗng; Cần tây băm nhỏ : 2 muỗng; Cà rốt băm : 1 muỗng; Lòng trắng trứng : 1 cái
904,Salad sò điệp chiên giòn,unparsed_main_ingredient,Lê: 1 quả; Thanh cua: 5 thanh; Húng lủi: 1 chén
905,Salad dưa leo trộn xúc xích,no_metric_qty,khong co nguyen lieu nao ghi don vi g/kg/ml/l parse duoc
906,Lẩu cá hồng nhúng giấm,unparsed_main_ingredient,Cá điêu hồng phi lê 1 con giữ đầu và đuôi để trang trí; Cà chua 3 trái; Sả bào mỏng 1/2 chén; Sả cây đập dập 3 cây
908,Bạch tuộc xào rượu gừng,unparsed_main_ingredient,rượu trắng
909,Mực lụi sả nướng,low_food_id_cover,"cover=0.00 thieu: Mực ống nhỏ   khoảng 4 con, Thịt xay 100g, Giò sống 50g, Sả cây 5 cây, Lá dứa 4 lá, Ớt sừng 1 trái, Sả băm, tỏi băm, ớt băm mỗi thứ 1 muỗng"
910,Chả giò sứa,unparsed_main_ingredient,Trứng gà 3 quả; Nước cốt chanh; Bánh tráng pía; bột chiên xù
911,Sandwich trái cây chiên giòn,unparsed_main_ingredient,Bánh mì sandwich: 4 lát; Lê: 1 lát; Dưa hấu không hạt: 1 lát; Thơm chín: 1 lát
912,Su hào xào hải sản,unparsed_main_ingredient,"Trứng gà: 1 quả, Hành lá, Hành tỏi băm, Ngò rí"
913,Cá hấp củ sen,unparsed_main_ingredient,Cá diêu hồng: 1 con; Củ sen: 1 củ; Kỉ tử: 10 hạt; gừng cắt sợi: 5 lát
914,Tai heo kho cải chua,unparsed_main_ingredient,Tai heo 1 cái; gừng; rượu trắng
915,Súp cua nấm tuyết,unparsed_main_ingredient,Trứng gà: 1 quả
917,Suông tôm giò heo,unparsed_main_ingredient,trứng; bột năng; xốt tương LISA
918,Hàu chén nướng sốt tiêu xanh,unparsed_main_ingredient,Trứng cút: 8 trứng; Chén nước chấm: 8 chén; Gừng băm nhỏ: 1 muỗng; Dầu điều: 1 muỗng
920,Lẩu cá chình,unparsed_main_ingredient,"RAU NÊM: ngò gai, hành lá cắt nhỏ"
921,Lươn cuốn thịt om riềng,unparsed_main_ingredient,Riềng nhỏ: 2 củ; Nghệ nhỏ: 2 củ
922,Bánh canh vịt,unparsed_main_ingredient,"Thịt vịt: 1/2 con; Củ nén: 3 muỗng; Gừng: 1 củ; RAU NÊM: hành lá, rau răm cắt nhỏ"
923,Xúc xích ếch,unparsed_main_ingredient,Sả băm 1 muỗng; Lá chanh cắt nhuyễn 1/2 muỗng; Xốt Mayonnaise Aji-mayo Vị Nguyên Bản
924,Cháo thịt bò trứng muối,unparsed_main_ingredient,"Gừng: 1 củ nhỏ; Trứng vịt muối: 4 quả, Hành lá, ngò rí, tiêu, muối, dầu ăn, Hạt nêm Aji-ngon Heo"
925,Bánh đúc tôm thịt,unparsed_main_ingredient,"Nước cốt dừa: 600 muỗngl, Thịt nạc dăm; Nước dừa tươi: 1 chén, Hành tím băm, củ sắn xắt sợi nhuyễn, tỏi băm, ớt băm, hành lá, ngò rí, chanh, Nước mắm, đường, dầu ăn, Hạt nêm Aji-ngon Heo"
926,Đậu kho gừng,unparsed_main_ingredient,Cà chua 2 quả; Nước dừa tươi 150 muỗngl; gừng băm
927,Teriyaki cá hồi,unparsed_main_ingredient,Bí ngòi: 1/2 trái; Thì là băm nhỏ: 2 nhánh; Rượu: 3 muỗng Có thể dùng rượu Mirin hoặc vang trắng; Boa rô: 1 nhánh
928,Gỏi khoai môn chiên giòn,unparsed_main_ingredient,Cần tây 1 cây; Đậu phộng; húng lũi; sa tế ớt
929,Lòng gà xào xốt tiêu,unparsed_main_ingredient,Gừng bằm: 1 muỗng; RAU NÊM: Rau quế cắt khúc
932,Gà chiên sa tế xốt mayonnaise,unparsed_main_ingredient,"Sả băm: 1 muỗng; Nước tỏi: 2 muỗng; Nước hành tím: 2 muỗng, Đường, sa tế tôm, dầu ăn"
933,Bánh pancake xếp nhân sầu riêng,unparsed_main_ingredient,Sữa tươi ít đường: 200 muỗngl; Nước cốt dừa: 50 muỗngl; Lòng đỏ trứng gà: 2 cái; RAU NÊM: Rau húng lủi
934,Salad tôm và thịt hun khói,unparsed_main_ingredient,Sữa chua có đường 1 hũ; Cà chua bi Húng lũi; nước cốt chanh; Xốt Mayonnaise Aji-mayo Vị Nguyên Bản
935,Lườn cá hồi chiên nước mắm,unparsed_main_ingredient,Cốt chanh: 1 muỗng; RAU NÊM: Ngò rí
936,Salad tôm đậu hũ,unparsed_main_ingredient,"RAU NÊM: Ngò cắt khúc, húng lủi, mè rang"
937,Cá kèo chiên mè,unparsed_main_ingredient,Nước me: 1.5 muỗng; Nước dùng: 1/2 chén; Bột năng pha loãng: 1 muỗng
938,Lẩu cua đồng,unparsed_main_ingredient,Gạch cua: 5 muỗng; Cà chua: 3 trái; Cà chua băm: 1 trái; Sả: 4 cây
939,Cơm rau củ nấm hương,unparsed_main_ingredient,Cơm trắng 1 chén; Trứng gà 1 quả; gừng cắt sợi
940,Cháo đậu chà bông cá hồi,unparsed_main_ingredient,RAU NÊM: Hành ngò
941,Vịt kho dưa gừng non,unparsed_main_ingredient,Vịt làm sạch 1/2 con; Gừng già giã nhuyễn 1 muỗng; Dừa tươi 1 trái; dầu điều
942,Gà ta kho riềng sả,unparsed_main_ingredient,Sả: 2 cây; Trang trí: ớt sừng thái sợi
943,Lẩu tôm càng,no_metric_qty,khong co nguyen lieu nao ghi don vi g/kg/ml/l parse duoc
944,Gà cuộn xúc xích khô,unparsed_main_ingredient,"Ức gà phi lê lớn: 2 muỗngiếng; Phô mai miếng: 8 muỗngiếng, Nước cốt hành; Dưa chuột ngâm chua băm nhuyễn: 1 muỗng"
945,Ốc mỡ xào me,unparsed_main_ingredient,RAU NÊM: Rau răm
946,Gà ác tiềm thuốc bắc,unparsed_main_ingredient,Ga ac mổ kín; làm sạch: 2 con trọng lượng phù hợp với chum tiềm 1 người ăn; Thuốc băc tiềm gà : 1 thang đủ cho 2 con; Dừa tươi: 1 trái
947,Cá chạch kho sả,unparsed_main_ingredient,Sả băm 4 muỗng; Thơm 1/4 quả; Dầu diều 2 muỗng; bột nghệ
948,Gan heo xào chua ngọt,unparsed_main_ingredient,Thơm 1/4 trái; Gừng cắt hình thoi 2 muỗng; Cần tàu 2 nhánh; Rượu ngũ vị hương
949,Đậu hũ nhồi xốt me,unparsed_main_ingredient,Đậu hũ chiên: 2 muỗngiếng; Nấm mèo: 2 muỗng; Nấm hương: 1 muỗng; Bún tàu: 2 muỗng
950,Gỏi cua,unparsed_main_ingredient,rau răm; bánh phồng tôm
951,Tôm rang dừa,unparsed_main_ingredient,"Cơm nếp: 1 chén, Muối, đường, dầu ăn, Dưa leo, ngò rí, ớt, Hạt nêm Aji-ngon Heo"
952,Bánh cuốn củ cải,unparsed_main_ingredient,Chà bông tôm : 3 muỗng
953,Nấm mỡ khìa nước dừa,unparsed_main_ingredient,RAU NÊM: Rau quế cắt sợi
955,Cháo nghêu,unparsed_main_ingredient,"Nước dùng: 1 lít, Hành lá, ngò rí, ớt, chanh, Hành tím, tỏi, hành phi, Muối hột, nước mắm, tiêu, dầu ăn, Hạt nêm Aji-ngon Heo"
956,Ngưu bàng xào hải sản,unparsed_main_ingredient,"RAU NÊM: ớt sừng sợi, ngò rí, ớt cắt lát"
957,Canh sườn bí đỏ rong biển,unparsed_main_ingredient,"Lê: 1/2 quả; Bột năng: 1/2 muỗng; RAU NÊM: Ngò gai, hành lá cắt nhỏ"
958,Salad tôm dâu tây táo đỏ,unparsed_main_ingredient,Táo đỏ 1 quả; Dâu tây 9 quả; Sữa chua không đường 2 muỗng; Sữa đặc có đường 2.5 muỗng
959,Bánh rán chocolate jelly chanh dây,unparsed_main_ingredient,"Trang trí: dâu tây, húng lủi/húng bạc hà, ly cooktail 10 cái, Bột bánh rán pha sẵn vị truyền thống"
960,Cá bống mú hấp cay,unparsed_main_ingredient,RAU NÊM: Gừng chiên giòn.
962,Bánh đa xào hải sản,unparsed_main_ingredient,Tôm sú bóc vỏ; Cà rốt ½ củ; Nấm mèo 3 tai; sa tế
963,Cua xào xốt tương,unparsed_main_ingredient,Gừng: 1 củ nhỏ; Trứng: 1 quả; Dừa tươi: 1 chén; Bột năng: 1 chén nhỏ
964,Canh tôm nấm mồng tơi,unparsed_main_ingredient,Tôm tươi: 3 con; Cà chua: 1 trái; Cọng ngò băm: 1 muỗng
965,Dồi trường xào bông hẹ,unparsed_main_ingredient,Gừng: 1 muỗng
966,Gà om bia,no_metric_qty,khong co nguyen lieu nao ghi don vi g/kg/ml/l parse duoc
967,Ragu chân nấm,unparsed_main_ingredient,Đậu hũ chiên: 12 muỗngiếng nhỏ; Bột mì: 2 muỗng; Cà paste cà hộp: 4 muỗng; Lá quế cắt rối: 1 nắm
968,Gà rang muối,unparsed_main_ingredient,Lá chanh 10 lá; Sả cây 3 cây; Gừng non 1 củ nhỏ; Lòng đỏ trứng gà 1 quả
969,Bê hấp bia,unparsed_main_ingredient,"RAU NÊM: hành tây cắt khoanh mỏng, ớt sợi"
970,Ốc xào khế,unparsed_main_ingredient,"Khế chua : 2 trái; Tía tô : 1 nắm, Hành lá, Hành tím băm, tỏi băm, Nước nghệ tươi, Dầu ăn, muối, đường, nước mắm, Ớt sừng cắt sợi, ớt hiểm băm, Bột ngọt AJI-NO-MOTO, Giấm gạo lên men Ajinomoto"
973,Bánh rán trái cây,unparsed_main_ingredient,"Chuối: 1 quả, Socola dạng lỏng; Bột quế : 1 muỗng"
974,Cuốn tàu hũ ky xốt rô ti,unparsed_main_ingredient,RAU NÊM: Lá quế cắt sợi
975,Hải sản chiên xù,unparsed_main_ingredient,"Mực ống: 1 con; Trứng gà: 3 quả; Xà lách: 2 cây, Cà chua bi, Muối, tiêu, nước cốt chanh, dầu ăn, Xốt Mayonnaise Aji-mayo Vị Nguyên Bản, Hạt nêm Aji-ngon Heo"
976,Chả nấm chiên giòn,unparsed_main_ingredient,Nấm đùi gà : 2 cái
977,Lẩu cá cờ,unparsed_main_ingredient,"Rau ăn kèm: nấm kim châm, bông bí, bắp cải, ngồng cải, cải bẹ xanh"
979,Cuốn lạp xưởng chiên giòn,unparsed_main_ingredient,"Tàu hủ ky loại mềm : 2 muỗngiếng; Lạp xưởng : 2 cây; Đầu hành lá băm : 2 muỗng; Bột năng : 2 muỗng, Tiêu trắng hạt rang thơm, giã bể, dầu ăn, Hạt nêm Aji-ngon Heo"
980,Bánh bí đỏ tôm thịt,unparsed_main_ingredient,Tôm sú lột vỏ; đập dập; Củ sắn cắt sợi nhỏ; Nấm mèo ngâm nở cắt nhỏ 1 muỗng
981,Vịt nướng me cay,no_metric_qty,khong co nguyen lieu nao ghi don vi g/kg/ml/l parse duoc
982,Bắp cải hấp nấm tôm,unparsed_main_ingredient,Cà rốt: 1 củ; Nấm đông cô khô: 3 tai; Đầu hành băm: 1 muỗng; Gừng cắt nhỏ: 1 muỗng
983,Tôm càng uyên ương,unparsed_main_ingredient,"Lòng đỏ trứng : 5 cái; Cà chua cắt hạt lựu chín đỏ : 2 quả, Tỏi; đập dập tỏi nhỏ tép : 10 tép; Cà chua hộp : 1 muỗng, Dầu ăn, Hạt nêm Aji-ngon Heo, Gia vị nêm sẵn Aji-Quick Bột tẩm khô chiên giòn, Nước tương Phú Sĩ"
984,Cá đục chiên giòn,unparsed_main_ingredient,Cá đục con nhỏ; Thơm gọt vỏ 1/4 trái; Cà chua chín đỏ 2 trái; Ơt sừng băm nhuyễn 1 muỗng
985,Ếch chiên ngũ vị,unparsed_main_ingredient,Trang trí: Xà lách
986,Cua xốt me,unparsed_main_ingredient,"Cua: 2 con; Nước me: 200 muỗngl; Thơm: 1/2 trái, Hành lá, hành tây, ớt sừng, ngò rí, Tương cà, rượu trắng, Bột năng, tiêu, muối, đường, dầu ăn, Hành tím băm, tỏi băm, Hạt nêm Aji-ngon Heo"
987,Canh chua cá kèo bông so đũa,unparsed_main_ingredient,"RAU NÊM: Rau om, ngò gai"
988,Canh mọc bí ngòi,unparsed_main_ingredient,"Nấm đông cô khô: 12 tai; RAU NÊM: Ngò rí, Tiêu xanh 1 nhánh"
990,Gà kho rau củ,unparsed_main_ingredient,Nấm đông cô ngâm nở 8 tai; sả cây; màu dầu điều; nước dừa tươi
991,Khổ qua xào chay,unparsed_main_ingredient,"RAU NÊM:ớt sừng cắt lát, Boa rô cắt lát, ngò rí, ớt, Muối, đường, tiêu, dầu hào chay, dầu ăn, Nước tương Phú Sĩ, Bột ngọt AJI-NO-MOTO, Hạt nêm Aji-ngon Nấm"
992,Pancake dứa hạnh nhân,no_metric_qty,khong co nguyen lieu nao ghi don vi g/kg/ml/l parse duoc
993,Chả cá thác lác bọc củ quả chiên,unparsed_main_ingredient,Lá chanh bắc/lá chúc băm nhỏ: 1/2 muỗng; Bột xù: 1 muỗng
995,Đậu hũ xào nấm,unparsed_main_ingredient,Đậu hũ non 1 hộp; Hạt điều rang 2 muỗng; Boa-rô cắt lát; Dầu điều
996,Trà sữa trân châu đường đen,unparsed_main_ingredient,"Dụng cụ: bình lắc, dụng cụ đong 25-30 muỗngl; Dụng cụ: bình lắc, dụng cụ đong 25-30 muỗngl, Blendy Trà Sữa Royal"
997,Gà rim nước tương cà,unparsed_main_ingredient,Cà chua: 2 trái
998,Vịt nấu thơm,unparsed_main_ingredient,"Thơm: 1 trái; Dừa tươi: 1 trái; Nước ép thơm: 1 chén; Nước dùng gà: 600 muỗngl, Đinh hương, quế chi, lá thơm Ớt sừng, gừng, nước cốt hành tím, Dầu ăn, dầu điều, bột năng Muối, tiêu, đường, rượu, Hạt nêm Aji-ngon Heo, Nước tương Phú Sĩ"
999,Sandwich cuộn thịt cua,unparsed_main_ingredient,RAU NÊM: thì là
1000,Gan xào lá cà ri,unparsed_main_ingredient,"Gừng non cắt sợi: 1 muỗng; RAU NÊM: Hành lá, ngò ri"
1001,Bánh bèo,unparsed_main_ingredient,Bột gạo lọc: 1 chén; Bột năng: 1 muỗng; Nước ấm: 2 chén
1002,Bún mì xào tép,unparsed_main_ingredient,Đậu hũ chiên 1 muỗngiếng; Mì trứng luôc 1/2 đĩa; Bún gạo luôc 1/2 đĩa; Cà rốt 1/2 củ
1003,Lẩu bầu cua,no_metric_qty,khong co nguyen lieu nao ghi don vi g/kg/ml/l parse duoc
1004,Lẩu đầu cá bớp rau kèo nèo,low_food_id_cover,cover=0.67 thieu: Rau ăn lẩu
1005,Canh bí đỏ đậu phộng,unparsed_main_ingredient,"RAU NÊM: rau om, ngò gai"
1006,Canh hàu sữa măng chua,unparsed_main_ingredient,"Cà chua chín đỏ: 1 trái to; RAU NÊM: Rau răm, lá lốt, hành lá, ớt xiêm xanh đỏ"
1007,Xôi tôm củ sen,unparsed_main_ingredient,Mỡ hành 2 muỗng; Xôi lá cẩm hoặc xôi nếp than 2 chén; Đầu hành lá băm
1008,Canape cá hồi xông khói,unparsed_main_ingredient,Bánh mì sandwich 3 muỗngiếng bánh mì lạt; ổ lớn; Ô liu đen không hạt 6 quả; Dưa chuột ngâm 2 trái nhỏ loại trái màu nâu
1009,Cà ri hải sản,unparsed_main_ingredient,Sả cây đập dập; cắt khúc 3 cây; Nước cốt dừa 1/2 chén; Nước dảo dừa 2 chén
1010,Pancake hoa cúc,no_metric_qty,khong co nguyen lieu nao ghi don vi g/kg/ml/l parse duoc
1011,Tôm xào bông cải,unparsed_main_ingredient,"Nước dừa tươi: 1/2 chén, Tỏi băm, muối, tiêu, bột năng, Hành lá, ngò rí, ớt, hành tím băm, Hạt nêm Aji-ngon Heo"
1012,Bao tử khìa nước dừa,unparsed_main_ingredient,Dừa xiêm: 1 trái; Nước thơm: 1/2 chén; Củ cải trắng: 1 củ; Cà rốt: 1 củ
1013,Mì Quảng,unparsed_main_ingredient,Nước dùng : 800 muỗngl; Cánh gà : 2 cái; Trứng cút : 8 quả; Nghệ tươi băm : 1 muỗng
1014,Canh gà bí xanh,unparsed_main_ingredient,"RAU NÊM: Ngò rí, hành lá, hành phi"
1015,Bánh xèo hải sản,unparsed_main_ingredient,"Trứng gà ta: 1 quả, Hành tây tím; củ sắn: 1/2 củ mỗi loại; Cà rốt: 1 củ nhỏ; Nước cốt dừa: 200 muỗngl"
1016,Mì căn xào sả ớt,unparsed_main_ingredient,Mì căn 4 cây; Cà ri bột 1 muỗng; Boa-rô 5 cọng; Sả băm 1/2 chén
1017,Hủ tiếu mì xào,low_food_id_cover,"cover=0.22 thieu: Tim heo, Hủ tiếu, Mì tươi, Bắp non"
1019,Chả cua nấm hương,unparsed_main_ingredient,"RAU NÊM: tiêu xanh đập dập 1 nhánh, gừng 1 nhánh"
1021,Giò heo da giòn,unparsed_main_ingredient,Nước cốt chanh 2 muỗng; rượu trắng; giấy bạc
1023,Cá nục chiên xốt mè Wasabi,unparsed_main_ingredient,Nước cốt chanh 1 muỗng; Gừng 1 củ; Rau răm Wasabi
1025,Cháo cá giò heo,low_food_id_cover,"cover=0.29 thieu: Giò heo rút xương, Nạc cá lóc"
1026,Nem chay rán,unparsed_main_ingredient,Salad; rau sống
1027,Gỏi đu đủ thịt bò áp chảo,unparsed_main_ingredient,"Cần tàu : 3 cây; Dưa leo : 1 trái, Tỏi ớt băm, húng lũi; Đậu phộng rang : 3 muỗng, Đường, muối, ớt bột, Tương ớt, dầu ăn, nước mắm, Bột ngọt AJI-NO-MOTO, Hạt nêm Aji-ngon Heo, Giấm gạo lên men Ajinomoto"
1028,Cơm gạo lứt trộn,unparsed_main_ingredient,Đậu hũ chiên: 1 muỗngiếng; Nấm đông cô khô: 5 tai; Nấm mèo: 2 tai; Gừng: 1 củ nhỏ
1029,Dưa món,low_food_id_cover,"cover=0.51 thieu: Đu đủ sấy khô, Kiệu tươi, Đường"
1031,Cơm gạo lứt hạt sen,unparsed_main_ingredient,Gạo lứt: 2 chén; Đậu hũ: 1/2 muỗngiếng; Lá dứa loại nhỏ: 5 nhánh; Sữa tươi không đường: 1 chén
1032,Lẩu cá viên nấu sấu,unparsed_main_ingredient,Trứng cút luộc: 10 trứng; Tôm sú: 12 con; Đậu hũ trắng: 2 muỗngiếng; Sấu quả to: 12 quả
1033,Salad nui,unparsed_main_ingredient,"RAU NÊM: Ngò rí, Chanh, mật ong, mù tạt vàng, ít muối, Xốt Mayonnaise Aji-mayo Vị Nguyên Bản"
1035,Cá lóc nướng ớt xiêm xanh,unparsed_main_ingredient,Củ nén: 1/2 muỗng; Thơm băm: 3 muỗng
1036,Mì tàu hũ cá hồi,unparsed_main_ingredient,"RAU NÊM: Húng lủi, ớt sừng cắt sợi"
1037,Gỏi lá cóc,unparsed_main_ingredient,"Hoành thành tươi: 3 lá, Hạt nêm Aji-ngon Nấm, Giấm gạo lên men Ajinomoto"
1038,Đậu hủ non xốt cay,unparsed_main_ingredient,Đậu hũ non : 2 cây; Nấm đông cô : 4 tai; Cà chua : 1 trái; Cà rốt : 1/3 củ
1039,Ba rọi sả ớt tẩm bột chiên giòn,low_food_id_cover,"cover=0.00 thieu: Thịt ba chỉ  , Sả băm, Ớt băm"
1040,Tôm thịt xào mắm ruốc,low_food_id_cover,"cover=0.00 thieu: Thịt ba rọi  , Tôm đất 100g, Tôm khô 50g, Mắm ruốc 50g"
1041,Gà tiềm nấm đông cô,unparsed_main_ingredient,Cà rốt: 1 củ nhỏ; Bắp trái non: 4 trái; Đậu cove Nhật: 4 trái; Nước dừa tươi: 1 trái
1042,Cá trê kho gừng,unparsed_main_ingredient,Bột gạo: 1 muỗng
1043,Thịt kho xốt tương,unparsed_main_ingredient,Bông cả; đậu bắp; bắp cải; rau lang
1044,Gà quay xốt hành tăm,unparsed_main_ingredient,Gà tam hoàng thả vườn 1 con khoảng 1; dầu điều; Mạch nha
1045,Lẩu bò,unparsed_main_ingredient,Sả 2; cây Hành tím 2 củ; Rau tía tô; dầu điều
1047,Cua đồng xúc bánh tráng,unparsed_main_ingredient,Bánh tráng 2 cái; Trứng vịt 1 quả; Đậu phộng giã sơ; húng quế
1048,Hồ lô cá,unparsed_main_ingredient,"Trứng cút: 10 quả; Trứng gà: 2 quả, Bột chiên xù, Hành tím băm, Ngò rí, Tiêu, tương ớt, dầu ăn, Hạt nêm Aji-ngon Heo, Xốt Mayonnaise Aji-mayo Vị Ngọt Dịu"
1049,Canh cá lóc lá giang,unparsed_main_ingredient,Cà chua 2 trái; Sả bằm nhuyễn 2 muỗng; Rau om
1051,Ớt chuông hải sản phô mai,unparsed_main_ingredient,Bột mì: 2 muỗng; Bơ lạt: 1 muỗng
1053,Canh chua Thái,unparsed_main_ingredient,Tôm càng lóng: 8 con; Cà chua chín đỏ: 2 quả; Lá chúc: 8 Lá; Sả cây: 2 cây
1054,Đậu đũa xào tôm,unparsed_main_ingredient,Thơm chín 1/6 trái; Sả cây 1 cây
1055,Giò heo um nước cốt dừa,unparsed_main_ingredient,"Trang trí: ớt cắt sợi, lá cà ri chiên, Bột ngọt AJI-NO-MOTO, Hạt nêm Aji-ngon Heo"
1056,Tôm mực xào tiêu xanh,unparsed_main_ingredient,Bột năng; rượu mai quế lộ
1057,Gà cuộn xôi xoài,no_metric_qty,khong co nguyen lieu nao ghi don vi g/kg/ml/l parse duoc
1059,Sườn kho củ năng,unparsed_main_ingredient,Nước cốt me 6 muỗng; Nước dừa tươi 1 chén
1061,Salad đậu,unparsed_main_ingredient,"Đậu hũ non: 1/2 muỗngiếng, Sữa chua, Sữa tươi không đường, Muối, tiêu, Xốt Mayonnaise Aji-mayo Vị Nguyên Bản"
1062,Nộm gà chay hoa chuối,unparsed_main_ingredient,"Dụng cụ: Lá chuối, dây cột, Bột ngọt AJI-NO-MOTO, Hạt nêm Aji-ngon Nấm, Nước tương Phú Sĩ"
1064,Bò nấu trái cây,unparsed_main_ingredient,Trứng cút 12 quả; Cà chua cắt hạt lựu nhỏ bỏ hạt 1 chén; Nước dừa tươi 1 trái; Nước thơm ép 1 chén
1065,CANH SƯỜN CỦ SEN A-TI-SÔ,unparsed_main_ingredient,"RAU NÊM: Hành lá, ngò rí"
1067,Chả bò chiên,unparsed_main_ingredient,Khoai tây: 2 củ; Cọng ngò rí cắt nhuyễn: 2 muỗng; Bột xù: 2 muỗng
1068,Nấm nướng giấy bạc,unparsed_main_ingredient,"Boa rô: 1 muỗng; Lá quế cắt nhỏ: 1 muỗng; RAU NÊM: Ngò rí, ớt sừng"
1069,Lẩu chao mực,unparsed_main_ingredient,Sa tế tôm: 2 muỗng; Nước dừa tươi: 1 trái; Nước dùng: 500 muỗngl; Đậu hũ trắng: 2 muỗngiếng
1071,Lẩu khoai mỡ,unparsed_main_ingredient,Nước dùng chay 2 lít; Boa rô băm 1 muỗng; Boa rô phi 1 muỗng; bột năng
1072,Phở chay,unparsed_main_ingredient,"Nước dùng: Củ cải trắng, bắp mỹ, cà rốt, mía, poa-rô, quế, hồi, thảo quả, gừng, nấm hương khô, Muối, đường phèn, gia vị phở chay, dầu ăn, Bột ngọt AJI-NO-MOTO, Hạt nêm Aji-ngon Nấm, Nước tương Phú Sĩ"
1073,Đậu hũ chiên xốt cà,unparsed_main_ingredient,Đậu hũ chiên lớn: 2 muỗngiếng; Đậu trắng: 1/2 muỗngiếng; Nấm hương: 4 tai; Nấm mèo: 1 tai
1074,Canh bún sườn riêu cua,unparsed_main_ingredient,"Dụng cụ: Giấy bạc, lá chuối, vỉ nướng tròn"
1076,Bánh rán kẹp cá ngừ mayonnaise,no_metric_qty,khong co nguyen lieu nao ghi don vi g/kg/ml/l parse duoc
1077,Cánh gà chiên Coca,no_metric_qty,khong co nguyen lieu nao ghi don vi g/kg/ml/l parse duoc
1078,Cà tím nhồi thịt áp chảo,unparsed_main_ingredient,"Cà tím: 2 trái; Lá lốt: 10 muỗngiếng, Hành tây cắt hạt lựu, Ớt sừng cắt hạt lựu, Ngò rí"
1079,Vịt om ớt xanh hoa chuối,unparsed_main_ingredient,"RAU NÊM: Lá quế, ngò gai"
1080,Cà tím kẹp thịt gà chiên,unparsed_main_ingredient,Cà tím 1 trái; Trứng gà 2 trứng; Lá chanh thái chỉ 3 lá; Nấm hương 2 tai
1081,Gà xào cay,unparsed_main_ingredient,Phi lê đùi gà 1 cái; Khoai lang 1/2 củ; Cà rốt 1/2 củ; Gừng xay 1 muỗng
1082,Súp đuôi bò chua cay,unparsed_main_ingredient,Măng vàng: 1/2 chén cắt sợi; Sả cây: 1 cây; Tương Hột Ớt Chilli beean sauce lee kum kee: 1 muỗng; Trứng gà: 1 quả
1083,Bacon cuộn hành tây phô mai,unparsed_main_ingredient,Ham lát: 4 lát; Ôliu đen: 20 trái; Lá Thyme tươi: 1 nhánh; Tăm xiên: 10 cây
1084,Salad ngũ sắc chay,low_food_id_cover,"cover=0.70 thieu: vàng mỗi loại, Chả chay, Hành boaro cắt lát mỏng"
1086,Gỏi mực cay,unparsed_main_ingredient,"Nấm tuyết : 1 cái; Sả non bào : 1 chén; Gừng non cắt sợi : 1 muỗng; Lá chanh Bắc cắt sợi nhuyễn : 1 muỗng, Tỏi băm, ớt hiểm băm, gừng đập dập, Tỏi phi, mè trắng rang, tương ớt, Đường, muối, nước mắm"
1087,Súp cồi điệp rau củ,low_food_id_cover,"cover=0.40 thieu: Đậu bi, Cồi sò điệp"
1088,Đậu hũ kho nấm rơm,unparsed_main_ingredient,Đậu hũ chiên 2 muỗngiếng.; Bột năng
1089,Đông cô bách hoa chay,unparsed_main_ingredient,"Đậu hũ trắng: 1/2 muỗngiếng; Cà rốt băm nhỏ: 2 muỗng; Rau nêm: Ngò rí băm, ớt sừng băm"
1090,Hàu trộn mầm cải,unparsed_main_ingredient,"Rau nêm: Mè trắng rang, tỏi phi"
1091,Bò bít tết,unparsed_main_ingredient,Khoai tây: 1 củ; hương thảo: 1 nhánh; Cà chua bi: 2 trái
1092,Tàu hũ ki cuộn tôm,unparsed_main_ingredient,Tàu hũ ki tươi 2 lá; Nấm đông cô 5 tai; Cần tây 1 cây; bột năng
1094,Cá chẽm xiên que xốt thì là,unparsed_main_ingredient,Bí ngòi xanh 1/2 quả; Cà rốt 1/2 củ; Khoai tây 1 củ nhỏ; Que xiên 10 que
1096,Mực nhồi chả tôm nướng,unparsed_main_ingredient,"Trứng gà ta: 1 quả; Mực ống đường kính 3-4 cm: 2 con; Tắc chín: 5 trái, Rau mầm 2 muỗngàu"
1097,Bò tam sắc áp chảo,unparsed_main_ingredient,Cà rốt: ½ củ
1098,Cua rang sốt tắc,unparsed_main_ingredient,Tắc: 7 trái
1099,Thanh gà chiên xốt cay,unparsed_main_ingredient,Lá chanh 3 lá; Xốt ớt Hàn Quốc Gochujang 2 muỗng; Nước cốt chanh 1 muỗng; Nước hành tỏi 1 muỗng
1100,Măng tây chiên bia xốt cá ngừ,unparsed_main_ingredient,Cá ngừ ngâm dầu: 1 hộp Cá ngừ Hạ long; Bia đen: 150 muỗngl; Cốt chanh: 1 muỗng; Bột mì đa dụng: 1/2 chén
1102,Bún thịt xào sả ớt,unparsed_main_ingredient,"Dưa leo: 1 trái, Mỡ hành, tỏi băm, sả băm, Ớt băm, nước cốt chanh, Muối, tiêu, đường Nước mắm, dầu ăn, Hạt nêm Aji-ngon Heo, Giấm gạo lên men Ajinomoto"
1103,Lẩu sữa đậu nành hải sản,unparsed_main_ingredient,RAU NÊM: Ngò rí
1104,Bò nướng sa tế,unparsed_main_ingredient,"Sả : 2 cây; Cọng ngò rí cắt nhỏ : 2 muỗng, Dầu ăn, nước mắm, sữa đặc, ớt bột nhuyễn; Trang trí: xà lách dún xanh; cà chua Ăn kèm: nước tương và bánh mì, Bột ngọt AJI-NO-MOTO, Nước tương Phú Sĩ, Hạt nêm Aji-ngon Heo"
1106,Củ năng xào tôm thịt,unparsed_main_ingredient,"Cà rốt: 1/3 củ; Bắp non: 4 trái, Ớt Đà Lạt xanh, vàng"
1107,Nộm bì,unparsed_main_ingredient,lá chanh cắt sợi; đậu phộng rang
1110,Pizza mì sợi,unparsed_main_ingredient,Mì khoai tây 2 gói; Trứng gà 2 quả; Bột mì; ketchup
1112,Bánh qui chay tam sắc,unparsed_main_ingredient,Đậu hũ non 1 muỗngiếng; Nước từ lá chùm ngây 100 muỗngl; Nước từ lá cẩm 100 muỗngl; Củ năng
1114,Bồ câu quay nước dừa,no_metric_qty,khong co nguyen lieu nao ghi don vi g/kg/ml/l parse duoc
1115,Nghêu xào lá lốt,unparsed_main_ingredient,"Lá lốt : 10 lá; Sả cây : 3 cây, Nước cốt chanh 1 muỗng, Rượu trắng, tương ớt, dầu ăn, Hạt nêm Aji-ngon Heo, Bột ngọt AJI-NO-MOTO"
1116,Bánh bông lan trứng muối,unparsed_main_ingredient,Trứng gà 4 quả; Lòng đỏ trứng muối luộc 5 cái; Nước cốt chanh 1 muỗng; Vỏ chanh vàng băm 2 muỗng
1118,Cá chép nấu riềng mẻ,unparsed_main_ingredient,Cà chua: 2 trái; Riềng cắt sợi: 2 muỗng; Nghệ giã nhuyễn: 2 muỗng; Cơm mẻ: 2 muỗng
1119,Sandwich nóng phô mai thịt nguội,no_metric_qty,khong co nguyen lieu nao ghi don vi g/kg/ml/l parse duoc
1120,Bồn bồn xào tôm,low_food_id_cover,cover=0.64 thieu: Tôm
1121,Bò áp chảo chanh dây,unparsed_main_ingredient,Nước chanh dây 1/2 chén; Bí ngòi xanh; vàng 1/2 trái; Cà rốt 1/2 củ
1122,Pasta tình yêu,unparsed_main_ingredient,dầu olive; Tương cà hộp; rượu vang đỏ
1124,Canh cải xoăn,unparsed_main_ingredient,Trứng gà 2 quả; Cà chua 2 quả
1125,Rau củ luộc xốt nấm,unparsed_main_ingredient,Đâu hu trăng 1 muỗngiêng
1126,Chân giò nấu nước tương,low_food_id_cover,"cover=0.00 thieu: Chân giò rút xương 1 cái  , Tỏi củ cắt lát 30g, Ớt trái đập dập 10g, Hành tím cắt lát 2 củ, Hoa hồi 2 hoa, Đinh hương 3 nụ, Đường, tiêu, dầu ăn"
1127,Chân nấm xào thịt gà,unparsed_main_ingredient,Mực khô: 1 con nhỏ
1128,Bánh rán chocolate mứt tầm bóp,unparsed_main_ingredient,"Bôt bánh rán pha sẵn Chocolate: 1 gói; Nước cốt tầm bóp: 30 muỗngl; Dâu tây: 4 quả Cắt lát để trang trí, Húng lủi"
1129,Bánh đúc củ cải,unparsed_main_ingredient,Nước cốt dừa lon 50 muỗngl; Dầu hành lá 1 muỗng
1130,Canh nấm rong biển,unparsed_main_ingredient,"Rong biển: 1 lá; Tần ô: 4 cây; Nước dùng gà: 1 lít, Hành lá, ngò rí, bột bắp, ớt, muối, tiêu, Bột ngọt AJI-NO-MOTO, Hạt nêm Aji-ngon Heo, Nước tương Phú Sĩ"
1131,Trà sữa kem matcha,low_food_id_cover,cover=0.46 thieu: Topping cream
1133,Mì tương đen,unparsed_main_ingredient,rượu trắng; Bí ngòi 1/2 trái; Củ cải trắng 1/3củ; Tương đen Hàn Quốc
1134,Canh tôm bồ ngót,unparsed_main_ingredient,Bắp vàng: 1 trái; Nước dùng: 1 lít
1135,Thăn heo cuộn nhân Jambon phô mai,unparsed_main_ingredient,"Jambon: 2 lát; Phô mai: 2 lát; Trứng gà: 3 quả; Dưa chuột ngâm chua: 2 trái, Ngò tây, bột mì, bột xù, Muối, tiêu, dầu ăn, Xốt Mayonnaise Aji-mayo Vị Nguyên Bản, Hạt nêm Aji-ngon Heo"
1136,Sườn tiềm hoa thanh long,low_food_id_cover,"cover=0.12 thieu: Sườn non chặt khúc 3cm, Táo mật, Trái sung khô, đường phèn"
1137,Cá bông lau kho tộ,low_food_id_cover,"cover=0.00 thieu: Cá bông lau, Thịt ba chỉ"
1138,Xà lách trứng,unparsed_main_ingredient,Trứng gà luộc : 4 quả; Thịt ba rọi xông khói : 2 muỗngiếng; Xà lách dún : 2 lá; Bắp hạt : 3 muỗng
1139,Súp chua cay chay,unparsed_main_ingredient,"Đậu hũ non : 1 muỗngiếng; rửa sạch : 5 tai; Poa-rô cắt lát : 1 cây, Ớt sừng 1 trái, ớt hiểm 1 trái, ngò rí; Rau củ nấu nước dùng chay : su su, bắp mỹ, củ sắn, cà rốt, cải thảo, boa rô, lá dứa., Muối, đường, tiêu, bột năng, dầu ăn, Giấm gạo lên men Ajinomoto, Nước tương Phú Sĩ, Hạt nêm Aji-ngon Nấm, Bột ngọt AJI-NO-MOTO"
1141,Gà cà ri xanh,unparsed_main_ingredient,Đùi gà không da; Lá chúc: 4 lá; Hỗn hợp cà ry xanh Thái: 2 muỗng Green curry paste Thai; Cốt dừa: 1 lít
1142,Cuốn cá lóc xốt đậu phộng,unparsed_main_ingredient,Xà lách 2 cây; Bánh tráng vuông; mỏng 1 gói bánh đa nem Hà Nội; Dưa leo 1 trái
1143,Gân bò xào sả ớt,unparsed_main_ingredient,Sả cây 6 cây; Đậu phộng rang giã dập 2 muỗng; rượu trắng
1144,Canh cá hồi nấu nấm,unparsed_main_ingredient,Nấm đông cô tươi 5 tai; Húng quế
1145,Trứng cút xào chua ngọt,unparsed_main_ingredient,"Trứng cút: 10 quả; Nấm mèo ngâm: 4 tai; Cà chua : 1 trái; RAU NÊM: Hành lá, rau răm, hành tím cắt lát"
1146,Latte Art Chuẩn Barista,unparsed_main_ingredient,Sữa thanh trùng Đà Lạt Milk 200 muỗngl
1147,Cheesecake Dâu Sữa Chua,unparsed_main_ingredient,Sữa chua uống Đà Lạt Milk 150 muỗngl; Nước cốt chanh 1 muỗnguỗng cà phê
1148,SữA Chua Trân Châu TráI Cây,unparsed_main_ingredient,Kem tươi 240 muỗngl; Sưa tươi thanh trung Dalatmilk 240 muỗngl; Nươc côt dưa 200 muỗngl; Dâu tươi 3 trai
1149,Sữa Chua Đào Vải Thạch Lá Dứa,unparsed_main_ingredient,Sữa chua uống Dalat Milk 300 muỗngl; Sữa tươi thanh trùng không đường Dalat Milk 100 muỗngl; Nước cốt lá dứa 150 muỗngl; Đá xay
1150,Cà Phê Cold Brew Macchiato,unparsed_main_ingredient,Nước lọc 600 muỗngl; Sữa tươi thanh trùng Dalat Milk 30 muỗngl; Kem béo 50 muỗngl; Đá viên
1151,Bánh Sữa Chua Xoài,unparsed_main_ingredient,Sữa chua ăn Dalatmilk 300 muỗngl; Sữa tươi thanh trùng Dalatmilk 300 muỗngl; Húng lủi
1152,Gân Bò Ngâm XoàI Sả TắC,no_metric_qty,khong co nguyen lieu nao ghi don vi g/kg/ml/l parse duoc
1153,Gân Bò Kho Tộ,unparsed_main_ingredient,Gừng 1 củ; Rượu trắng 2 muỗnguỗng cà phê
1154,SữA Chua Trân Châu TráI Cây,unparsed_main_ingredient,Kem tươi 240 muỗngl; Sưa tươi thanh trung Dalatmilk 240 muỗngl; Nươc côt dưa 200 muỗngl; Dâu tươi 3 trai
1155,Bánh Sữa Chua Xoài,unparsed_main_ingredient,Sữa chua ăn Dalatmilk 300 muỗngl; Sữa tươi thanh trùng Dalatmilk 300 muỗngl; Húng lủi
1156,Gân Bò Ngâm XoàI Sả TắC,no_metric_qty,khong co nguyen lieu nao ghi don vi g/kg/ml/l parse duoc
1157,Gân Bò Kho Tộ,unparsed_main_ingredient,Gừng 1 củ; Rượu trắng 2 muỗnguỗng cà phê
1158,Ba Chỉ Tôm Thẻ Cơm DừA Rim MặN,no_metric_qty,khong co nguyen lieu nao ghi don vi g/kg/ml/l parse duoc
1159,ThịT Ba Chỉ NướNg Tây BắC,no_metric_qty,khong co nguyen lieu nao ghi don vi g/kg/ml/l parse duoc
1160,Cá Tầm Nướng Rau Củ,low_food_id_cover,"cover=0.12 thieu: Cá tầm, Hành tím, Đường, Dầu olive, Bắp Mỹ"
1161,Cơm HấP HảI SảN NồI Cơm ĐiệN,unparsed_main_ingredient,Tương ơt MAGGI 1 muỗnguông canh; Dâu hao MAGGI 1 muỗnguông ca phê; Đương cat 1 muỗnguông ca phê
1162,Lẩu Thái Cua Đồng,unparsed_main_ingredient,3 muỗnguỗng canh Nước mắm Maggi; 1 muỗnguỗng canh Hạt nêm; 1 muỗnguỗng canh Đường; 1 muỗnguỗng canh ớt sa tế
1163,Khoai Tây Viên Phô Mai Chiên,unparsed_main_ingredient,Khoai tây cu luôc chin 3- 4 cu; Trưng ga 1 qua; Ngo tây
1164,Bơ Sữa Tươi Trân Châu Đường Đen,unparsed_main_ingredient,Bơ sáp Đà Lạt 1 trái; Sữa đặc 30 muỗngl; Sữa tươi thanh trùng Dalatmilk 250 muỗngl; Đá viên
1165,Ghẹ Sốt Me,unparsed_main_ingredient,Ghẹ 3 con
1166,Gà Xốt Cam,unparsed_main_ingredient,Đùi gà tỏi 4 cái; Cam vàng 1; 5 trái; Nước 60 muỗngl
1167,Lẩu Gà Hầm Sả,unparsed_main_ingredient,Gà ta 1kg2; Sa tế 1 muỗnguỗng canh; Nước nghệ tươi 2 muỗnguỗng canh; Sả 3 cây
1168,Khoai Lang Ngào Đường Thốt Nốt,unparsed_main_ingredient,Nước cốt dừa 200 muỗngl
1169,Chả Trứng Nấm Rơm,unparsed_main_ingredient,Trứng gà 7 quả
1170,Đậu Bắp Nhồi Cá Thác Lác Chiên Giòn,unparsed_main_ingredient,Bột chiên giòn VEDAN 1 gói; Nước lọc 100 muỗngl; Tương cà VEDAN
1171,Bún Thịt Nướng,unparsed_main_ingredient,Mật ong 2 muỗnguỗng canh; Dầu điều 3 muỗnguỗng canh; Nước cốt chanh 4 muỗnguỗng canh
1172,Chè Khoai Lang Bột Báng Nước Cốt Dừa,unparsed_main_ingredient,Nước cốt dừa 1 lon loại 400 muỗngl
1173,Bánh Mì Xoắn Ốc Nhân Kem Trứng,unparsed_main_ingredient,Sữa tươi 150 muỗngl
1174,Chạo Tôm Nướng Mía,unparsed_main_ingredient,Đầu hành trắng 1 tbsp; Baking soda ¼ tsp; Bột bắp 1 tbsp; Lòng trắng trứng gà 1 lòng
1175,Soda Cam Hoa Atiso Đỏ,unparsed_main_ingredient,Soda 1 lon; Cam vang 2 trai; Hoa ăn đươc 12 bông; Syrup đường 30 muỗngl
1176,Củ CảI Ngâm Tương,unparsed_main_ingredient,Giâm trăng 2 muỗnguông canh; Nươc tương 200 muỗngl; Muôi hôt 2 muỗnguông canh
1177,Soda Thanh Long Đỏ Yakult,no_metric_qty,khong co nguyen lieu nao ghi don vi g/kg/ml/l parse duoc
1178,Soda Xoài Yakult,no_metric_qty,khong co nguyen lieu nao ghi don vi g/kg/ml/l parse duoc
1179,Soda Chanh Yakult Hoa Đậu Biếc,unparsed_main_ingredient,Soda 30 muỗngl; Yakult 1 hủ; Lá rosemary 1 nhánh; Syrup đường 40 muỗngl
1180,Chả Tôm Chiên Xù,unparsed_main_ingredient,Trứng gà 3 quả; Bột chiên xù một tô; Bột chiên giòn 1 chén
1182,Cải Thảo Cuộn Ngũ Sắc,unparsed_main_ingredient,Cải thảo 1 bắp lớn; Nấm mèo 4 tai
1183,Bún Gạo Lứt Xào Chay,unparsed_main_ingredient,Đậu hủ chiên 1 muỗngiếng
1184,Trà Lài Đác Thơm,unparsed_main_ingredient,Thơm 1/2 trái; Trà xanh lài 120 muỗngl; Nước thơm ép 30 muỗngl; Nước đường 35 muỗngl
1185,Kẹo Me Cay,unparsed_main_ingredient,Nước 80 muỗngl; Bột xí muội 3 muỗnguỗng cà phê
1186,Chả Ốc Lá Lốt,unparsed_main_ingredient,Trứng gà 1 trái
1187,Heo Quay Bằng Nồi Chiên Không Dầu,unparsed_main_ingredient,Bột tỏi 1 muỗnguỗng cà phê; Húng quế; Xà lách
1188,Xôi Đậu Đen,unparsed_main_ingredient,Nước dừa dảo 150 muỗngl
1189,Chè Đậu Ván,unparsed_main_ingredient,Nước cốt dừa 300 muỗngl; Sữa tươi không đường 100 muỗngl; Lá dứa 3 lá; Vani 1 muỗnguỗng cà phê
1190,Chuối Sấy Dẻo,no_metric_qty,khong co nguyen lieu nao ghi don vi g/kg/ml/l parse duoc
1191,Bông Bí Nhồi Chả Cá Chiên Giòn,unparsed_main_ingredient,Nấm mèo 2 tai; Trứng gà 1 quả; Bột chiên giòn
1192,Kem Bơ Dừa,unparsed_main_ingredient,Sữa tươi không đường 120 muỗngl
1193,Chè Bơ,unparsed_main_ingredient,Sữa tươi không đường 350 muỗngl; Sữa đặc Ông Thọ 100 muỗngl; Nước cốt dừa 300 muỗngl; Nước cốt chanh 5 muỗngl
1194,Hướng Dẫn Pha Bột Ăn Dặm,no_metric_qty,khong co nguyen lieu nao ghi don vi g/kg/ml/l parse duoc
1195,Trà Dâu Kem Cheese,no_metric_qty,khong co nguyen lieu nao ghi don vi g/kg/ml/l parse duoc
1196,Cá Kho Xơ MíT,unparsed_main_ingredient,Nươc măm 2 muỗnguông canh; Đương 1/2 muỗnguông canh; Hat nêm 1/2 muỗnguông canh; Dâu mau điêu 2 muỗnguông canh
1197,Lá Lốt Cuộn Thịt Chiên Giòn,unparsed_main_ingredient,Trứng gà 2 quả
1198,Ba Chỉ Kho Măng Tươi,unparsed_main_ingredient,Nươc dưa tươi 500 muỗngl; Nươc măm 3 muỗnguông canh; Nươc mau 2 muỗnguông canh; Ơt hiêm đo 4 trai
1199,Trứng Chiên Hàu,unparsed_main_ingredient,Hàu Tươi 5 con; Trứng gà 4 quả
1200,Vải Băng Tuyết Elsa,unparsed_main_ingredient,Sữa chua 1 hộp; Sữa đặc 50 muỗngl; Nước cốt dừa 50 muỗngl
1201,Soda Vải,no_metric_qty,khong co nguyen lieu nao ghi don vi g/kg/ml/l parse duoc
1202,Bún Gạo Xào Hải Sản,low_food_id_cover,"cover=0.20 thieu: Bún gạo, Tôm thẻ, Mực ống, Cải ngọt, Tỏi băm"
1203,Bánh Đúc Lạc,low_food_id_cover,"cover=0.00 thieu: Bột gạo, Đậu phộng, Vôi tôi, Tương bần"
1204,Trứng Bọc Thịt Chiên Xù,unparsed_main_ingredient,Trứng gà 7 quả
1205,Tàu Hủ Kem Trứng Ca Cao,unparsed_main_ingredient,Lòng đỏ trứng gà 2 cái; Sữa tươi không đường 100 muỗngl; Kem tươi 100 muỗngl; Vanila 1 muỗnguỗng cà phê
1206,Chè Bơ Viên Nước Cốt Dừa,unparsed_main_ingredient,Nước dừa tươi 250 muỗngl; Nước cốt dừa 250 muỗngl
1207,Sữa Chua Trân Châu Trái Cây,unparsed_main_ingredient,Sữa chua 2 hũ; Sữa tươi không đường 500 muỗngl; Sữa đặc Ông Thọ 380 muỗngl
1208,VảI SấY Khô BằNg NồI Chiên Không DầU,unparsed_main_ingredient,Muôi 2 muỗnguông canh
1209,Kẹo Gương,unparsed_main_ingredient,Nước 15 muỗngl
1210,Canh Bí Đao CuộN Tôm ThịT,unparsed_main_ingredient,Bí đao 2 trai; Ca rôt 1 cu
1211,Dồi Sả,unparsed_main_ingredient,Dầu màu điều 2 muỗnguỗng canh; Dây buộc thực phẩm
1212,Chè Lam,unparsed_main_ingredient,Gừng 1 củ
1213,Rau Câu Chân Vịt,low_food_id_cover,"cover=0.43 thieu: Rong chân vịt khô, Đường phèn, Lá dứa"
1214,Cá KèO Chay Kho Tiêu,unparsed_main_ingredient,Lá rong biển khô 1 gói; Rau răm ăn kem
1215,Giò Heo Muối Chiên Giòn,unparsed_main_ingredient,Giò heo 1 cái; Sả 5 cây
1217,Bún Mắm Chay,unparsed_main_ingredient,Sả 4 cây; Đậu hủ trắng 1 muỗngiếng; Đậu hủ chiên 1 muỗngiếng; Chả chén chay chiên 1 muỗngiếng
1218,Đậu Hủ Kho Tương Hột,unparsed_main_ingredient,Đậu hũ trắng 2 muỗngiếng; Sả 2 cây
1219,Chè Khoai Lang Tím Sương Sáo,unparsed_main_ingredient,Sữa tươi không đường 200 muỗngl; Nước cốt dừa 150 muỗngl; Lá dứa 5 lá
1220,Tôm Thịt Ram Mặn,low_food_id_cover,"cover=0.00 thieu: Thịt ba chỉ, Tôm thẻ"
1221,Chè Sake Bạch Quả,unparsed_main_ingredient,Nước cốt dừa 400 muỗngl; Đậu phộng rang
1222,Khoai Lang Trộn Dừa,low_food_id_cover,cover=0.79 thieu: Dừa non bào sợi
1223,Bánh Tro,unparsed_main_ingredient,Nước tro tàu 500 muỗngl
1224,Cơm TấM SườN Bì Chay,unparsed_main_ingredient,Ăn kem: Đô chua
1225,Chè Nếp Khoai Môn Lá Dứa,unparsed_main_ingredient,Lá dứa 8 lá
1226,Ba Chỉ Và Mực Nướng Sữa Đặc,unparsed_main_ingredient,Ngũ vị hương 1/2 muỗnguỗng canh; Rau sống ăn kèm
1227,Nem Chay Váng Đậu,unparsed_main_ingredient,Tương cà 1 muỗnguỗng canh
1228,Nước Mắm Chay Từ Trái Thơm,unparsed_main_ingredient,Hạt ngò khô 1 muỗnguỗng cà phê; Hoa hồi 2 tai; Hắc xì dầu 1/2 muỗnguỗng canh
1229,Salad Mực Nướng,unparsed_main_ingredient,Ngũ vị hương 1/2 muỗnguỗng canh; Nước cốt chanh 50 muỗngl
1230,Pancake Dâu Tây,unparsed_main_ingredient,Bột nở 1 muỗnguỗng cà phê; Vanila 1 muỗnguỗng cà phê; Trứng gà 2 quả; Sữa tươi không đường 130 muỗngl
1231,Ruột Heo Khìa Nước Dừa,unparsed_main_ingredient,Rượu trắng 100 muỗngl; Nước dừa tươi 700 muỗngl; Ngũ vị hương 1/2 muỗnguỗng canh
1232,Nước Mía Sầu Riêng,unparsed_main_ingredient,Nước mía nguyên chất 500 muỗngl; Nước dừa tươi 300 muỗngl; Đá viên
1233,Trà Ổi Hồng Muối Tôm,unparsed_main_ingredient,Nước chanh 100 muỗngl
1234,Gỏi Ngó Sen Rau Tiến Vua,unparsed_main_ingredient,Bánh phồng tôm 1 gói
1235,Bắp Xào Nước Súp,unparsed_main_ingredient,Bắp nếp 3 trái
1236,Bánh Tét Chuối,unparsed_main_ingredient,Nước cốt dừa 200 muỗngl; Chuối sứ chín 6 trái; Rượu 1 muỗnguỗng cà phê; Lá dứa 3 Lá
1237,Cơm Gà Xối Mỡ Sốt Mắm Tỏi,unparsed_main_ingredient,Đùi gà góc tư 2 cái; Trứng gà 2 cái
1238,Bánh Tiêu Sầu Riêng,unparsed_main_ingredient,Bột nổi 1 muỗnguỗng cà phê; Vani bột 1 ống
1239,Cua Luộc Nước Dừa,unparsed_main_ingredient,Cua thịt 3 con; Nước dừa 1; Gừng 1 củ; Sả cây
1240,Cháo Éch Kho Hành Tỏi,unparsed_main_ingredient,Ếch 2 con; Lá dứa 5 lá; Hắc xì dầu 2 muỗnguỗng cà phê; Gừng 5 lát
1241,Trứng Hấp Nấm Rơm,unparsed_main_ingredient,Trứng gà 6 trái
1242,Gà Ủ MuốI Hoa Tiêu,unparsed_main_ingredient,Ga ta 1 con; Đương 1.5 muỗnguông canh; Muôi 1 muỗnguông ca phê; Hat nêm 1 muỗnguông ca phê
1243,Bánh Hòn,low_food_id_cover,"cover=0.08 thieu: Bột năng, Nước lá dứa, Nước củ dền, Dừa già bào, Mè trắng"
1244,Đậu Bắp Xào Tỏi Sốt Thịt Bằm,low_food_id_cover,"cover=0.71 thieu: Thịt heo xay, Đường, Hành tím"
1245,Chè Thốt Nốt Dừa Dằm,unparsed_main_ingredient,Nước cốt dừa 100 muỗngl; Sữa đặc 70 muỗngl; Nước lọc 200 muỗngl; Sữa tươi không đường 250 muỗngl
1246,Ba Chỉ Cuộn Sả,low_food_id_cover,"cover=0.01 thieu: Ba chỉ heo nguyên tấm, Sả, Hành tím, Mắc khén, Ớt bột"
1247,BúN NướC LèO SóC Trăng,unparsed_main_ingredient,Sa cây 10 cây; Nươc dưa tươi 2 lit; Bun tươi
1248,Chè Bí Đỏ Nước Cốt Dừa,unparsed_main_ingredient,Lá dứa 10 lá; Nước cốt dừa 200 muỗngl; Nước dừa tươi 400 muỗngl; Đậu phộng rang
1249,Bánh Mì Bò Nướng Campuchia,unparsed_main_ingredient,Bánh mì 4 ổ; Trứng gà 4 quả; Dấm 30 muỗngl
1250,Canh Chua Tôm Bông So Đũa,unparsed_main_ingredient,Cà chua 2 Trái
1251,BáNh ÍT TrầN Nhân MặN,unparsed_main_ingredient,Ca rôt 1 cu; Cu săn 1 cu; Môc nhi 5 tai; Bôt mau điêu 3 muỗnguông canh
1252,BáNh SữA Tươi NướNg,unparsed_main_ingredient,Sưa tươi không đương 600 muỗngl; Long đo trưng ga 4 cai; Vani 1 muỗnguông ca phê; Phô mai lat 3 lat
1253,Bao Tử Cá Kho Tiêu,unparsed_main_ingredient,Nước dừa tươi 200 muỗngl; Nước cốt chanh 1 muỗnguỗng canh
1254,Sinh Tố Xoài Cốt Dừa,unparsed_main_ingredient,Xoài chín 1 trái; Nước cốt dừa 200 muỗngl; Sữa đặc 20 muỗngl
1255,Bánh Mì Nướng Tôm Phô Mai,unparsed_main_ingredient,Bánh mì 2 ổ; Phô mai Con Bò Cười 8 viên; Sữa tươi 50 muỗngl; Nước cốt chanh 1 muỗnguỗng cà phê
1256,Rau Câu DừA Phô Mai,unparsed_main_ingredient,Cui dưa non 2 muỗngiêng; Phô mai 1 hôp; Nươc dưa tươi 800 muỗngl
1257,Măng Nhồi Thịt Xốt Cà Chua,unparsed_main_ingredient,Cà chua 3 Quả
1258,Súp Tôm Viên Phô Mai,unparsed_main_ingredient,Phô mai vuông Belcube 6 viên; Nước dùng gà 700 muỗngl; Trứng gà 1 Quả
1259,Cà Tím Nhồi Thịt Hấp,unparsed_main_ingredient,Cà tím 1 Trái; Bột bắp 2 muỗnguỗng canh
1260,Gỏi Xoài Diềm Thăn Heo Iberico,unparsed_main_ingredient,Nước cốt chanh 1 muỗnguỗng canh; Dầu olive 4 muỗnguỗng canh
1261,Sườn Cọng Chiên Xù,unparsed_main_ingredient,Sườn cọng Iberico 1 cọng; Trứng gà 2 quả
1262,Gỏi Xoài Ếch Chiên Giòn,unparsed_main_ingredient,Xoài xanh 1 trái
1263,Bí Nhồi Chả Nấm Chay,unparsed_main_ingredient,Bí xanh 1 Trái; Nấm mèo 3 tai
1264,Salad Phô Mai Tôm NướNg,unparsed_main_ingredient,Nươc ep cam 70 muỗngl; Kem sưa beo 100 muỗngl; Mât ong 1.5 muỗnguông canh; Dâu Oliu 2 muỗnguông canh
1265,Bánh Giầy Kẹp Chả Lụa,unparsed_main_ingredient,Nước ấm 250 muỗngl
1266,Canh Đu Đủ Đuôi Heo,low_food_id_cover,cover=0.50 thieu: Đuôi heo
1267,Soda Lê,no_metric_qty,khong co nguyen lieu nao ghi don vi g/kg/ml/l parse duoc
1268,Salad SốT Bơ ĐậU PhộNg,unparsed_main_ingredient,"Hỗn hợp salad: Salad và các loại rau củ tuỳ chọn, Bò ướp sả nướng; Trang trí: Hạt mè nướng, hành lá"
1269,Bánh Mì Mứt Cam,no_metric_qty,khong co nguyen lieu nao ghi don vi g/kg/ml/l parse duoc
1270,Salad Trái Cây,no_metric_qty,khong co nguyen lieu nao ghi don vi g/kg/ml/l parse duoc
1271,Rau Câu Trái Cây Phô Mai,unparsed_main_ingredient,Phô mai Con Bo Cươi 1 hôp; Kiwi xanh 2 trái; Thanh long đỏ 1/2 trái; Xoài 1/2 quả
1272,Chè Sắn Mochi,unparsed_main_ingredient,Nước cốt dừa 200 muỗngl; Lá dứa 2 lá
1273,Xôi Cá Cơm,low_food_id_cover,"cover=0.73 thieu: Cá cơm khô, Hành phi"
1274,Bánh Mì Nướng Tôm Phô Mai,low_food_id_cover,"cover=0.05 thieu: Tôm thẻ, Ngò tây, Mayonaise, Bơ lạt, Tỏi băm"
1275,MựC Que Chiên GiòN SốT Cam,unparsed_main_ingredient,Cam sanh 1 qua; Ngo tây 1 nhanh; Hat nêm Aji-ngon Heo 1 muỗnguông ca phê; Xôt Mayonnaise Aji-mayo 3 muỗnguông canh
1276,Trân Châu Viên Phô Mai,low_food_id_cover,"cover=0.39 thieu: Bột năng, Cà phê bột hòa tan, Bột matcha, Nước lọc"
1277,MóN CuốN ThủY Nguyên,unparsed_main_ingredient,Trưng ga 3 qua; Nươc măm 100 muỗngl; Toi băm 2 muỗnguông canh; Ơt hiêm băm 2 muỗnguông canh
1278,MựC NhồI Chiên NướC MắM,unparsed_main_ingredient,Hat nêm 1 muỗnguông canh; Đương 3 muỗnguông canh; Dâu hao 1 muỗnguông canh; Nươc măm 3 muỗnguông canh
1279,Óc Heo Hầm Thuốc Bắc,unparsed_main_ingredient,Gói gia vị thuốc bắc 2 gói; Rượu trắng 50 muỗngl; Nước dùng xương 1.5 lít
1280,Bò Bía Ngọt,unparsed_main_ingredient,Trứng gà 1 quả
1281,Cá Diêu Hồng Hóa Rồng,unparsed_main_ingredient,Cá Diêu hồng 1 con; Sả 2 cây; Dưa leo 1 trái; Xoài xanh nửa trái
1282,Chè Củ Sen Đường Phèn,low_food_id_cover,cover=0.43 thieu: Củ sen
1283,Chè Hạt Sen Long Nhãn,unparsed_main_ingredient,Lá dứa 2 lá
1284,Trứng Cút Xốt Phô Mai Trứng Muối,unparsed_main_ingredient,Trứng cút 20 Quả; Sữa tươi không đường 150 muỗngl; Phô mai con bò cười 6 muỗngiếng; Trứng muối 4 Quả
1285,Cá Cơm Chay Từ Hoa ChuốI,unparsed_main_ingredient,Bột chiên giòn 1 chén
1286,Trà TráI Cây NhiệT ĐớI,unparsed_main_ingredient,Tra tui loc 2 goi; Đương 3 muỗnguông canh; Cam vang 1 trai; Tao 1 trai
1287,Thịt Nướng Phô Mai Kiểu Thái,unparsed_main_ingredient,Phô mai Con Bò Cười 6 viên
1288,Nước Chấm Ốc Hà Nội,unparsed_main_ingredient,"Ăn kem: Nghêu, Ngao hai côi"
1289,LẩU Bao Tử HầM Tiêu,unparsed_main_ingredient,Rươu trăng 2 muỗnguông canh; Muôi 1.5 muỗnguông ca phê; Nươc măm 1 muỗnguông canh; Dâu hao 1 muỗnguông canh
1290,Lẩu Tôm Càng,unparsed_main_ingredient,Nước dừa tươi 1 lít; Nước thơm 30 muỗngl; Nước cốt me 30 muỗngl
1291,Cà Phê Bọt Biển Sầu Riêng,unparsed_main_ingredient,Sữa đặc Ngôi Sao Phương Nam 20 muỗngl; Sầu riêng 1 muỗngúi; Sữa tươi 40 muỗngl; Đá viên
1292,Kem Phô Mai Trái Cây,unparsed_main_ingredient,Kiwi 4 trái; Gelatin 2 lá; Húng lủi
1293,Đậu Hủ Xào Chua Ngọt,unparsed_main_ingredient,Đậu hủ chiên 4 muỗngiếng
1294,Đậu Hủ Muối Tiêu Rau Răm,unparsed_main_ingredient,Đậu hủ chiên 4 muỗngiếng; Tắc 4 quả
1295,Đậu Hũ Viên Rau Củ Chiên,unparsed_main_ingredient,Ngũ vị hương 1 muỗnguỗng cà phê; Trứng gà 1 Quả; Bột bắp 1 muỗnguỗng canh
1296,Lẩu Thả Phan Thiết,unparsed_main_ingredient,cà chua 2 trái; Chuối sứ chín 2 trái; Xoài xanh 1 trái; Trứng gà 2 quả
1297,Trứng Ngâm Xì Dầu,unparsed_main_ingredient,Trứng gà 10 quả; Xì dầu 200 muỗngl; Nước lọc 200 muỗngl
1298,Bò Né Me Rau Càng Cua,low_food_id_cover,"cover=0.07 thieu: Thịt bò phi lê, Rau càng cua, Bông thiên lý, Hành tím, Cốt me"
1299,Cá Kèo Chiên Giòn Chấm Mắm Me,unparsed_main_ingredient,Bột Chiên Giòn 1 chén; Rau răm ăn kèm
1300,Gỏi Thịt Bò Cà Pháo,low_food_id_cover,"cover=0.24 thieu: Thịt bò phi lê, Khế xanh, Chuối chát, Ngò gai, Húng lủi"
1301,Gỏi Đu Đủ Tôm Tai Heo,unparsed_main_ingredient,Nước cốt chanh 3 muỗnguỗng canh
1302,Ốc Hương Rang Muối Sợi,low_food_id_cover,"cover=0.02 thieu: Ốc hương, Đường, Rau răm, Ớt bột"
1303,Thạch Sữa Bắp Lá Dứa,unparsed_main_ingredient,Sữa tươi không đường 180 muỗngl; Whipping cream 50 muỗngl; 1 gói rau câu
1304,Sữa Chua Úp Ngược,unparsed_main_ingredient,Sữa tươi không đường 1Lít
1305,Chả Hoa Ngũ Sắc Phô Mai,unparsed_main_ingredient,Trứng gà 6 quả; Rong biển cuộn 3 lá; Lạp xưởng 2 cây; Lòng đỏ trứng muối 3 quả
1306,GỏI Khô Cá LóC,unparsed_main_ingredient,Khô ca loc 1 con; Xoai xanh 2 trai; Khê chua 2 trai; Nươc măm 4 muỗnguông canh
1307,Đậu Hũ Ki Khìa Nước Dừa,unparsed_main_ingredient,Tàu hũ ki khô 6 muỗngiếng to; Tàu hủ chiên 3 muỗngiếng; Nấm đùi gà 2 cây
1308,Trứng Cuộn Phô Mai Sợi,unparsed_main_ingredient,Trứng gà 4 quả
1309,Cơm Hộp 8/3,unparsed_main_ingredient,Cà chua bi 2 trái; Trứng gà 4 trái; Củ dền 1 củ; Phô mai Cheddar lát 3 lát
1310,Miến Xào Chay,low_food_id_cover,"cover=0.27 thieu: Miến Hàn Quốc, Nấm đùi gà, Cải bó xôi, Tỏi băm"
1311,Gỏi Ốc Đu Đủ,unparsed_main_ingredient,Nước cốt chanh 1 muỗnguỗng canh; Sả 4 cây
1312,Yakult Thanh Long Sơ Ri,unparsed_main_ingredient,Nươc ep sơ ri 100 muỗngl; Yakult 40 muỗngl; Nươc đương 30 muỗngl; Nươc côt chanh 10 muỗngl
1313,Nước Sâm Hoa Đậu Biếc,unparsed_main_ingredient,La hán quả 3 trái; Sương sáo; Hột é; Nhãn đóng lon
1314,Thịt Ba Rọi Kho,unparsed_main_ingredient,Trứng cút 30 quả tùy sở thích có thể thêm hoặc bớt
1315,Khâu Nhục,unparsed_main_ingredient,Cải bắc thảo 1 hộp; Màu thực phẩm đỏ 1 lọ; Sốt ướp thịt nướng 1 hộp; Ngũ vị hương 1 gói
1316,Đậu Phộng Rang Sả Ớt,low_food_id_cover,"cover=0.03 thieu: Đậu phộng, Sả, Riềng, Ớt hiểm khô, Đường thốt nốt"
1317,Canh Bắp Cải Cuộn Thịt,unparsed_main_ingredient,Bắp cải trắng 1 bắp; Bắp cải tím 1 bắp
1318,Bánh Khoai Tây Bọc Phô Mai Sợi,unparsed_main_ingredient,Một chút xíu hạt tiêu
1319,Thịt Gà Rim Ngũ Vị,unparsed_main_ingredient,Mật ong 2 thìa
1320,Trà Hoa HồNg ThạCh Dâu,no_metric_qty,khong co nguyen lieu nao ghi don vi g/kg/ml/l parse duoc
1321,Gỏi Vỏ Dưa Hấu Tôm Thịt,unparsed_main_ingredient,Tôm 10 con; Nuóc mắm 40 muỗngl; Nước cốt chanh 20 muỗngl; Bánh phồng tôm 10 cái
1322,Bánh Chưng Chiên Nước Ngũ Sắc,unparsed_main_ingredient,Bánh chưng 1 cái; Phô mai con bò cười 2 muỗngiếng; Lạp xưởng 1 cây
1323,Bánh Lá Mơ,low_food_id_cover,"cover=0.60 thieu: Lá mơ, Bột gạo, Bột năng, Đường, Nước"
1324,Bánh Bò Cốt Dừa Lá Dứa,low_food_id_cover,"cover=0.50 thieu: Bơ lạt, Sữa đặc, Nước cốt lá dứa, Bột năng, Baking soda"
1325,Bột Chiên Hàu Sữa,unparsed_main_ingredient,Trứng gà 2 quả; Nước lọc 50 muỗngl
1326,Đậu Hủ Non Sốt Tương,unparsed_main_ingredient,Đậu hủ non 1 bìa
1327,Trà Ô Long Dâu,unparsed_main_ingredient,Nước sôi 180 muỗngl
1329,Đậu Hũ Trứng Sốt Heo Cay,unparsed_main_ingredient,Đậu hũ trắng 4 muỗngiếng; Trứng gà 4 quả; Bột năng 2 muỗnguỗng canh
1331,Trà Lipton Cam Thảo,unparsed_main_ingredient,Lipton nhãn vàng 2 gói; Nước cốt chanh 20 muỗngl
1332,Chả Lụa Rim Mắm,unparsed_main_ingredient,Đầu hành băm 1 muỗnguỗng canh
1334,Xôi Tam SắC,unparsed_main_ingredient,Nươc côt dưa 270 muỗngl; Gâc chin 1 trai; Rươu gao 3 muỗnguông canh; Nươc la dưa 500 muỗngl
1335,CóC Ngâm Chua NgọT,unparsed_main_ingredient,Muôi hôt 4 muỗnguông canh; Nươc măm 2 muỗnguông canh; Ơt sưng thai sơi 1 muỗnguông canh; Ơt sưng băm 2 muỗnguông canh
1337,Cà Na Đập Muối Ớt,unparsed_main_ingredient,Cà na 1
1338,Bánh Chưng Chiên Nước,unparsed_main_ingredient,Bánh Chưng 1 cái; Nước Lọc 300 muỗngl
1339,Khô Gà Lá Chanh,low_food_id_cover,"cover=0.03 thieu: Ức gà, Tỏi băm, Ớt hiểm băm, Bột cà ri, Bột ngũ vị hương"
1340,Tai Heo Cuộn Mộc Nhĩ,unparsed_main_ingredient,Tai heo 1 cái; Sả 4 cây
1341,Bánh Đồng Tiền Ngũ Sắc,low_food_id_cover,"cover=0.12 thieu: Bánh đồng tiền, Hạnh nhân nguyên vỏ, Cranberry khô, Nho khô, Hạt bí"
1342,BáNh NgóI HạNh Nhân Keto,unparsed_main_ingredient,Trưng ga 2 qua; Muôi 1/3 muỗnguông ca phê
1343,MuốI Dưa ChuộT,unparsed_main_ingredient,Nươc vo gao 800 muỗngl; Nươc loc 200 muỗngl; Muôi hôt 50 gram; Đương thôt nôt 50 gram
1344,Bánh Nếp Chiên,low_food_id_cover,"cover=0.00 thieu: Bột nếp, Sữa đặc"
1345,Chả Giò Rau Củ Phô Mai,no_metric_qty,khong co nguyen lieu nao ghi don vi g/kg/ml/l parse duoc
1346,Chè Trôi NướC Tam SắC,unparsed_main_ingredient,Muôi 1 muỗnguông ca phê; Nươc côt dưa 250 muỗngl; Cu dên 3 cu
1347,MứT Cà RốT Phô Mai Vị Cam Và Vị TắC Xí MuộI,unparsed_main_ingredient,Phô mai con bo cươi 2 hôp; Ca rôt 4 cu; Cam vang 1 trai
1348,Mứt Chùm Ruột Ngào Ớt Cay,unparsed_main_ingredient,Siro dâu 50 muỗngl
1349,Mứt Dừa Viên Ba Màu,low_food_id_cover,"cover=0.42 thieu: Cơm dừa, Hoa đậu biếc, Củ dền"
1350,Chân Gà Lắc Thập Cẩm Trứng Non,unparsed_main_ingredient,Trứng non; Mề gà; Tai heo; Sụn ức gà
1351,Trà Dâu GừNg NhiệT ĐớI,no_metric_qty,khong co nguyen lieu nao ghi don vi g/kg/ml/l parse duoc
1352,Lạp Xưởng Tôm Trứng Muối,unparsed_main_ingredient,Trứng muối 8 quả; Rượu mai quế lộ 80 muỗngl; Vỏ lạp xưởng collagen 1 ống
1353,Tôm NướNg MuốI ỚT,no_metric_qty,khong co nguyen lieu nao ghi don vi g/kg/ml/l parse duoc
1354,Cải Thìa Sốt Dầu Hào Nấm Đông Cô,low_food_id_cover,"cover=0.60 thieu: Nấm đùi gà tùy sở thích, Bột năng"
1355,LẩU Riêu Cua Miền Bắc,no_metric_qty,khong co nguyen lieu nao ghi don vi g/kg/ml/l parse duoc
1356,Mứt Củ Sen,unparsed_main_ingredient,Nước 200 muỗngl; Nước ép thanh long đỏ 30 muỗngl; Nước lá dứa 30 muỗngl; Nước vo gạo 1 lít
1357,Thịt Kho Trứng Phô Mai,unparsed_main_ingredient,Phô mai Con Bò Cười 6 viên; Trứng vịt 3 quả
1358,Chả Bì,unparsed_main_ingredient,Dầu màu điều 2 muỗnguỗng canh
1359,Xôi ĐậU Xanh,unparsed_main_ingredient,Nươc côt dưa 200 muỗngl; Muôi 1 muỗnguông ca phê; Me trăng
1360,Thịt Đông Trứng Phô Mai,unparsed_main_ingredient,Trứng gà 6 quả; Phô mai Con Bò Cười 4 viên
1361,Mứt Bí Đao,low_food_id_cover,"cover=0.20 thieu: Bí đao, Vôi, Phèn chua"
1362,Trứng Cút Sốt Cà Chua,unparsed_main_ingredient,Trứng cút 30 quả; Nước lọc 200 muỗngl
1363,Bánh Đa Cua,unparsed_main_ingredient,Nước cốt me 15 muỗngl; Nước dùng hoàn chỉnh Barona Lẩu Cua Đồng 1 gói
1364,Chả LụA Bì ỚT Xiêm Xanh,unparsed_main_ingredient,Toi băm 2 muỗnguông ca phê; Bôt ngot 1/3 muỗnguông ca phê; Hat nêm 1 muỗnguông ca phê; Đương cat 1 muỗnguông ca phê
1365,Bánh Nếp Chay,low_food_id_cover,"cover=0.12 thieu: Bột nếp, Đường   3 thìa"
1366,Dưa HàNh TíM,unparsed_main_ingredient,Muôi hôt 2 muỗnguông canh; Nươc loc 400 muỗngl; Giâm trăng 200 muỗngl; Nươc vo gao 1 lít
1367,Khô Bò MiếNg,unparsed_main_ingredient,Dâu hao 3 muỗnguông canh; Đương 4 muỗnguông canh; Dâu mau điêu 4 muỗnguông canh; Ơt bôt 2 muỗnguông canh
1368,Kẹo Chuối Đen,unparsed_main_ingredient,Chuối xiêm 1 nải; Nước cốt chanh 20 muỗngl
1369,Phở Gà,unparsed_main_ingredient,Gà ta nửa con
1370,Mứt Me,low_food_id_cover,"cover=0.00 thieu: Me non, Đường"
1371,Trứng Cút Kho Mặn,no_metric_qty,khong co nguyen lieu nao ghi don vi g/kg/ml/l parse duoc
1372,Lòng Heo Xào Cải Chua,low_food_id_cover,"cover=0.24 thieu: Lòng heo non, Dưa cải chua, Tỏi băm, Hành tím băm"
1373,BáNh Xu Xê,no_metric_qty,khong co nguyen lieu nao ghi don vi g/kg/ml/l parse duoc
1374,Lòng Xào Nghệ,unparsed_main_ingredient,Lòng già thố linh; Bánh tráng nướng ăn kèm
1375,Cơm Nguội Bọc Trứng Cút Chiên Xù,unparsed_main_ingredient,Lòng đỏ trứng gà 1 quả; Trứng cút 12 quả; Bột mì 2 muỗnguỗng canh
1376,Chả Lá Lốt,unparsed_main_ingredient,Lá lốt 10-15 lá to
1377,Trà Dâu Ngâm,unparsed_main_ingredient,Trà Lipton 2 gói; Nước sôi 180 muỗngl
1378,Gà Nướng Muối Ớt,unparsed_main_ingredient,Đùi gà 2 cái; Xốt Gia Vị Hoàn Chỉnh Barona Nướng Muối Ớt 1 gói
1379,Cơm Chiên Trứng Cuộn Lốc Xoáy,unparsed_main_ingredient,Cơm trắng 1 chén; Trứng gà 4 cái; Tương cà 2 muỗnguỗng canh; Sữa tươi có đường 3 muỗnguỗng canh
1380,Bánh Khoai Lang,unparsed_main_ingredient,Bột nghệ 1 thìa; Bột điều 1/2 thìa; Sữa tươi có đường 220 muỗngl
1381,BáNh ĐùM MiềN Tây,unparsed_main_ingredient,Hanh tim băm 2 muỗnguông canh; Toi băm 1 muỗnguông canh
1382,Bánh Tét/ Bánh Chưng Chiên,unparsed_main_ingredient,Xì dầu 20 muỗngl
1383,Heo Quay Kho Cải Chua,unparsed_main_ingredient,Dầu điều 20 muỗngl; Nước dừa 300 muỗngl
1384,Bún Cá Chấm,unparsed_main_ingredient,Nước cốt me 2 muỗnguỗng canh
1385,Trà Chanh Hồng Kông,unparsed_main_ingredient,Nươc côt chanh vang 20 muỗngl; Mât ong 30 muỗngl
1386,Bánh Bông Lan Cuộn Chà Bông Gà Cay Sốt Dầu Trứng,unparsed_main_ingredient,Sữa tươi không đường 50 muỗngl; Dầu hướng dương 700 muỗngl
1387,Ngô Chiên Bơ,unparsed_main_ingredient,Ngô ngọt 2 bắp; Trứng gà 1 quả; Bơ vàng
1388,Gà Xào Nghệ Cà Ri,unparsed_main_ingredient,Lòng mề gà 1 bộ; Nước dừa tươi 1 bát ăn cơm; Sả băm
1389,Sườn Chua Ngọt,no_metric_qty,khong co nguyen lieu nao ghi don vi g/kg/ml/l parse duoc
1390,Bún Cua Thối,unparsed_main_ingredient,Đầu hành 5 củ; Mắm nêm 2 muỗnguỗng canh; Dầu màu điều 1 muỗnguỗng canh; Trứng vịt 4 quả
1391,Trứng Hấp Đậu Hủ Non Thịt Bằm,unparsed_main_ingredient,Trứng gà 2 quả; Nước lọc 100 muỗngl
1392,Snack HàNh Tây,unparsed_main_ingredient,Hanh tây 2 cu; Bôt ơt đo 2 muỗnguông canh; Bôt ca ri 2 muỗnguông canh; Bôt chiên gion 2 muỗnguông canh
1393,Bánh Chuối Chiên Không Dầu Mỡ,unparsed_main_ingredient,Chuối chín 2 quả; Trứng gà 2 quả
1394,Sữa Gạo Lứt Mè Đen,unparsed_main_ingredient,Đừơng phèn Ít nhiều tuỳ khẩu vị; Nước lọc 2; 5 - 3 lít
1395,Rươi Kho,no_metric_qty,khong co nguyen lieu nao ghi don vi g/kg/ml/l parse duoc
1396,Sườn Xào Chua Ngọt,unparsed_main_ingredient,Lòng trắng trứng 1; Bột năng 1 thìa
1397,Ốc Xào Cay Miền Trung,unparsed_main_ingredient,Nước vo gạo 500 muỗngl; Nước dừa tươi 200 muỗngl; Dầu màu điều 3 muỗnguỗng canh; Mắm ruốc 1 muỗnguỗng canh
1398,Rau Củ Xào Hạnh Nhân,no_metric_qty,khong co nguyen lieu nao ghi don vi g/kg/ml/l parse duoc
1399,Canh Măng Lưỡi Lợn,no_metric_qty,khong co nguyen lieu nao ghi don vi g/kg/ml/l parse duoc
1400,Sườn Kho Thơm,unparsed_main_ingredient,Nước 300 muỗngl
1401,Gà Chiên Nước Mắm,unparsed_main_ingredient,Xốt Gia Vị Hoàn Chỉnh Barona - Gà Chiên Nước Mắm 1 gói; Dưa leo ăn kèm
1402,Đùi Ếch Chiên Bơ Cay,unparsed_main_ingredient,Mật ong 1 muỗnguỗng canh; Bột tẩm khô chiên giòn vị cay Vedan 1 gói
1403,Chả Rươi,unparsed_main_ingredient,Trưng ga 5 qua; Hat nêm 1 muỗnguông canh; Nươc măm 1 muỗnguông canh; Rau sông
1404,Bắp Mỹ Hấp Sữa Tươi,no_metric_qty,khong co nguyen lieu nao ghi don vi g/kg/ml/l parse duoc
1405,Bánh Tráng Mắm Ruốc Tóp Mỡ Phô Mai Nướng,unparsed_main_ingredient,Trứng gà 3 quả; Mắm ruốc 2 muỗnguỗng canh
1406,Pudding Sữa Tươi Trân Châu,unparsed_main_ingredient,Whipping cream 100 muỗngl; Sưa tươi không đương 450 muỗngl; Vanila 5 muỗngl; Nươc loc 230 muỗngl
1407,Chả Cua Chiên ÁP ChảO,unparsed_main_ingredient,Trưng ga 1 qua; Sôt Mayonnaise 5 muỗnguông canh; Nươc côt chanh vang 1 muỗnguông canh; Vo chanh vang 1 muỗnguông canh
1408,TrứNg LòNg ĐàO Chiên SốT Me,unparsed_main_ingredient,Trưng vit 10 qua; Nươc măm 3 muỗnguông canh; Nươc côt me 3 muỗnguông canh; Nươc bôt băp 1 muỗnguông canh
1409,Tôm Chiên Xù,low_food_id_cover,"cover=0.00 thieu: Tôm, Bột chiên xù, Bột chiên giòn"
1410,TrứNg Chiên Rim NướC MắM,no_metric_qty,khong co nguyen lieu nao ghi don vi g/kg/ml/l parse duoc
1411,TrứNg Chiên Rim Sa Tế,no_metric_qty,khong co nguyen lieu nao ghi don vi g/kg/ml/l parse duoc
1412,Rau Câu Flan TráI DừA,unparsed_main_ingredient,Dưa xiêm troc 2 trai; Sưa tươi 400 muỗngl; Whipping cream 200 muỗngl; Trưng ga 7 qua
1413,Bánh Lá Dứa,unparsed_main_ingredient,Vôi tôi 1 muỗnguỗng cà phê; Nước cốt dừa 250 muỗngl
1414,Ba Chỉ Chiên Giòn Sốt Cam,unparsed_main_ingredient,Cam vàng 2 trái; Baking soda 1/2 muỗnguỗng cà phê; Bột bắp 1 muỗnguỗng cà phê; Nước cốt chanh 20 muỗngl
1415,LẩU Bò Măng Chua,unparsed_main_ingredient,Nươc dung nâu tư ca chinh 2 lit; Dâu ăn 3 muỗnguông canh; Ơt sưng 1 trai; Ca chua 1 trai
1416,Sụn Gà Sốt Trứng Muối,unparsed_main_ingredient,Lòng đỏ trứng muối 10 cái
1417,Gà Hấp Mắm Nhĩ,unparsed_main_ingredient,Gà 1 con 1; bột nêm; Màu điều
1418,Thịt Kho Nước Tương Kiểu Nhật,unparsed_main_ingredient,Nấm đông cô 2 cái; Nước lọc 180 muỗngl; Rượu Mirin 60 muỗngl
1419,Trứng Cút Nướng Rong Biển,no_metric_qty,khong co nguyen lieu nao ghi don vi g/kg/ml/l parse duoc
1420,Chân Gà Tàu Xì,unparsed_main_ingredient,Tàu xì 2 muỗnguỗng canh; Hoa hồi 4 bông; Hắc xì dầu 2 muỗnguỗng canh; Bột nêm
1421,Bánh Chuối Chiên,unparsed_main_ingredient,Nước 330 muỗngl; Bột nghệ 1 muỗnguỗng cafe
1422,Ruốc Tôm Khô,low_food_id_cover,cover=0.03 thieu: Tôm khô
1423,Trà Sữa Tinh Than Tre,unparsed_main_ingredient,Bột tinh than tre 2 muỗnguỗng cà phê; Trà đen túi lọc 2 gói; Nước nóng 300 muỗngl; Sữa tươi không đường 1 bịch
1424,Bánh Ngô Sữa Chiên,unparsed_main_ingredient,Sữa tươi không đường 220 muỗngl
1425,BúN VịT XáO Măng,unparsed_main_ingredient,Nươc măm 2 muỗnguông canh; Đương 1 muỗnguông canh; Bôt ngot 1 muỗnguông ca phê; Hanh tim băm 2 muỗnguông canh
1426,Ốc Hương Sốt Hoàng Kim,unparsed_main_ingredient,Trứng muối 2 trứng; Phô mai con bò cười 1 muỗngiếng; xanh 1 ít; Màu điều 1 ít
1427,Nghêu Hấp Sả,unparsed_main_ingredient,Nước dừa 500 muỗngl
1428,Ốc Bươu Xào Sả Ớt,no_metric_qty,khong co nguyen lieu nao ghi don vi g/kg/ml/l parse duoc
1429,Chè Con Ong,unparsed_main_ingredient,Gừng già 1 nhánh
1430,Bánh Mì Chấm Kem Trứng - Cacao,unparsed_main_ingredient,Trứng gà 4 quả
1431,Mắm Tép Đu Đủ,unparsed_main_ingredient,Ơt hiêm 3 trai; Ơt sưng 2 trai; Rươu trăng 600 muỗngl; Muôi hôt 2 muỗnguông canh
1432,Pâté Chaud,low_food_id_cover,"cover=0.64 thieu: Bơ lạt, Bơ khô, Thịt heo xay, Hành tím nhỏ, Tiêu"
1433,Trứng Cuộn Xúc Xích,unparsed_main_ingredient,Trứng gà 5 quả; Phô mai lát 6 muỗngiếng; Xúc xích Deli Sumo
1434,Gà Kho Nấm Hương,unparsed_main_ingredient,Xì dầu 2 thìa canh; Hạt tiêu; gừng
1435,Thịt Heo Nướng Mỡ Hẹ,unparsed_main_ingredient,Sả cắt lát 1 cây; Gốc ngò 6 cọng; Nước cốt chanh 1 muỗnguỗng canh; Hẹ tăm thái nhỏ 3 muỗnguỗng canh
1436,Bún Mắm Nêm Đà Nẵng,unparsed_main_ingredient,Mắm nêm cá cơm Dì Cẩn; Mít non; Đu đủ; Rau sống
1437,Chè Sắn,unparsed_main_ingredient,bột đao
1438,Đậu Hũ Non Sốt Nấm,unparsed_main_ingredient,Đậu hũ trứng 2 cây
1439,Trà Quế Hồng Táo,unparsed_main_ingredient,Quế 2 thanh; Gừng 1 củ nhỏ; Hồng táo khô 30 quả; Nước 1 lít
1440,Bắp Cải Cuộn Thịt Bằm,unparsed_main_ingredient,Cà rốt 1/2 củ; 1 thìa cà phê hạt nêm; 1 thìa cà phê dầu hào
1441,Gân Bò Xào Ngũ Sắc,unparsed_main_ingredient,Tương cà 1 muỗnguỗng canh
1443,Bún Hến,unparsed_main_ingredient,Cà chua 2 trái; Khế 2 trái; Mẻ 4 muỗnguỗng canh; Bột nêm
1444,Bánh Tôm Hồ Tây,unparsed_main_ingredient,Khoai lang 1-2 củ; Xu hào 1 củ; Cà rốt 1 củ; Trứng 2 quả
1445,Gà Om Ớt Xanh Cay,low_food_id_cover,"cover=0.56 thieu: Ớt sừng xanh, Ớt chuông đỏ"
1446,Bánh Canh Cá Nục Chiên,unparsed_main_ingredient,Trứng cút 10 quả
1447,Cá Nục Kho Coca,unparsed_main_ingredient,Coca 1 lon
1448,ThịT Viên ThậP CẩM Chiên,no_metric_qty,khong co nguyen lieu nao ghi don vi g/kg/ml/l parse duoc
1449,SườN Chay Chiên Sả ỚT,unparsed_main_ingredient,Hanh tim băm 1 muỗnguông canh; Ơt băm 1/2 muỗnguông canh; Nươc măm 1.5 muỗnguông canh; Đương 1.5 muỗnguông canh
1450,Bánh Xèo,unparsed_main_ingredient,Bột nghệ; Nước cốt dừa; Thịt ba chỉ; Tôm thẻ
1451,Bánh Cam Lúc Lắc,unparsed_main_ingredient,Dầu dừa 1 muỗnguỗng canh; Nước 190 muỗngl
1452,Trứng Cá Sốt Cà Chua,unparsed_main_ingredient,cá chép; cá trắm; Cà chua; Thì là
1453,Chả Cá Thu Kho Tiêu,unparsed_main_ingredient,Nước lọc 300 muỗngl
1454,Da Heo Chiên TỏI ỚT,unparsed_main_ingredient,La chanh 7 la; Dâu ăn 500 muỗngl; Nươc măm 1 muỗnguông canh; Tương ơt 1 muỗnguông canh
1455,Xúc Xích Hầm Rau Củ,unparsed_main_ingredient,Xúc xích Đức LeGourmet 5 cây; Dầu olive 1 muỗnguỗng canh; Sốt cà chua 3 muỗnguỗng canh; Sốt cà chua 3 muỗnguỗng canh
1456,Thịt Chưng Mắm Tép,low_food_id_cover,"cover=0.00 thieu: Thịt nạc băm, Mắm Tép, Sả bằm, Tỏi bằm, Hành tím bằm"
1457,Lạc Rang Húng Lìu,unparsed_main_ingredient,Húng lìu 1 gói
1458,XúC XíCh BạCh TuộC LắC Phô Mai,unparsed_main_ingredient,Xuc xich cocktail Le Gourmet; Tương ca 3 muỗnguông canh; Nươc loc 150 muỗngl
1459,Cá Bống Kho Tộ,unparsed_main_ingredient,5-2 muỗnguỗng canh
1460,Snack Chuối Chiên Mè,unparsed_main_ingredient,Chuối xiêm xanh 1 nải
1461,Xúc Xích Chiên Bơ Khoai Tây Nghiền,unparsed_main_ingredient,Sữa tươi 50 muỗngl; Whipping cream 100 muỗngl
1462,Pancake Tạo Hình,no_metric_qty,khong co nguyen lieu nao ghi don vi g/kg/ml/l parse duoc
1463,Canh Chua Cá Lóc,unparsed_main_ingredient,Nước cốt me 50 muỗngl
1464,Cơm CháY Rau LuộC Kho QuẹT,unparsed_main_ingredient,Toi băm 1 muỗnguông canh; Hanh tim băm 1 muỗnguông canh; Nươc măm 6 muỗnguông canh; Đương 3 muỗnguông canh
1465,Bông Điên ĐiểN MuốI Chua,unparsed_main_ingredient,Muôi 2 muỗnguông canh; Đương 2 muỗnguông canh; Nươc vo gao 1 lit; Hu thuy tinh
1466,Lẩu Cá Linh Bông Điên Điển,unparsed_main_ingredient,Nước cốt me 30 muỗngl; Nước dừa tươi 300 muỗngl
1467,Canh Bầu Nấu Tôm,low_food_id_cover,"cover=0.01 thieu: Bầu xanh, Tôm thẻ, Tỏi băm"
1468,Cánh Gà Chiên Nước Mắm,low_food_id_cover,"cover=0.16 thieu: Cánh gà, Tỏi băm, Ớt băm"
1469,Lẩu Bò Viên Khổng Lồ,unparsed_main_ingredient,Sả 4 cây; Sa tế tươi 1 muỗnguỗng canh
1470,Tai Heo Ngũ Vị,no_metric_qty,khong co nguyen lieu nao ghi don vi g/kg/ml/l parse duoc
1471,Chè Viên Khoai Lang,unparsed_main_ingredient,Khoai lang
1472,Trà Kem Cheese,unparsed_main_ingredient,Hồng trà/trà xanh/...tùy chọn 1 túi lọc; Nước sôi 350 muỗngl; Bột phô mai 1 tsp b; Sữa lạnh/nước lạnh một chút
1473,Ba Món Chiên TổNg HợP,unparsed_main_ingredient,Đui ga toi 4 cai; Trưng ga 2 qua; Gia vi nêm săn Aji- Quick bôt tâm khô chiên gion 1 goi; Gia vi nêm săn Aji- Quick bôt chiên gion 1 goi
1474,Khô Gà Lá Chanh,unparsed_main_ingredient,Lườn gà tách xương 1; Sả; gừng; bột nghệ
1475,Mì Xoài Trộn,unparsed_main_ingredient,Xoài sống 2 trái
1476,Ba Rọi Xông Khói Cuộn Ức Gà Sốt Kem,unparsed_main_ingredient,Bột tỏi 1 muỗnguỗng canh; Bột ớt 1 muỗnguỗng canh; Bột năng 1 muỗnguỗng canh; Kem sữa 100 muỗngl
1477,Mắm Kho Miền Tây,unparsed_main_ingredient,Cá hú Ba sa 2 khứa; Khổ qua 2 trái; Cà tím 2 trái; Đậu bắp 3-4 trái
1478,Ngao Xào Sa Tế,unparsed_main_ingredient,Sả tươi; sa tế
1479,Mì Xào Xúc Xích Sốt Chua Ngọt,unparsed_main_ingredient,Mì Hàn Quốc 2 gói; Trứng gà 1 quả; Tương cà 3 muỗnguỗng canh; Dầu olive 1 muỗnguỗng canh
1480,Xúc Xích Hình Bạch Tuộc,unparsed_main_ingredient,Xúc xích 10 cái; Một xíu muối ăn
1481,Nem Bì Thính,unparsed_main_ingredient,Gạo tẻ 1 bát; Lá chanh; Lá sung
1482,Thịt Ba Chỉ Kho TrứNg CúT,unparsed_main_ingredient,20 trưng cut
1483,Xôi ĐậU PhộNg,no_metric_qty,khong co nguyen lieu nao ghi don vi g/kg/ml/l parse duoc
1484,Da Má Bò Ngâm Sung Sả Tắc,unparsed_main_ingredient,Sả 5 cây; Tắc 20 trái; Gừng 1 củ lớn
1485,Chè Thưng,no_metric_qty,khong co nguyen lieu nao ghi don vi g/kg/ml/l parse duoc
1486,Flan Mè Đen,unparsed_main_ingredient,Nước 250 muỗngl; Sữa tươi 400 muỗngl; Trứng gà 5 quả; Vani 1/2 muỗnguỗng cà phê
1487,Bánh Mì Hấp Nhân Thịt Băm,unparsed_main_ingredient,Bánh mì 3 ổ; Nước ấm 1 muỗnguỗng canh
1488,Cơm Trộn Mayonnaise,unparsed_main_ingredient,Dưa leo 1/2 trái; Trứng gà 2 quả; Rong biển Hàn Quốc 1 lá; 5 muỗng
1489,Khoai Lang Nướng Bằng Lò,no_metric_qty,khong co nguyen lieu nao ghi don vi g/kg/ml/l parse duoc
1490,Cheesecake Bơ,unparsed_main_ingredient,Nước lọc/Sữa 100 muỗngl; Bánh Oreo 1 gói; Bơ lạt đun chảy 1 chút
1491,Chè Khoai Mì,unparsed_main_ingredient,Vani 1 muỗnguỗng cà phê; Nước cốt dừa 300 muỗngl
1492,Sắn Hấp Cốt Dừa,unparsed_main_ingredient,Nước dừa tươi 1 quả; Nước cốt dừa 100 muỗngl; Một xíu muối ăn
1493,Trứng Muối Siêu Tốc,no_metric_qty,khong co nguyen lieu nao ghi don vi g/kg/ml/l parse duoc
1494,Khoai Tây Chiên Bơ,no_metric_qty,khong co nguyen lieu nao ghi don vi g/kg/ml/l parse duoc
1495,Salad Hạt Chia,unparsed_main_ingredient,Chuối già 1 quả; Xoài chín giòn 1/2 trái; Dâu tây 6-8 trái; Nho khô 1 muỗnguỗng canh
1496,Lồng Đèn Tôm Đỏ,no_metric_qty,khong co nguyen lieu nao ghi don vi g/kg/ml/l parse duoc
1497,Nem Heo Nướng,unparsed_main_ingredient,Dầu màu điều 1 muỗnguỗng canh; Mật ong 1 muỗnguỗng canh
1498,Mực Nhồi Thịt Hấp,unparsed_main_ingredient,Mực ống 4 con
1499,Đậu Hũ Trứng Hấp Tôm,unparsed_main_ingredient,Đậu hũ trứng 2 khoanh
1500,Gà Bó Xôi,no_metric_qty,khong co nguyen lieu nao ghi don vi g/kg/ml/l parse duoc
1501,Bê Xào Lá Lốt,unparsed_main_ingredient,Lá lốt 1 muỗngớ; Sả; Gừng
1502,Cá Cơm Kho Tiêu ĐườNg ThốT NốT,unparsed_main_ingredient,Nươc măm 2.5 muỗnguông canh; Muôi 1/2 muỗnguông ca phê; Bôt ngot 1/2 muỗnguông ca phê; Hat nêm 1/2 muỗnguông canh
1503,Xôi Xéo,unparsed_main_ingredient,hạt bóng mẩy đều; Bột nghệ 1 thìa cafe; ruốc heo; 5 thìa cafe
1504,Chả Cá Chiên Lá Lốt,unparsed_main_ingredient,Lá lốt 1 bó
1505,Bánh Khoai Lang Phủ Mè,no_metric_qty,khong co nguyen lieu nao ghi don vi g/kg/ml/l parse duoc
1506,Bánh Trung Thu Khoai Lang Tím,unparsed_main_ingredient,Khoai lang tím 5 củ; Nước cốt dừa 100 muỗngl; Khuôn làm bánh
1507,Salad Xúc Xích Nấm Rau Củ,unparsed_main_ingredient,Lá thơm khô 1 muỗnguỗng cà phê; Dầu olive 2 muỗnguỗng canh
1508,Hàu Né Phô Mai,unparsed_main_ingredient,Bơ thực vật; Đậu bắp; cà rốt; Trứng gà
1509,Xôi Vò,unparsed_main_ingredient,Nước cốt dừa nấu ấm 5-6 muỗnguỗng ăn cơm; Vài nhánh lá dứa
1510,Cà Tím Kiểu Hàn - Gajinamul,no_metric_qty,khong co nguyen lieu nao ghi don vi g/kg/ml/l parse duoc
1511,Thịt Kho Trứng,unparsed_main_ingredient,Trứng vịt 6 quả
1512,GỏI Măng Tươi LưỡI Heo,unparsed_main_ingredient,Ca rôt 100r; Ơt băm 1 muỗnguông canh; Toi băm 1 muỗnguông canh; Nươc măm 4 muỗnguông canh
1513,Thạch Rau Câu Phô Mai,unparsed_main_ingredient,Lòng đỏ trứng gà 3 cái; Phô mai con bò cười 4 muỗngiếng; Sữa tươi không đường 200 muỗngl; Bột rau câu dẻo 3 muỗnguỗng cà phê
1514,Gỏi Gà Măng Cụt,unparsed_main_ingredient,Gà ta 1 con; Nước cốt tắc 2 muỗnguỗng canh
1515,Gỏi Bò Rau Càng Cua,unparsed_main_ingredient,Nước lọc 4 muỗnguỗng canh; Nước cốt chanh 5 muỗnguỗng canh
1516,Trứng Vịt Muối Quế Hồi,unparsed_main_ingredient,Trứng vịt gà 12 quả; Rượu trắng 20 muỗngl; Vài cánh hoa hồi; quế
1517,Măng Ớt,low_food_id_cover,"cover=0.79 thieu: Ớt hiểm đỏ, Quả mác mật"
1518,Mắm Kho,unparsed_main_ingredient,"Rau ăn kèm: hẹ nước, bông súng, bắp chuối, cà tím sống, rau má, rau diếp cá...."
1519,Bánh Chocolate Từ Oreo Không Lò Nướng,no_metric_qty,khong co nguyen lieu nao ghi don vi g/kg/ml/l parse duoc
1520,Bánh Trung Thu Trứng Muối Tan Chảy,unparsed_main_ingredient,Trứng muối 5 quả; Phô mai lát 2 muỗngiếng; Trứng gà 4 quả; Vani 1/2 muỗnguỗng cà phê
1521,Bánh Quy Earl Grey,no_metric_qty,khong co nguyen lieu nao ghi don vi g/kg/ml/l parse duoc
1522,Bánh Flan,no_metric_qty,khong co nguyen lieu nao ghi don vi g/kg/ml/l parse duoc
1523,BúN Tôm HảI PhòNg,no_metric_qty,khong co nguyen lieu nao ghi don vi g/kg/ml/l parse duoc
1524,Bánh Da Heo,unparsed_main_ingredient,Lá dứa lá nếp thơm 10 -15 lá; Nước cốt dừa 200 muỗngl
1525,Thịt Kho Tiêu Cay,unparsed_main_ingredient,Củ hành tím 3 củ; Nước màu 1 muỗnguỗng cafe
1526,Bánh Trung Thu Hoa Sen,unparsed_main_ingredient,Lòng đỏ trứng muối 3 quả
1527,Cá Bạc Má Kho Cà Chay,unparsed_main_ingredient,Cá bạc má chay 4-5 con; Cà chua 6 trái
1528,Tôm Nướng Phô Mai Bơ Tỏi,unparsed_main_ingredient,Bơ lạt 3 muỗnguỗng canh
1529,Bánh Tằm Khoai Mì,no_metric_qty,khong co nguyen lieu nao ghi don vi g/kg/ml/l parse duoc
1530,Cá Viên Chiên Chay,unparsed_main_ingredient,Đậu hũ trắng 1 muỗngiếng; Cà phê tiêu 1 muỗnguỗng; Cà phê hạt nêm chay 2 muỗnguỗng; Tăm xiên
1532,Heo Quay Bằng Nồi Chiên Không Dầu,unparsed_main_ingredient,Gừng 1 củ
1533,Xôi Xoài,unparsed_main_ingredient,Nước cốt dừa 300 muỗngl; Xoài chín 1 quả; Hạt mè vừng rang 1 muỗnguỗng
1534,Sườn Non Chiên Sả,low_food_id_cover,"cover=0.00 thieu: Sườn non, Sả băm, Bột chiên giòn Aji-quick đỏ, Bột chiên giòn Vĩnh Thuận"
1535,Mì Bay,no_metric_qty,khong co nguyen lieu nao ghi don vi g/kg/ml/l parse duoc
1537,Sườn Non Kho Thơm Nấm,unparsed_main_ingredient,Nước màu 1.5 muỗnguỗng cà phê; Bột ớt 1/2 muỗnguỗng cà phê
1538,Cá Cơm Chiên BộT,unparsed_main_ingredient,Trưng ga 1 qua; Ơt bôt 1/2 muỗnguông canh; Hat nêm 2 muỗnguông ca phê; Muôi 1/2 muỗnguông ca phê
1539,Bánh Mì Truyền Thống Việt Nam,unparsed_main_ingredient,Sữa tươi không đường 1 bịch tùy lượng có thể điều chỉnh
1540,Cua Sốt Trứng Muối,unparsed_main_ingredient,Cua biển 2 con; Lòng đỏ trứng muối 7 quả; Whipping cream 50 muỗngl; Sữa tươi 30 muỗngl
1541,Kem Chuối Mix Trái Cây,unparsed_main_ingredient,Dụng cụ: Hộp làm kem
1542,Chè Dừa Non Hoa Đậu Biếc,unparsed_main_ingredient,Nước luộc củ dền 300 muỗngl; Nước cốt dừa 300 muỗngl; Sữa tươi 100 muỗngl; Sữa đặc 150 muỗngl
1543,Salad Trái Cây Sốt Chanh Dây Mật Ong,no_metric_qty,khong co nguyen lieu nao ghi don vi g/kg/ml/l parse duoc
1545,LẩU MắM MiềN Tây,unparsed_main_ingredient,Ơt chi thiên 3 trai; Sa băm 2 muỗnguông ca phê uông ca phê; Sa tê 2 muỗnguông ca phê; Muôi 1/2 muỗnguông ca phê
1547,Bánh Mè Vừng Giòn,unparsed_main_ingredient,Trứng gà chỉ lấy lòng trắng 5 quả
1548,Súp Bắp Gà,unparsed_main_ingredient,Bắp mỹ 1 trái; Nấm đùi gà 1 nấm; Trứng cút 6 trứng; Trứng gà 2 quả
1549,Trà Đào,unparsed_main_ingredient,không chín quá và không xanh quá.; Nước 800 muỗngl; Nước cốt chanh 1 thìa; Hủ thủy tinh ngâm đào 1 hủ
1550,Canh Nấm Mọc,unparsed_main_ingredient,Cà chua bổ cau 2 quả; Trứng gà 1 quả; hạt tiêu 1 thìa
1551,Gỏi Khoai Môn Chiên Giòn Hải Sản,unparsed_main_ingredient,Nước lọc 1 muỗnguỗng canh; Nước cốt chanh 2 muỗnguỗng canh
1552,Trứng Cút Lộn Sốt Chua Ngọt,no_metric_qty,khong co nguyen lieu nao ghi don vi g/kg/ml/l parse duoc
1553,Phở Trứng Gà Non,no_metric_qty,khong co nguyen lieu nao ghi don vi g/kg/ml/l parse duoc
1554,Miến Xào Tôm Bề Bề,unparsed_main_ingredient,Nấm mèo mộc nhĩ 1 tai; Nấm hương 5 cái; Cà rốt 1 củ nhỏ; Trứng gà 1 quả
1555,Bánh Đậu Xanh,unparsed_main_ingredient,Nước cốt dừa 50 muỗngl; Khuôn làm bánh; Giấy nến làm bánh
1556,ĐậU ĐũA CuộN ThịT Chiên,unparsed_main_ingredient,Rươu trăng 15 muỗngl; Nươc tương 1 muỗnguông canh; Gưng băm 2 muỗnguông canh; Hanh tim băm 2 muỗnguông canh
1557,Bánh Tráng Trộn,unparsed_main_ingredient,Xoài xanh 1 quả; Bánh tráng 1 thếp; Trứng cút 20 quả; Quất tắc tươi 4 quả
1558,Táo Đỏ Phổ Tai,unparsed_main_ingredient,Táo đỏ 10 quả; Kỷ tử 10 hạt; Nước 1
1559,Lagu Bò,no_metric_qty,khong co nguyen lieu nao ghi don vi g/kg/ml/l parse duoc
1560,Bún Bề Bề,low_food_id_cover,"cover=0.67 thieu: Bề bề, Đậu hủ chiên, Hành tím"
1561,Hoành Thánh Nhân Chả Cá Chiên,low_food_id_cover,"cover=0.00 thieu: Vỏ hoành thánh, Chả cá thác lác"
1562,Gân Bò CháY TỏI,unparsed_main_ingredient,Toi băm 2 muỗnguông canh; Nươc măm 2.5 muỗnguông canh; Đương trăng 1 muỗnguông canh; Bôt ngot 1 muỗnguông ca phê
1564,Bún Nước Kèn An Giang,unparsed_main_ingredient,Nước cốt dừa 600 muỗngl; Sả 5 cây; Dầu màu điều 2 muỗnguỗng canh
1565,Bánh Trứng Muối Ngàn Lớp Tan Chảy,unparsed_main_ingredient,Whipping cream 70 muỗngl; Lòng đỏ trứng muối 3 cái
1566,Bánh Chuối Nướng,unparsed_main_ingredient,Chuối xiêm 5 trái; Trứng gà 3 quả; Nước cốt dừa 60 muỗngl
1567,Canh Bí Đao Nấu Mọc,unparsed_main_ingredient,Bí đao 1 trái
1568,Trứng Chiên Nhúng Sốt Hoàng Kim,unparsed_main_ingredient,Trứng cút 30 Qủa; Lòng đỏ trứng muối 10 Qủa; Phô mai con bò cười 3 muỗngiếng; Trứng gà 1 Qủa
1569,BáNh BắP Chiên,unparsed_main_ingredient,Bôt nghê 1/2 muỗnguông canh; Trưng ga 3 Qua; Hat nêm 1 muỗnguông canh; La chanh thai sơi 4 La
1570,Bánh Mì Gà Xé Trứng Non,unparsed_main_ingredient,Bánh mì 4 ổ; Dưa leo 1 trái; Dầu màu điều 2 muỗnguỗng canh; Tương cà 2 muỗnguỗng canh
1571,Bún Bò,unparsed_main_ingredient,Dầu điều 50 muỗngl
1572,Lẩu Khô Không Nước,unparsed_main_ingredient,Cà chua 2 trái; Bắp Mỹ 1 trái; Cà rốt 1 củ
1573,Bánh Xèo,unparsed_main_ingredient,Nước lọc 700 muỗngl; Nước cốt dừa 60 muỗngl; Bia 60 muỗngl
1574,Phở Chiên Phồng,low_food_id_cover,"cover=0.18 thieu: Bánh phở, Thịt bò, Cải ngọt, Hành tâu, Rau cần tàu"
1575,Bánh Mì Táo,unparsed_main_ingredient,Sữa tươi không đường 180 muỗngl; Trứng gà 1 quả
1576,Chè Cốm Dẹp,unparsed_main_ingredient,Lá dứa 3 bó; Nước cốt dừa 200 muỗngl; Nước lọc 700 muỗngl
1577,Nhân Bánh Trung Thu,low_food_id_cover,"cover=0.10 thieu: Đường, Nước lọc, Mỡ gáy"
1578,Bánh Bao Trái Quýt,unparsed_main_ingredient,Nước cốt dừa 175 muỗngl
1579,Canh Cua Đồng Nấu Mướp - Mồng Tơi - Nấm Rơm,unparsed_main_ingredient,Mướp hương 2 quả; Mồng tơi 1 bó cỡ 8k; Nước 1
1580,Súp Bắp Gà,unparsed_main_ingredient,Bắp mỹ 1 trái; Nấm đùi gà 1 nấm; Trứng cút 6 trứng; Trứng gà 2 quả
1581,Cháo Sò Huyết,low_food_id_cover,"cover=0.35 thieu: Sò huyết, Thịt heo xay, Huyết heo, Hành tím, Hành trắng"
1582,Cá Om Dưa,no_metric_qty,khong co nguyen lieu nao ghi don vi g/kg/ml/l parse duoc
1583,Mắm Kho Miền Tây,low_food_id_cover,"cover=0.25 thieu: Thịt ba chỉ, Thịt ba chỉ, Cá lóc 1 con khoảng, Sả băm"
1584,Tàu Hũ Dẻo Nước Cốt Dừa,unparsed_main_ingredient,Sữa đậu nành 1 lít; Sữa đặc 50 muỗngl; Nước cốt dừa 200 muỗngl
1585,Ốc Hương Rang Muối Ớt,unparsed_main_ingredient,Da heo; tốp mỡ Có thể mua lọai đã chế biến sẵn trong các cửa hàng siêu thị; gừng; sả
1586,Rau Củ Viên SốT ThịT BằM,no_metric_qty,khong co nguyen lieu nao ghi don vi g/kg/ml/l parse duoc
1587,Cơm ThịT CuộN HấP,unparsed_main_ingredient,Cơm trăng nâu săn 1 tô; Dâu đâu phông 3 muỗnguông canh; Dâu me 2 muỗnguông canh; Rươu trăng 1 muỗnguông canh
1589,Canh Củ Quả,unparsed_main_ingredient,Bắp vàng 1 trái; Cà rốt 1 củ; Su su 1 quả; Củ cải trắng 1 củ
1590,Bã Bắp (Ngô) Chiên Giòn,unparsed_main_ingredient,Bã bắp sau khi đã làm xong sữa bắp 3 trái bắp nếp 3 bắp vàng; Bột chiên giòn 1 bịch; Bột nêm; nước lọc
1591,Chả Giò Thịt Bắp,unparsed_main_ingredient,Bắp nếp 3 trái; Cà rốt 1 củ; Bánh tráng bía 2 bịch; Củ hành tím
1592,Bánh Gạo Cay Từ Bánh Tráng,unparsed_main_ingredient,Banh trang gao 1 bich; Tương ơt Han Quôc 2 muỗnguông canh; Ơt bôt Han Quôc 1 muỗnguông canh; Trưng cut 10 qua
1593,Phở Chiên Hà Nội,unparsed_main_ingredient,Bột năng pha loãng 100 muỗngl
1594,Gà Nướng Mắc Khén,no_metric_qty,khong co nguyen lieu nao ghi don vi g/kg/ml/l parse duoc
1595,Xôi BắP NhãO,no_metric_qty,khong co nguyen lieu nao ghi don vi g/kg/ml/l parse duoc
1596,Bánh Flan Bí Đỏ - Khoai Lang,no_metric_qty,khong co nguyen lieu nao ghi don vi g/kg/ml/l parse duoc
1597,Bánh Bò Thốt Nốt,unparsed_main_ingredient,Nước lọc 250 muỗngl
1598,BáNh Bông Lan Lá DứA Phú Sĩ,no_metric_qty,khong co nguyen lieu nao ghi don vi g/kg/ml/l parse duoc
1599,Canh Chua Sườn,unparsed_main_ingredient,Cà chua 2 quả
1600,Bún Cá Rô - Ẩm Thực Bắc Bộ,unparsed_main_ingredient,"Rau ăn kèm: thì là, dọc mùng bạc hà, hành lá"
1601,Sấu Ngâm Mắm Tỏi Ớt,unparsed_main_ingredient,Nước lọc 50 muỗngl
1602,Tàu Hũ Ky Cuộn Tôm Thịt Chiên Giòn,low_food_id_cover,"cover=0.65 thieu: Thịt heo xay, Chả cá thác lác xay nhuyễn"
1603,BáNh Khoai Lang TíM BọC Phô Mai Chiên,no_metric_qty,khong co nguyen lieu nao ghi don vi g/kg/ml/l parse duoc
1604,Bạch Tuộc Trộn Cóc Non,unparsed_main_ingredient,Nước cốt tắc 50 muỗngl
1605,Vịt Om Sấu Hà Nội,unparsed_main_ingredient,Vịt 1/2 con; Sấu tươi 10 quả; Nước dừa tươi 700 muỗngl; Rượu trắng 200 muỗngl
1606,SấU Ngâm,no_metric_qty,khong co nguyen lieu nao ghi don vi g/kg/ml/l parse duoc
1607,Rau Câu Flan Cheese,unparsed_main_ingredient,Kem Whipping 500 muỗngl; Phô mai Con Bò Cười 8 muỗngiếng; Lòng đỏ trứng gà 5 cái; Rượu Rum 2 muỗnguỗng canh
1608,Gỏi Lươn Hoa Chuối,unparsed_main_ingredient,Nước cốt chanh 2 muỗnguỗng canh
1609,Bánh Phô Mai Tom Và Jerry,unparsed_main_ingredient,Nước 40 muỗngl; Nước cam vàng 100 muỗngl; Cream cheese 250grt; Màu vàng thực phẩm 3 giọt
1610,Tôm SốT Chua NgọT,no_metric_qty,khong co nguyen lieu nao ghi don vi g/kg/ml/l parse duoc
1611,Xôi MíT Lá NếP,no_metric_qty,khong co nguyen lieu nao ghi don vi g/kg/ml/l parse duoc
1612,BáNh SầU Riêng Chiên GiòN,no_metric_qty,khong co nguyen lieu nao ghi don vi g/kg/ml/l parse duoc
1613,Cháo Thịt Bằm Và Trứng Bắc Thảo Bằng Nồi Cơm Điện,unparsed_main_ingredient,Cà rốt 1 củ; Trứng bắc thảo 2 cái; Nước đun sôi 1 lít
1614,Lòng Heo Khìa Xá Xị,unparsed_main_ingredient,Ngũ vị hương 1 muỗnguỗng canh; Nước xá xị 300 muỗngl; Dưa leo 1 Trái
1615,Kim Chi Việt Nam,low_food_id_cover,"cover=0.35 thieu: Cải bẹ dưa, Củ sen, Bắp non, Củ kiệu, Đường"
1616,Bánh Đúc Gân,unparsed_main_ingredient,Nước lá dứa 100 muỗngl; Nước cốt dừa 100 muỗngl; Nước vôi trong 400 muỗngl
1617,Chè Xoài Bột Báng,unparsed_main_ingredient,Xoài chín 1 quả; Nước cốt lá dứa 30 muỗngl; Sữa tươi 500 muỗngl; Nước cốt dừa 400 muỗngl
1618,Ngan Cháy Tỏi,unparsed_main_ingredient,Ngan 1 con; Rượu trắng 215 muỗngl; Dầu olive 1 muỗnguỗng canh; Ngũ vị hương 1 muỗnguỗng canh
1619,Hoành Thánh Chiên Sốt Bò Cay,unparsed_main_ingredient,Tương cà 2 muỗnguỗng canh; Dâu ăn 500 muỗngl
1620,Cá Cơm Chiên Giòn Sốt Me,unparsed_main_ingredient,Nước cốt me 3 muỗnguỗng canh
1621,Sốt Chấm Bánh Tráng,unparsed_main_ingredient,Tắc trái 4 trái; Trứng cút 10 quả; Lòng đỏ trứng gà 4 cái
1622,Bò Nhúng Giấm,unparsed_main_ingredient,Nước dừa 600 muỗngl; Mắm nêm 2 muỗnguỗng canh
1623,Đậu Hũ Chiên Sốt Trứng Muối,unparsed_main_ingredient,Lòng đỏ trứng muối 5 cái; Sữa tươi 30 muỗngl; Lòng đỏ trứng gà 1 cái
1624,Lẩu Gà Tứ Xuyên,unparsed_main_ingredient,Đầu hành băm 1 muỗnguỗng cà phê
1625,Bánh Đúc Mặn Miền Tây,unparsed_main_ingredient,Nước cốt dừa 400 muỗngl
1626,Thịt Viên Trứng Cút Sốt Cà,unparsed_main_ingredient,Trứng cút 8 quả; Xốt Gia Vị Hoàn Chỉnh Barona - Sườn Xào Chua Ngọt 1 gói
1627,Trứng Cá Kho Tiêu,unparsed_main_ingredient,Đầu hành lá băm 1 muỗnguỗng canh; Nước lọc 200 muỗngl; Rượu trắng 2 muỗnguỗng canh; Gừng 2 lát
1628,Xôi Đậu Biếc Nước Cốt Dừa Và Thịt Chiên,unparsed_main_ingredient,Nước cốt dừa 150 muỗngl; Lá dứa 1 nhánh
1629,Đậu Hũ Khìa Nước Dừa,no_metric_qty,khong co nguyen lieu nao ghi don vi g/kg/ml/l parse duoc
1630,Miến Thịt Bò Viên Thơm Ngon Hết Sảy,unparsed_main_ingredient,1 củ hành tây; 15 cục bò viên
1631,BÁNH BAO XÁ XÍU | CHAR SIU BAO | Cách Làm Bánh Bao Lên Men Truyền Thống,unparsed_main_ingredient,1/2 quả chanh vắt nước; 1/2 lồng trắng trứng gà; 1 củ hành tây; Nấm đông cô
1632,Mì Trộn Bò Cay,low_food_id_cover,"cover=0.15 thieu: Mì tươi, Thịt bò phi lê mềm, Cần tàu, Ớt sừng xanh, Tỏi băm"
1633,Thịt Chiên Mỏng Giòn,unparsed_main_ingredient,Bột chiên giòn 3 muỗnguỗng canh; Thính gạo rang 1 muỗnguỗng canh; Nước cốt chanh 3 muỗnguỗng canh
1634,Cách Làm Mì Udon - Hoành Thánh,low_food_id_cover,"cover=0.00 thieu: Nguyên liệu nhân Hoành Thánh, Nguyên liệu MÌ UDON, Nguyện liệu VỎ HOÀNH THÁNH"
1635,Mắm Đu Đủ,unparsed_main_ingredient,Nước lọc 2 muỗnguỗng canh
1636,Xôi Sầu Riêng,unparsed_main_ingredient,Nước cốt dừa 50 muỗngl
1637,Chè Bà Ba (Chè Thưng),unparsed_main_ingredient,1 củ khoai lang vàng; 1 củ khoai môn; 1 phần nhỏ củ khoai tím khoai mỡ; có khoai mì càng tốt
1638,Chè Trôi Nước Nhân Đậu Đỏ | Món Ngon Tết Đon Ngọ 5. 5,unparsed_main_ingredient,Gừng
1639,Bánh Rau Câu Sinh Nhật Từ Quả Bơ,no_metric_qty,khong co nguyen lieu nao ghi don vi g/kg/ml/l parse duoc
1640,Bánh Đùm Miền Tây,unparsed_main_ingredient,"Pha nước mắm: tỏi, ớt bằm, 1 muỗngcf nước mắm, 1 muỗngcf đường, 3 muỗngcf nước, 1/2 muỗngcf nước cốt chanh"
1641,Chả NấM Chiên,unparsed_main_ingredient,Muôi 1/2 muỗnguông ca phê; Nươc loc 300 muỗngl; Dâu ăn 500 muỗngl; Trưng ga 1 Qua
1642,BáNh Flan Rau Câu Mè Đen,unparsed_main_ingredient,Sưa tươi 300 muỗngl; Trưng ga 2 Qua; Bôt rau câu deo 3 muỗnguông ca phê; Me trăng 1 muỗnguông canh
1643,Tôm Sú Hấp Cá Thác Lác,unparsed_main_ingredient,Đầu hành trắng băm 1 muỗnguỗng cà phê
1644,Cà Phê Sầu Riêng,no_metric_qty,khong co nguyen lieu nao ghi don vi g/kg/ml/l parse duoc
1645,Tôm Rang TrứNg MuốI,unparsed_main_ingredient,Long đo trưng muôi 2 Qua; Bơ 2 muỗnguông ca phê; Bôt chiên xu 3 muỗnguông canh; Toi băm 1 muỗnguông ca phê
1646,Thịt Nướng Kim Tiền,unparsed_main_ingredient,Rượu mai quế lộ 1 muỗnguỗng canh; Dầu màu điều 1 muỗnguỗng canh; Mật ong 1.5 muỗnguỗng canh; Ngũ vị hương 1/4 muỗnguỗng cà phê
1647,BáNh BèO Từ BáNh PhồNg Tôm,unparsed_main_ingredient,Banh mi 1 Ô; Muôi 1/2 muỗnguông ca phê; Hat nêm 1/2 muỗnguông ca phê; Toi băm 1/2 muỗnguông canh
1648,Trà Sen Vàng,unparsed_main_ingredient,Trà ô long túi lọc 2 gói; Kem béo 200 muỗngl; Sữa tươi 100 muỗngl; Vanila 5 muỗngl
1649,Cá File Sốt Teriyaki,unparsed_main_ingredient,Sốt teriyaki 2 muỗnguỗng canh
1650,Bánh Canh Cua Hải Sản,unparsed_main_ingredient,"Các lọai gia vị: hành lá, hành tây, sắn, ngò, tiêu, tỏi, ớt, chanh, hạt điều hoặc dầu hạt điều, bột ớt v.v..., Bột năng, sắn dây tùy sở thích mỗi người"
1651,Cánh Gà Chiên Nước Mắm,no_metric_qty,khong co nguyen lieu nao ghi don vi g/kg/ml/l parse duoc
1652,Bánh Sữa Chua Phô Mai,no_metric_qty,khong co nguyen lieu nao ghi don vi g/kg/ml/l parse duoc
1653,Chè Đậu Đen,no_metric_qty,khong co nguyen lieu nao ghi don vi g/kg/ml/l parse duoc
1654,Cơm Chiên Hải Sản Sốt Teriyaki,no_metric_qty,khong co nguyen lieu nao ghi don vi g/kg/ml/l parse duoc
1655,Lẩu Chao Vịt,no_metric_qty,khong co nguyen lieu nao ghi don vi g/kg/ml/l parse duoc
1656,Bao Tử Heo Khìa Nước Dừa,no_metric_qty,khong co nguyen lieu nao ghi don vi g/kg/ml/l parse duoc
1657,Nước Mát Long Nhãn,unparsed_main_ingredient,Bông tuyết 1 cái; Trà Earl Grey 2 túi
1658,Bánh Heo Quay,unparsed_main_ingredient,Nước cốt dừa 400 muỗngl; Nước ấm 200 muỗngl; Vanila 1 muỗnguỗng cà phê
1659,Tương Ớt Tại Nhà,unparsed_main_ingredient,Ca chua 4 Trai; Tao đo 1 Trai; Bôt năng 1 muỗnguông canh; Đương 2 muỗnguông canh
1660,Canh Gà Lá Giang,no_metric_qty,khong co nguyen lieu nao ghi don vi g/kg/ml/l parse duoc
1661,Bánh Tráng Trộn,unparsed_main_ingredient,Trứng cút 6 quả; Sa tế tôm X.O thượng hạng 1 muỗnguỗng canh
1662,Nước Detox Hỗ Trợ Giảm Cân Mùa Hè,unparsed_main_ingredient,Dứa 1/4 quả; Rau bạc hà 5 nhánh; Dưa chuột 4 lát; Nước lọc 1
1663,Sandwich Phô Mai Trứng,no_metric_qty,khong co nguyen lieu nao ghi don vi g/kg/ml/l parse duoc
1664,Nước Giải Khát Tắc Bì,no_metric_qty,khong co nguyen lieu nao ghi don vi g/kg/ml/l parse duoc
1666,Bánh Cuốn Tại Nhà,unparsed_main_ingredient,Bột pha sẵn bánh cuốn 1 bịch; 1/2 trái chanh; Ít ớt bằm
1668,Thịt Ba Chỉ Chiên Giòn,low_food_id_cover,"cover=0.08 thieu: Thịt ba chỉ, Bột chiên giòn, Bột bắp, Hành tím, Tỏi băm"
1669,Ổi Luộc Và Muối Ớt Xào,unparsed_main_ingredient,Bôt ngot 3 muỗnguông canh; Đương 3 muỗnguông canh; Hat nêm 1 muỗnguông canh
1670,Chân Giò Ngâm Mắm,no_metric_qty,khong co nguyen lieu nao ghi don vi g/kg/ml/l parse duoc
1671,Cơm Chiên Cá Giòn,no_metric_qty,khong co nguyen lieu nao ghi don vi g/kg/ml/l parse duoc
1672,Nước Uống Dâu Tằm,low_food_id_cover,cover=0.00 thieu: Dâu tằm
1673,Bánh Cam Giòn Lúc Lắc,unparsed_main_ingredient,1/2 cup nước sôi; 1 cup nước lọc khi nhồi bột bỏ lại 1 muỗnguỗng canh nước; Phần nhân đậu xanh chuẩn bị sẵn
1674,Tàu Hủ Hoa Đậu Biếc,unparsed_main_ingredient,Sữa đậu nành 1 Lít; Nước lọc 250 muỗngl; Whipping cream 100 muỗngl
1675,Cánh Gà Chiên Nước Mắm,unparsed_main_ingredient,Nước mắn ngon; Nước sạch
1676,Vịt Cháy Tỏi,no_metric_qty,khong co nguyen lieu nao ghi don vi g/kg/ml/l parse duoc
1677,Ốc Hương Sốt Trứng Muối,unparsed_main_ingredient,Trứng muối 12 cái; Sữa tươi không đường 70 muỗngl; Sữa đặc 20 muỗngl
1678,Bánh Mì Nướng Hạ Long,unparsed_main_ingredient,Sữa tươi không đường 110 muỗngl; Phô mai con bò cười 1 hộp; Bánh mì 4 ổ
1679,Chè Hạt Đác,unparsed_main_ingredient,Nước cốt chanh dây 30 muỗngl; Nước cốt dừa 300 muỗngl; Sữa tươi 150 muỗngl; Vani 1 muỗnguỗng cà phê
1680,Nước Chanh Yakult Mát Lạnh Ngày Hè,no_metric_qty,khong co nguyen lieu nao ghi don vi g/kg/ml/l parse duoc
1681,Trà Vải Ngâm,unparsed_main_ingredient,2 gói trà túi lọc lipton; 540 muỗngl nước sôi
1682,Nhộng Tằm Chiên Sốt Cay,low_food_id_cover,"cover=0.08 thieu: Nhộng tằm, Tỏi băm, Ớt băm"
1683,Chanh Tươi Tuyết,no_metric_qty,khong co nguyen lieu nao ghi don vi g/kg/ml/l parse duoc
1684,Gỏi Gà Măng Cụt - Đặc Sản Bình Dương,no_metric_qty,khong co nguyen lieu nao ghi don vi g/kg/ml/l parse duoc
1685,Tu Hài Đỏ Nướng Mỡ Hành,unparsed_main_ingredient,mì chính
1686,Cơm Chiên Trứng Vịt Muối,no_metric_qty,khong co nguyen lieu nao ghi don vi g/kg/ml/l parse duoc
1687,Kẹo Sữa Lowcab,unparsed_main_ingredient,5 lá gelatin; Cơm dừa
1688,Bánh Đậu Gà Mix Khoai Lang Tím Nhân Phomai Cho Bé,no_metric_qty,khong co nguyen lieu nao ghi don vi g/kg/ml/l parse duoc
1689,Mít Xào Chay,unparsed_main_ingredient,Đậu hủ : 1 muỗngiếng; Dưa leo: 1 quả
1690,Gỏi Sứa Xoài Xanh,unparsed_main_ingredient,Nước cốt chanh 1; 5 muỗnguỗng canh
1691,Tôm Nướng Phô Mai,unparsed_main_ingredient,Tôm sú 7 Con; Phô mai con bò cười 4 Viên; Hỗn hợp lá thơm 1 muỗnguỗng cà phê; Mayonnaise 1 muỗnguỗng Canh
1692,Cút Chiên Bơ,unparsed_main_ingredient,Cút 6 Con; Mật ong 2 muỗnguỗng canh; Ngũ vị hương 1 muỗnguỗng canh; Dưa leo 1 Trái
1693,Sườn Sốt Ớt Chuông Chua Cay,no_metric_qty,khong co nguyen lieu nao ghi don vi g/kg/ml/l parse duoc
1694,Gà Xé Phay,unparsed_main_ingredient,rau răm 2 bó nhỏ
1695,Bún Thang Chuẩn Vị Hà Nội,unparsed_main_ingredient,1 con gà ta; nặng khoảng 2 ký; 4 quả trứng gà; 1 củ hành tây
1696,Siro Mận,no_metric_qty,khong co nguyen lieu nao ghi don vi g/kg/ml/l parse duoc
1697,Mận Lắc Muối Tôm,no_metric_qty,khong co nguyen lieu nao ghi don vi g/kg/ml/l parse duoc
1698,Chân Giò Hầm Coca,unparsed_main_ingredient,Coca Cola 1 lon; Ngũ vị hương 1 gói; Lá nguyệt quế khô 3 lá; Hoa Hồi 3 cái
1699,Bánh Mì Khoai Lang Tím,no_metric_qty,khong co nguyen lieu nao ghi don vi g/kg/ml/l parse duoc
1701,Tôm Rang Muối Hảo Hảo,low_food_id_cover,cover=0.67 thieu: Bột chiên giòn
1702,Cá Xào Cần Nước,low_food_id_cover,cover=0.41 thieu: Cần nước
1703,Nộm Hoa Chuối Non,no_metric_qty,khong co nguyen lieu nao ghi don vi g/kg/ml/l parse duoc
1704,Chè Khúc Bạch,unparsed_main_ingredient,100 muỗngl sữa cho phần thạch sữa; 100 muỗngl sữa cho phần thạch trà xanh; 100 muỗngl whipping cream cho phần thạch sữa; 100 muỗngl cho phần thạch trà xanh
1705,Bánh Sữa Chua Phô Mai,unparsed_main_ingredient,Bánh mì sandwich: 12 muỗngiếng; Phô mai con bò cười: 10 muỗngiếng tam giác; Sữa chua vị nguyên bản: 1 hủ; Sữa bò: 2 hộp loại hộp nhỏ dùng 1 lần
1706,Bánh Cuốn Keto - Bánh Cuốn Rau Câu,no_metric_qty,khong co nguyen lieu nao ghi don vi g/kg/ml/l parse duoc
1707,Panna Cotta Xoài Chanh Dây,unparsed_main_ingredient,Xoài chín 2 Trái; Kem whipping 320 muỗngl; Sữa tươi 100 muỗngl; Sốt xoài 70 muỗngl
1708,Lẩu Cua Đồng,unparsed_main_ingredient,"Cà chua chín đỏ: 3 trái, Gia vị các loại"
1709,Trứng Rim Mắm Hành,unparsed_main_ingredient,Trưng ga 6 Qua; Đương 1; 5 muỗnguông canh; Nươc măm 1 muỗnguông canh
1710,Mứt Mận Hà Nội,low_food_id_cover,"cover=0.06 thieu: Mận Hà Nội, Đường vàng, Vôi trong"
1711,Hàu Né Phô Mai,unparsed_main_ingredient,Xúc xích 2 cây; Trứng gà 2 quả; Tương cà 2 muỗnguỗng canh
1712,Bạch Tuộc Sốt Bơ Phô Mai Cay,low_food_id_cover,"cover=0.21 thieu: Bạch tuộc baby, Bơ Tường An, Đường thốt nốt, Ớt sa tế, Ớt"
1713,Cơm Chiên,unparsed_main_ingredient,1 bát cơm; Trứng gà 1 quả; 1 quả trứng gà
1714,Nha Đam Hạt Chia,unparsed_main_ingredient,1 nhánh nha đam; 2 nhánh lá dứa
1715,Banh Bông Lan Phô Mai Tươi NgàN SợI,unparsed_main_ingredient,Trưng ga 2 quả; Sưa tươi không đương 200 muỗngl; Whipping cream 270 muỗngl; Bột ngô 1
1716,Sữa Gạo,no_metric_qty,khong co nguyen lieu nao ghi don vi g/kg/ml/l parse duoc
1717,Tiết Canh Củ Dền,unparsed_main_ingredient,Lòng vịt 2 Bộ
1718,Crepe Xoài Ngàn Lớp,unparsed_main_ingredient,2 quả trứng; 2 tbsp đường; 200 muỗngl sữa không đường; 1.5 tbsp bơ đun chảy
1719,Bánh Xèo Kim Chi,unparsed_main_ingredient,Nước lọc 200 muỗngl
1720,Kem Trái Cây,unparsed_main_ingredient,1 trái bơ sáp; 1 ít cơm dừa cắt sợi; 300 gram mít; Đậu phộng
1721,Xíu Mại,unparsed_main_ingredient,3 quả cà chua; 2 củ hành tím băm nhiễng; 2 muỗnguỗng canh bột năng; 1 muỗnguỗng cafe dầu mè
1722,Cà Bát Muối Xóc Tỏi,unparsed_main_ingredient,2 muỗnguỗng canh đường; 1 muỗnguỗng canh nước mắm; 1 muỗnguỗng cà phê bột ngọt
1723,Bánh Mì Caramel,unparsed_main_ingredient,Sữa tươi không đường 30 muỗngl
1724,Nấm Biển Ngâm Sốt Ớt,no_metric_qty,khong co nguyen lieu nao ghi don vi g/kg/ml/l parse duoc
1725,Chả Trứng Nướng,no_metric_qty,khong co nguyen lieu nao ghi don vi g/kg/ml/l parse duoc
1726,Bánh Flan,unparsed_main_ingredient,13 hột gà; 1 hộp sữa đặc; 2 bịt sữa tươi 220 muỗngl; 1 lít nước lọc
1727,Chè Đậu Xanh Bột Báng Phổ Tai,unparsed_main_ingredient,Nước cốt dừa đóng lon 200 muỗngl; Nước lọc 1; Tinh dầu vani 5 giọt hoặc 1 ống đường vani
1728,Gà Kho Sả Nước Dừa,unparsed_main_ingredient,1/4 củ hành tây; 3 Cây sả băm nhuyễn; 1/2 muỗnguỗng canh đường; 1 muỗnguỗng cà phê bột nghệ
1729,Cá Kho Kiểu Thái,unparsed_main_ingredient,Nước cốt dừa 150 muỗngl; Nước màu 1 muỗnguỗng canh; Bột ớt paprika 1 muỗnguỗng canh
1730,SữA Chua DẻO TráI Cây,unparsed_main_ingredient,Sữa tươi không đường 400 muỗngl; Sữa chua không đường 100 muỗngl; Sốt Chocolate
1731,Mì Trộn Bò Viên,no_metric_qty,khong co nguyen lieu nao ghi don vi g/kg/ml/l parse duoc
1732,Mỳ Quảng Cá Lóc Miền Trung,unparsed_main_ingredient,"Các gia vị ướp cá : nghệ bột, hành tím, mắm, muối, bột nêm, đường, Hành ngò, Gừng củ; Rau sống ăn kèm: dấp cá, rau thơm, xà lách, cải non, rau quế...."
1733,Ốc Nấu Chuối Đậu,unparsed_main_ingredient,có bán sẵn tại các siêu thị; 1 vài lá tía tô lá lốt ít hay nhiều tuỳ khẩu vị các bạn nhé; 1 củ nghệ nhỏ lấy nước nghệ hoặc bột nghệ; 3 củ hành tím băm nhỏ
1734,Cháo Lươn,unparsed_main_ingredient,3 nhánh sả; bột nêm; 1 nắm gạo rang; bột nghệ
1735,Khoai Tây Bọc Phô Mai Chiên,unparsed_main_ingredient,Sữa tươi không đường 50 muỗngl; Trứng gà 2 quả
1737,Bông Điên Điển Xào Thịt Heo,unparsed_main_ingredient,"Rau nêm: Hành, ngò cắt khúc nhỏ"
1738,Mì Quảng Tôm Thịt,unparsed_main_ingredient,20 con tôm thẻ; 30grm củ nén; 30grm hành tím; 2 trái dừa tươi
1739,Chè Xoài Hoa Đậu Biếc,no_metric_qty,khong co nguyen lieu nao ghi don vi g/kg/ml/l parse duoc
1741,Bánh Khoai Mì Sầu Riêng Nướng,unparsed_main_ingredient,4 muỗngúi sầu riêng; 200gram đậu xanh ko vỏ; 100gram bơ lạt; 200gram đường cát
1742,Mứt Atiso Đỏ,low_food_id_cover,"cover=0.00 thieu: hoa atiso đỏ, đường phèn"
1743,Canh Mướp Hương Nấu Tôm Khô,unparsed_main_ingredient,1 nắm tôm khô; ...
1744,Bánh Cuốn Bằng Bánh Tráng,low_food_id_cover,"cover=0.00 thieu: Bánh tráng gạo, Thịt heo xay, Nấm mèo, Hành tím"
1745,Bánh Bao Chiên,unparsed_main_ingredient,Bột nở 1/2 muỗnguỗng cà phê; Sữa tươi không đường 80 muỗngl
1746,Cà Phê Tequila,unparsed_main_ingredient,Cafe NESCAFE Tequila 1 Gói; Nước ép bưởi hồng 120 muỗngl; Nước ấm 50 muỗngl; Cam sấy 1 Lát
1747,Sinh Tố Bơ,unparsed_main_ingredient,1 quả bơ; 100 muỗngl sữa tươi ít đường; 2 muỗnguỗng cà phê đường; Một ít đá bào / đá đập nhuyễn
1748,Chè Hạt Sen Đậu Ván,unparsed_main_ingredient,Bột cốt dừa; Bột năng; Lá dứa
1749,Bánh Mì Nướng Muối Ớt,unparsed_main_ingredient,Bánh mì 3 ổ; Xúc xích 3 cây; Trứng cút 6 quả; Sa tế tôm 2 muỗnguỗng canh
1750,Bánh Tráng Nướng Bằng Chảo,unparsed_main_ingredient,Bánh tráng gạo 22cm 1 bịch; Trứng gà 4 quả; Phô mai 4 viên; Xốt mayonnaise 3 muỗnguỗng canh
1751,Trà Cam Xả,no_metric_qty,khong co nguyen lieu nao ghi don vi g/kg/ml/l parse duoc
1752,Bánh Nhúng Huyền Thoại,unparsed_main_ingredient,Vừng : Tuỳ ý; Trứng gà : 2 quả; Vani : 1 ống
1753,Cốm Từ Cơm Nguội,unparsed_main_ingredient,Cơm nguội hoặc cơm bị thiu 3-4 chén
1754,Tóp Mỡ Rang Lá Chanh,no_metric_qty,khong co nguyen lieu nao ghi don vi g/kg/ml/l parse duoc
1755,Bánh Tôm Mẹ Làm,no_metric_qty,khong co nguyen lieu nao ghi don vi g/kg/ml/l parse duoc
1756,"Cá Lóc Quay Me, Cá Lóc Nướng Mỡ Hành",no_metric_qty,khong co nguyen lieu nao ghi don vi g/kg/ml/l parse duoc
1757,Gà Nướng Lá Mắc Mật,unparsed_main_ingredient,1; lá măc mật
1758,Kim Chi Dưa Chuột,unparsed_main_ingredient,1 củ cà rốt; 6 quả dưa chuột; 1 nửa củ hành tây
1759,Nui Chiên XốT Tương ỚT,unparsed_main_ingredient,Toi Băm 2 muỗnguông canh; Tương ơt 3 muỗnguông canh; Đương 1.5 muỗnguông canh; Nươc măm 1 muỗnguông canh
1760,Bánh Bao Lá Dứa Nhân Thịt,low_food_id_cover,cover=0.60 thieu: Thịt giò sống
1761,Gà Xào Sả Ớt,no_metric_qty,khong co nguyen lieu nao ghi don vi g/kg/ml/l parse duoc
1762,Canh Mây,unparsed_main_ingredient,1 Quả cà chua lớn; 3 Quả trứng gà nếu bạn thích nhiều hơn thì có thể thêm vào; nếu quá nhiều thì sẽ bị ngấy; 4 tép tỏi băm
1763,Chao Tàu Hủ,no_metric_qty,khong co nguyen lieu nao ghi don vi g/kg/ml/l parse duoc
1764,Làm Bánh Ướt Tại Nhà,unparsed_main_ingredient,20 muỗngiếng Bánh Tráng; Nước sôi để nguội
1765,Salad Trộn Mayonnaise,no_metric_qty,khong co nguyen lieu nao ghi don vi g/kg/ml/l parse duoc
1766,Sữa Bắp,unparsed_main_ingredient,3 lít nước; 1 trái bắp nếp; 2 trái bắp Mĩ; 200 muỗngl sữa tươi ít đường
1767,Bánh Mì Mini - Bánh Mì Chuột,unparsed_main_ingredient,Nước ấm 40 độ 160 muỗngl
1768,Cappuchino DừA Foam SữA Tươi Và ThạCh Cà Phê,unparsed_main_ingredient,NESCAFE Cappuchino vị dừa 1 Gói; Cà phê pha phin 120 muỗngl; Nước đường 70 muỗngl; Sữa tươi thanh trùng 150 muỗngl
1769,Sữa Hạt Chia,no_metric_qty,khong co nguyen lieu nao ghi don vi g/kg/ml/l parse duoc
1770,Gà Kho Lá Chanh,no_metric_qty,khong co nguyen lieu nao ghi don vi g/kg/ml/l parse duoc
1771,Bánh Mỳ Đặc Ruột,unparsed_main_ingredient,200 muỗngl sữa tươi
1772,Panna Cotta Chanh Dây,no_metric_qty,khong co nguyen lieu nao ghi don vi g/kg/ml/l parse duoc
1773,Tương Hột,low_food_id_cover,"cover=0.00 thieu: Đậu nành, Thính gạo, Bột Đậu nành   không nhất thiết"
1774,Bún Ngan,unparsed_main_ingredient,Ngan ré : 2kg4
1775,Bún Ngan Phố Cổ,no_metric_qty,khong co nguyen lieu nao ghi don vi g/kg/ml/l parse duoc
1776,Xôi Trứng Ruốc,no_metric_qty,khong co nguyen lieu nao ghi don vi g/kg/ml/l parse duoc
1777,Bánh Tai Heo,unparsed_main_ingredient,Trứng - 1 quả; Sữa tươi - 40 muỗngl
1778,Bánh Mì Nướng Muối Ớt,unparsed_main_ingredient,"bánh mỳ: 2 ổ; sa tế: 1 tsp; topping: trứng cút luộc, ruốc chà bông, xúc xích, tương ớt, hành lá, mayonaise"
1779,Thạch Rau Câu Lá Dứa Thanh Long Ruột Đỏ,no_metric_qty,khong co nguyen lieu nao ghi don vi g/kg/ml/l parse duoc
1780,Bún Riêu Cua Đồng,unparsed_main_ingredient,600 gram cua đồng; Bún; 3 bìa đậu; 3-4 quả cà chua
1781,Bò Xào Khoai Trứng (Corned Beef Hash VietNam),unparsed_main_ingredient,½ củ hành tây; ½ quả ớt chuông; 1 quả trứng gà; Bơ
1782,Cá Cam Kho Mía,unparsed_main_ingredient,nước màu
1783,Cháo Sườn Ruốc Nấm,unparsed_main_ingredient,Gạo tẻ: 2 bát
1784,Đậu Hủ Nhồi Thịt Sốt Cà Chua,unparsed_main_ingredient,8 muỗngiếng đậu hủ chiên; 4 trái cà chua chín; Củ hành tím hành lá cắt nhỏ; bột nêm
1785,Trứng Gà Ngâm Tương,no_metric_qty,khong co nguyen lieu nao ghi don vi g/kg/ml/l parse duoc
1786,Trứng Vịt Muối,unparsed_main_ingredient,20 quả trứng vịt; 1; 5 lít nước lạnh; 5 lát gừng
1787,Phở Bò Truyền Thống,unparsed_main_ingredient,"Thảo quả: 3 quả; Hồi: 3 cánh; Gừng: 2 củ, Hành lá, Húng, Tiêu xanh, Sả, quế"
1788,Cá Hồi Măng Tây,no_metric_qty,khong co nguyen lieu nao ghi don vi g/kg/ml/l parse duoc
1789,Cá Hồi Hấp Măng Tây Cà Rốt,no_metric_qty,khong co nguyen lieu nao ghi don vi g/kg/ml/l parse duoc
1790,Ếch Xào Lá Lốt,unparsed_main_ingredient,lá lốt 30-50 lá tùy ăn; nghệ tươi; gừng; mắm
1791,Bún Ốc Miền Bắc,unparsed_main_ingredient,"Cà chua: 6 quả, Rau tía tô, canh giới, xà lách, giá, Dấm bỗng gạo, Hành lá, Hành tím, Bún, Quẩy, Ớt bột, Mắm tôm"
1792,Khoai Tây Bọc Phô Mai,no_metric_qty,khong co nguyen lieu nao ghi don vi g/kg/ml/l parse duoc
1793,Mì Ý Cua,unparsed_main_ingredient,Kem Whipping 200 muỗngl; Cà chua 3 Trái; Tương cà 3 muỗnguỗng canh; Dầu ô-liu 3 muỗnguỗng canh
1794,Xôi Hoa Đậu Biếc,unparsed_main_ingredient,1 gói bột chiên; 1 gói bột chiên xù; 7 cái hoa đậu biếc
1795,Sữa Đậu Phộng,unparsed_main_ingredient,10 cọng lá dứa; 1 chén muối rang đậu phộng; 2; 5 lít nước
1796,Sữa Bắp Mỹ,unparsed_main_ingredient,2 trái bắp mỹ; 200 muỗngl sữa tươi không đường; 1; 5 lít nước lọc
1797,Bánh Đậu Xanh Nướng,unparsed_main_ingredient,2 muỗng sữa đặc; 1 muỗnguỗng cà phê vani; 1/4 muỗnguỗng cà phê muối; 1 lòng đỏ trứng gà
1799,Khoai Tím Chiên Giòn,low_food_id_cover,cover=0.00 thieu: Khoai tím
1800,Bánh Ít Trần Nhân Thịt,unparsed_main_ingredient,"Nấm mèo: 3 tai; Củ đậu/ sắn: 1 củ; Cà rốt: 1 củ, Hành lá, hành phi, tiêu, đường, ớt, chanh, muối, knor, bột ngọt"
1801,Đậu Hũ Sốt Cà Chua,unparsed_main_ingredient,Đậu hũ chiên 4 bìa; Nấm hương; mộc nhĩ; hạt tiêu
1802,Cơm Cháy Mắm Ruốc,no_metric_qty,khong co nguyen lieu nao ghi don vi g/kg/ml/l parse duoc
1803,Cá Hấp Nước Tương,no_metric_qty,khong co nguyen lieu nao ghi don vi g/kg/ml/l parse duoc
1804,Detox Dưa Hấu Cần Tây Hạt Chia,no_metric_qty,khong co nguyen lieu nao ghi don vi g/kg/ml/l parse duoc
1805,Bánh Flan Mềm Mịn,unparsed_main_ingredient,5 quả trứng gà; 2 bịch sữa tươi có đường k đường; 100 muỗngl nước
1806,Mì Trứng Xào Lòng Vịt,unparsed_main_ingredient,1 bộ lòng vịt; 4 lọn mì trứng; Gừng
1807,Sandwich Sữa Chua Phomai,no_metric_qty,khong co nguyen lieu nao ghi don vi g/kg/ml/l parse duoc
1808,Thịt Heo Bọc Xả,unparsed_main_ingredient,2 củ tỏi; xả 14 cây; 2 củ hành khô; bột nghệ
1809,Nước Nhãn Nhục Hạt Sen,unparsed_main_ingredient,Lá Dứa; 1500 muỗngl nước; nước dừa nếu các bạn dùng hết trong ngày; để qua ngày sẽ bị hư. Mình nấu uống dần nên không dùng nước dừa
1810,Trứng Ngâm Tương,no_metric_qty,khong co nguyen lieu nao ghi don vi g/kg/ml/l parse duoc
1811,Bánh Flan - Bánh Lăng,unparsed_main_ingredient,150 sữa tươi; 4 quả trứng; 2 lòng đỏ trứng
1812,Cá Nục Kho Măng Tươi,unparsed_main_ingredient,Đầu hành
1813,Đậu Hủ Dồn Thịt,unparsed_main_ingredient,Đậu hủ 4 muỗngiếng
1814,Bánh Cuốn Nóng Phiên Bản Chảo Chống Dính,no_metric_qty,khong co nguyen lieu nao ghi don vi g/kg/ml/l parse duoc
1815,Bánh Khoai Mì Nướng,low_food_id_cover,"cover=0.00 thieu: khoai mì, đường, cốt dừa, sữa đặc, bơ lạt"
1816,Sữa Chua Mít,no_metric_qty,khong co nguyen lieu nao ghi don vi g/kg/ml/l parse duoc
1817,Gỏi Nộm Chay,no_metric_qty,khong co nguyen lieu nao ghi don vi g/kg/ml/l parse duoc
1818,Nghêu Hấp Đơn Giản,unparsed_main_ingredient,4 cây sả; 4 lát gừng; 2 quả ớt; 1 bó rau húng thơm
1819,Thịt Băm Chiên Xù Nhân Ngô Ngọt,no_metric_qty,khong co nguyen lieu nao ghi don vi g/kg/ml/l parse duoc
1820,Chân Gà Ngâm Xả Tắc,unparsed_main_ingredient,"quất tắc: 10-15 quả, giấm, tỏi, đường, hành khô, gừng, ớt, lá chanh, nước mắm"
1821,Thịt Băm Cuốn Bắp Cải,unparsed_main_ingredient,Bắp cải
1822,Cơm Rang Ngũ Sắc,no_metric_qty,khong co nguyen lieu nao ghi don vi g/kg/ml/l parse duoc
1823,Bánh Tráng Thịt Heo,unparsed_main_ingredient,1 chai mắm nêm hoặc nam ngư; 2 ánh tỏi; 1 quả ớt; 4 bẹ xà lách
1824,Bò Sốt Tiêu Đơn Giản,unparsed_main_ingredient,1 quả cà chua; 1 thìa tỏi băm; 1 thìa tỏi băm; 1 thìa gừng băm
1825,Bánh Flan,unparsed_main_ingredient,cà phê : 50 muỗngl
1826,Cánh Gà Chiên,unparsed_main_ingredient,bột chiên giòn 2 gói
1827,Cút Lộn Xào Me,unparsed_main_ingredient,30 quả trứng cút lộn; 3 thìa canh me bóc vỏ mua sẵn bịch me trong siêu thị; Rau răm; gừng
1828,Brownie Giảm Cân,unparsed_main_ingredient,7 quả trứng gà nhỏ; Bơ lạt đun chảy - 4 tsp; Vani - 2 tsp; Baking powder - 2 tsp
1829,Bánh Bông Lan,unparsed_main_ingredient,3 quả trứng gà; 15 muỗngl sữa tươi; 20 muỗngl dầu ăn; 1/4 muỗngcf muối
1830,Tương Hột Kho Thịt,unparsed_main_ingredient,1/2 hủ tương hột; 4 muỗnguỗng đường; 1/2 muỗnguỗng hạt nêm
1831,Cafe Trứng,no_metric_qty,khong co nguyen lieu nao ghi don vi g/kg/ml/l parse duoc
1832,Cơm Chiên Giòn Đơn Giản,no_metric_qty,khong co nguyen lieu nao ghi don vi g/kg/ml/l parse duoc
1833,Bánh Sandwich Bơ Tỏi Chấm Sốt Phô Mai Cay,unparsed_main_ingredient,3 muỗngiếng bánh mì sandwich; 50 muỗngl sữa tươi có đường; 2 muỗngiếng phô mai; 1/2 thìa cà phê đường
1834,Cháo Thịt Bò Khoai Tây Cà Rốt Phô Mai Dầu Óc Chó,no_metric_qty,khong co nguyen lieu nao ghi don vi g/kg/ml/l parse duoc
1835,Chả Cá Hồi,unparsed_main_ingredient,3 tép tỏi; 1 muỗnguỗng đường; 1/2 muỗnguỗng hạt nêm; 1 vá rượu trắng
1836,Pizza Mì Tôm,no_metric_qty,khong co nguyen lieu nao ghi don vi g/kg/ml/l parse duoc
1837,Pizza Mì Trứng,unparsed_main_ingredient,1 gói mì; 3 quả trứng; 2 cây xúc xích; 2 muỗnguỗng canh chà bông
1838,Chân Gà Xả Tắc,unparsed_main_ingredient,xả 10 cây; tắc 10 trái; gừng; lá chanh
1839,Khoai Lang Chiên,unparsed_main_ingredient,100 muỗngl sữa tươi có đường
1840,Cơm Chiên Trứng Đơn Giản,no_metric_qty,khong co nguyen lieu nao ghi don vi g/kg/ml/l parse duoc
1841,Sườn Non Nướng Tại Nhà,unparsed_main_ingredient,Sả băm: 50gram; Mật ong: 75gram; Sữa đặc: 150gram; Nước sốt: 1 hộp 200gram
1842,Cà Phê Bọt Biển Dalgona,no_metric_qty,khong co nguyen lieu nao ghi don vi g/kg/ml/l parse duoc
1843,Kem Chuối,no_metric_qty,khong co nguyen lieu nao ghi don vi g/kg/ml/l parse duoc
1844,Rau Câu Hoa Đậu Biếc,unparsed_main_ingredient,1 gói Rau câu giòn con cá vàng.; 2 lít nước; 400 muỗngl nước cốt dừa.
1845,Bò Xào Gừng,unparsed_main_ingredient,2 muỗnguỗng cà phê nước tương; 2 muỗnguỗng cà phê hạt nêm; 1 ít tiêu
1846,Gà Chiên Sốt Cay Ngon Chuẩn Hàn,no_metric_qty,khong co nguyen lieu nao ghi don vi g/kg/ml/l parse duoc
1847,Bánh Bèo Huế,unparsed_main_ingredient,nước 500 muỗngl
1848,Bò Lúc Lắc,unparsed_main_ingredient,1/2 quả ớt chuông xanh; 1/2 quả ớt chuông đỏ; bột bắp; xà lách 5 lá
1849,Trứng Lòng Đào Ngâm Nước Tương,no_metric_qty,khong co nguyen lieu nao ghi don vi g/kg/ml/l parse duoc
1851,Nước Đậu Đen Rang,unparsed_main_ingredient,1 lít nước lọc
1852,Đuôi Heo Hầm Lạc,low_food_id_cover,"cover=0.00 thieu: Xương đuôi heo, Đậu phộng"
1853,Sữa Chua Nếp Cẩm,unparsed_main_ingredient,Nước cốt dừa: 100 muỗngl; Nước trắng: 1 lít; Lá nếp lá dứa: 3 lá; Sữa chua: 6 hộp
1854,Vịt Hấp Bia,unparsed_main_ingredient,1 lon bia; 1 củ gừng; 1 nắm nhỏ lá cây móc mật; húng quế
1855,Vịt Hấp Tương Bần,unparsed_main_ingredient,Nửa con vịt; Nửa bát con tương bần; cà chua 2 quả; gừng 1 củ to
1856,Cà Tím Nấu Sườn Non,unparsed_main_ingredient,"Cà bát: 3 quả Cà tím; Đậu phụ: 2 bìa; Cà chua: 1 quả, Hành hoa, lá lốt, tía tô, hành khô, tỏi"
1857,Hàu Nướng Mỡ Hành,unparsed_main_ingredient,"rửa sạchGia vị: 1 thìa cà phê bột nêm, 1 thìa cà phê ớt tươi bằm nhuyễn; 1 thìa cà phê đường trắng.Dụng cụ tùy chọn: lò nướng hoặc bếp gas, bếp than, lò vi sóng; Lưu ý: Nguyên liệu tùy vào khẩu phần ăn của gia đình bạn nhé"
1858,Nui Nấu Sườn Heo,no_metric_qty,khong co nguyen lieu nao ghi don vi g/kg/ml/l parse duoc
1859,HếN XàO Sả ỚT Đơn GiảN,unparsed_main_ingredient,"Gia vi gôm: măm, muôi, bôt ngot"
1860,Bánh Gạo Hàn Quốc Làm Từ Bánh Tráng Nhúng Việt Nam,no_metric_qty,khong co nguyen lieu nao ghi don vi g/kg/ml/l parse duoc
1861,Cốt Lết Rim Nước Tương Đậm Đà,no_metric_qty,khong co nguyen lieu nao ghi don vi g/kg/ml/l parse duoc
1862,Cá Nục Chuối Kho Mắm Ớt,unparsed_main_ingredient,1 muỗnguỗng canh hành tím; 1 muỗnguỗng canh tỏi; 1 muỗnguỗng canh đầu hành lá; 2 muỗnguỗng canh ớt bột khô
1863,Sữa Tươi Thạch Cà Phê,no_metric_qty,khong co nguyen lieu nao ghi don vi g/kg/ml/l parse duoc
1864,Mì Trộn Lòng Heo,no_metric_qty,khong co nguyen lieu nao ghi don vi g/kg/ml/l parse duoc
1865,Lòng Heo Chiên Sả Ớt,unparsed_main_ingredient,3 cây sả; 1 trái ớt; 1 muỗnguỗng canh hành tím băm; 1 muỗnguỗng canh tỏi băm
1866,Làm Giò Thủ Với Khuôn Ép Giò Inox,unparsed_main_ingredient,2 cái lỗ tai heo; 1 cái lưỡi heo; 1 khuôn làm giò thủ bằng inox; gừng
1867,Tôm Hùm Alaska Sốt Phô Mai,unparsed_main_ingredient,10 muỗngl Dầu ăn; 1 con Tôm Hùm Alaska; 10 muỗngl Nước Mắm
1869,Nghêu & Ốc Hương Nấu Dầu Olive Kiểu Tây Ban Nha,no_metric_qty,khong co nguyen lieu nao ghi don vi g/kg/ml/l parse duoc
1870,Cá Chim Chiên Giòn Mắm Chua Ngọt,no_metric_qty,khong co nguyen lieu nao ghi don vi g/kg/ml/l parse duoc
1871,Canh Mướp Hương Non Nấu Nấm,unparsed_main_ingredient,Mướp hương 4 Trái; Đậu bắp 6 Trái
1873,Nem Nướng Chay,low_food_id_cover,"cover=0.61 thieu: Sả, Hẹ, Tía tô, Sườn non chay"
1874,Đậu Hủ Non Sốt Nấm Rong Biển,unparsed_main_ingredient,Cà chua 2 Quả; Sa tế 1 muỗnguỗng cà phê
1875,Thịt Heo Ngâm Nước Mắm Cho Ngày Tết,low_food_id_cover,"cover=0.00 thieu: Thịt ba chỉ, Đường vàng"
1876,Đậu Bắp Nấm Hương Kho Tiêu,low_food_id_cover,cover=0.71 thieu: Nấm bào ngư
1877,Bánh Tét Chuối Ngọt,unparsed_main_ingredient,Chuối 1 Nải; Lá chuối 5 Lá; Nước cốt dừa 200 muỗngl; Lá dứa 1 Bó
1878,Bánh Tét,unparsed_main_ingredient,Lá chuối 20 Lá
1879,Mì Trộn Rau Củ Đơn Giản,unparsed_main_ingredient,Mì vắt 2 Gói
1880,Rau Củ Xào Thập Cẩm Đơn Giản,low_food_id_cover,"cover=0.60 thieu: Bắp non, Dầu ăn, Nấm linh chi trắng, Đường, Tiêu xay"
1881,Thập Cẩm Rau Củ XàO Chay,unparsed_main_ingredient,Đậu hũ chiên 2 muỗngiếng; Cà rốt 1/2 Củ
1882,Bao Tử Heo Khìa Nước Mía,no_metric_qty,khong co nguyen lieu nao ghi don vi g/kg/ml/l parse duoc
1883,Bánh Tét Chuối,unparsed_main_ingredient,Gạo nếp 2.50 Chén; Chuối chín 8 Trái; Nước cốt dừa 80 muỗngl; Rượu trắng 1 muỗnguỗng canh
1884,Canh Khổ Qua Nhồi Thịt Băm,unparsed_main_ingredient,N/A; Nấm mèo 3 Cái
1885,Chả Lụa Gà,unparsed_main_ingredient,Lá chuối 10 Lá
1886,Cá Bạc Má Chay Kho Cà,unparsed_main_ingredient,Cá bạc má 3 Con; Nước dừa 300 muỗngl
1887,Bánh Tét Nhân Thịt,unparsed_main_ingredient,Lá chuối 20 Lá; Cà rốt 1 Củ; Nước màu 1 muỗnguỗng cà phê
1888,Đậu Hũ Tẩm Rong Biển Mè Rang,unparsed_main_ingredient,Đậu hũ non 1 Hộp; Bột xù 1/2 Chén; Bột mì 1/2 Chén; Rong biển khô 1 muỗnguỗng canh
1889,Nấm Đùi Gà Xiên Nướng,unparsed_main_ingredient,Bơ đậu phộng 1 muỗnguỗng canh; Sa tế 2 muỗnguỗng cà phê; Bột tỏi 1/4 muỗnguỗng cà phê; Xà lách 1 Cây
1890,Bánh Chưng Cho Ngày Tết,unparsed_main_ingredient,Lá dong 40 Lá
1891,Hủ Tiếu Phá Lấu Khìa,unparsed_main_ingredient,Tai heo 1 Cái; Bao tử heo 1 Cái; Nước dừa 50 muỗngl; Rượu trắng 150 muỗngl
1892,Mứt Cà Rốt Ngày Tết,unparsed_main_ingredient,Vôi bột 1 muỗnguỗng canh
1893,Mì Bay,unparsed_main_ingredient,Mì tôm 1 Gói; Khoai tây 1 Củ; Trứng gà 1 Quả; Xúc xích 1 Cây
1894,Tự Làm Sợi Mì Trứng,unparsed_main_ingredient,Trứng gà 2 Quả
1896,Mì Cay 7 Cấp Độ Cực Hot,unparsed_main_ingredient,Mì tôm 1 Gói; Gừng băm 1 muỗnguỗng cà phê; Đậu hũ trắng 1 muỗngiếng
1897,Tự Làm Mứt Hạt Sen,unparsed_main_ingredient,Vani 2 muỗnguỗng cà phê
1898,Mứt Dừa Sợi,unparsed_main_ingredient,Cùi dừa 2 Trái; Vani 1 Ống
1899,Canh Mướp Hương Nấm Mì Căn,unparsed_main_ingredient,Mì căn 2 Cây
1900,Cà Rốt Cháy Tỏi,unparsed_main_ingredient,Cà rốt 1 Củ
1901,Đậu Hũ Hấp Hành Hương,unparsed_main_ingredient,Đậu hũ non 1 muỗngiếng
1902,Cà Rốt Xào Nấm,unparsed_main_ingredient,Cà rốt 1 Củ
1903,Bí Đao Cháy Tỏi,unparsed_main_ingredient,Bí đao 1 Trái
1904,Bí Đao Kho Tiêu Xanh,unparsed_main_ingredient,Bí đao 1 Trái
1905,Đậu Hủ Xốt Cam,unparsed_main_ingredient,Đậu hũ trắng 1 muỗngiếng; Cam 1 Trái
1906,Khổ Qua Xốt Đậu Hũ,unparsed_main_ingredient,Khổ qua 1 Trái; Đậu hũ trắng 1 muỗngiếng
1907,Bí Đao Kho Rau Răm,unparsed_main_ingredient,Bí đao 1 Trái
1908,Đậu Hũ Sốt Tương Đỏ Chua Cay,unparsed_main_ingredient,Đậu hũ non 1 muỗngiếng; Nước lạnh 20 muỗngl
1909,Bánh Mì Lạt Nhân Thập Cẩm,no_metric_qty,khong co nguyen lieu nao ghi don vi g/kg/ml/l parse duoc
1910,Đậu Hủ Xốt Mắm Tắc,unparsed_main_ingredient,Đậu hũ trắng 1 muỗngiếng; Trái tắc 4 Trái
1912,Cơm Xào Nấm Măng Tây Cà Rốt,no_metric_qty,khong co nguyen lieu nao ghi don vi g/kg/ml/l parse duoc
1914,Sườn Xào Chua Ngọt Hút Cơm,unparsed_main_ingredient,Tương cà 1 muỗnguỗng canh
1915,Sườn Xào Chua Ngọt Chuẩn Vị,unparsed_main_ingredient,Bột mì 3 muỗnguỗng canh; Dầu đậu phộng 2 muỗnguỗng canh; Bột bắp 2 muỗnguỗng canh; Hạt tiêu 1 muỗnguỗng cà phê
1916,Sườn Xào Chua Ngọt Béo Ngậy,unparsed_main_ingredient,Rượu trắng 2 muỗnguỗng canh; Gừng 2 Lát; Hoa hồi 1 Cái
1917,Sườn Xào Chua Ngọt Đơn Giản,unparsed_main_ingredient,Cà chua 2 Trái; Nước cốt me 2 muỗnguỗng canh
1918,Sườn Xào Chua Ngọt Tại Nhà,unparsed_main_ingredient,Tương cà 2 muỗnguỗng canh; Nước 1/2 Chén
1919,Sườn Xào Chua Ngọt Kiểu Mới,unparsed_main_ingredient,Gừng 4 Lát; Rượu Thiệu Hưng 1 muỗnguỗng canh
1920,Sườn Xào Chua Ngọt Đậm Vị,unparsed_main_ingredient,Rượu trắng 1 muỗnguỗng canh; Gừng 1 muỗngiếng; Nước 100 muỗngl
1921,Sườn Xào Chua Ngọt,unparsed_main_ingredient,Xốt nêm thịt heo Knorr 100 muỗngl
1922,Ức Gà Sốt Cam Mật Ong,unparsed_main_ingredient,Cam vàng 2 Trái; Mật ong 1 muỗnguỗng canh
1923,Ức Gà Sốt Cam Cay Nướng Phô Mai,unparsed_main_ingredient,Bột ớt paprika 2 muỗnguỗng cà phê; Mật ong 2 muỗnguỗng cà phê; Cam 1/2 Quả; Dầu oliu 1 muỗnguỗng cà phê
1925,Cơm Gạo Lứt Ức Gà Vị Sả,unparsed_main_ingredient,Xốt thịt nướng sả Barona 1 muỗnguỗng canh; Dầu olive 1 muỗnguỗng canh
1926,Ruốc Xả Chay,unparsed_main_ingredient,Đậu hũ trắng 3 muỗngiếng; Chao 1 Hộp; Sả 5 Cây
1927,Canh Củ Lùn Nấu Nấm Kim Châm,unparsed_main_ingredient,Bắp Mỹ 1 Trái; Củ cải trắng 1 Củ
1928,Củ Mì Tinh Chiên Giòn,low_food_id_cover,"cover=0.02 thieu: Củ bình tinh, Sả băm, Ớt băm, Bột nghệ"
1929,Cuốn Diếp Chay Ngon,unparsed_main_ingredient,Đậu hũ chiên 2 muỗngiếng; Khoai lang 3 Củ; Cà rốt 1 Củ; Tương đen 3 muỗnguỗng canh
1930,Chả Đỏ (Chả Tai),unparsed_main_ingredient,Trứng vịt 3 Quả; Dầu điều 1 muỗnguỗng canh; Gừng 1 Củ; Hạt tiêu 2 muỗnguỗng cà phê
1931,Nấm Rơm Cơm Dừa Kho Tiêu,unparsed_main_ingredient,Cơm dừa 1/2 muỗngiếng
1932,Mì Căn Xào Cà Ri Sả Ớt,no_metric_qty,khong co nguyen lieu nao ghi don vi g/kg/ml/l parse duoc
1933,Salad Thịt Bò Xào Chay,unparsed_main_ingredient,Xà lách 1 Cây; Cà rốt 1 Củ; Bắp cải trắng 1/4 Cái; Bắp cải tím 1/4 Cái
1934,Khổ Qua Xào Dầu Hào Chay,unparsed_main_ingredient,Khổ qua 1 Trái
1935,Canh Rau Củ Ngũ Sắc,unparsed_main_ingredient,Đậu hũ non 1 Cây; Cà rốt 1 Củ
1936,Canh Bí Đỏ Hầm Đậu Phộng Chay,unparsed_main_ingredient,Bí đỏ 1 Trái
1937,Hoành Thánh Chay Rau Củ,unparsed_main_ingredient,Cà rốt 2 Củ; Củ cải trắng 1 Củ; Đậu hũ trắng 3 muỗngiếng; Trứng gà 2 Quả
1938,Nước Mắm Me Kiểu Thái,unparsed_main_ingredient,Nước cốt me 30 muỗngl
1939,Tàu Hũ Sốt Cà,unparsed_main_ingredient,Đậu hũ trắng 4 muỗngiếng; Nước lọc 100 muỗngl
1940,Cháo Nấm Hạt Sen,unparsed_main_ingredient,Cà rốt 1 Củ; Đậu hũ trắng 1 muỗngiếng; Bắp Mỹ 3 Trái
1941,Đậu Hủ Chưng Tương Hột,unparsed_main_ingredient,Cà chua 2 Trái; Nấm mèo 3 Cái; Tương cà 2 muỗnguỗng canh
1942,Đậu Hủ Chiên Xả Ớt Ủ Rơm,unparsed_main_ingredient,Đậu hũ trắng 2 muỗngiếng; Sả 4 Cây
1943,Đậu Hủ Non Hấp Nước Tương Gừng,unparsed_main_ingredient,Đậu hũ non 1 muỗngiếng; Nước 10 muỗngl; Hắc xì dầu 2 muỗngl
1944,Rau Củ Thập Cẩm Kho Chay,unparsed_main_ingredient,Thơm 1/2 Trái; Cà rốt 2 Củ; Củ cải trắng 2 Củ; Đậu hũ chiên 2 muỗngiếng
1945,Thịt Chay Khìa Nước Dừa,unparsed_main_ingredient,Nước dừa 100 muỗngl; Sốt xá xíu 1 muỗnguỗng canh
1946,Chả Lụa Chay Đơn Giản,unparsed_main_ingredient,Dưa leo 2 Trái
1947,Tàu Hủ Ky Cuộn Nấm Măng Tây Sốt Dầu Hào,low_food_id_cover,"cover=0.53 thieu: Bông hẹ, Nấm Linh Chi, Hành boa rô, Nước"
1948,Canh Cháo Bồi,unparsed_main_ingredient,Nấm hương 1 Tai; Lá gừng 1 Lá
1949,Bún Tươi Xào Nấm Bông Hẹ,low_food_id_cover,"cover=0.69 thieu: Lá cẩm, Nấm Linh Chi, Bông hẹ, Nấm đùi gà"
1950,"Cách Làm Bắp Bò Ngâm Nước Mắm Đơn Giản, Đậm Đà",unparsed_main_ingredient,Rượu trắng 1 muỗnguỗng canh; Nước 150 muỗngl
1951,Lẩu Cháo Chay,unparsed_main_ingredient,Gạo 1 Lon; Nước 3 Lít
1953,Bún Ram Khô Chay,unparsed_main_ingredient,Khoai lang 1 Củ; Bánh tráng 1 Túi; Nấm đùi gà 1 Cây; Cà chua 2 Quả
1954,Bún Riêu Cua Ốc,low_food_id_cover,"cover=0.42 thieu: Xương ống, Ốc bươu, Thịt nạc heo, Chả cua, Hành tím"
1955,Egg Benedict Và Sốt Hollandaise,unparsed_main_ingredient,Lòng đỏ trứng gà 3 Cái; Trứng gà 1 Quả; Nước cốt chanh 30 muỗngl; Bột ớt paprika 1/2 muỗnguỗng cà phê
1956,Bánh Bột Lọc Chay Ngon,low_food_id_cover,"cover=0.36 thieu: Bột năng, Nấm kim châm"
1957,Rau Củ Xào Chay Thập Cẩm,unparsed_main_ingredient,Cà rốt 1 Củ; Thơm 1/4 Trái
1958,Tacos Xà Lách Nấm Đậu,unparsed_main_ingredient,Xà lách 2 Cây; Cà chua 3 Quả
1960,Nấm Bào Ngư Xào Sả Ớt Cay,low_food_id_cover,"cover=0.05 thieu: Nấm bào ngư, Sả băm, Ớt băm, Bột nghệ"
1961,Súp Bắp Hạt Sen,unparsed_main_ingredient,Bắp Mỹ 1 Trái; Su su 1 Trái; Mướp hương 1 Trái; Củ sắn 1 Củ
1962,Bánh Xèo Củ Hủ Dừa Nấm,low_food_id_cover,"cover=0.32 thieu: Bột bánh xèo, Soda, Nước, Nước, Giấm"
1963,Đùi Gà Chay,unparsed_main_ingredient,Sả 10 Cây
1964,Món Miến Xào Rau Củ Chay,unparsed_main_ingredient,Miến 1 Cuộn; Cà rốt 1/2 Củ; Nấm mèo 3 Cái; Nấm hương 5 Cái
1965,Nấm Bào Ngư Chiên Giòn Sốt Mắm Chay,unparsed_main_ingredient,Nước 40 muỗngl
1966,Súp Rau Củ Trà Xanh,unparsed_main_ingredient,Bắp Mỹ 1 Trái; Su su 1 Củ; Nước 2 Lít
1967,Nấm Đùi Gà Kho Gừng Chay,low_food_id_cover,"cover=0.17 thieu: Nấm đùi gà, Tiêu"
1968,Lagu Nấm Hạt Mít,unparsed_main_ingredient,Đậu hũ trắng 3 muỗngiếng; Bột năng 2 muỗnguỗng canh
1969,Cà Ri Nấu Chay,unparsed_main_ingredient,Đậu hũ trắng 3 muỗngiếng; Sả 4 Tép; Nước cốt dừa 250 muỗngl; Sữa tươi không đường 150 muỗngl
1970,Chè Khoai Mì Lủm Chủm,unparsed_main_ingredient,Nước cốt dừa 400 muỗngl; Vani 2 Ống
1973,Canh Đậu Hũ Nấm Hạt Sen,no_metric_qty,khong co nguyen lieu nao ghi don vi g/kg/ml/l parse duoc
1974,Rau Diếp Gói Xúc Xích Đức,unparsed_main_ingredient,Trứng gà 2 Quả
1975,Khô Gà Xé Ngày Tết,unparsed_main_ingredient,Sả 4 Cây; Gừng 1/2 Củ; Bột ngũ vị hương 1 Bịch
1976,Sữa Chua Nhà Làm,unparsed_main_ingredient,Sữa tươi có đường 850 muỗngl; Sữa chua 1 Hũ
1977,Thịt Kho Tàu Chay,unparsed_main_ingredient,Bánh mì 3 Ổ; Nước lọc 400 muỗngl; Dừa tươi 2 Trái
1978,Canh Nấm Chay,unparsed_main_ingredient,Cà rốt 1 Củ; Nấm hương 8 Cái; Bắp Mỹ 1 Trái; Su hào 1 Củ
1979,Súp Khoai Lang Dăm Bông Rau Củ,low_food_id_cover,"cover=0.50 thieu: Dăm bông vai Le Gourmet, Ớt chuông đỏ, Bắp Mỹ, Bơ lạt"
1980,Đậu Hũ Chiên Sốt Cà Chua Ngọt,unparsed_main_ingredient,Đậu hũ non 2 muỗngiếng
1981,Cơm Ngũ Sắc Chay,unparsed_main_ingredient,Súp lơ 1 Cái; Cà rốt 1 Củ; Bắp ngọt 1 Bắp; Nấm hương 30 Cái
1982,Mứt Cam Dẻo,unparsed_main_ingredient,Nước cốt chanh 4 muỗnguỗng canh
1983,Đậu Hũ Chiên Sốt Mayonnaise,no_metric_qty,khong co nguyen lieu nao ghi don vi g/kg/ml/l parse duoc
1984,Nấm Đông Cô Nhồi Đậu Hũ Sốt Cà Chua,unparsed_main_ingredient,Đậu hũ non 1 muỗngiếng; Cà rốt 1/3 Củ; Đậu cô-ve 4 Trái; Cà chua 2 Trái
1985,Bánh Khoai Lang Phủ Mè,unparsed_main_ingredient,Khoai lang 1 Củ; Sữa tươi không đường 50 muỗngl
1986,Bánh Flan,no_metric_qty,khong co nguyen lieu nao ghi don vi g/kg/ml/l parse duoc
1987,Chè Bột Nếp Vo Viên,unparsed_main_ingredient,Lá dứa 2 Lá; Nước cốt dừa 100 muỗngl
1988,Đậu Hũ Non Sốt Cà Chua Nấm Sò,unparsed_main_ingredient,Đậu phụ 1 muỗngiếng
1989,Bí Đỏ Hấp Tôm Mọc,unparsed_main_ingredient,Bí đỏ 2 Trái
1990,Cánh Gà Chiên Nước Mắm Chay,no_metric_qty,khong co nguyen lieu nao ghi don vi g/kg/ml/l parse duoc
1991,Nấm Đùi Gà Xào Thập Cẩm,unparsed_main_ingredient,Cà rốt 1 Củ
1992,Mì Quảng Nấm,unparsed_main_ingredient,Nước dùng 2.50 Lít
1993,Thịt Kho Trứng Cút Cho Ngày Tết,unparsed_main_ingredient,Trứng cút 20 Quả; Dừa xiêm 1 Quả; Rượu trắng 2 muỗnguỗng canh
1994,Canh Khoai Mì Nấm Hương,unparsed_main_ingredient,Nấm đông cô 3 Tai; Lá gừng 5 Lá
1997,Xíu Mại Sốt Cà Chua Chay,unparsed_main_ingredient,Bột chiên xù 4 muỗnguỗng canh; Bột năng 3 muỗnguỗng cà phê; Nước lọc 100 muỗngl; Dầu điều 1 muỗnguỗng cà phê
1998,Bánh Chuối Nướng Nước Cốt Dừa,unparsed_main_ingredient,Chuối sứ chín 14 Trái; Bánh mỳ 4 Ổ; Tinh chất vani 2 Ống; Nước cốt dừa 400 muỗngl
1999,Bánh Xèo Hải Sản Kiểu Hàn Quốc,unparsed_main_ingredient,Nước lọc 360 muỗngl; Trứng gà 1 Quả
2000,Súp Nui Xúc Xích Rau Củ,unparsed_main_ingredient,Nước 350 muỗngl; Bơ lạt 1 muỗnguỗng cà phê
2001,Salad Bắp Nữ Hoàng Đỏ,unparsed_main_ingredient,Bắp Nữ hoàng đỏ Nova 1 Trái; Dầu olive 2 muỗnguỗng canh; Nước cốt chanh 20 muỗngl
2002,Mì Trộn Rau Củ Chay,unparsed_main_ingredient,Mì 1 Vắt
2003,Salad Bò Ngũ Sắc - Món Chay,unparsed_main_ingredient,Bắp cải trắng 1/4 Cái; Bắp cải tím 1/4 Cái; Cà rốt 1 Củ; Xà lách 1 Cái
2004,Sinh Tố Yến Mạch,unparsed_main_ingredient,Hạt chia 1 muỗnguỗng cà phê; Mật ong 1 muỗnguỗng canh; Sữa tươi 1 Bịch; Táo 1/2 Quả
2005,Bún Bò Huế Chay,unparsed_main_ingredient,Cải bắp 1 Cái; Cà rốt 1 Củ; cải trắng 1 Củ; Dưa leo 1 Trái
2006,Đậu Hũ Rim Nghệ,unparsed_main_ingredient,Nghệ 1 Củ
2007,Sinh Tố Bịch Mãng Cầu,unparsed_main_ingredient,Sữa tươi không đường 250 muỗngl
2008,Bánh Ngô Rán,unparsed_main_ingredient,Bắp Mỹ 1 Trái
2009,Chân Gà Ngâm Kiểu Thái,unparsed_main_ingredient,Rượu trắng 10 muỗngl; Lá chanh 10 Lá; Trái tắc 5 Trái
2010,Gân Bò Trộn Cóc Non,low_food_id_cover,"cover=0.12 thieu: Gân bò, Cóc, Tỏi băm, Sả, Ớt băm"
2011,Tai Heo Ngâm Kiểu Thái,low_food_id_cover,"cover=0.33 thieu: Tai heo, Đu đủ, Me, Hành tím, Ớt bột"
2012,Cá Lóc Xào Miến,low_food_id_cover,"cover=0.00 thieu: Cá lóc, Thịt heo bằm"
2013,Chân Gà Xóc Xoài,unparsed_main_ingredient,Nước cốt me 200 muỗngl
2014,Nước Mắm Gừng Miền Nam,unparsed_main_ingredient,Nước cốt chanh 30 muỗngl
2015,Lườn Gà Xào Hành Lá,unparsed_main_ingredient,Bột bắp 2 muỗnguỗng cà phê; Gừng băm 2 muỗnguỗng cà phê; Sa tế 2 muỗnguỗng canh
2016,Nấm Kim Châm Hấp Dầu Hào Chay,unparsed_main_ingredient,Tương cà 1 muỗnguỗng cà phê
2017,Mứt Hạt Sen Khô,unparsed_main_ingredient,Vani 1 Ống
2018,Mứt Hạt Sen,unparsed_main_ingredient,Vani 1 muỗnguỗng cà phê
2019,Phở Cuộn Trứng Sốt Bò Bằm Tứ Xuyên,unparsed_main_ingredient,Trứng vịt 2 Quả; gừng tươi 1/2 Củ; Sa tế 2 muỗnguỗng canh
2020,Mắm Thái Chay,unparsed_main_ingredient,Cà rốt 1 Củ; Đậu hũ chiên 2 muỗngiếng; Thính gạo 2 muỗnguỗng canh
2021,Gỏi Đu Đủ Sò Huyết,unparsed_main_ingredient,Đu đủ 1 Trái
2022,Sò Lông Nướng Sốt Xoài,unparsed_main_ingredient,Xoài chín 1 Trái
2023,Rau Củ Kho Chay Dinh Dưỡng,unparsed_main_ingredient,Cà rốt 1 Củ; Củ cải trắng 1 Củ; Thơm 1/2 Trái; Đậu hũ chiên 2 muỗngiếng
2024,Bánh Khoai Mì Chiên Cay,unparsed_main_ingredient,Bột nghệ 1 muỗnguỗng cà phê; Bột cà ri 1 muỗnguỗng cà phê
2025,Chè Bà Ba Cốt Dừa,unparsed_main_ingredient,Lá dứa 5 Lá
2026,Salad Bắp Cải Cà Rốt Sốt Quýt,unparsed_main_ingredient,Cà rốt 2 Củ; Quýt 2 Trái; N/A
2027,Bắp Bò Kho Mật Mía,unparsed_main_ingredient,Rượu trắng 50 muỗngl; Mật mía 150 muỗngl; Nước 200 muỗngl
2028,Nấm Đùi Gà Kho Tộ,unparsed_main_ingredient,Nước dừa tươi 100 muỗngl
2029,Chả Giò Rế Tôm Thịt,unparsed_main_ingredient,Tôm tươi 6 Con; Cà rốt 1 Củ; Trứng gà 1 Quả; Bánh tráng 1 Gói
2030,Mắm Tép Miền Tây,unparsed_main_ingredient,Gừng 1 Củ; Củ riềng 1 Củ; Rượu trắng 1 muỗnguỗng canh
2031,Bạch Tuộc Nhúng Mẻ,unparsed_main_ingredient,Nước lọc 2 Lít; Cơm mẻ 1 Chén; Sả băm 4 muỗnguỗng canh
2032,Trà Trân Châu Đậu Biếc,unparsed_main_ingredient,Nước cốt chanh dây 15 muỗngl
2033,Mì Trộn Lòng Gà Trứng Non,unparsed_main_ingredient,Mì vắt 4 Vắt
2034,Mì Gói Sốt Chanh Dây Chay,unparsed_main_ingredient,Mì ăn liền 1 Gói; Đậu hũ trắng 1 muỗngiếng
2035,Miến Trộn Chay Cùng Rau Nấm,unparsed_main_ingredient,Nấm mèo 3 Tai; Hắc xì dầu 1 muỗnguỗng cà phê
2036,Cá Viên Chiên Chay,unparsed_main_ingredient,Đậu hũ non 1 muỗngiếng; Khoai lang 1 Củ
2037,Bí Đỏ Um Nấm Đậu Chay,unparsed_main_ingredient,Bí đỏ 1 Trái
2038,Gỏi Thủy Tinh,unparsed_main_ingredient,Cà rốt 1 Củ; Khoai môn 1 Củ; Xà lách 1 Cây
2039,"Nấm Rơm Kho Quẹt, Rau Củ Luộc Và Cơm Cháy Áp Chảo",unparsed_main_ingredient,Cơm 1 Chén; Bông cải xanh 1/2 Cái; Cà rốt 1 Củ
2040,Súp Nấm Chay,unparsed_main_ingredient,Cà rốt 1 Củ; Đậu hũ non 1 muỗngiếng; Tàu hủ ky 1 Lá
2041,Bánh Dứa Nướng Đài Loan,unparsed_main_ingredient,Trứng gà 1 Lòng đỏ; Nước cốt chanh 5 muỗngl
2042,Mì Ý Sốt Cà Chua Nấm,low_food_id_cover,"cover=0.57 thieu: Mì Ý, Nấm đùi gà, Hành boa rô"
2043,Mực Chiên Xù Chay,unparsed_main_ingredient,Nước 100 muỗngl
2044,Ốc Hút Xào Dừa Béo Ngậy,unparsed_main_ingredient,Rượu trắng 1/2 Chén; Nước cốt dừa 300 muỗngl; Sả 5 Củ
2045,Sốt Tiêu Đen Cay Nồng,unparsed_main_ingredient,Sốt Mayonnaise 20 muỗngl; Bột bắp 1 muỗnguỗng canh
2046,Cháo Gà Đậu Xanh,unparsed_main_ingredient,Thịt gà 1/2 Con; Gừng 1 Củ
2047,Xúc Xích Nướng Giấm Balsamic,unparsed_main_ingredient,Mật ong 1 muỗnguỗng canh; Bột ớt paprika 1 muỗnguỗng canh
2048,Gỏi Cuốn Thịt Gà Tây Ngũ Sắc,unparsed_main_ingredient,Bánh tráng 10 Tờ
2049,Bánh Milo Tan Chảy,unparsed_main_ingredient,Nước nóng 2 muỗnguỗng canh; Trứng gà 2 Quả
2050,Xiên Que Chay,unparsed_main_ingredient,Củ sắn 1 Củ; Cà rốt 1 Củ; Bột xá xíu 2 muỗnguỗng canh; Tương xí muội 3 muỗnguỗng canh
2051,Canh Môn Nấu Rong Biển,unparsed_main_ingredient,Lá gừng 1 Lá
2052,Mắm Chưng Chay,unparsed_main_ingredient,Mắm đậu 1/2 Chén
2054,Mứt Thơm Dẻo Ngon,unparsed_main_ingredient,Thanh quế 1 muỗngiếng
2055,Hủ Tiếu Trộn Chay,unparsed_main_ingredient,Cà rốt 1 Củ; Cải thìa 3 Nhánh
2056,Thịt Bò Chay Xiên Rau Củ,unparsed_main_ingredient,Cà rốt 1 Củ; Nấm hương 20 Cái; Bột ngũ vị hương 1 muỗnguỗng cà phê
2057,Đậu Hũ Kho Thơm Chay,unparsed_main_ingredient,Đậu hũ trắng 2 muỗngiếng; Thơm 1/4 Trái
2058,Miến Gạo Xào Rau Củ Chay,low_food_id_cover,"cover=0.66 thieu: Miến, Nấm mèo, Hành tím"
2059,Bánh Bột Báng Nhân Đậu Xanh,unparsed_main_ingredient,Nước sôi 200 muỗngl
2060,Bún Gạo Xào Chay Cùng Rau Nấm,unparsed_main_ingredient,Cà rốt 1 Củ
2061,Vịt Quay Xốt Cam Chay,unparsed_main_ingredient,Nước cam 2 Trái
2062,Bò Chay Tiêu Bánh Bao,unparsed_main_ingredient,Bánh bao 6 Cái
2063,Cơm Chiên Sắc Màu Chay,low_food_id_cover,"cover=0.29 thieu: Ớt chuông đỏ, Cơm nguội, Ớt chuông"
2064,Bò Lát Chay Xào Cần,low_food_id_cover,"cover=0.04 thieu: Thịt bò chay, Rau cần nước"
2065,Gỏi Bưởi Rau Củ Chay Chua Ngọt,unparsed_main_ingredient,Đậu hủ chiên 1 muỗngiếng; Bưởi 1 Trái
2066,Sườn Non Chay Xào Rau Củ Thập Cẩm,low_food_id_cover,"cover=0.22 thieu: Sườn non chay, Rau củ"
2067,Sườn Chay Xào Chua Ngọt,low_food_id_cover,"cover=0.56 thieu: Sườn non chay, Đường"
2068,Đậu Hũ Kim Tiền,no_metric_qty,khong co nguyen lieu nao ghi don vi g/kg/ml/l parse duoc
2069,Xôi Vò,unparsed_main_ingredient,Nước cốt dừa 50 muỗngl
2070,Tự Làm Mứt Chùm Ruột Tại Nhà,low_food_id_cover,"cover=0.00 thieu: Trái chùm ruột, Đường vàng"
2071,Chè Bưởi,unparsed_main_ingredient,Bưởi 1 Trái; Nước cốt dừa 500 muỗngl; Bột năng 1 muỗnguỗng canh
2072,Ớt Xanh Ngâm Nước Mắm,low_food_id_cover,cover=0.00 thieu: Ớt
2074,Nước Chanh Muối Giải Rượu,no_metric_qty,khong co nguyen lieu nao ghi don vi g/kg/ml/l parse duoc
2075,Khổ Qua Kho Ăn Chay,unparsed_main_ingredient,Đậu hũ non 1 muỗngiếng; Khổ qua 2 Trái; Nấm mèo 2 Tai; Nước dừa tươi 1 Chén
2076,Đậu Hủ Kho Rau Củ Chay,no_metric_qty,khong co nguyen lieu nao ghi don vi g/kg/ml/l parse duoc
2077,Thịt Bò Chay Xào Rau Củ,unparsed_main_ingredient,Thịt bò chay 10 muỗngiếng; Cà rốt 1/2 Củ; Dầu olive 2 muỗnguỗng canh; Siro đường 1 muỗnguỗng cà phê
2078,Chả Bắp Chay,low_food_id_cover,cover=0.00 thieu: Bắp hột
2079,Cơm Chiên Chay Hoàng Hậu,unparsed_main_ingredient,Cà rốt 3 Củ; Dưa leo 1 Trái; Cà chua 1 Củ
2080,Đậu Hũ Non Sốt Nấm Hương,unparsed_main_ingredient,Đậu hũ non 1 Cây; Bột bắp 1/2 muỗnguỗng cà phê
2081,Tàu Hũ Nước Đường,unparsed_main_ingredient,Lá dứa 5 Lá; Gừng 1 Củ
2083,Cóc Bao Tử Ngâm Chua Ngọt,unparsed_main_ingredient,N/A
2084,Bún Mọc Nấm,unparsed_main_ingredient,Nước dùng 600 muỗngl
2085,Ốc Mỡ Sốt Phô Mai,unparsed_main_ingredient,Sữa tươi không đường 30 muỗngl
2086,Cơm Chiên Nấm Cải Bó Xôi,low_food_id_cover,"cover=0.19 thieu: Cơm, Cơm cháy chiên giòn, Cải bó xôi, Nấm linh chi nâu, Nấm linh chi trắng"
2087,Muối Ớt Sả Tắc Chấm Hải Sản,unparsed_main_ingredient,Trái tắc 10 Trái; Mực 1 Con; Tôm tươi 10 Con; Sả 5 Cây
2088,Thịt Kho Mắm Ruốc,unparsed_main_ingredient,Mắm ruốc 1 muỗnguỗng canh
2089,Cơm Chiên Sả,no_metric_qty,khong co nguyen lieu nao ghi don vi g/kg/ml/l parse duoc
2090,Cà Tím Xào Tỏi Chay,no_metric_qty,khong co nguyen lieu nao ghi don vi g/kg/ml/l parse duoc
2091,Gà Kho Sả Chay,unparsed_main_ingredient,Nước dừa tươi 500 muỗngl; Sả 7 Cây
2092,Bò Kho Cà Rốt,unparsed_main_ingredient,Dầu điều 3 muỗnguỗng cà phê; Bột năng 3 muỗnguỗng cà phê; Sả 3 Cây; Gừng băm 1 muỗnguỗng cà phê
2093,Chả Lụa Chiên,unparsed_main_ingredient,Bột quế 2 muỗnguỗng cà phê; Bột sắn dây 1 muỗnguỗng cà phê; Bột nở baking powder 1/2 muỗnguỗng cà phê
2094,Mì Ý Xốt Cà Chua Nấm,unparsed_main_ingredient,Đậu hũ chiên 1 muỗngiếng; Cà chua 2 Trái
2095,Cơm Rau Củ,no_metric_qty,khong co nguyen lieu nao ghi don vi g/kg/ml/l parse duoc
2096,Tempura Đậu Bắp,unparsed_main_ingredient,Đá viên 10 Viên
2097,Nấm Đông Cô Rim Khóm,no_metric_qty,khong co nguyen lieu nao ghi don vi g/kg/ml/l parse duoc
2098,Cơm Trộn Rau Củ,low_food_id_cover,"cover=0.24 thieu: Cơm, Ớt chuông đỏ, Rong biển khô, Bí ngòi, Hành boa rô"
2099,Bào Ngư Hấp Gừng,unparsed_main_ingredient,Gừng 1 Nhánh
2100,Canh Cải Ngọt Bò Viên Chay,unparsed_main_ingredient,Cải ngọt 1 Bó; Nước 1.20 Lít
2101,Miến Xào Nấm Tay Cầm,unparsed_main_ingredient,Sốt tương đen 1 muỗnguỗng canh; Tương đậu nành 2 muỗnguỗng canh
2102,Trứng Hấp Tam Sắc,unparsed_main_ingredient,Trứng vịt muối 2 Quả; Trứng bắc thảo 2 Quả; Trứng vịt 3 Quả
2103,Cà Rốt Xào Chay,unparsed_main_ingredient,Cà rốt 1 Củ
2104,Mì Gói Xào Rau Củ Chay,unparsed_main_ingredient,Mì ăn liền 1 Gói
2105,Salad Gà Chay Trộn Dầu Giấm,unparsed_main_ingredient,Xà lách 2 Cây; Cà chua bi 15 Trái
2107,Mì Quảng Nấm Chay,unparsed_main_ingredient,Đậu hũ non 2 muỗngiếng; Cà rốt 1 Củ; Bánh đa 1 Cái
2108,Thịt Kho Ruốc,unparsed_main_ingredient,Mắm ruốc 4 muỗnguỗng canh
2109,Nấm Bào Ngư Kho Tiêu,low_food_id_cover,cover=0.00 thieu: Nấm bào ngư
2110,Cá Lóc Kho Tộ,no_metric_qty,khong co nguyen lieu nao ghi don vi g/kg/ml/l parse duoc
2111,Tôm Xào Miến Hong Kong,unparsed_main_ingredient,Lòng trắng trứng gà 1 Quả; Bột mì 2 muỗnguỗng canh; Sốt xá xíu 2 muỗnguỗng canh; Tương hấp cá Lee Kum Kee 2 muỗnguỗng canh
2112,Cà Phê Bạc Xỉu,unparsed_main_ingredient,Sữa tươi 100 muỗngl
2113,Bắp Bò Nhúng Mẻ,unparsed_main_ingredient,Trứng gà 1 Quả; Dưa leo 3 Trái; Bánh tráng 3 muỗngiếng; Cà chua 3 Trái
2115,Mắm Chưng Thịt,unparsed_main_ingredient,Trứng vịt 4 Quả; Trứng vịt muối 1 Quả; Khế 2 Trái; Chuối chát 2 Trái
2116,Bánh Khoai Mỡ Chiên,unparsed_main_ingredient,Sữa tươi 40 muỗngl; Sữa đặc 60 muỗngl
2117,Lẩu Bao Tử Hầm Tiêu Xanh,unparsed_main_ingredient,Rượu trắng 20 muỗngl; Gừng 3 Lát; Mì vắt 6 muỗngiếng
2118,Bắp Bò Luộc Gừng Sả,unparsed_main_ingredient,Sả 2 Cây; Gừng 1 Củ
2119,Cơm Mẻ,no_metric_qty,khong co nguyen lieu nao ghi don vi g/kg/ml/l parse duoc
2120,Ba Ba Nấu Chuối,unparsed_main_ingredient,Đậu hũ chiên 6 muỗngiếng; Chuối chát 5 Trái; Tía tô 6 Cây; Gừng 4 Lát
2121,Cá Bớp Kho Với Tiêu,unparsed_main_ingredient,Nước màu 2 muỗnguỗng cà phê
2122,Khóm Lăn Bột Chiên Xù,unparsed_main_ingredient,Thơm 1 Trái
2123,Mứt Chùm Ruột Xóc Gừng Ớt Chua Cay,unparsed_main_ingredient,Bột ớt 1.50 muỗnguỗng canh; Thanh quế 1 Cây
2124,Canh Chua Ăn Chay,unparsed_main_ingredient,Cà chua 3 Trái; Bạc hà 3 Cây; Nước cốt me 50 muỗngl
2125,Sa Tế Ớt Tại Nhà,no_metric_qty,khong co nguyen lieu nao ghi don vi g/kg/ml/l parse duoc
2126,Súp Sữa Rau Củ,no_metric_qty,khong co nguyen lieu nao ghi don vi g/kg/ml/l parse duoc
2127,Chè Đậu Xanh Nha Đam Đường Phèn,unparsed_main_ingredient,Vani 1 Ống; Nước cốt chanh 5 muỗngl
2128,Cà Ri Chay Thơm Ngon,unparsed_main_ingredient,Nước cốt dừa 500 muỗngl
2129,Bánh Tráng Trộn Hành Phi,low_food_id_cover,"cover=0.00 thieu: Bánh tráng, Khô gà"
2130,Trứng Cuộn Hành Lá,no_metric_qty,khong co nguyen lieu nao ghi don vi g/kg/ml/l parse duoc
2131,Bánh Rán Mặn,unparsed_main_ingredient,Nước 220 muỗngl; Nước cốt chanh 25 muỗngl; Nước 185 muỗngl
2132,Trân Châu Trắng,unparsed_main_ingredient,Nước 1 Lít
2133,Xíu Mại Đà Lạt,unparsed_main_ingredient,Dầu điều 2 muỗnguỗng canh
2134,Dừa Xay Sốt Xoài,unparsed_main_ingredient,Nước cốt dừa 300 muỗngl; Xoài chín 1 Trái; Sữa tươi không đường 30 muỗngl; Nước cốt chanh dây 50 muỗngl
2135,Kem Xôi Dừa,unparsed_main_ingredient,Nước cốt dừa 150 muỗngl; Nước cốt dừa 150 muỗngl; Nước dừa 50 muỗngl; Bột bắp 2 muỗnguỗng canh
2136,Bánh Bao Kim Sa,unparsed_main_ingredient,Trứng vịt muối 4 Quả; Sữa tươi 200 muỗngl
2137,Gỏi Củ Hũ Dừa Tôm Thịt,unparsed_main_ingredient,Nước cốt chanh 50 muỗngl; Rượu trắng 1 muỗnguỗng canh; Gừng 3 Lát
2138,Bánh Dừa Trứng Nướng,unparsed_main_ingredient,Trứng gà 2 Quả
2139,Bánh Bèo,unparsed_main_ingredient,Nước ép cà rốt 2 muỗnguỗng canh
2140,Gỏi Ổi Tai Heo,unparsed_main_ingredient,Tai heo 1 Cái; Ổi 1 Trái; Cà rốt 1/2 Củ; 20
2141,Bò Kho,unparsed_main_ingredient,Xốt bò kho Barona 1 Gói; Rượu trắng 1 muỗnguỗng canh; Sả 2 Cây
2142,Bánh Cuốn Nóng Nhân Thịt,low_food_id_cover,"cover=0.00 thieu: Bột gạo, Bột năng, Bột sắn dây, Thịt heo bằm, Nấm mèo"
2143,Chè Bắp Nước Dừa,unparsed_main_ingredient,Bắp nếp 7 Trái; Lá dứa 2 Lá; Nước cốt dừa 500 muỗngl; Bột năng 1 muỗnguỗng canh
2144,Canh Cá Trắm Nấu Su Hào,unparsed_main_ingredient,Su hào 1 Củ; Cà chua 1 Trái; Bột nghệ 1 muỗnguỗng cà phê; Cơm mẻ 1 muỗnguỗng canh
2145,Đậu Que Luộc,unparsed_main_ingredient,Nước 4 Chén; Đá 4 Chén
2146,Canh Cà Rốt Khoai Tây Nấu Xương,unparsed_main_ingredient,Cà rốt 2 Củ; Khoai tây 3 Củ
2147,Chân Gà Trộn Xoài Xanh,unparsed_main_ingredient,Chân gà 15 Cái; Xoài xanh 1 Trái; Cà rốt 1 Củ; Trái tắc 3 Trái
2148,Canh Ngũ Sắc Chay,no_metric_qty,khong co nguyen lieu nao ghi don vi g/kg/ml/l parse duoc
2149,Cải Kale Xào Thịt Bò Chay,unparsed_main_ingredient,Rau cải 1 Bó
2150,Đậu Hủ Rim Nước Dừa,no_metric_qty,khong co nguyen lieu nao ghi don vi g/kg/ml/l parse duoc
2151,Canh Miso Bắp Cải,unparsed_main_ingredient,Cà rốt 1/2 Củ; Tương Miso 1/2 muỗnguỗng canh; Rượu Mirin 1 muỗnguỗng canh; Nước lọc 600 muỗngl
2152,Nấm Bào Ngư Áp Chảo,low_food_id_cover,cover=0.00 thieu: Nấm bào ngư
2153,Bí Đỏ Um Nấm,unparsed_main_ingredient,Bí đỏ 2 Quả; Nước dừa tươi 700 muỗngl
2154,Bí Ngòi Hấp Tôm Thịt Thơm Ngon,unparsed_main_ingredient,Bí ngòi 2 Trái
2155,Gà Chiên Giòn Da,no_metric_qty,khong co nguyen lieu nao ghi don vi g/kg/ml/l parse duoc
2156,Tàu Hủ Xào Chay Sắc Màu,unparsed_main_ingredient,Đậu hũ non 5 muỗngiếng; cải trắng 1/2 Bông; Cà rốt 1 Củ
2157,Sườn Non Nướng Mật Mía Chay,unparsed_main_ingredient,Mía lau 2 Khúc; Hẹ 10 Cọng
2158,Mì Tôm Xào Thập Cẩm Chay,unparsed_main_ingredient,Mì tôm 2 Gói; Dưa leo 1 Trái
2159,Vịt Quay Chay,no_metric_qty,khong co nguyen lieu nao ghi don vi g/kg/ml/l parse duoc
2160,Đậu Kho Nấm Khổ Qua,unparsed_main_ingredient,Khổ qua 2 Trái
2161,Trứng Chiếc Thuyền,unparsed_main_ingredient,Trứng gà 7 Quả; Lòng đỏ trứng muối 3 Cái
2162,Bò Kho,unparsed_main_ingredient,Dầu điều 1 muỗnguỗng canh; Nước dừa tươi 500 muỗngl
2163,Miến Trộn Rau Củ Chay,unparsed_main_ingredient,Cà rốt 1 Củ; Miến 1 Gói
2164,Ếch Xào Sả Ớt Thơm Ngon,no_metric_qty,khong co nguyen lieu nao ghi don vi g/kg/ml/l parse duoc
2165,Thịt Nạc Kho Tiêu,unparsed_main_ingredient,Nước màu 1 muỗnguỗng cà phê
2166,Canh Rong Biển Tàu Hũ Hạt Sen,unparsed_main_ingredient,Đậu hũ non 2 Cây; Rong biển khô 1/3 Gói; Đầu hành 3 Nhánh
2167,Thịt Heo Kho Mắm Ruốc,unparsed_main_ingredient,Mắm ruốc 2 muỗnguỗng canh; Sả 4 Cây
2168,Thịt Bò Xào Hành Tây Và Cà Rốt,unparsed_main_ingredient,Cà rốt 1/3 Củ; Rượu vang 3 muỗnguỗng canh
2169,Súp Lơ Xanh Xào Thịt Bò,unparsed_main_ingredient,Súp lơ 1 Cây; Gừng 1 muỗngiếng
2170,Nước Ép Táo Và Bắp Cải,unparsed_main_ingredient,Táo 1 Trái
2171,Lẩu Gà Lá Giang,unparsed_main_ingredient,Sả 3 Cây
2172,Tự Làm Bánh Flan Sữa Tươi,unparsed_main_ingredient,Sữa tươi 500 muỗngl; Sữa đặc 1 Hộp; Trứng gà 7 Quả; Vani 2 Ống
2173,Lẩu Đuôi Bò,unparsed_main_ingredient,Sa tế 2 muỗnguỗng cà phê; Dầu điều 1 muỗnguỗng canh
2174,Thịt Kho Quẹt Đậm Đà,low_food_id_cover,cover=0.11 thieu: Thịt ba chỉ
2176,Đuôi Heo Chiên Giòn Sốt Mắm Tắc,unparsed_main_ingredient,Nước cốt tắc 50 muỗngl
2177,Cơm Chiên Cá Mặn Chay,unparsed_main_ingredient,Cơm 2 Chén
2179,Bầu Kho Cần Tàu,no_metric_qty,khong co nguyen lieu nao ghi don vi g/kg/ml/l parse duoc
2180,Bánh Xèo Hến Củ Hũ Dừa,low_food_id_cover,"cover=0.28 thieu: Bột bánh xèo cốt dừa Taky, Tôm đất, Củ hũ dừa"
2181,Sữa Tươi Trân Châu Đường Nâu,unparsed_main_ingredient,Sữa tươi không đường 300 muỗngl
2182,Salad Rau Trộn Sốt Mayonnaise,unparsed_main_ingredient,Xà lách 4 Cây; Dưa leo 2 Trái; Cà chua 4 Trái; Sốt Mayonnaise 2 muỗnguỗng canh
2183,Phá Lấu Chay,unparsed_main_ingredient,Nước dừa 300 muỗngl
2184,Kho Quẹt Chấm Rau Củ,low_food_id_cover,"cover=0.33 thieu: Tôm khô, Thịt ba chỉ"
2185,Đậu Hủ Mè Cay,no_metric_qty,khong co nguyen lieu nao ghi don vi g/kg/ml/l parse duoc
2186,Salad Sữa Chua Chay,unparsed_main_ingredient,Sữa chua không đường 2 Hộp
2187,Đậu Phộng Rim Mặn Ngọt,unparsed_main_ingredient,Nước 120 muỗngl; Rượu trắng 22 muỗngl; Siro đường 45 muỗngl
2188,Đậu Hủ Kho Khóm,no_metric_qty,khong co nguyen lieu nao ghi don vi g/kg/ml/l parse duoc
2189,Đậu Hũ Khìa Nước Dừa,unparsed_main_ingredient,Đậu hũ chiên 4 muỗngiếng; Cà rốt 1/2 Củ; Tàu hũ ky 1 muỗngiếng; Dừa tươi 1 Trái
2190,Cần Tây Xào Thập Cẩm,unparsed_main_ingredient,Cần tây 1 Cây; Cà chua 3 Trái; Cà rốt 1 Củ; Bí ngòi 1/2 Trái
2191,Bún Măng Chay,unparsed_main_ingredient,Mì căn 1 Cây; Cà rốt 1 Củ; Xà lách 1 Cây
2192,Đậu Hũ Kho Tiêu,unparsed_main_ingredient,Đậu hũ trắng 2 muỗngiếng; Nước 5 muỗnguỗng canh
2193,MỰC CHAY CHIÊN XÙ ĐƠN GIẢN,unparsed_main_ingredient,Nước 100 muỗngl; Tương cà 3 muỗnguỗng canh
2194,Đậu Côve Xào Nấm Hương,unparsed_main_ingredient,Cà rốt 1/2 Củ
2195,Cua Rang Sốt Me,unparsed_main_ingredient,Cua gạch 2 Con; Nước cốt me 1 Chén
2196,Đậu Hũ Làng Mơ Xốt Nước Tương,no_metric_qty,khong co nguyen lieu nao ghi don vi g/kg/ml/l parse duoc
2197,Muối Ớt Xanh,unparsed_main_ingredient,Lá chanh 10 Lá
2198,Nấm Sò Vua Áp Chảo Chay,unparsed_main_ingredient,Mật ong 1 muỗnguỗng cà phê
2201,Mì Xào Cải,unparsed_main_ingredient,Mì tôm 1 Gói
2202,Mứt Me,low_food_id_cover,cover=0.45 thieu: Me
2203,Cháo Cá Lóc Rau Đắng,low_food_id_cover,"cover=0.09 thieu: Gạo, Cá lóc, Đầu hành, Rau đắng"
2205,Su Su Xào Tỏi,no_metric_qty,khong co nguyen lieu nao ghi don vi g/kg/ml/l parse duoc
2206,Sinh Tố Táo Sữa Tươi,no_metric_qty,khong co nguyen lieu nao ghi don vi g/kg/ml/l parse duoc
2207,Cà Ri Chay,unparsed_main_ingredient,Nước cốt dừa 500 muỗngl
2208,Cà Ri Gà,unparsed_main_ingredient,Xốt cà ri Barona 1 Gói; Sả 3 Cây; Nước cốt dừa 100 muỗngl
2209,Cà Ri Gà Nấu Rau Củ,unparsed_main_ingredient,Khoai lang 1 Củ; Khoai tây 2 Củ; Cà rốt 1 Củ; Bột cà ri 3 muỗnguỗng canh
2210,Bún Gạo Xào Chay Đơn Giản,unparsed_main_ingredient,Tàu hũ ky 1 Lát; Đậu hũ chiên 1 muỗngiếng; Cần tây 1 Nhánh; Sa tế 1 muỗnguỗng cà phê
2211,Sandwich Kẹp Jambon,no_metric_qty,khong co nguyen lieu nao ghi don vi g/kg/ml/l parse duoc
2212,Thạch Sắn Dây Trà Xanh,low_food_id_cover,"cover=0.59 thieu: Bột sắn dây, Trà Thái"
2213,Bánh Ướt Lòng Gà,unparsed_main_ingredient,Nước 700 muỗngl; Lòng gà 2 Bộ; Đùi gà 1 Cái
2214,Nước Chanh Hương Sả Hạt Chia,unparsed_main_ingredient,Hạt chia 5 muỗnguỗng cà phê; Sả 4 Cây
2215,Thịt Quay Giòn Da Bằng Nồi Chiên Không Dầu,unparsed_main_ingredient,Bột ngũ vị hương 2 muỗnguỗng cà phê
2216,Chè Dưỡng Nhan Hạt Chia,unparsed_main_ingredient,Nước 1.50 Lít
2217,Gỏi Đu Đủ Ba Khía,unparsed_main_ingredient,Nước cốt chanh 50 muỗngl
2218,Xôi Cốm Đậu Xanh,low_food_id_cover,"cover=0.41 thieu: Cốm dẹp, Dừa nạo"
2219,Cá Basa Sốt Cà,unparsed_main_ingredient,Cà chua 4 Quả; Dầu điều 1 muỗnguỗng canh; Sốt Mayonnaise 1 muỗnguỗng canh
2220,Tim Heo Luộc Sạch Thơm,no_metric_qty,khong co nguyen lieu nao ghi don vi g/kg/ml/l parse duoc
2221,Bánh Tráng Bơ,unparsed_main_ingredient,Lòng đỏ trứng gà 2 Cái; Nước cốt chanh 1 muỗnguỗng cà phê
2222,Cá Thu Kho,unparsed_main_ingredient,Nước dừa 200 muỗngl; Mỡ heo 3 muỗnguỗng cà phê; Nước màu 1 muỗnguỗng cà phê
2223,Gỏi Rau Muống Đậu Phộng,unparsed_main_ingredient,Rau muống 1 muỗngớ; Nước 1 muỗnguỗng canh; Nước cốt chanh 2 Quả
2224,Pha Mắm Tôm Chấm Bún Đậu,no_metric_qty,khong co nguyen lieu nao ghi don vi g/kg/ml/l parse duoc
2225,Gà Nấu Chao,unparsed_main_ingredient,Gà trống 1 Con; Chao 4 muỗngiếng; Sả 2 Cây; Khoai môn 1 Củ
2226,Cà Tím Luộc Trộn Nước Sốt Tỏi,no_metric_qty,khong co nguyen lieu nao ghi don vi g/kg/ml/l parse duoc
2227,Sữa Đậu Phộng,unparsed_main_ingredient,Sữa tươi 200 muỗngl
2228,Sò Lụa Hấp Thái,unparsed_main_ingredient,Sả 5 Cây; Củ riềng 1 Củ; Rau muống 1 Bó
2229,Bánh Pudding Socola Vị Óc Chó,unparsed_main_ingredient,Sữa tươi 250 muỗngl; Kem whipping 100 muỗngl; Tinh chất vani 1/2 muỗnguỗng cà phê
2230,Canh Sườn Cải Chua,low_food_id_cover,"cover=0.19 thieu: Sườn non, Dưa cải chua, Hành tím"
2231,Hồng Treo Gió,unparsed_main_ingredient,Rượu trắng 500 muỗngl
2232,Cơm Saffron Cà Ri Gà,unparsed_main_ingredient,Đùi gà 3 Cái; Sữa dừa organic Ecomil 400 muỗngl; Saffron 12 Sợi; Bột cà ri 2 muỗnguỗng canh
2233,Smoothie Thanh Long Đỏ Nhiệt Đới,unparsed_main_ingredient,Thanh long đỏ 1 Trái; Chuối 2 Trái; Bột óc chó Ecomil 1 muỗnguỗng canh; Thanh long 1 Trái
2234,Chả Giò Que Tôm Thịt,unparsed_main_ingredient,Bánh tráng bía 2 Gói
2235,Canh Chua Lá Giang Nấu Cá Điêu Hồng,no_metric_qty,khong co nguyen lieu nao ghi don vi g/kg/ml/l parse duoc
2236,Trái Tắc Ngâm Đường,low_food_id_cover,cover=0.50 thieu: Trái tắc
2237,Bì Chay Ngon,unparsed_main_ingredient,Đậu hũ trắng 2 muỗngiếng; Thính gạo 1 muỗnguỗng canh; 100
2238,Snack Hành Tây,unparsed_main_ingredient,Trứng gà 1 Quả; Sữa tươi không đường 120 muỗngl
2239,Cá Nục Kho Măng,unparsed_main_ingredient,Củ riềng 1 Củ
2240,Trứng Vịt Lộn Um Bầu,unparsed_main_ingredient,Trứng vịt lộn 5 Quả
2241,Bún Chay Kiểu Huế,unparsed_main_ingredient,Thơm 1/2 Trái; Đậu hũ chiên 2 muỗngiếng; Sả 4 Cây; Dầu điều 1/2 muỗnguỗng cà phê
2242,Salad Dưa Leo Cá Basa Phủ Trứng Muối,unparsed_main_ingredient,Sốt Mayonnaise 1 muỗnguỗng canh; Lá oregano xay 1/2 muỗnguỗng cà phê; Dưa leo 2 Quả; Trứng vịt muối 2 Quả
2243,Tôm Chiên Cốm Giòn Rụm,unparsed_main_ingredient,Tôm tươi 30 Con; Trứng gà 2 Quả; Cà chua 1 Trái
2244,Canh Chua Đầu Con Cá Hồi,no_metric_qty,khong co nguyen lieu nao ghi don vi g/kg/ml/l parse duoc
2245,Đậu Hũ Sốt Nấm Rau Củ Chay,low_food_id_cover,"cover=0.73 thieu: Bí ngòi, Bắp Mỹ, Hẹ"
2246,Salad Phở Bò Nướng Ngũ Vị,low_food_id_cover,"cover=0.54 thieu: Thịt bò, Xốt thịt nướng ngũ vị Barona, Húng quế, Húng lũi"
2247,Miến Trộn Bò Xốt Ngũ Vị,low_food_id_cover,"cover=0.27 thieu: Miến, Thịt bò phi lê, Cải bó xôi, Ớt chuông vàng, Mè rang"
2248,Salad Gà Nướng Ngũ Vị,low_food_id_cover,"cover=0.19 thieu: Ức gà, Ớt chuông đỏ, Lá rocket, Rau mầm, Xốt thịt nướng ngũ vị Barona"
2249,Chả Giò Sứa,unparsed_main_ingredient,Trứng vịt 2 Quả; Bánh tráng 10 Cái; Bột chiên xù 1 Gói; Cà rốt 1 Củ
2250,Súp Gà Rau Củ Hạt Sen,unparsed_main_ingredient,Bí đỏ 10 Trái; Hạt sen tươi 100 Hạt; Bột bắp 1 muỗnguỗng canh; Nước 1 Lít
2251,Đậu Hũ Hấp Tương Cay,unparsed_main_ingredient,Đậu hũ trắng 1 muỗngiếng; Sả băm 1 muỗnguỗng canh; Nước 80 muỗngl
2252,Sườn Non Sốt Cam Với Nấm Kim Châm,unparsed_main_ingredient,Cam 1 Trái; Tương cà 1 muỗnguỗng cà phê
2253,Bò Hầm Củ Quả,unparsed_main_ingredient,Trứng cút 30 Trái
2254,Mắm Chua Thịt Luộc Đậu Rồng,unparsed_main_ingredient,Mắm tép 4 muỗnguỗng canh; Trái tắc 4 Trái; Gừng 1 Củ
2255,Sườn Chiên Sốt Me Chua Ngọt,unparsed_main_ingredient,Bột nếp 1 Chén
2256,Mì Quảng Gà Miền Trung,unparsed_main_ingredient,Gà ta 1/2 Con; Bánh tráng 2 Cái; Sả 1 Cây; Củ nén 4 Củ
2257,Smoothie Dâu Tây Hạt Chia Giảm Cân,unparsed_main_ingredient,Sữa chua không đường 50 muỗngl; Sữa hạnh nhân 50 muỗngl; Lá bạc hà 2 Lá
2258,Khoai Tây Nghiền Với Trứng Và Thịt Muối,unparsed_main_ingredient,Khoai tây 3 Củ
2259,Cơm Gà Quảng Nam,unparsed_main_ingredient,Thịt gà 1 Con; Bột nghệ 1 muỗnguỗng cà phê; Dưa leo 1 Trái
2260,Bánh Ít Trần Nhân Tôm Thịt,low_food_id_cover,"cover=0.00 thieu: Bột nếp, Tôm tươi, Thịt băm"
2261,Rong Biển Cháy Tỏi Chà Bông Tôm,unparsed_main_ingredient,Rong biển khô 1 Bịch
2262,Bắp Nữ Hoàng Xào Khô Ruốc,unparsed_main_ingredient,Ruốc sấy 2 muỗnguỗng canh; Bơ 1 muỗnguỗng canh
2263,Cá Chạch Chiên Giòn,unparsed_main_ingredient,Nước cốt chanh 1 muỗnguỗng canh
2264,Cá Điêu Hồng Kho Cà,unparsed_main_ingredient,Cà chua 4 Quả; Nước 1/2 Chén
2265,Bánh Căn Đà Lạt,unparsed_main_ingredient,Cơm 1 Chén; Trứng cút 40 Quả; Xoài chín 2 Trái; Thơm 1/2 Trái
2266,Nấm Rơm Kho Chay,unparsed_main_ingredient,Gừng 1/2 Củ
2267,Lòng Non Chiên Nước Mắm Ớt,no_metric_qty,khong co nguyen lieu nao ghi don vi g/kg/ml/l parse duoc
2268,Thịt Kho Trứng Chiên Ngũ Vị,unparsed_main_ingredient,Trứng vịt 5 Quả; Nước dừa tươi 500 muỗngl; Gừng 1 Củ; Nước màu 1 muỗnguỗng cà phê
2269,Bánh Bông Lan Trứng Muối Sốt Phô Mai,unparsed_main_ingredient,Cream of tartar 1/2 muỗnguỗng cà phê; Trứng gà 3 Quả; Trứng vịt muối 8 Trái; Phô mai 8 Viên
2270,Ram Bắp,unparsed_main_ingredient,Bắp nếp 2 Trái; Nước 20 muỗngl
2271,Dưa Gang Tươi Sốt Socola,unparsed_main_ingredient,Dưa gang 1 Trái; Bột cacao 3 muỗnguỗng canh; Sữa đặc 1.50 muỗnguỗng canh
2272,Canh Chua Cá Ngát Nấu Rau Muống,unparsed_main_ingredient,Rau muống 1 Bó; Húng quế 1 Nhánh
2273,Cơm Chiên Trứng Vịt Muối,unparsed_main_ingredient,Cơm 3 Chén; 2; Lạp xưởng 1 Cây
2274,Sườn Ram Nước Dừa,unparsed_main_ingredient,Nước dừa 250 muỗngl
2275,Chè Đậu Xanh Nguyên Vỏ,unparsed_main_ingredient,Nước 1 Lít
2276,Sò Lông Nướng Mỡ Hành,low_food_id_cover,"cover=0.09 thieu: Sò lông, Ớt băm, Đậu phộng"
2277,Mắm Cá Linh Chưng Thịt,unparsed_main_ingredient,Trứng vịt 3 Quả
2278,Chả Ốc Bươu Chiên,unparsed_main_ingredient,Nấm hương 4 Cái
2279,Xôi Nướng Cuộn Lạp Xưởng,unparsed_main_ingredient,Nước cốt dừa 240 muỗngl; Lạp xưởng 6 Cây; Lá dứa 5 Lá
2280,Gà Hầm Trái Bí,unparsed_main_ingredient,Nước dừa 500 muỗngl
2281,Muối Chanh Ớt Chấm Gà Luộc,no_metric_qty,khong co nguyen lieu nao ghi don vi g/kg/ml/l parse duoc
2282,Đùi Ếch Chiên Bơ Tỏi,unparsed_main_ingredient,Mật ong 4 muỗnguỗng cà phê
2283,Chân Gà Hấp Lá Chanh,low_food_id_cover,"cover=0.07 thieu: Chân gà, Sả, Ớt"
2284,Thịt Ba Chỉ Om Chuối Đậu,unparsed_main_ingredient,Chuối 4 Trái; Đậu hũ trắng 3 muỗngiếng; Bột cà ri 2 muỗnguỗng cà phê
2285,Khô Cá Lóc Một Nắng,no_metric_qty,khong co nguyen lieu nao ghi don vi g/kg/ml/l parse duoc
2286,Lưỡi Vịt Sapo,unparsed_main_ingredient,Húng quế 0.67 Cây; Rượu trắng 240 muỗngl; Gừng 1 Củ; Thanh quế 1 muỗngiếng
2287,Xôi Bắp Hạt,unparsed_main_ingredient,Nước cốt dừa 400 muỗngl; Bắp nếp 4 Trái
2288,Bánh Tằm,unparsed_main_ingredient,Khoai mì 2 Củ; Nước cốt dừa 400 muỗngl; Bột năng 2 muỗnguỗng canh; Nước lá dứa 3 muỗnguỗng canh
2289,Tắc Muối,low_food_id_cover,cover=0.26 thieu: Trái tắc
2290,Thịt Bò Xào Bông Cải Xanh,unparsed_main_ingredient,Gừng 1 Củ
2291,Ốc Móng Tay Hấp Sả Ớt,unparsed_main_ingredient,Sả 2 Cây
2292,Muối Tiêu Chanh,no_metric_qty,khong co nguyen lieu nao ghi don vi g/kg/ml/l parse duoc
2293,Canh Cải Nấu Tôm Khô,low_food_id_cover,"cover=0.00 thieu: Cải ngọt, Tôm khô"
2296,Bánh Crepe Lá Dứa Nhân Kem Sầu Riêng,unparsed_main_ingredient,Nước lá dứa 100 muỗngl; Sữa tươi có đường 100 muỗngl; Nước cốt dừa 100 muỗngl; Trứng gà 2 Quả
2297,Bánh Crepe Nhân Kem Sầu Riêng,unparsed_main_ingredient,Sữa tươi không đường 210 muỗngl; Trứng gà 1 Quả; Kem whipping 150 muỗngl; Vani 1 muỗnguỗng cà phê
2298,Mề Gà Xào Sả Ớt Cay,unparsed_main_ingredient,Sả 2 Cây
2299,Canh Cua Đồng Mồng Tơi,no_metric_qty,khong co nguyen lieu nao ghi don vi g/kg/ml/l parse duoc
2300,Cơm Gạo Lứt Cá Hồi Vị Sả,unparsed_main_ingredient,Xốt thịt nướng sả Barona 2 muỗnguỗng canh; Dầu olive 1 muỗnguỗng canh
2301,Cơm Chiên Gạo Lứt Xốt Vị Sả,unparsed_main_ingredient,Xốt thịt nướng sả Barona 3 muỗnguỗng canh
2302,Bánh Xèo Cốt Dừa Tôm Thịt,unparsed_main_ingredient,Nước cốt chanh 10 muỗngl; Củ cải trắng 1/2 Củ; Cà rốt 1/2 Củ
2303,Khoai Tây Xào Cà Chua,unparsed_main_ingredient,Khoai tây 2 Củ; Cà rốt 1 Củ; Cà chua 2 Trái
2304,Chân Giò Hầm Ngũ Vị,unparsed_main_ingredient,Thanh quế 2 muỗngiếng; Hoa hồi 3 Cái; Thảo quả 1 Trái; Nguyệt quế 2 Lá
2305,Ức Gà Ướp Mật Ong Áp Chảo,unparsed_main_ingredient,Mật ong 1 muỗnguỗng canh
2306,Lòng Gà Xào Sả Ớt,unparsed_main_ingredient,Sả 3 Cây; Bột nghệ 1 muỗnguỗng canh
2307,Gỏi Sứa,unparsed_main_ingredient,Cà rốt 2 Củ; Dưa leo 4 Trái; Xoài xanh 1 Trái
2308,Canh Hàu,unparsed_main_ingredient,Thơm 1/4 Trái; Cà chua 2 Trái
2310,Cà Phê Sữa Tươi,unparsed_main_ingredient,Bột cacao 1 muỗnguỗng canh; Sữa tươi không đường 100 muỗngl; Đá 10 Viên
2311,Thịt Heo Kho Trứng Vịt,unparsed_main_ingredient,Nước dừa 300 muỗngl; Trứng vịt 7 Quả
2312,Mít Non Om Nước Dừa Chay,unparsed_main_ingredient,Dừa xiêm 1 Trái
2313,Hoành Thánh Chiên Chay,low_food_id_cover,"cover=0.13 thieu: Hoành thánh, Nấm đùi gà, Nấm mèo"
2314,Kem Bơ,unparsed_main_ingredient,Sữa tươi không đường 120 muỗngl; Kem dừa 1 Hộp; Đá 1 Cốc
2315,Canh Hoa Atiso Xương Heo,unparsed_main_ingredient,Bông atiso 1 Cái
2316,Bánh Tráng Chấm Sốt Bơ Trứng Muối Và Bánh Tráng Trộn Trứng Muối,unparsed_main_ingredient,Lòng đỏ trứng muối 12 Cái; Sữa tươi 50 muỗngl
2317,Bột Chiên Trứng,unparsed_main_ingredient,Trứng gà 3 Quả
2318,Thịt Chiên Nước Mắm Kiểu Thái,low_food_id_cover,"cover=0.01 thieu: Thịt ba chỉ, Tiêu, Bột chiên giòn"
2319,Muối Mè Đậu Phộng,low_food_id_cover,"cover=0.05 thieu: Đậu phộng, Mè trắng"
2320,Salad Bơ Trứng,unparsed_main_ingredient,Trái bơ 2 Trái; Dưa leo 1 Trái; Cà chua bi 10 Trái; Trứng cút 10 Quả
2321,Trà Chanh Túi Lọc,unparsed_main_ingredient,Trà túi lọc 4 Gói; Nước 300 muỗngl
2322,Thạch Đen Từ Cây Sương Sáo Khô,unparsed_main_ingredient,Nước 1.80 Lít
2323,Xúc Xích Tẩm Bột Chiên Giòn,unparsed_main_ingredient,Xúc xích 4 Cây; Sữa tươi 100 muỗngl; Trứng gà 1 Quả
2324,Salad Bơ Giảm Cân,unparsed_main_ingredient,Trái bơ 2 Trái; Dưa leo 1 Trái; Dầu olive 2 muỗnguỗng canh; Nước cốt chanh 2 muỗnguỗng canh
2325,Gà Chiên Giòn Sốt Cay,unparsed_main_ingredient,Trứng gà 2 Quả
2326,Sữa Mè Đen,unparsed_main_ingredient,Sữa tươi không đường 600 muỗngl; Lá dứa 10 Lá; Nước 1 Lít
2327,Sung Muối Ăn Ốc,low_food_id_cover,"cover=0.06 thieu: Trái sung, Ớt, Sả"
2330,Rong Biển Cháy Tỏi Ớt,unparsed_main_ingredient,Rong biển khô 1 Gói
2331,Bánh Nậm Ăn Chay,unparsed_main_ingredient,Cà rốt 1 Củ; Lá chuối 20 muỗngiếng
2332,Trà Bí Đao Giải Nhiệt,unparsed_main_ingredient,Bí đao 1 Trái; La hán quả 2 Quả; Lá dứa 1 Bó
2333,Chè Đậu Trắng Nếp Thái,unparsed_main_ingredient,Nước cốt dừa 250 muỗngl; Lá dứa 1/3 Bó
2334,Trứng Omelet Phô Mai,no_metric_qty,khong co nguyen lieu nao ghi don vi g/kg/ml/l parse duoc
2335,Bánh Mì Nướng Bơ Mật Ong,unparsed_main_ingredient,Bánh mì 2 Ổ; Mật ong 2 muỗnguỗng canh
2336,Canh Củ Cải Hầm Chay,no_metric_qty,khong co nguyen lieu nao ghi don vi g/kg/ml/l parse duoc
2337,Cải Thìa Xào Nấm Đông Cô Sốt Dầu Hào,unparsed_main_ingredient,Cà rốt 1 Củ; Nước 200 muỗngl; Bột bắp 1 muỗnguỗng canh
2338,Tôm Chiên Bột,unparsed_main_ingredient,Trứng gà 1 Quả
2339,Bánh Ít Nhân Đậu Và Dừa,unparsed_main_ingredient,Lá chuối 10 muỗngiếng; Nước cốt chanh 1 muỗnguỗng canh
2340,Bánh Mì Cá Hộp Kho Cà,no_metric_qty,khong co nguyen lieu nao ghi don vi g/kg/ml/l parse duoc
2341,Lườn Cá Hồi Nướng Trộn Gỏi,unparsed_main_ingredient,Dầu ô liu 4 muỗnguỗng cà phê; Mù tạt 4 muỗnguỗng cà phê
2342,Trứng Chiên,unparsed_main_ingredient,Trứng gà 5 Quả
2343,Lẩu Ếch Măng Chua,unparsed_main_ingredient,Nước hầm xương 1.20 Lít; Nước cốt me 4 muỗnguỗng canh
2344,Cánh Gà Rô Ti Đơn Giản,no_metric_qty,khong co nguyen lieu nao ghi don vi g/kg/ml/l parse duoc
2345,Lẩu Gà Lá Chúc,unparsed_main_ingredient,Gà ta 1 Con; Cơm mẻ 2 muỗnguỗng canh
2346,Thịt Kho Măng,low_food_id_cover,cover=0.40 thieu: Thịt ba chỉ
2347,Canh Chua Cải Thảo,no_metric_qty,khong co nguyen lieu nao ghi don vi g/kg/ml/l parse duoc
2348,Nước Ép Nho Và Hạt Chia,unparsed_main_ingredient,Hạt chia 3 muỗnguỗng cà phê; Đá 1 Tô
2349,Canh Khổ Qua Nấu Tôm Khô,unparsed_main_ingredient,Khổ qua 2 Trái
2350,Bún Chả Nhà Làm,unparsed_main_ingredient,Bột chanh Maggi 1.50 muỗnguỗng canh
2351,Sâm Bổ Lượng,low_food_id_cover,"cover=0.27 thieu: Củ sen, Táo tàu, Bo bo, Củ năng, Phổ tai"
2352,Cà Pháo Trộn Mắm Nêm,unparsed_main_ingredient,Đu đủ 1/4 Trái; Thơm 1/3 Trái; Mắm nêm 1/2 Chén
2353,Vịt Nướng Mật Ong,unparsed_main_ingredient,Mật ong 3 muỗnguỗng cà phê; Bột bắp 1/2 muỗnguỗng cà phê
2354,Nước Chấm Nem Nướng,unparsed_main_ingredient,Gạo nếp 1/2 Chén; Tương đậu nành 3 muỗnguỗng canh; Dầu điều 1 muỗnguỗng canh
2355,Chả Cá Kho Tiêu,unparsed_main_ingredient,Nước màu 1 muỗnguỗng canh
2356,Bí Đỏ Xào Tỏi,unparsed_main_ingredient,Nước 300 muỗngl
2357,Thịt Lợn Kho Trứng Cút,unparsed_main_ingredient,Trứng cút 20 Quả; Nước màu 1 muỗnguỗng canh
2358,Mực Xào Cần Tây,unparsed_main_ingredient,Dưa leo 1 Trái; Cà chua 1 Trái; Gừng 1 muỗngiếng; Sa tế 2 muỗnguỗng cà phê
2359,Đậu Phộng Rang Muối Giòn,low_food_id_cover,cover=0.00 thieu: Đậu phộng
2360,Bánh Tẻ,unparsed_main_ingredient,Nấm mèo 10 Cái; Nấm hương 10 Cái; Lá dong 40 Cái
2361,4 Cách Chế Biến Xúc Xích Vị Tiêu,no_metric_qty,khong co nguyen lieu nao ghi don vi g/kg/ml/l parse duoc
2362,Lẩu Gà Ớt Hiểm,unparsed_main_ingredient,Gà ta 1/2 Con; Nước dừa tươi 600 muỗngl; Hắc xì dầu 1 muỗnguỗng canh
2363,Lẩu Gà Lá Chanh,unparsed_main_ingredient,Nước cốt me 3 muỗnguỗng canh
2364,Bánh Trung Thu Ngũ Sắc,unparsed_main_ingredient,Nước đường 250 muỗngl; Bột vani Vianco 1 Ống; Bột sả Vianco 1/2 muỗnguỗng cà phê; Bột tỏi Vianco 1/2 muỗnguỗng cà phê
2365,Bắp Bò Ngâm Nước Mắm Chua Ngọt,unparsed_main_ingredient,Hoa hồi 1 Cái
2366,Cánh Gà Chiên Nước Mắm,unparsed_main_ingredient,Mật ong 30 muỗngl
2367,Thịt Rang Cháy Cạnh,low_food_id_cover,"cover=0.11 thieu: Thịt ba chỉ, Ớt sừng, Hành tím"
2368,Tôm Chiên Sa Tế,low_food_id_cover,"cover=0.07 thieu: Tôm tươi, Sa tế tôm, Tỏi băm"
2369,Cá Ngừ Kho Với Nước Dừa,no_metric_qty,khong co nguyen lieu nao ghi don vi g/kg/ml/l parse duoc
2370,Bánh Xu Xê,unparsed_main_ingredient,Dừa nạo 1/2 Trái; Nước lá dứa 3 muỗnguỗng canh; Vani 1 Gói
2371,Gỏi Gà Xé Phay,unparsed_main_ingredient,Gà 1 Con; Gạo tẻ 1/2 Chén
2372,Bắp Cải Xào Trứng,unparsed_main_ingredient,Bắp cải 1 Bó; Trứng vịt 2 Quả
2373,Bánh Phở,unparsed_main_ingredient,Dầu đậu phộng 2 muỗnguỗng canh
2374,Bò Né,low_food_id_cover,cover=0.00 thieu: Thịt bò
2375,Súp Tôm Cho Bé,unparsed_main_ingredient,Bột bắp 1 muỗnguỗng canh; Trứng gà 1 Quả
2376,Cháo Cá Hồi Bí Đỏ Cho Bé,unparsed_main_ingredient,Gạo tẻ 1 Chén; Gừng 2 Lát
2377,Rạm Rang Lá Lốt,low_food_id_cover,cover=0.33 thieu: Rạm
2378,Cá Diêu Hồng Chiên Muối Tỏi,no_metric_qty,khong co nguyen lieu nao ghi don vi g/kg/ml/l parse duoc
2379,Tôm Tái Chanh,unparsed_main_ingredient,Rau răm 1 Nắm; Húng lũi 10 Cây
2380,Gà Ác Hầm Thuốc Bắc,no_metric_qty,khong co nguyen lieu nao ghi don vi g/kg/ml/l parse duoc
2381,Cơm Chiên Bò Bulgogi,unparsed_main_ingredient,Bột bắp 1 muỗnguỗng cà phê
2382,Bột Nêm Chay Từ Rong Biển Và Nấm,low_food_id_cover,cover=0.69 thieu: Rong biển
2383,Khô Gà Xé Lá Chanh,unparsed_main_ingredient,Gừng 3 Lát; Lá chanh 1 Lá
2384,Sườn Nướng Cay,unparsed_main_ingredient,Tương cà 30 muỗngl; Dầu điều 50 muỗngl; Dầu ớt 30 muỗngl; Húng quế 50 Lá
2385,Mướp Hương Xào Thịt Bò,unparsed_main_ingredient,Rượu trắng 1 muỗnguỗng cà phê; Bột bắp 1 muỗnguỗng cà phê
2386,Sữa Đậu Đen Lá Dứa,unparsed_main_ingredient,Lá dứa 7 Cọng; Sữa đặc 1 muỗnguỗng canh; Nước 2.50 Lít
2387,Bơ Dầm Sữa,no_metric_qty,khong co nguyen lieu nao ghi don vi g/kg/ml/l parse duoc
2388,Bồ Câu Xào Rau Răm,no_metric_qty,khong co nguyen lieu nao ghi don vi g/kg/ml/l parse duoc
2389,Sườn Non Ram Mặn,unparsed_main_ingredient,Nước màu 1 muỗnguỗng cà phê
2390,Cá Trắm Kho Dưa Cải Chua,unparsed_main_ingredient,Cá trắm 1 Con
2391,Tré Trộn Nem Chả,unparsed_main_ingredient,Tré 5 Cái; Chả heo 2 Cái; Chả bò 2 Cái; Nem 2 Cái
2392,Củ Cải Chua Ngọt Hấp Dẫn,unparsed_main_ingredient,Củ cải trắng 1/2 Củ
2393,Bánh Xếp Chiên,unparsed_main_ingredient,Củ sắn 2 Củ
2394,Rau Má Đậu Xanh,unparsed_main_ingredient,Sữa đặc 200 muỗngl
2395,Bún Quậy Phú Quốc,unparsed_main_ingredient,Sả 1 Cây; Nước dùng gà 2 Lít
2396,Cá Hường Chiên Xả Ớt,no_metric_qty,khong co nguyen lieu nao ghi don vi g/kg/ml/l parse duoc
2397,Bánh Mì Chảo Sườn Kho Ốp La,unparsed_main_ingredient,Trứng gà 9 Quả; Nước dừa 300 muỗngl
2398,Củ Hũ Dừa Xào Tôm,low_food_id_cover,"cover=0.14 thieu: Củ hũ dừa, Tôm tươi, Ngò gai"
2399,Sườn Rim Dầu Hào Maggi,unparsed_main_ingredient,Nước màu 30 muỗngl
2400,Phở Bò Tái Bò Viên,unparsed_main_ingredient,Nước cốt phở Vianco 150 muỗngl; Nước 1 Lít
2401,Bún Măng Bò,unparsed_main_ingredient,Trứng gà 4 Quả; Nước hầm xương 800 muỗngl; Nước dừa 400 muỗngl
2402,Cơm Rang Dưa Bò,unparsed_main_ingredient,Trứng gà 1 Quả
2403,Bánh Khoai Mì Nướng Than,unparsed_main_ingredient,Sữa đặc 30 muỗngl; Nước cốt dừa 30 muỗngl
2404,Bún Cua Đồng,unparsed_main_ingredient,Nước lọc 4 Lít; Cà chua 3 Trái; Trứng gà 1 Quả; Mắm tôm 1 muỗnguỗng cà phê
2405,Sinh Tố Chuối Sữa Tươi,no_metric_qty,khong co nguyen lieu nao ghi don vi g/kg/ml/l parse duoc
2406,Bún Suông,unparsed_main_ingredient,Dầu điều 2 muỗnguỗng canh; Tương đen 2 muỗnguỗng canh; Nước cốt me 2 muỗnguỗng canh
2407,Bún Thịt Xào,unparsed_main_ingredient,Sả 3 Cây; Dưa leo 3 Trái; Nước cốt chanh 1 Quả; Nước 3 muỗnguỗng canh
2408,Mì Trộn Đơn Giản,unparsed_main_ingredient,Dầu cải 4 muỗnguỗng cà phê
2409,Sữa Bí Đỏ,no_metric_qty,khong co nguyen lieu nao ghi don vi g/kg/ml/l parse duoc
2410,Trứng Cút Chiên Xù,no_metric_qty,khong co nguyen lieu nao ghi don vi g/kg/ml/l parse duoc
2411,Cơm Gà Chính Gốc Hội An,unparsed_main_ingredient,Thịt gà 1 Con; Bột nghệ 1 muỗnguỗng canh; Trái tắc 3 Trái; Dầu điều 1 muỗnguỗng canh
2412,Gỏi Dưa Leo Giòn Mát,unparsed_main_ingredient,Dưa leo 3 Trái; Cà rốt 1 Củ; Nước cốt chanh 1 muỗnguỗng canh; Húng quế 1 Cây
2413,Chè Đậu Xanh Bột Khoai,low_food_id_cover,cover=0.77 thieu: Bột khoai
2414,Trân Châu Đen,low_food_id_cover,"cover=0.11 thieu: Bột năng, Bột cacao, Bột gạo"
2415,Bún Gạo Chiên Giòn,unparsed_main_ingredient,Nấm mèo 5 Cái; Trứng gà 2 Quả
2416,Gà Nướng Bằng Nồi Cơm Điện,unparsed_main_ingredient,Gừng 1 muỗngiếng; Mật ong 1 muỗnguỗng canh
2417,Bánh Đúc Nóng,low_food_id_cover,"cover=0.13 thieu: Bột gạo, Thịt băm, Hành tím băm, Nấm mèo, Ớt băm"
2418,Chè Hạt Sen Nhãn Nhục Táo Đỏ,low_food_id_cover,"cover=0.50 thieu: Táo tàu, Đường phèn"
2419,Cháo Hạt Sen Thịt Bằm,low_food_id_cover,"cover=0.55 thieu: Sườn heo, Thịt heo bằm"
2420,Cá Kho Măng Đậm Đà,unparsed_main_ingredient,Rau răm 1/4 Nắm; Thì là 1 Cây
2421,Bò Sốt Vang,unparsed_main_ingredient,Sốt cà chua 1 Hộp; Cà chua 1 Trái; Rượu vang 20 muỗngl; Bột năng 2 muỗnguỗng cà phê
2422,Sữa Gạo Lứt,unparsed_main_ingredient,Sữa tươi không đường 500 muỗngl; Bột quế 1/3 muỗnguỗng cà phê
2423,Cá Hấp Miến Cuốn Bánh Tráng,unparsed_main_ingredient,Cá diêu hồng 1 Con
2424,Rau Câu Sơn Thủy,unparsed_main_ingredient,Nước cốt dừa 100 muỗngl; Nước cốt lá dứa 50 muỗngl; Cà phê đen 50 muỗngl
2425,Mì Quảng Vịt Phan Thiết,unparsed_main_ingredient,Nước hầm xương 600 muỗngl; Dầu điều 4 muỗnguỗng canh
2426,Bánh Canh Cua Bột Gạo,unparsed_main_ingredient,Nước hầm xương 1.20 Lít; Dầu điều 2 muỗnguỗng canh
2427,Bò Lúc Lắc Nhanh Gọn,unparsed_main_ingredient,Bột bắp 1 muỗnguỗng cà phê
2428,Bún Xì Dầu,unparsed_main_ingredient,Dưa leo 2 Trái
2429,Thịt Kho Tôm Trứng Cút,unparsed_main_ingredient,Trứng cút 15 Quả
2430,Lưỡi Heo Xốt Tiêu Đen,no_metric_qty,khong co nguyen lieu nao ghi don vi g/kg/ml/l parse duoc
2431,Cá Nục Kho Măng Tươi,no_metric_qty,khong co nguyen lieu nao ghi don vi g/kg/ml/l parse duoc
2432,Kho Quẹt Chấm Rau Củ,low_food_id_cover,"cover=0.44 thieu: Thịt ba chỉ, Tôm khô, Hành tím, Ớt, Tiêu sọ"
2433,Sườn Non Chiên Sả Ớt,unparsed_main_ingredient,Sả 5 Cây
2434,Chè Khoai Dẻo,unparsed_main_ingredient,Khoai môn 2 Củ; Khoai lang 2 Củ; Bột nếp 2 Chén; Nước cốt dừa 200 muỗngl
2435,Thịt Ba Chỉ Heo Chiên Giòn,unparsed_main_ingredient,Sả 2 Củ; Gừng 2 Lát
2436,Nui Chiên Giòn Sốt Bơ Tỏi Cay,unparsed_main_ingredient,Sa tế 1/2 muỗnguỗng cà phê
2437,Vịt Rang Sả,unparsed_main_ingredient,Sả 5 Cây; Gừng 1 Củ; Rượu trắng 100 muỗngl
2438,Miến Trộn Thịt Gà,unparsed_main_ingredient,Thịt gà 1/2 Con; Nước dùng gà 2 muỗnguỗng canh; Nước cốt chanh 1 muỗnguỗng canh
2439,Vịt Nấu Chao Đỏ,unparsed_main_ingredient,Chao 8 muỗngiếng; Khoai môn 1 Củ; Dừa 1 Trái; Dầu điều 1 muỗnguỗng canh
2440,Cá Chép Om Dưa Chua,unparsed_main_ingredient,Cá chép 1 Con; Cà chua 2 Trái; Nước dùng gà 500 muỗngl
2441,Bún Nem Chuẩn Kiểu Hà Nội,unparsed_main_ingredient,Cà rốt 2 Củ; Su hào 1/2 Củ; Đu đủ 1/4 Trái; Trứng gà 4 Quả
2442,Nước Chấm Ốc,no_metric_qty,khong co nguyen lieu nao ghi don vi g/kg/ml/l parse duoc
2443,Bánh Bao Chiên,unparsed_main_ingredient,Sữa tươi 200 muỗngl; Lạp xưởng 1 Cây; Nấm mèo 2 Cái; Nấm hương 2 Cái
2444,Đậu Hũ Nhồi Thịt Sốt Cà,unparsed_main_ingredient,Đậu hũ chiên 10 muỗngiếng; Miến 1 Lọ; Cà chua 2 Trái; Sốt cà chua 1/4 Hộp
2445,Bún Bò Nam Bộ,unparsed_main_ingredient,Bột chanh Maggi 1 muỗnguỗng canh
2446,Thịt Bò Xào Dưa Cải Chua,unparsed_main_ingredient,Dưa cải chua 2 Bắp
2447,Bò Bít Tết Dầu Hào Maggi,low_food_id_cover,cover=0.44 thieu: Thịt bò phi lê
2448,Milo Đá Bào,unparsed_main_ingredient,Sữa tươi không đường 200 muỗngl; Cam 1 Trái; Kem Vani 2 Viên
2449,Làm Bánh Bò Nướng,unparsed_main_ingredient,Vani 1 Ống
2450,Chả Giò Hải Sản Sốt Mayonnaise,unparsed_main_ingredient,Trứng gà 3 Quả; Bánh tráng bía 1 Gói; Sốt Mayonnaise 3 muỗnguỗng canh; Cà rốt 1 Củ
2451,Trứng Chiên Lá Mơ,unparsed_main_ingredient,Trứng gà 3 Quả
2452,Bún Bò Huế Giò Nạm,unparsed_main_ingredient,Móng giò heo 1 Cái; Sả 10 Cây
2453,Bắp Xào Tép Khô,unparsed_main_ingredient,Bơ 1 muỗnguỗng canh
2454,Bánh Mì Dân Tổ,unparsed_main_ingredient,Bánh mì 6 Ổ; Trứng gà 4 Quả; Xúc xích heo 4 Cây; Lạp xưởng 1 Cây
2455,Đậu Hũ Chiên Sốt Cà Chua Béo Thơm,unparsed_main_ingredient,Cà chua 5 Trái; Sốt cà chua 15 muỗngl
2456,Thịt Xiên Nướng Rau Củ,unparsed_main_ingredient,Mật ong 1 muỗnguỗng canh; Sả 1 Cây; Sa tế 2 muỗnguỗng canh
2457,Chả Cá Bọc Trứng Muối,unparsed_main_ingredient,Lòng đỏ trứng muối 10 Quả; Nước cốt me 200 muỗngl; Tương cà 2 muỗnguỗng canh
2458,Hột Vịt Lộn Xào Me Đơn Giản,unparsed_main_ingredient,Trứng vịt lộn 2 Quả; Nước cốt me 3 muỗnguỗng canh
2459,Tự Làm Chà Bông Cá Hồi Tại Nhà,unparsed_main_ingredient,Sữa tươi không đường 100 muỗngl; Sả 1 Củ; Rượu trắng 2 muỗnguỗng canh
2460,Đậu Hũ Nhồi Thịt Sốt Cà Chua Đơn Giản,unparsed_main_ingredient,Đậu hũ chiên 2 muỗngiếng; Cà chua 2 Trái
2461,Gà Hấp Muối Sả,unparsed_main_ingredient,Gà 1 Con; Lá chanh 10 Lá; Lá chanh 5 Lá
2462,Tự Làm Tắc Xí Muội Tại Nhà,low_food_id_cover,cover=0.38 thieu: Trái tắc
2463,Thịt Dê Xào Sả Ớt,unparsed_main_ingredient,Sả 2 Cây
2464,Thịt Heo Cuộn Lá Lốt Chiên,unparsed_main_ingredient,Trứng gà 1 Quả
2465,Bắp Xào Mỡ Hành,low_food_id_cover,cover=0.33 thieu: Bắp hột
2466,Vú Sữa Heo Nướng Sa Tế,unparsed_main_ingredient,Sa tế 2 muỗnguỗng canh; Mật ong 2 muỗnguỗng cà phê; Dầu điều 2 muỗnguỗng cà phê
2467,Bánh Canh Ghẹ,unparsed_main_ingredient,Ghẹ 2 Con; Dầu điều 2 muỗnguỗng canh; Nước cốt dừa 50 muỗngl
2468,Nước Cốt Dừa,no_metric_qty,khong co nguyen lieu nao ghi don vi g/kg/ml/l parse duoc
2469,Mắm Nêm Chuẩn Vị Miền Nam,unparsed_main_ingredient,Thơm 1 muỗnguỗng canh; Nước ép thơm 40 muỗngl; Sả băm 1/2 muỗnguỗng canh
2470,Ốc Bươu Nướng Tiêu Xanh,unparsed_main_ingredient,Gừng 1 Củ; Sả 3 Cây
2471,Canh Cà Bung Đơn Giản,unparsed_main_ingredient,Cà tím 1 Trái; Đậu hũ non 5 muỗngiếng; Cà chua 1 Trái; Tai chua 2 muỗngiếng
2472,Mực Chiên Giòn,unparsed_main_ingredient,Trứng gà 2 Quả
2473,Kem Phô Mai - Milk Foam,no_metric_qty,khong co nguyen lieu nao ghi don vi g/kg/ml/l parse duoc
2474,Chè Sương Sa Hột Lựu Đơn Giản,unparsed_main_ingredient,Bột sương sáo 1 Gói; Bột rau câu dẻo 1 Gói; Lá dứa 3 Lá; Vani 1 Ống
2475,Bánh Tráng Nướng,unparsed_main_ingredient,Bánh tráng 10 muỗngiếng; Sa tế 2 muỗnguỗng canh; Trứng cút 10 Quả; Phô mai 2 muỗngiếng
2477,Xôi Gà,low_food_id_cover,cover=0.45 thieu: Đùi gà
2478,Gà Rán Bóng Đêm,unparsed_main_ingredient,Bột nêm knorr 3 muỗnguỗng cà phê; Gừng băm 2 muỗnguỗng cà phê; Trứng gà 2 Quả; Sữa tươi 80 muỗngl
2479,Cá Diêu Hồng Chưng Nước Tương,unparsed_main_ingredient,Cá diêu hồng 1 Con; Rượu trắng 2 muỗnguỗng canh; Bột chanh Maggi 1 muỗnguỗng canh
2480,Canh Chua Tôm Nấu Thơm,unparsed_main_ingredient,Thơm 1/2 Trái; Cà chua 3 Trái
2481,Ốc Nhồi Hấp Sả,unparsed_main_ingredient,Sả 5 Cây; Gừng 1 Củ; Lá chanh 1 Lá
2482,Bánh Flan Bằng Lò Vi Sóng,unparsed_main_ingredient,Sữa tươi không đường 300 muỗngl; Trứng gà 2 Quả; Sữa đặc 100 muỗngl
2483,Há Cảo Nhân Tôm Thịt,unparsed_main_ingredient,Củ năng 5 Củ
2484,Canh Bí Đỏ Thịt Bằm,low_food_id_cover,"cover=0.72 thieu: Thịt băm, Cần tàu"
2485,Ba Rọi Chiên Sả Ớt,unparsed_main_ingredient,Sả 1 Cây
2486,Bánh Mì Bằng Nồi Cơm Điện,unparsed_main_ingredient,Sữa tươi không đường 150 muỗngl; Trứng gà 1 Quả
2487,Bánh Bò Nướng Bằng Nồi Cơm Điện,unparsed_main_ingredient,Cơm rượu 50 muỗngl; Nước dừa tươi 150 muỗngl; Nước cốt dừa 200 muỗngl
2488,Bánh Bò,unparsed_main_ingredient,Nước cốt dừa 300 muỗngl; Kem whipping 100 muỗngl; Vani 5 muỗngl; Nước lá dứa 2 muỗnguỗng cà phê
2489,Chè Khoai Môn Nước Cốt Dừa,unparsed_main_ingredient,Lá dứa 10 Lá; Bột năng 1 muỗnguỗng canh; Nước 1/2 Chén
2490,Cá Hồi Chiên Áp Chảo,unparsed_main_ingredient,Dầu olive 2 muỗnguỗng canh
2492,Cá Thu Kho Nước Tương,unparsed_main_ingredient,Nước màu 1 muỗnguỗng canh
2493,Mì Lòng Bò Hong Kong,unparsed_main_ingredient,Rượu trắng 100 muỗngl; Hoa hồi 3 Cái; Thanh quế 1 muỗngiếng; Thảo quả 1 Trái
2494,Mắm Tép Chưng Thịt,unparsed_main_ingredient,Sả 2 Cây; Mắm tép 3 muỗnguỗng canh
2495,Cà Pháo Muối Chua Ngọt,unparsed_main_ingredient,Củ riềng 1 Củ; Gừng 1 Củ
2496,Bánh Da Lợn,unparsed_main_ingredient,Nước lá dứa 350 muỗngl; Nước cốt dừa 200 muỗngl
2497,Nước Táo Đỏ Giải Nhiệt,unparsed_main_ingredient,Nước 1.50 Lít
2498,Nước Chấm Chao,no_metric_qty,khong co nguyen lieu nao ghi don vi g/kg/ml/l parse duoc
2499,Thịt Ba Chỉ Lắc Sả Tắc,unparsed_main_ingredient,Trái tắc 5 Trái; Sả 3 Cây
2500,Nấm Đùi Gà Xào Tỏi,low_food_id_cover,cover=0.00 thieu: Nấm đùi gà
2501,Bánh Bột Lọc Trần Nhân Tôm,low_food_id_cover,"cover=0.12 thieu: Bột năng, Tôm tươi"
2502,Tôm Rang Mặn Ngọt Ngon Cơm,low_food_id_cover,cover=0.00 thieu: Tôm tươi
2503,Heo Quay Kho Cải Chua Ngon Cơm,unparsed_main_ingredient,Dưa cải chua 2 Bó; Nước dừa 300 muỗngl
2505,Thịt Bò Kho Sả,unparsed_main_ingredient,Sả 1 Củ; Gừng 2 Lát; Bột ngũ vị hương 1/2 muỗnguỗng cà phê
2506,Mì Tươi Trộn Sốt Bò Bằm,unparsed_main_ingredient,Xốt nêm thịt heo Knorr 1 muỗnguỗng canh; Sa tế 2 muỗnguỗng cà phê
2507,Rượu Trái Cây,unparsed_main_ingredient,Rượu Vodka 100 muỗngl
2508,Lòng Heo Nướng,unparsed_main_ingredient,Sả 3 Cây; N/A
2509,Mực Dồn Thịt Rim Kẹo,unparsed_main_ingredient,Đầu hành 6 Cái; Nước 2 muỗnguỗng canh
2510,Gà Nướng Xôi Đậu Biếc,unparsed_main_ingredient,Nước cốt dừa 200 muỗngl; Mật ong 2 muỗnguỗng canh
2511,Mì Ramen Thịt Heo,unparsed_main_ingredient,Nước dùng lẩu Nhật Yosenabe Barona 1/3 Gói
2512,Mì Soba Hải Sản,unparsed_main_ingredient,Nước dùng lẩu Nhật Yosenabe Barona 1/3 Gói
2513,Mì Udon Bò Áp Chảo,unparsed_main_ingredient,Nước dùng lẩu Nhật Yosenabe Barona 1/3 Gói
2514,Nem Nướng Thơm Ngon,unparsed_main_ingredient,Bột nở baking powder 1/2 muỗnguỗng cà phê
2515,Gỏi Bò Bóp Thấu Siêu Ngon,unparsed_main_ingredient,Chuối chát 2 Trái; Khế 2 Trái; Thơm 1/2 Trái; Húng quế 1 Cây
2516,Khoai Mì Nấu Nước Cốt Dừa,unparsed_main_ingredient,Nước cốt dừa 1 Lon; Lá dứa 5 Lá; Nước dừa 1 Lít
2517,Sâm Bí Đao Giải Nhiệt,low_food_id_cover,"cover=0.00 thieu: Bí đao, Thục địa, Đường phèn, Lá dứa"
2518,Cơm Xay Tôm Rim Cho Bé,no_metric_qty,khong co nguyen lieu nao ghi don vi g/kg/ml/l parse duoc
2519,Canh Khổ Qua Nhồi Thịt,unparsed_main_ingredient,Khổ qua 3 Trái
2520,Sườn Cốt Lết Rim Nước Tương Maggi,low_food_id_cover,"cover=0.09 thieu: Sườn cốt lết, Sả, Tiêu sọ"
2521,Chân Gà Hấp Bia,unparsed_main_ingredient,Chân gà 9 Cái; Bia 500 muỗngl; Rượu vang 1 muỗnguỗng canh; Sốt BBQ 1/2 muỗnguỗng canh
2522,Bia Úp Ngược,no_metric_qty,khong co nguyen lieu nao ghi don vi g/kg/ml/l parse duoc
2523,Canh Cá Nấu Măng Chua,unparsed_main_ingredient,Mắm tôm 1 muỗnguỗng cà phê
2524,Sinh Tố Sữa Thanh Long,unparsed_main_ingredient,Thanh long 2 Trái; Sữa đặc 2 muỗnguỗng canh
2525,Nấm Đùi Gà Xào Thịt Bò,unparsed_main_ingredient,Nấm đùi gà 3 Cái
2526,Tự Làm Nước Ép Lựu,no_metric_qty,khong co nguyen lieu nao ghi don vi g/kg/ml/l parse duoc
2527,Cháo Bắp Thịt Heo Cho Bé,unparsed_main_ingredient,Bắp Mỹ 1 Trái; Dầu olive 5 muỗngl
2528,Bánh Đúc Lá Dứa Nước Cốt Dừa,unparsed_main_ingredient,Nước cốt dừa 450 muỗngl; Nước cốt dừa 250 muỗngl; Bột năng 1 muỗnguỗng cà phê; Lá dứa 2 Lá
2529,Ốc Hương Rang Muối Tôm,low_food_id_cover,"cover=0.11 thieu: Ốc hương, Sả"
2530,Đậu Hũ Hải Sản Nướng Giấy Bạc,unparsed_main_ingredient,Đậu hũ non 2 Cây; Tương cà 6 muỗnguỗng canh
2531,Bánh Lọt Lá Dứa Nước Dừa,unparsed_main_ingredient,Nước 250 muỗngl; Nước lá dứa 300 muỗngl; Nước cốt dừa 400 muỗngl; Lá dứa 2 Lá
2532,Sốt Mè Rang,no_metric_qty,khong co nguyen lieu nao ghi don vi g/kg/ml/l parse duoc
2533,Chả Lụa Cho Tết,unparsed_main_ingredient,Bột năng 1 muỗnguỗng cà phê; Bột nở baking powder 1/4 muỗnguỗng cà phê
2534,Giò Thủ Ngày Tết Cổ Truyền,unparsed_main_ingredient,Hạt tiêu 1 muỗnguỗng cà phê
2535,Thịt Kho Tàu Kiểu Miền Nam,unparsed_main_ingredient,Trứng gà 2 Quả; Nước dừa 600 muỗngl
2536,Khô Heo Xé Sợi Cho Ngày Tết,unparsed_main_ingredient,Sả 13 Cây; Gừng 1 Củ; Bột nghệ 2 muỗnguỗng canh; Bột ngũ vị hương 1/2 Bịch
2537,Thịt Kho Củ Kiệu,low_food_id_cover,"cover=0.02 thieu: Thịt heo, Củ kiệu, Tiêu xay"
2538,Chè Kho Cúng Tết,unparsed_main_ingredient,Lá dứa 2 Lá
2539,Thịt Kho Sữa Tươi Nước Dừa,unparsed_main_ingredient,Dừa xiêm 1 Trái; Trứng vịt 6 Quả; Sữa tươi không đường 300 muỗngl
2540,Thịt Nhồi Sả Lồng Đèn,unparsed_main_ingredient,Trứng gà 1 Quả; Cà rốt 1/2 Củ; Sả 6 Cây; Bột nêm knorr 1 muỗnguỗng cà phê
2541,Thịt Kho Nấm Hương,unparsed_main_ingredient,Trứng vịt 2 Quả; Nấm hương 5 Cái; Nước 50 muỗngl
2542,Thịt Kho Chả Quế,unparsed_main_ingredient,Nước dừa 100 muỗngl
2543,Chè Lam Cho Mâm Cúng Ngày Tết,low_food_id_cover,"cover=0.14 thieu: Bột nếp rang, Đậu phộng, Nước đường, Mạch nha"
2544,Thịt Kho Trứng Nước Dừa,unparsed_main_ingredient,Trứng vịt 5 Quả; Dừa 1 Trái
2545,Thịt Kho Xá Xị,unparsed_main_ingredient,Trứng vịt 6 Quả; Nước ngọt 1 Lon
2546,Thịt Gà Muối Cho Cả Nhà Đón Tết,unparsed_main_ingredient,Đùi gà 2 Cái; Nguyệt quế 3 Lá; Hoa hồi 3 Cái; Rượu trắng 30 muỗngl
2547,Tương Ớt Homemade Ngày Tết,unparsed_main_ingredient,Cà chua 3 Trái
2548,Bánh Tét Chữ Ngày Tết,unparsed_main_ingredient,Lá cẩm 50 Bó; Lá dứa 1 Bó; Nước cốt dừa 250 muỗngl
2550,Bánh Chưng Gấc Ngày Tết,unparsed_main_ingredient,Gấc 1 Trái; Lá dong 20 Lá
2551,Rau Củ Xào Chay Ngày Tết,unparsed_main_ingredient,Cà rốt 1 Củ
2552,Sữa Đặc Homemade Cooky,unparsed_main_ingredient,Sữa tươi không đường 250 muỗngl
2553,Miến Chân Gà Trứng Non,unparsed_main_ingredient,Nước dùng gà 1 Lít
2554,Khô Gà Lá Chanh Hấp Dẫn Ngày Tết,unparsed_main_ingredient,Ức gà 2 muỗngiếng; Củ nghệ 1 muỗnguỗng canh; Sả 1 Cây; Lá chanh 5 Lá
2555,Tự Làm Tôm Khô Cho Ngày Tết,low_food_id_cover,cover=0.02 thieu: Tôm tươi
2556,Bánh Tét Chữ,unparsed_main_ingredient,Nước cốt dừa 600 muỗngl; Nước cốt lá dứa 400 muỗngl; Nước cốt lá nếp cẩm 800 muỗngl
2557,Canh Khổ Qua Nhồi Thịt Cho Ngày Tết,unparsed_main_ingredient,Khổ qua 5 Trái; Nấm mèo 3 Cái; Nước dùng gà 1 Lít
2558,Giò Gà Ngũ Sắc Nguyên Con Cho Ngày Tết,unparsed_main_ingredient,Cà rốt 1 Củ; Hạt tiêu 1 muỗnguỗng cà phê; Trứng vịt muối 4 Quả; Củ nghệ 1 Củ
2559,Canh Khổ Qua Nhồi Thịt Ngày Tết,unparsed_main_ingredient,Khổ qua 2 Trái; Nước dùng 960 muỗngl
2560,Salad Trái Cây Chống Ngán Cho Ngày Tết,unparsed_main_ingredient,Táo 2 Trái; Chuối 2 Trái; Mật ong 2 muỗnguỗng canh
2561,Dưa Cải Muối Chua Giòn Cho Ngày Tết,no_metric_qty,khong co nguyen lieu nao ghi don vi g/kg/ml/l parse duoc
2562,Gỏi Bắp Bò Giải Ngán Ngày Tết,unparsed_main_ingredient,Nước cốt chanh 1 muỗnguỗng canh; Sả 2 Cây; Gừng 1 Củ
2563,Bánh Mì Xíu Mại Trứng Muối,unparsed_main_ingredient,Lòng đỏ trứng muối 6 Cái; Trứng gà 1 Quả
2564,Sườn Nướng Kiểu Hàn Quốc,unparsed_main_ingredient,Xốt thịt nướng kiểu Hàn Quốc Barona 2 Gói
2565,Thịt Heo Giả Khô Bò,unparsed_main_ingredient,Xốt bò kho Barona 1 Gói; Dầu điều 10 muỗngl
2566,Bò Kho Gừng,unparsed_main_ingredient,Xốt bò kho Barona 1 Gói
2567,Xoài Lắc,low_food_id_cover,cover=0.00 thieu: Xoài xanh
2568,Gà Sốt Chua Ngọt Tẩm Mè,unparsed_main_ingredient,Xốt sườn xào chua ngọt Barona 1 Gói; Rượu trắng 15 muỗngl; Trứng gà 1 Quả
2569,Chả Ram Chiên Giòn,unparsed_main_ingredient,Bánh tráng 1 Gói
2570,Cà Ri Ếch,unparsed_main_ingredient,Xốt cà ri Barona 1 Gói; Nước cốt dừa 600 muỗngl; Rượu trắng 150 muỗngl
2571,Chân Gà Nướng Sả,unparsed_main_ingredient,Xốt thịt nướng sả Barona 1 Gói
2572,Lẩu Cá Lăng Nấu Măng Chua Và Cá Lăng Chiên Giòn,unparsed_main_ingredient,Cà chua 2 Trái; Sả 4 Cây; Nước cốt tắc 20 muỗngl; Dầu điều 20 muỗngl
2573,Bento Cá Hồi Xốt Xoài Chua Ngọt,unparsed_main_ingredient,Sữa tươi 30 muỗngl; Xốt sườn xào chua ngọt Barona 1 Gói
2574,Hủ Tiếu Bò Kho,unparsed_main_ingredient,Xốt bò kho Barona 1 Gói; Nước cốt chanh 10 muỗngl
2575,Cá Lóc Kho Tộ,unparsed_main_ingredient,Nước dừa 150 muỗngl
2576,Canh Măng Chua Đầu Cá Hồi,unparsed_main_ingredient,Xốt canh chua Barona 1 Gói
2577,Mì Hoành Thánh Xá Xíu,unparsed_main_ingredient,N/A; Nước dừa 300 muỗngl
2578,Gói Bánh Chưng Bằng Lá Chuối,unparsed_main_ingredient,Lá chuối 10 Lá; Lá dứa 1 Bó
2579,Tai Heo Ngâm Sả Tắc Chua Giòn,no_metric_qty,khong co nguyen lieu nao ghi don vi g/kg/ml/l parse duoc
2580,Gà Rô Ti,unparsed_main_ingredient,Xốt rô-ti Barona 1 Gói; Nước dừa 500 muỗngl
2581,Dưa Chuột Muối Chua Giòn,unparsed_main_ingredient,Cà rốt 1/2 Củ
2582,Vịt Kho Gừng,unparsed_main_ingredient,Xốt kho gừng Barona 1 Gói; Rượu trắng 30 muỗngl
2583,Cá Chỉ Vàng Tẩm Gia Vị,low_food_id_cover,"cover=0.00 thieu: Cá, Ớt"
2584,Hến Xúc Bánh Đa,unparsed_main_ingredient,Sa tế 2 muỗnguỗng canh; Bánh đa 1 Cái
2585,Thịt Kho Hột Vịt,unparsed_main_ingredient,Trứng vịt 5 Quả; Nước dừa 200 muỗngl
2586,Lẩu Thái Hải Sản,unparsed_main_ingredient,Nước dùng lẩu Thái Barona 1 Gói; Riềng 6 Lát; Sả 3 Cây; Lá chanh 5 Lá
2587,Ếch Xào Sả Ớt,unparsed_main_ingredient,Xốt xào sả ớt Barona 1 Gói
2588,Luộc Gà Ngon Đúng Cách,unparsed_main_ingredient,Gà trống 1 Con; Gừng 1/2 Củ; Củ nghệ 1 Củ
2589,Khô Mực Chiên Bơ Tỏi,unparsed_main_ingredient,Khô mực 1 Con
2590,Bánh Tét Chay 3 Màu,unparsed_main_ingredient,Nước lá dứa 1 muỗnguỗng cà phê; Lá cẩm 500 muỗngl; Nước cốt dừa 3 Lon; Lá chuối 15 Lá
2591,Giò Gà Nấm Cho Ngày Tết,unparsed_main_ingredient,Đùi gà 2 Cái
2592,Củ Cải Ngâm Chua Ngọt Cho Ngày Tết,unparsed_main_ingredient,Củ cải trắng 1 Củ; Cà rốt 1 Củ; Dưa leo 1 Trái
2593,Thịt Kho Hột Vịt Ngày Tết,unparsed_main_ingredient,Trứng vịt 5 Quả; Nước dừa 400 muỗngl; Nước màu 1 muỗnguỗng canh
2594,Thịt Bò Cuộn Rau Củ Nướng,unparsed_main_ingredient,Xốt thịt nướng ngũ vị Barona 1 Gói
2595,Bò Tái Chanh Tự Làm Tại Nhà,unparsed_main_ingredient,Nước cốt chanh 4.50 muỗnguỗng canh
2596,Bánh Đúc Mặn,unparsed_main_ingredient,Bột năng 2 muỗnguỗng canh; Nước cốt dừa 400 muỗngl; Cà rốt 1 Củ
2597,Trà Tắc Thơm Mát,unparsed_main_ingredient,Trái tắc 12 Trái; Mật ong 100 muỗngl
2598,Thịt Ba Chỉ Ngâm Giấm Đón Tết,unparsed_main_ingredient,Gừng 1 Củ; Hoa hồi 4 Cái
2599,Nem Nướng Nha Trang,unparsed_main_ingredient,Bánh tráng 2 Gói; Bột nở baking powder 1/2 muỗnguỗng cà phê; Bột năng 2 muỗnguỗng canh; Dầu điều 2 muỗnguỗng cà phê
2600,Giò Bì Hoa Ngày Tết,unparsed_main_ingredient,Cà rốt 1 Củ
2601,Hàu Nướng Phô Mai,unparsed_main_ingredient,Hàu sữa 12 Con; Sữa tươi 120 muỗngl; Nước cốt chanh 10 muỗngl
2602,Cá Basa Kho Tộ,low_food_id_cover,cover=0.00 thieu: Cá ba sa
2603,Nui Xào Thịt Heo,low_food_id_cover,"cover=0.35 thieu: Nui, Thịt heo bằm"
2604,Trứng Cuộn Nhiều Lớp,no_metric_qty,khong co nguyen lieu nao ghi don vi g/kg/ml/l parse duoc
2605,Gỏi Thịt Bò Trộn Rau Càng Cua,unparsed_main_ingredient,Cà chua bi 4 Trái
2606,Vịt Nướng Sa Tế,unparsed_main_ingredient,Sa tế 2 muỗnguỗng cà phê; Mắm ruốc 1 muỗnguỗng cà phê; Chao 3 muỗnguỗng cà phê
2607,Cơm Chiên Ngọc Bích,unparsed_main_ingredient,Cơm nguội 1 Chén; Bắp Mỹ 1/2 Trái
2608,Bánh Chưng Cốm Đón Tết,unparsed_main_ingredient,Lá dong 40 Lá
2609,Rau Muống Ngâm Chua Ngọt Ngày Tết,unparsed_main_ingredient,Cà rốt 1/2 Củ; Nước 700 muỗngl
2610,Thịt Gà Xào Lăn,unparsed_main_ingredient,Sữa tươi 50 muỗngl; Nước cốt dừa 50 muỗngl; Sả băm 1 muỗnguỗng cà phê; Dầu điều 1 muỗnguỗng canh
2611,Tỏi Ngâm Giấm Không Bị Xanh,low_food_id_cover,cover=0.60 thieu: Giấm
2612,Chân Giò Hầm Măng Khô,unparsed_main_ingredient,Chân gà 1 Cái
2613,Gà Xào Lá Chanh,unparsed_main_ingredient,Lá chanh 8 Lá
2614,Gà Nướng Sa Tế,no_metric_qty,khong co nguyen lieu nao ghi don vi g/kg/ml/l parse duoc
2615,Gà Nấu Rượu Trắng,no_metric_qty,khong co nguyen lieu nao ghi don vi g/kg/ml/l parse duoc
2616,Tự Làm Chả Bò Tại Nhà,unparsed_main_ingredient,Hạt tiêu 1 muỗnguỗng canh; Bột năng 2 muỗnguỗng cà phê; Lá chuối 1 Lá
2617,Làm Chả Lụa Tại Nhà,unparsed_main_ingredient,Lá chuối 5 Lá
2618,Ếch Chiên Nước Mắm,low_food_id_cover,"cover=0.11 thieu: Thịt ếch, Tỏi băm, Hành tím băm, Ớt băm"
2619,Bánh Bèo Chén Miền Trung,unparsed_main_ingredient,Nước 350 muỗngl; Nước 200 muỗngl; Bột năng pha loãng 10 muỗngl; Nước sôi 300 muỗngl
2620,Tai Heo Ngâm Sả Tắc,no_metric_qty,khong co nguyen lieu nao ghi don vi g/kg/ml/l parse duoc
2622,Mứt Dứa Chua Ngọt Ngày Tết,unparsed_main_ingredient,Vani 1/2 muỗnguỗng cà phê; Nước cốt chanh 1 muỗnguỗng cà phê
2623,Bánh Xèo Miền Trung,unparsed_main_ingredient,Nước cốt dừa 50 muỗngl; Bột nghệ 1 muỗnguỗng cà phê; Nước cốt chanh 1 muỗnguỗng canh
2624,Chè Hạt Sen Táo Tàu,low_food_id_cover,cover=0.67 thieu: Táo tàu
2625,Chao Ngon Tự Làm,no_metric_qty,khong co nguyen lieu nao ghi don vi g/kg/ml/l parse duoc
2626,Sốt Món Nướng BBQ,unparsed_main_ingredient,Sốt cà chua 250 muỗngl; Mù tạt 2 muỗnguỗng canh; Sốt BBQ 2 muỗnguỗng canh
2627,Xúc Xích Heo,unparsed_main_ingredient,Rượu trắng 15 muỗngl
2628,Tự Làm Mứt Táo Tại Nhà,unparsed_main_ingredient,Nước vôi trong 1 Lít
2629,Sốt Chấm Xoài,no_metric_qty,khong co nguyen lieu nao ghi don vi g/kg/ml/l parse duoc
2630,Mứt Củ Sen Ngọt Thanh,unparsed_main_ingredient,Vani 1 Ống
2631,Làm Mứt Xoài Dẻo,unparsed_main_ingredient,N/A
2632,Mứt Bí Đao Tự Làm Tại Nhà,unparsed_main_ingredient,Nước hoa bưởi 1 muỗnguỗng canh
2633,Khoai Lang Ngào Đường,unparsed_main_ingredient,Khoai lang 3 Củ; Nước cốt chanh 1 muỗnguỗng canh
2634,Mứt Chuối Ngào Đường Giòn Tan.,unparsed_main_ingredient,Chuối già 1 Nải; Gừng 1 Củ; Nước cốt dừa 50 muỗngl
2635,Mứt Gừng Sợi Dẻo,unparsed_main_ingredient,Vani 1 Ống
2636,Mứt Dừa Vị Chanh Dây,low_food_id_cover,cover=0.33 thieu: Cùi dừa
2637,Mứt Trái Sung Ngọt Lịm,unparsed_main_ingredient,Mật ong 60 muỗngl; Nước cốt chanh 2 muỗnguỗng canh
2638,Mứt Dừa Gấc,unparsed_main_ingredient,Gấc 1 Trái; Rượu trắng 200 muỗngl
2639,Bánh It Trần Nhân Tôm Thịt Thơm Ngon,unparsed_main_ingredient,Dầu điều 1 muỗnguỗng canh
2641,Bánh Kén Nhân Đậu Xanh,unparsed_main_ingredient,Vani 1/2 Ống; Sữa đặc 1 muỗnguỗng canh
2642,Pizza Mì Gói Đơn Giản,unparsed_main_ingredient,Mì tôm 2 Gói; Trứng gà 3 Cái; Phô mai lá 5 Lát; Bột mì 1 muỗnguỗng canh
2643,Chuối Sấy Dẻo Đón Tết,no_metric_qty,khong co nguyen lieu nao ghi don vi g/kg/ml/l parse duoc
2644,Cơm Cháy Chả Cá,low_food_id_cover,"cover=0.03 thieu: Chả cá thác lác, Tỏi băm, Ớt băm, Hành tím băm, Cơm cháy chiên giòn"
2645,Mứt Củ Sắn Ngày Tết,unparsed_main_ingredient,Vani 1/2 muỗnguỗng cà phê
2646,Bánh Thuẫn Nướng,unparsed_main_ingredient,Trứng gà 10 Quả; Vani 1 Ống
2647,"Spaghetti Xào Tôm, Gà,Rau Củ",unparsed_main_ingredient,Cà rốt 1 Củ; Gừng 1 muỗnguỗng canh; Rượu Sake 1 muỗnguỗng canh
2648,Mì Gói Xào Bacon & Trứng Ốp La,unparsed_main_ingredient,Mì 2 Gói; Trứng gà 2 Cái; Xà lách 1 Cây
2649,Cà Na Đập,low_food_id_cover,cover=0.00 thieu: Trái cà na
2650,Bánh Kẹp Tàn Ong,unparsed_main_ingredient,Trứng gà 2 Quả; Vani 1 Ống
2651,Bạch Tuộc Xào Cần Tỏi,unparsed_main_ingredient,Cà chua 1 Trái; Cần tây 3 Cây; Rượu trắng 1 muỗnguỗng canh
2652,Phở Cuốn Thịt Bò Rau Thơm,unparsed_main_ingredient,Bánh phở 5 muỗngiếng; Cà rốt 1 Củ; Su hào 1 Củ
2653,Thịt Ba Rọi Chiên Giòn,unparsed_main_ingredient,Bột ngũ vị hương 1/2 muỗnguỗng cà phê; Sả 1 Củ
2654,Hủ Tiếu Khô,unparsed_main_ingredient,1; Trứng cút 10 Quả; Sốt tương đen 1 muỗnguỗng cà phê
2655,Sườn Non Rim Mắm Tỏi,low_food_id_cover,cover=0.07 thieu: Sườn non
2656,Sườn Non Kho Trứng Cút,unparsed_main_ingredient,Trứng cút 10 Quả; Nước dừa 300 muỗngl
2657,Miến Gà Nấu Măng,unparsed_main_ingredient,Đùi gà 1 Cái; Rau răm 1/3 Nắm
2658,Nước Mắm Đậu Phộng,unparsed_main_ingredient,Trái tắc 1 Quả; Nước 1/2 Chén
2659,Sung Muối Xổi,low_food_id_cover,cover=0.00 thieu: Trái sung
2660,Chân Gà Hấp Hành,unparsed_main_ingredient,Rượu trắng 1/4 muỗnguỗng cà phê
2661,Dừa Dầm,unparsed_main_ingredient,Sữa tươi không đường 30 muỗngl; Nước cốt dừa 30 muỗngl; Nước dừa 800 muỗngl; 100
2662,Bún Thái,unparsed_main_ingredient,Nước 1 Lít; Nước cốt me 50 muỗngl; Lá chanh 5 Lá
2663,Canh Đu Đủ Hầm Xương,low_food_id_cover,"cover=0.18 thieu: Đu đủ, Xương heo"
2664,Bánh Nậm Huế Đơn Giản,unparsed_main_ingredient,Lá chuối 30 muỗngiếng
2665,Mứt Dừa Vị Trà Xanh,unparsed_main_ingredient,Bột trà xanh 1 muỗnguỗng cà phê
2666,Mứt Dừa Vị Lá Dứa,unparsed_main_ingredient,Nước lá dứa 250 muỗngl
2667,Hạt Dẻ Rang Bơ,low_food_id_cover,cover=0.01 thieu: Hạt dẻ
2668,Sườn Non Cháy Tỏi,unparsed_main_ingredient,Cà chua 1 Trái; Dưa chuột 1 Trái
2669,Canh Gừng Thịt Ba Chỉ Giải Cảm,unparsed_main_ingredient,Rượu trắng 100 muỗngl
2670,Phở Gạo Lứt Xào Xúc Xích Rau Củ,low_food_id_cover,"cover=0.67 thieu: Ớt chuông đỏ, Ớt chuông vàng, Tỏi phi"
2671,Salad Xúc Xích Giấm Balsamic,unparsed_main_ingredient,Mật ong 5 muỗnguỗng cà phê; Sa tế 1 muỗnguỗng cà phê; Mù tạt 1 muỗnguỗng cà phê
2672,Chả Cua Đồng,unparsed_main_ingredient,Trứng vịt 3 Quả
2673,Salad Trái Cây Cải Cầu Vồng Sốt Trứng Cá Chuồn,unparsed_main_ingredient,Cam 1 Trái; Kiwi 1 Trái; Mù tạt 1/2 muỗnguỗng cà phê; Sốt Mayonnaise 1 muỗnguỗng cà phê
2674,Sữa Đá Chanh,no_metric_qty,khong co nguyen lieu nao ghi don vi g/kg/ml/l parse duoc
2675,Bánh Su Kem Nhân Sữa Tươi,unparsed_main_ingredient,Trứng gà 5 Quả; Sữa tươi 250 muỗngl
2676,Khổ Qua Xào Trứng,no_metric_qty,khong co nguyen lieu nao ghi don vi g/kg/ml/l parse duoc
2677,Xôi Kẹp Khoai Tím,unparsed_main_ingredient,Mật ong 2 muỗnguỗng canh
2678,Cá Nục Kho Thơm Đơn Giản,unparsed_main_ingredient,Thơm 1 Trái
2679,Bánh Ngải Cứu,low_food_id_cover,"cover=0.53 thieu: Đậu phộng, Dừa khô, Đường đỏ"
2680,Thịt Nạc Vai Rim Tôm Nước Dừa,unparsed_main_ingredient,Nước dừa tươi 100 muỗngl
2681,Trứng Chiên Phô Mai Ba Rọi Xông Khói,unparsed_main_ingredient,Trứng gà 5 Quả
2682,Tôm Chiên Double Trứng Muối,unparsed_main_ingredient,Trứng vịt muối 9 Quả; Bột bắp 2 muỗnguỗng cà phê; Trứng gà 1 Quả
2683,Mực Hấp Hành Gừng,unparsed_main_ingredient,Mực ống 1 Con
2684,Hủ Tiếu Xào Miền Tây,unparsed_main_ingredient,Cà rốt 1 Củ
2685,Sốt Me,low_food_id_cover,"cover=0.59 thieu: Me chín, Ớt băm, Tương cà"
2686,Cá Nục Kho Cà,unparsed_main_ingredient,Nước dừa 300 muỗngl
2687,Trứng Gà Ngâm Mật Ong,no_metric_qty,khong co nguyen lieu nao ghi don vi g/kg/ml/l parse duoc
2688,Gà Ủ Muối Tiêu,unparsed_main_ingredient,Gà ta 1 Con; Gừng 1 Củ; Sả 4 Cây; Rượu 20 muỗngl
2689,Bánh Chuối Hấp Bằng Bột Năng,unparsed_main_ingredient,Chuối cau 10 Trái; Nước cốt dừa 400 muỗngl; Sữa tươi không đường 100 muỗngl
2690,Khô Gà Lá Chanh,unparsed_main_ingredient,Lá chanh 20 Lá; Sả 1 muỗnguỗng canh; Bột nghệ 1/2 muỗnguỗng canh; Bột ngũ vị hương 1/2 muỗnguỗng canh
2691,Ốc Móng Tay Xào Tỏi,low_food_id_cover,cover=0.00 thieu: Ốc móng tay
2692,Chả Giò Nhân Thịt,unparsed_main_ingredient,Khoai môn 1 Củ; Trứng gà 1 Quả; Bánh tráng bía 1/2 Gói
2693,Chân Gà Trộn Cóc Xoài Non,unparsed_main_ingredient,Trái tắc 6 Trái; Gừng 2 Củ; Sả 3 Cây
2694,Đậu Phộng Rang Mắm Tỏi,low_food_id_cover,"cover=0.08 thieu: Đậu phộng, Tỏi băm, Ớt băm, Tỏi phi"
2695,Cá Hộp Kho Thơm,no_metric_qty,khong co nguyen lieu nao ghi don vi g/kg/ml/l parse duoc
2696,Làm Sợi Bánh Canh Bột Gạo,low_food_id_cover,"cover=0.00 thieu: Bột gạo, Bột năng"
2697,Canh Bắp Cải Cà Chua,unparsed_main_ingredient,Cà chua 3 Trái
2698,Chuối Chiên,unparsed_main_ingredient,Chuối 10 Trái; Bột mì 2 muỗnguỗng canh
2699,Gỏi Xoài Hàu,unparsed_main_ingredient,Hàu sữa 15 Con; Xoài xanh 3 Trái; Nước cốt chanh 1 muỗnguỗng canh; Sa tế tôm 1 muỗnguỗng canh
2700,Nui Nơ Nấu Thịt Bằm,low_food_id_cover,"cover=0.29 thieu: Nui nơ, Thịt heo bằm"
2701,Bơ Đậu Phộng,unparsed_main_ingredient,Dầu đậu phộng 3 muỗnguỗng canh; Mật ong 2 muỗnguỗng canh
2702,Bánh Cam,unparsed_main_ingredient,Nước cốt dừa 50 muỗngl
2703,Chanh Muối,unparsed_main_ingredient,Phèn chua 4 muỗnguỗng canh
2704,Ghẹ Nấu Đậu Bắp,unparsed_main_ingredient,Ghẹ 3 Con; Húng quế tươi 2 Cây
2705,Sữa Bắp Nữ Hoàng,unparsed_main_ingredient,Bắp nữ hoàng 4 Trái; Sữa tươi không đường 200 muỗngl
2706,Súp Hàu Trứng Bắc Thảo,unparsed_main_ingredient,Trứng bắc thảo 4 Quả; Lòng đỏ trứng gà 4 Cái; Trứng gà 2 Quả; Trứng cút 20 Quả
2707,Chè Khúc Bạch Chanh Dây,unparsed_main_ingredient,Kem whipping 100 muỗngl; Sữa tươi không đường 100 muỗngl; Trái vải 1 Lon; Nước 1 Lít
2708,Mì Trộn Muối Ớt,unparsed_main_ingredient,Mì ăn liền 2 Gói; Tôm khô 2 muỗnguỗng canh; Tôm tươi 3 Con; Trứng gà 1 Quả
2709,Nui Xào Với Thịt Bò,unparsed_main_ingredient,Dưa leo 1 Trái; Cà chua 1 Trái; Bơ 1/2 muỗnguỗng canh
2710,Gỏi Chả Lụa,unparsed_main_ingredient,Nước cốt chanh 2 muỗnguỗng canh
2711,Canh Gà Lá Giang Đơn Giản,unparsed_main_ingredient,Thơm 1/4 Trái; Nước sôi 700 muỗngl
2712,Bánh Bí Đỏ Nhân Tôm Thịt,unparsed_main_ingredient,Trứng gà 1 Quả
2713,Canh Bí Đỏ Nấm Rơm,unparsed_main_ingredient,Bí đỏ 1 Trái
2714,Bún Quậy Phú Quốc,unparsed_main_ingredient,Nước dùng 1 Lít
2715,Vịt Tiềm Kiểu Miền Nam,unparsed_main_ingredient,Rượu trắng 1 muỗnguỗng canh; 2; Cà rốt 1 Củ; Dừa xiêm 1 Trái
2716,Thịt Trâu Xào Lá Lốt,unparsed_main_ingredient,Lá lốt 20 Lá
2717,Cốm Xào,unparsed_main_ingredient,Nước dừa 100 muỗngl
2718,Ruốc Cá Hồi Cho Bé Ăn Dặm,unparsed_main_ingredient,Gừng 1/2 Củ; Sữa tươi không đường 1 Bịch
2719,Cháo Sườn,low_food_id_cover,"cover=0.27 thieu: Sườn non, Xương heo"
2720,Bánh Giò Nhân Thịt Băm,unparsed_main_ingredient,Lá chuối 20 muỗngiếng
2721,Bánh Bao Chiên Nước,unparsed_main_ingredient,Bắp cải 1/4 Cái; Gừng 1/2 Củ; Nước ấm 80 muỗngl
2722,Bánh Tai Yến,unparsed_main_ingredient,Trứng gà 1 Quả; Nước lọc 160 muỗngl; Vani 1 muỗnguỗng cà phê
2723,Pate Hải Phòng,unparsed_main_ingredient,Sữa tươi 1.50 Bịch
2724,Canh Súp Rau Củ Nấu Mọc,unparsed_main_ingredient,Khoai tây 1 Củ
2725,Bánh Xèo Cuốn,unparsed_main_ingredient,Nấm kim châm 1 Gói; Cà rốt 1 Củ; Bột bánh xèo 1 Gói; Bia 1 Lon
2726,Nước Nha Đam Hoa Đậu Biếc,unparsed_main_ingredient,Hoa đậu biếc 10 Cái; Nước 1.50 Lít
2727,Thịt Ba Chỉ Kho Tiêu,low_food_id_cover,cover=0.00 thieu: Thịt ba chỉ
2728,Đậu Hũ Nhồi Thịt Chiên Sốt Dầu Hào,no_metric_qty,khong co nguyen lieu nao ghi don vi g/kg/ml/l parse duoc
2729,Ba Chỉ Rim Xì Dầu Vị Cay,unparsed_main_ingredient,Hắc xì dầu 60 muỗngl
2730,Mì Quảng,unparsed_main_ingredient,Trứng gà 1 Quả; Bánh đa 1 muỗngiếng; Dầu điều 40 muỗngl
2731,Cá Hồi Sốt Cà Chua,no_metric_qty,khong co nguyen lieu nao ghi don vi g/kg/ml/l parse duoc
2732,Canh Bí Đỏ Xương Heo,unparsed_main_ingredient,Bí đỏ 1 Trái; Nước 4 Chén
2733,Cà Tím Xào Tỏi,no_metric_qty,khong co nguyen lieu nao ghi don vi g/kg/ml/l parse duoc
2734,Giò Heo Hầm Rau Củ,no_metric_qty,khong co nguyen lieu nao ghi don vi g/kg/ml/l parse duoc
2735,Bánh Bao Nhân Xá Xíu,unparsed_main_ingredient,Nước ấm 300 muỗngl; Sốt xá xíu 80 muỗngl
2736,Canh Đậu Hũ Nấu Hẹ,unparsed_main_ingredient,Đậu hũ non 3 muỗngiếng
2737,Cóc Dầm Muối Ớt,no_metric_qty,khong co nguyen lieu nao ghi don vi g/kg/ml/l parse duoc
2738,Hến Xào Sả Ớt,unparsed_main_ingredient,Sa tế 2 muỗnguỗng cà phê
2739,Rau Má Nước Dừa,unparsed_main_ingredient,Nước dừa 400 muỗngl
2740,Rau Má Sữa Dừa,unparsed_main_ingredient,Nước cốt dừa 200 muỗngl; Nước dừa tươi 100 muỗngl; Sữa đặc 100 muỗngl
2741,Bánh Ít Trần Khoai Mì Nhân Dừa,unparsed_main_ingredient,Lá dứa 3 Cây
2742,Canh Mồng Tơi Nấu Cua Đồng,unparsed_main_ingredient,Nước lọc 1 Lít
2743,Thịt Kho Tàu Truyền Thống,unparsed_main_ingredient,Dừa nạo 1 Trái
2744,Tôm Luộc,low_food_id_cover,cover=0.00 thieu: Tôm tươi
2745,Gà Nấu Đậu Rau Củ,unparsed_main_ingredient,Gà ta 1 Con; Cà rốt 2 Củ; Khoai tây 3 Củ; Dừa tươi 2 Trái
2746,Cá Diêu Hồng Hấp Miến,unparsed_main_ingredient,Cá diêu hồng 1 Con
2747,Mứt Măng Cụt,low_food_id_cover,cover=0.00 thieu: Măng cụt
2748,Bạch Tuột Nhúng Lá Me,unparsed_main_ingredient,Nước 5 Lít
2750,Rau Câu Dừa Béo,no_metric_qty,khong co nguyen lieu nao ghi don vi g/kg/ml/l parse duoc
2751,Măng Xào Thịt Ba Rọi,low_food_id_cover,"cover=0.59 thieu: Thịt ba chỉ, Mè rang"
2753,Lẩu Hải Sản Chanh Dây,unparsed_main_ingredient,Thơm 1 Trái; Cá đuối 1 Con
2754,Bánh Mì Hấp Thơm Béo,unparsed_main_ingredient,Bánh mì 2 Ổ; Xúc xích 2 Cây
2755,Salad Xúc Xích Nhồi Bơ,unparsed_main_ingredient,Trái bơ 2 Trái; Sốt Mayonnaise 2 muỗnguỗng canh; Nước cốt chanh 2 muỗnguỗng canh
2756,Mì Udon Ngũ Sắc,unparsed_main_ingredient,Bắp cải tím 1 Bắp; Cà rốt 1 Củ; Cải thìa 2 Cây
2757,Trà Túi Lọc Chanh Dây,no_metric_qty,khong co nguyen lieu nao ghi don vi g/kg/ml/l parse duoc
2758,Bánh Xèo Nam Bộ,unparsed_main_ingredient,Trứng vịt 5 Quả; Nước 1 Lít; Nước cốt dừa 500 muỗngl
2759,Tự Làm Bánh Xèo Tại Nhà,unparsed_main_ingredient,Bột gạo 1 Chén; Bột bắp 2 muỗnguỗng cà phê; Bột cà ri 1 muỗnguỗng cà phê; Nước cốt dừa 1/2 Chén
2760,Thịt Heo Giả Bò Khô,unparsed_main_ingredient,Sả 5 Cây; Bột ngũ vị hương 2 Gói; Bột điều 2 muỗnguỗng cà phê; Bột nghệ 1 muỗnguỗng cà phê
2761,Trứng Vịt Lộn Nướng Muối Ớt,unparsed_main_ingredient,Trứng vịt lộn 6 Quả
2762,Nước Chanh Xí Muội,no_metric_qty,khong co nguyen lieu nao ghi don vi g/kg/ml/l parse duoc
2763,Lòng Gà Xào Tỏi,unparsed_main_ingredient,Cà chua 2 Trái
2764,Canh Bí Đỏ Thịt Viên,unparsed_main_ingredient,Bí đỏ 1/2 Trái
2765,Bò Xào Khoai Tây Chiên,low_food_id_cover,cover=0.60 thieu: Thịt bò
2766,Nha Đam Đường Phèn,unparsed_main_ingredient,Nước cốt chanh 2 muỗnguỗng canh
2767,Làm Đậu Hũ Non Tại Nhà,low_food_id_cover,"cover=0.00 thieu: Đậu nành, Đường nho"
2768,Súp Cua Thập Cẩm,unparsed_main_ingredient,Nấm tuyết 1 Cái; Trứng gà 2 Quả
2769,Trứng Gà Nướng Thái Lan,no_metric_qty,khong co nguyen lieu nao ghi don vi g/kg/ml/l parse duoc
2770,Lẩu Gà Hầm Sả,unparsed_main_ingredient,Sả 2 Cây; Sa tế 1 muỗnguỗng canh
2771,Xôi Chiên Phồng,unparsed_main_ingredient,Nước cốt dừa 1/2 Chén
2772,Bánh Tiêu,unparsed_main_ingredient,Vani 1 Ống
2773,Nước Tương Tỏi Ớt,no_metric_qty,khong co nguyen lieu nao ghi don vi g/kg/ml/l parse duoc
2774,Canh Rau Mồng Tơi Chay,unparsed_main_ingredient,Rau mồng tơi 1 Bó
2775,Trà Trái Cây,unparsed_main_ingredient,Trà túi lọc 1 Gói; Trái tắc 5 Trái
2776,Latte Cà Phê,unparsed_main_ingredient,Sữa tươi không đường 100 muỗngl
2777,Bánh Ú Nhân Thịt Đậu Xanh,unparsed_main_ingredient,Lá chuối 24 muỗngiếng
2778,Bánh Mì Que,unparsed_main_ingredient,Nước 100 muỗngl
2779,Trứng Chưng Kiểu Mới,unparsed_main_ingredient,Trứng gà 3 Quả
2780,Chè Bắp Đường Phèn,no_metric_qty,khong co nguyen lieu nao ghi don vi g/kg/ml/l parse duoc
2781,Ghẹ Rang Me,unparsed_main_ingredient,Bột năng 1.50 muỗnguỗng cà phê
2782,Dồi Sụn Nướng,unparsed_main_ingredient,Lòng non 1 Bộ; Rượu mai quế lộ 2 muỗnguỗng canh; Dầu điều 2 muỗnguỗng canh
2783,Bánh Bao Nhân Thịt,unparsed_main_ingredient,Sữa tươi không đường 150 muỗngl; Lòng trắng trứng gà 1 Cái; Lạp xưởng 1 Cây; Trứng cút 9 Quả
2784,Sò Lông Xào Lá Lốt,unparsed_main_ingredient,Sả băm 2 muỗnguỗng canh; Sa tế 1.50 muỗnguỗng canh; Lá lốt 10 Lá
2785,Cá Khô Trộn Xoài,unparsed_main_ingredient,Xoài xanh 1 Trái
2787,Gỏi Cà Pháo Thịt Bò,unparsed_main_ingredient,Húng lũi 3 Cây; Húng quế 3 Cây; Nước 2 muỗnguỗng canh; Trái tắc 20 Trái
2788,Mì Trứng Xào Cải Bó Xôi,unparsed_main_ingredient,Mì trứng 5 Vắt; Bơ tường an 1 muỗnguỗng canh; Xốt nêm thịt heo Knorr 2 muỗnguỗng canh
2789,Sốt Mayonnaise,no_metric_qty,khong co nguyen lieu nao ghi don vi g/kg/ml/l parse duoc
2791,Bún Mắm Miền Tây Đúng Điệu,unparsed_main_ingredient,Dừa xiêm 1 Trái; Cà tím 2 Trái
2792,Sườn Nướng Cơm Tấm Sài Gòn,unparsed_main_ingredient,Mật ong 2 muỗnguỗng canh; Sữa đặc 2 muỗnguỗng canh; Soda 2 muỗnguỗng canh; Rượu mai quế lộ 1 muỗnguỗng canh
2793,Ếch Chiên Nước Mắm,low_food_id_cover,cover=0.00 thieu: Thịt ếch
2794,Bún Ốc Hà Nội,unparsed_main_ingredient,Cà chua 4 Trái
2795,Thịt Nạc Kho Tóp Mỡ,unparsed_main_ingredient,Đầu hành 4 Cái; Xốt nêm thịt heo Knorr 3 muỗnguỗng canh; Nước màu 1 muỗnguỗng canh
2796,Chè Khoai Tây Trân Châu,unparsed_main_ingredient,Nước cốt dừa 80 muỗngl
2797,Canh Cá Nấu Thơm Cà Chua,unparsed_main_ingredient,Cá nục 5 Con; Cà chua 5 Trái; Thơm 1/2 Trái
2798,Nước Ép Táo Cải Rổ,no_metric_qty,khong co nguyen lieu nao ghi don vi g/kg/ml/l parse duoc
2799,Sữa Chua Uống,no_metric_qty,khong co nguyen lieu nao ghi don vi g/kg/ml/l parse duoc
2800,Gà Ác Tiềm Thuốc Bắc,unparsed_main_ingredient,Gà ác 1 Con; Dừa 1 Trái; Nấm đông cô 3 Cái; Rượu trắng 1/2 Chén
2801,Thịt Bò Xào Cần Tây Đơn Giản,unparsed_main_ingredient,Cần tây 1 Bó; Bột năng 1 muỗnguỗng cà phê
2802,Bò Xào Cần Nước,unparsed_main_ingredient,Cần nước 1 Bó; Cần tây 7 Cây
2803,Chả Cơm Tấm,unparsed_main_ingredient,Trứng vịt 5 Quả; Bún tàu 3 Lọn; Dầu điều 1 muỗnguỗng canh
2804,Cá Trắm Kho Tộ,unparsed_main_ingredient,Sả 2 Cây; Gừng 1 Củ; Củ riềng 1 Củ; Bột nghệ 1 Củ
2805,Canh Ngao Nấu Chua,unparsed_main_ingredient,Cà chua 4 Trái; Bông súng 4 Cây; Bạc hà 2 Nhánh; Sa tế 1 muỗnguỗng cà phê
2806,Sữa Bắp Ngọt,no_metric_qty,khong co nguyen lieu nao ghi don vi g/kg/ml/l parse duoc
2807,Rau Câu Nước Cốt Dừa Béo Ngọt,unparsed_main_ingredient,Nước dừa 2.50 Lít; Nước cốt dừa 300 muỗngl
2808,Chả Giò Tôm Thịt Bằm,unparsed_main_ingredient,Bánh tráng bía 40 Cái; Trứng gà 1 Quả
2809,Canh Chua Cá Basa Đơn Giản,unparsed_main_ingredient,Cá ba sa 1 Con; Cà chua 3 Trái
2810,Lagu Gà,unparsed_main_ingredient,Nước dừa 1 Lít
2811,Bắp Rim Khô Bò Lá Chanh,low_food_id_cover,"cover=0.04 thieu: Bắp Mỹ, Bột bắp, Khô bò, Ớt khô"
2812,Cá Hường Muối Sả Chiên,unparsed_main_ingredient,Cá hường 4 Con
2813,Mì Quảng Ăn Chay,unparsed_main_ingredient,Su su 1 Củ; Khoai lang 1 Củ; Đậu hũ non 2 muỗngiếng; Mì căn 3 Ống
2814,Chả Đậu Xanh Chay,low_food_id_cover,cover=0.60 thieu: Bột nếp
2815,Cơm Gà Xì Dầu,unparsed_main_ingredient,Đùi gà góc tư 2 Cái; Hắc xì dầu 50 muỗngl; Rượu mai quế lộ 15 muỗngl; Nước lọc 300 muỗngl
2816,Bánh Mì Dân Tổ,unparsed_main_ingredient,Bánh mì 6 Ổ; Trứng gà 15 Quả; N/A
2817,Thịt Nướng Kim Tiền,low_food_id_cover,"cover=0.00 thieu: Thịt heo, Mỡ"
2818,Xôi Thập Cẩm Trứng Gà Non,unparsed_main_ingredient,Sa tế tôm 1 muỗnguỗng canh
2819,3 Cách Ngâm Hồng Giòn,unparsed_main_ingredient,Táo 2 Trái; Lê 2 Trái; Cồn trắng 10 muỗngl
2820,Bánh Mì Xíu Mại Thập Cẩm,unparsed_main_ingredient,Bánh mì 4 Ổ; Trứng gà 4 Quả; Dầu điều 2 muỗnguỗng canh
2821,Xoài Muối Tôm Sốt Mắm Ruốc Thái,unparsed_main_ingredient,Xoài xanh 5 Trái; Mắm ruốc 2 muỗnguỗng canh
2822,Lá Hoành Thánh,unparsed_main_ingredient,Bột nghệ 1/2 muỗnguỗng cà phê
2823,Bánh Trà Sữa Trân Châu Đường Đen,unparsed_main_ingredient,Trà túi lọc 5 Gói; Sữa tươi không đường 50 muỗngl; Trứng gà 3 Quả; Siro bắp 10 muỗngl
2824,Trà Tắc Trân Châu Mật Ong,unparsed_main_ingredient,Nước 60 muỗngl; Mật ong 80 muỗngl; Trà đen 400 muỗngl; Nước cốt tắc 40 muỗngl
2825,Lẩu Thái Hải Sản Chua Cay,unparsed_main_ingredient,Tương cà 2 muỗnguỗng canh; Sả 5 Cây; Lá chanh 8 Lá; Cà chua 4 Trái
2826,Bắp Xào Đút Lò Phô Mai,unparsed_main_ingredient,Bắp Mỹ 1 Trái
2827,Bánh Khoai Chiên Rau Củ,unparsed_main_ingredient,Khoai tây 1 Củ; Chuối 1/2 Trái
2828,Bò Xốt Vang,unparsed_main_ingredient,Xốt gia vị 1 Gói; Rượu vang 40 muỗngl
2829,Bánh Bắp Chiên Tôm Nõn,unparsed_main_ingredient,Cà rốt 1/2 Củ; Nước 80 muỗngl
2830,Thịt Bê Hấp Sả,unparsed_main_ingredient,Sả 3 Cây; Gừng 1/2 Củ
2831,Bún Chả Cá Miền Trung,unparsed_main_ingredient,Thơm 1 Trái; Cà chua 2 Trái
2832,Sữa Đậu Xanh Hương Lá Dứa,unparsed_main_ingredient,Sữa tươi có đường 2 Gói; Sữa đặc 2 Hộp
2834,Bầu Xào Trứng,no_metric_qty,khong co nguyen lieu nao ghi don vi g/kg/ml/l parse duoc
2835,Hến Xúc Bánh Đa Đơn Giản,unparsed_main_ingredient,Sả 3 Cây; Bánh đa 2 Cái
2836,Sò Lông Xào Sả Ớt,unparsed_main_ingredient,Sả 1 Cây
2837,Bánh Bao Lá Dứa Nhân Mặn,unparsed_main_ingredient,Lá dứa 5 Lá; Trứng cút 12 Quả
2838,Bánh Đúc Mặn Miền Trung,unparsed_main_ingredient,Nước cốt dừa 50 muỗngl
2839,Bánh Đúc Lá Dứa,unparsed_main_ingredient,Lá dứa 1 Bó; Nước cốt dừa 400 muỗngl
2840,Cà Tím Xào Thịt Heo,unparsed_main_ingredient,Cà tím 1 Củ
2842,Bánh Mì Baguette Pháp,unparsed_main_ingredient,Lòng đỏ trứng gà 1 Cái
2843,Mướp Hương Xào Thịt Heo,unparsed_main_ingredient,Mướp hương 1 Trái
2844,Bò Xào Sả Ớt,unparsed_main_ingredient,Gừng 1/2 Củ; Sả 2 Cây
2845,Canh Gà Nấu Rau Củ,unparsed_main_ingredient,Cà rốt 1 Củ; Khoai tây 1 Củ; Củ dền 1 Củ
2846,Ốc Hương Nướng Chấm Nước Mắm Ngò,unparsed_main_ingredient,Sả 1 Cây; Lá chanh 5 Lá
2847,Thịt Ba Chỉ Xào Hành Tây,unparsed_main_ingredient,Gừng 1 Củ
2848,Bánh Dừa Sấy,unparsed_main_ingredient,Trứng gà 3 Quả
2849,Bánh Mì Chiên Tôm,unparsed_main_ingredient,Trứng gà 2 Quả; 4; Nước 200 muỗngl; Sa tế 2 muỗnguỗng canh
2850,"Sữa Chua Thạch Lá Nếp, Thạch Lá Cẩm",unparsed_main_ingredient,Nước cốt dừa 300 muỗngl; Sữa chua 4 Hũ
2851,Mận Xóc Da Heo,unparsed_main_ingredient,Rượu trắng 15 muỗngl
2852,Bánh Ngải,unparsed_main_ingredient,Nước 3 Lít
2853,Sò Huyết Sốt Bơ Đậu Phộng,unparsed_main_ingredient,Bơ đậu phộng 2 muỗnguỗng canh; Rượu trắng 50 muỗngl; Nước cốt dừa 15 muỗngl
2854,Sữa Chua Phô Mai,unparsed_main_ingredient,Sữa tươi 500 muỗngl; Phô mai 2 Viên
2855,Thịt Bò Viên Thơm Ngon,unparsed_main_ingredient,Nước 120 muỗngl
2856,Bánh Chuối Bí Ngô Chiên Giòn,unparsed_main_ingredient,Chuối 12 Trái; Nước 500 muỗngl
2857,Bì Cuốn,unparsed_main_ingredient,Bánh tráng 30 muỗngiếng; Bột ngũ vị hương 1 Gói
2859,Canh Khoai Tây Nấu Củ Cải Đỏ,low_food_id_cover,cover=0.67 thieu: Thịt heo bằm
2860,Đậu Hũ Kho Nấm Rơm,unparsed_main_ingredient,Đậu hũ non 2 muỗngiếng
2861,Canh Khổ Qua Cá Thác Lác Dai Ngon Không Đắng,unparsed_main_ingredient,Khổ qua 3 Trái
2862,Thịt Ba Chỉ Cuộn Nấm Kim Châm,unparsed_main_ingredient,Nước cốt chanh 4 muỗnguỗng canh
2864,Sườn Non Kho Trái Thơm,unparsed_main_ingredient,Thơm 1/2 Trái
2865,Bánh Ít Trần Lá Dứa Nhân Dừa Đậu Xanh,unparsed_main_ingredient,Nước lá dứa 400 muỗngl; Nước 500 muỗngl; Dầu dừa 15 muỗngl
2866,Bánh Mì Thịt Bò Nướng,unparsed_main_ingredient,Sả 1 muỗnguỗng canh; Tương đậu đen 4 muỗnguỗng canh; Mật ong 2 muỗnguỗng canh; Dưa leo 2 Trái
2867,Bánh Khoai Lang Trộn Dừa Hấp,unparsed_main_ingredient,Bột năng 1 muỗnguỗng cà phê; Nước cốt dừa 200 muỗngl
2868,Bánh Dừa Nạo Sấy Kiểu Mới,low_food_id_cover,"cover=0.00 thieu: Sữa đặc, Dừa nạo, Hạt dẻ"
2869,Canh Chua Cá Điêu Hồng Ngon Chuẩn,unparsed_main_ingredient,Cá diêu hồng 1 Con; Thơm 1/2 Trái; Nước cốt me 150 muỗngl
2870,Bánh Dứa Đài Loan Hình Thỏi Vàng,unparsed_main_ingredient,Lòng đỏ trứng gà 3 Cái; Siro bắp 100 muỗngl; Bột quế 1/4 muỗnguỗng cà phê; Bột bánh dẻo 2 muỗnguỗng canh
2871,Canh Rau Cải Cá Rô Phi,unparsed_main_ingredient,Cải bó xôi 1 Bó
2872,Trứng Cuộn Lá Tía Tô,unparsed_main_ingredient,Trứng gà 8 Quả; Cà rốt 1/4 Củ
2873,Bánh Dưa Hấu Nhúng Chocolate,low_food_id_cover,cover=0.71 thieu: Chocolate đen
2874,Cà Ri Bò,unparsed_main_ingredient,Cà rốt 1 Củ; Nước cốt dừa 200 muỗngl; Bột cà ri 1 muỗnguỗng canh
2875,Ốc Cà Na Xào Bơ Tỏi,unparsed_main_ingredient,Sả 2 Cây; Bơ 4 muỗnguỗng canh
2876,Rau Câu Bi Dừa Đậu Biếc - Dừa Hạt É,unparsed_main_ingredient,Nước dừa 1.50 Lít; Nước cốt dừa 350 muỗngl; Sữa tươi không đường 100 muỗngl; Lá dứa 4 Lá
2877,Thịt Kho Tiêu Đậm Đà,unparsed_main_ingredient,Nước màu 2 muỗnguỗng cà phê
2878,Rau Câu Trái Dừa,unparsed_main_ingredient,Nước dừa 1.50 Lít; Nước cốt dừa 100 muỗngl
2879,Bánh Flan Bằng Nồi Cơm Điện,unparsed_main_ingredient,Sữa tươi không đường 1 Bịch; Sữa đặc 1 Hộp; Trứng gà 2 Quả; Vani 1 Ống
2880,Bánh Gạo Lắc Phô Mai,low_food_id_cover,cover=0.11 thieu: Bánh gạo
2881,Thịt Heo Xào Lá Mắc Mật,low_food_id_cover,"cover=0.00 thieu: Chocolate đen, Thịt heo"
2882,Cá Thu Chiên Nước Mắm Tỏi Ớt,no_metric_qty,khong co nguyen lieu nao ghi don vi g/kg/ml/l parse duoc
2883,Gỏi Cuốn Chay,unparsed_main_ingredient,Cà rốt 1/4 Củ; Đậu hũ chiên 3 muỗngiếng
2884,Cà Bát Om Nước Mắm,no_metric_qty,khong co nguyen lieu nao ghi don vi g/kg/ml/l parse duoc
2885,Trà Đào Dole,no_metric_qty,khong co nguyen lieu nao ghi don vi g/kg/ml/l parse duoc
2886,Tương Đen Chấm Gỏi Cuốn,unparsed_main_ingredient,Sốt tương đen 5 muỗnguỗng canh; Bơ đậu phộng 1 muỗnguỗng canh
2887,Chân Gà Cóc Non Ngâm Sả Tắc,unparsed_main_ingredient,Sả 7 Cây
2888,Cách Nấu Sữa Bắp,unparsed_main_ingredient,Sữa tươi không đường 200 muỗngl
2889,Thịt Heo Sốt Me,unparsed_main_ingredient,Xà lách 1 Cây; Hạt tiêu 2 muỗnguỗng canh
2890,Dưa Leo Xào Nấm,unparsed_main_ingredient,Dưa leo 1 Trái; Nấm mèo 2 Cái
2891,Đậu Hủ Dồn Thịt Sốt Cà,unparsed_main_ingredient,Đậu hủ chiên 5 muỗngiếng; Nấm mèo 2 Cái; Cà chua 6 Trái
2892,Canh Bồng Khoai Nấu Tôm,unparsed_main_ingredient,Cà chua 1 Trái; Lá lốt 5 Lá; Mắm tôm 1 muỗnguỗng cà phê
2893,Chân Gà Ngâm Sả Tắc Chua Cay,no_metric_qty,khong co nguyen lieu nao ghi don vi g/kg/ml/l parse duoc
2894,Bánh Bao Chay Lá Dứa,unparsed_main_ingredient,Sữa tươi có đường 100 muỗngl; Nước lá dứa 100 muỗngl
2895,Lẩu Nấm Bò Tái,unparsed_main_ingredient,Đậu hũ non 5 muỗngiếng; Bắp nếp 1 Trái; Khoai môn 1 Củ; Sa tế 1 muỗnguỗng canh
2896,Tôm Sú Xào Bơ Tỏi,unparsed_main_ingredient,Bột mì 1/2 muỗnguỗng canh; Dầu olive 2 muỗnguỗng canh; Nước cốt chanh 1 muỗnguỗng canh; Rượu trắng 2 muỗnguỗng canh
2897,Tép Khô Xào Hành,unparsed_main_ingredient,Sa tế 1 muỗnguỗng cà phê
2898,Rau Câu Cà Phê Sữa Nhiều Lớp,unparsed_main_ingredient,Sữa tươi có đường 100 muỗngl; Nước cốt dừa 100 muỗngl
2900,Sâm Rong Biển,unparsed_main_ingredient,La hán quả 2 Quả
2902,Chả Lá Lốt Chiên,unparsed_main_ingredient,Trứng gà 1 Quả
2903,Xôi Thập Cẩm,unparsed_main_ingredient,Nấm hương 5 Cái; Lạp xưởng 1 Cây
2904,Sung Muối Chua,unparsed_main_ingredient,Gừng 1 Củ; Sả 3 Cây; Củ riềng 1/2 Củ
2905,Xúc Xích Nướng Nui Phô Mai,unparsed_main_ingredient,Sữa tươi không đường 200 muỗngl
2906,Bánh Donut Chuối,unparsed_main_ingredient,Bơ 8 muỗnguỗng canh; Trứng gà 2 Quả; Chuối 3 Trái; Bột nở 1 muỗnguỗng canh
2907,Bánh Donut Vị Táo,unparsed_main_ingredient,Táo 2 Trái; Nước ép táo 120 muỗngl; Thanh quế 2 muỗngiếng; Trứng gà 2 Quả
2908,Bánh Donut Chocolate,unparsed_main_ingredient,Sữa tươi 320 muỗngl; Trứng gà 2 Quả; Vani 2 muỗnguỗng cà phê
2909,Bánh Donut Bằng Chảo Chống Dính,unparsed_main_ingredient,Trứng gà 1 Quả; Sữa tươi không đường 120 muỗngl
2910,Canh Bầu Tôm Tươi,unparsed_main_ingredient,Bầu 1 Trái
2911,Bánh Đồng Tiền - Súp Bánh Phồng,unparsed_main_ingredient,Nước 1.50 Lít; Cà rốt 1 Củ; Củ cải trắng 1 Củ
2912,Hủ Tiếu Hải Sản,unparsed_main_ingredient,Nước dùng gà 2 Lít; Củ cải trắng 1 Củ
2913,Cá Bống Chiên Tỏi Ớt,low_food_id_cover,"cover=0.00 thieu: Cá bống, Bột chiên giòn"
2914,Ốc Hấp Tiêu Xanh,unparsed_main_ingredient,N/A
2915,Tu Hài Hấp Sả,unparsed_main_ingredient,Thơm 1/2 Trái; Sả 2 Cây
2916,Nước Rau Má Đậu Xanh,unparsed_main_ingredient,200
2917,Gà Hầm Ngũ Quả,unparsed_main_ingredient,Gà 1 Con; Rượu trắng 20 muỗngl; Nước 1 Lít; Cà rốt 1 Củ
2918,Bánh Cheesecake Trà Xanh,unparsed_main_ingredient,Bánh quy 10 Cái; Lá Gelatine 3 Lá
2919,Ba Chỉ Chiên Trộn Nước Mắm Kiểu Thái,unparsed_main_ingredient,Dầu olive 10 muỗngl
2920,Lẩu Gà Ớt Hiểm,unparsed_main_ingredient,Nước dừa tươi 500 muỗngl; Nước 1 Lít
2921,Bánh Mì Cuộn Hương Quế,unparsed_main_ingredient,Men nở 1 muỗnguỗng cà phê; Nước 100 muỗngl; Sữa tươi 120 muỗngl; Bột quế 1 muỗnguỗng cà phê
2922,Đậu Hũ Non Sốt Nấm,unparsed_main_ingredient,Đậu hũ non 4 muỗngiếng; Nấm hương 6 Cái; Gừng 1 Củ; Sa tế 1 muỗnguỗng cà phê
2923,Gỏi Xoài Cá Lóc,unparsed_main_ingredient,Xoài xanh 1 Trái; Rau răm 1/4 Nắm
2924,Đậu Phộng Rang Nước Mắm Tỏi,low_food_id_cover,cover=0.00 thieu: Đậu phộng
2925,Búp Su Cà Rốt Dầm Chua Ngọt,unparsed_main_ingredient,Cà rốt 1 Củ
2926,Nui Xào Bơ Tỏi,unparsed_main_ingredient,Tương cà 1 muỗnguỗng cà phê
2927,Thịt Rang Cháy Cạnh Ngon,low_food_id_cover,cover=0.00 thieu: Thịt ba chỉ
2928,Tim Xào Hành Cần,unparsed_main_ingredient,Tim heo 1 Cái; Dưa leo 1/2 Trái; Củ cải đỏ 1 Củ
2929,Mì Xào,unparsed_main_ingredient,Bột mì 2 Gói; Cà rốt 1 Củ; Cải bẹ 1 Cây
2930,Chả Cá Chiên Thơm Dai,unparsed_main_ingredient,Bột năng 1 muỗnguỗng canh; Bột nở baking powder 1 muỗnguỗng cà phê; Bột nghệ 1/3 muỗnguỗng cà phê
2931,Bò Xào Bơ,low_food_id_cover,cover=0.11 thieu: Thịt bò
2932,Cốm Dẹp Trộn Dừa,unparsed_main_ingredient,Nước cốt dừa 80 muỗngl
2933,Bún Thang Ngon,unparsed_main_ingredient,Gà 1 Con; Trứng vịt 2 Quả; Gừng 1 Củ; Mắm tôm 1 muỗnguỗng cà phê
2934,Màn Thầu Chay Đơn Giản,unparsed_main_ingredient,Nước 260 muỗngl
2935,Bánh Bắp Chay Hấp,unparsed_main_ingredient,Bắp nếp 2 Trái; Cà rốt 1 Củ; Đậu hũ non 1 muỗngiếng; Khoai môn 1/3 Củ
2936,Cá Mú Hấp Bia,unparsed_main_ingredient,Bia 1 Lon; Cà chua 1 Trái; Quả sấu 3 Trái; Nấm hương 15 Cái
2937,Bánh Bông Lan Từ Chảo Chống Dính,unparsed_main_ingredient,Trứng gà 3 Quả; Bột trà xanh 1/2 muỗnguỗng cà phê
2938,Ốc Xào Dừa,unparsed_main_ingredient,Sả 4 Cây
2939,Chả Lụi,unparsed_main_ingredient,Nước màu 1.50 muỗnguỗng cà phê; Nước cốt me 1 muỗnguỗng canh; Bánh tráng 1 Gói
2940,Bí Ngòi Xào Tỏi,no_metric_qty,khong co nguyen lieu nao ghi don vi g/kg/ml/l parse duoc
2941,Nghêu Hai Còi Hấp Sả Ớt,unparsed_main_ingredient,Sả 5 Cây; Lá chanh 5 Lá
2942,Bánh Canh Khoai Lang Tím,unparsed_main_ingredient,Trứng cút 10 Quả; Nước 200 muỗngl
2943,Sò Lụa Hấp Sả Ớt,unparsed_main_ingredient,Sả 3 Cây
2944,Bánh Khoai Lang Nướng Nước Cốt Dừa,unparsed_main_ingredient,Dầu dừa 20 muỗngl; Nước cốt dừa 100 muỗngl
2945,Bánh Khoai Lang Chiên Giòn Rụm,unparsed_main_ingredient,Bột nở baking powder 1 muỗnguỗng cà phê; Nước cốt dừa 20 muỗngl; Lòng đỏ trứng gà 1 Cái
2946,Bánh Đúc Đậu Phộng,unparsed_main_ingredient,Nước vôi trong 2 Lít; Lá chuối 2 Lá
2947,Canh Chua Nghêu,unparsed_main_ingredient,Nước cốt me 1 muỗnguỗng canh
2948,Bò Kho Chay,unparsed_main_ingredient,Cà rốt 5 Củ; Sả 4 Cây; Sốt cà chua 1 Hộp; Nước dừa 400 muỗngl
2949,Sò Điệp Nướng Phô Mai,unparsed_main_ingredient,Sò điệp 20 Con; Nước cốt chanh 1/2 muỗnguỗng canh
2950,Chuối Nếp Nướng,unparsed_main_ingredient,Chuối 6 Trái; Nước cốt dừa 400 muỗngl
2951,Chuối Nướng Mỡ Hành,unparsed_main_ingredient,Chuối 13 Trái
2952,Muối Sả Ớt Mix Đậu Phộng Chay,unparsed_main_ingredient,Sả 6 Cây
2953,Tôm Xào Nấm Rơm,unparsed_main_ingredient,Gừng 1/2 Củ; Rượu trắng 1 muỗnguỗng cà phê; Bột bắp 1 muỗnguỗng cà phê
2954,Sinh Tố Táo Lê,no_metric_qty,khong co nguyen lieu nao ghi don vi g/kg/ml/l parse duoc
2955,Thịt Ba Chỉ Xào Nấm Đùi Gà,unparsed_main_ingredient,Nấm đùi gà 2 Cây; Hoa hồi 1 Bông; Thanh quế 1 muỗngiếng
2956,Súp Lơ Xanh Xào Tỏi,no_metric_qty,khong co nguyen lieu nao ghi don vi g/kg/ml/l parse duoc
2957,Canh Mồng Tơi Nấu Mướp,unparsed_main_ingredient,Mướp hương 2 Trái
2958,Canh Khổ Qua Nấu Thịt Gà,unparsed_main_ingredient,Khổ qua 2 Trái
2960,Đào Ngâm Tại Nhà,unparsed_main_ingredient,N/A
2961,Trà Vải Túi Lọc,unparsed_main_ingredient,Trà túi lọc 1 Gói; Vải 3 Trái
2962,Sốt Tắc Chấm Bánh Tráng,no_metric_qty,khong co nguyen lieu nao ghi don vi g/kg/ml/l parse duoc
2963,Trà Đào Cam Sả,no_metric_qty,khong co nguyen lieu nao ghi don vi g/kg/ml/l parse duoc
2964,Cá Basa Áp Chảo Eatclean,unparsed_main_ingredient,Mật ong 2 muỗnguỗng canh
2965,Chân Giò Heo Chiên Nước Mắm,unparsed_main_ingredient,Cà rốt 1/2 Củ
2966,Gà Chiên Mắm Tỏi,low_food_id_cover,cover=0.00 thieu: Đùi gà
2968,Bánh Tằm Khoai Mì Dẻo Dai,unparsed_main_ingredient,Sữa tươi không đường 50 muỗngl
2969,Cá Sốt Chua Ngọt,unparsed_main_ingredient,Cá diêu hồng 1 Con; Cà chua 2 Trái; Tương cà 2 muỗnguỗng canh
2970,Gà Không Lối Thoát,unparsed_main_ingredient,Thịt gà 1 Con; Nước cốt dừa 400 muỗngl; Bột ngũ vị hương 1/2 muỗnguỗng cà phê
2971,Sữa Chua Nếp Cẩm Lên Men,unparsed_main_ingredient,Sữa chua 2 Hũ; Lá dứa 3 Lá; Men nở 4 Viên; Nước 500 muỗngl
2972,Bánh Củ Cải Hấp,unparsed_main_ingredient,Cần tây 1 Nhánh
2973,Đậu Hũ Sốt Dầu Hào,no_metric_qty,khong co nguyen lieu nao ghi don vi g/kg/ml/l parse duoc
2974,Milo Cà Phê Sủi Bọt,unparsed_main_ingredient,Nước 150 muỗngl; Sữa tươi không đường 70 muỗngl; Cà phê đen 20 muỗngl; Kem béo 70 muỗngl
2975,Ba Chỉ Rang Tỏi Ớt,low_food_id_cover,cover=0.00 thieu: Thịt ba chỉ
2976,Phá Lấu Bao Tử Heo,unparsed_main_ingredient,Lưỡi heo 1 Cái; Bao tử heo 1/2 Cái; Gừng 1 Củ; Dừa 1 Trái
2977,Bánh Chuối Chiên Phồng,unparsed_main_ingredient,Chuối 6 Trái; Sữa đặc 1 muỗnguỗng canh; Soda 420 muỗngl; Nước cốt chanh 1 muỗnguỗng cà phê
2978,Bánh Canh Cua,unparsed_main_ingredient,Cua biển 2 Con; Dầu điều 2 muỗnguỗng cà phê
2979,Canh Gà Lá Giang Ngon Cơm,unparsed_main_ingredient,Lá giang 1 Bó
2980,Sườn Heo Nấu Đậu Trắng,unparsed_main_ingredient,Cà chua 3 Trái; Cà rốt 4 Củ; Cần tây 2 Nhánh; Nước dùng gà 600 muỗngl
2981,Mì Xào Rau Củ Chay,unparsed_main_ingredient,Mì tôm 1 Gói; Đậu hủ chiên 2 muỗngiếng; Cà rốt 1/2 Củ
2982,Gà Sốt Me Chua Ngọt,unparsed_main_ingredient,Cà chua 3 Trái
2983,Tôm Rang Giòn,unparsed_main_ingredient,Bột bắp 1 muỗnguỗng canh
2984,Dâu Tươi Dầm Sữa Chua,no_metric_qty,khong co nguyen lieu nao ghi don vi g/kg/ml/l parse duoc
2985,Canh Nấm Bào Ngư Thịt Băm,low_food_id_cover,"cover=0.47 thieu: Nấm bào ngư, Thịt heo bằm"
2986,Cách Pha Chao Chấm Rau Luộc,unparsed_main_ingredient,Chao 1/2 Hộp
2987,Cá Ngừ Sốt Cà Chua,unparsed_main_ingredient,Cà chua 2 Trái; Tương cà 1 muỗnguỗng canh
2988,Gỏi Xoài Xanh Trộn Gân Bò,unparsed_main_ingredient,Xoài xanh 1 Trái; Gừng 1 Củ
2989,Kem Chuối Bịch Tại Nhà,unparsed_main_ingredient,Chuối 20 Trái; Nước cốt dừa 500 muỗngl; Bột năng 1 muỗnguỗng canh
2990,Bánh Bông Lan Bằng Nồi Cơm Điện,unparsed_main_ingredient,Trứng gà 3 Quả
2991,Gà Nướng Muối Ớt,unparsed_main_ingredient,Gà 1 Con; Dầu điều 2 muỗnguỗng canh; Mật ong 1 muỗnguỗng canh
2992,Bánh Tráng Trộn,unparsed_main_ingredient,Trứng cút 6 Quả; Tép khô 2 muỗnguỗng canh
2993,Chè Đậu Xanh Rong Biển,unparsed_main_ingredient,Vani 2 Ống
2994,Trà Sữa Trân Châu,unparsed_main_ingredient,Trà túi lọc 2 Gói; Sữa đặc 2 muỗnguỗng canh; Sữa tươi không đường 100 muỗngl
2995,Cá Kèo Kho Rau Răm,low_food_id_cover,"cover=0.00 thieu: Cá kèo, Tỏi băm, Đầu hành, Rau răm"
2996,Gà Hấp Cải Bẹ Xanh,unparsed_main_ingredient,Cà rốt 1/2 Củ; Bột bắp 1 muỗnguỗng cà phê; Nước 2 muỗnguỗng canh
2997,Bánh Dẻo Tuyết Trà Xanh,unparsed_main_ingredient,Nước đường 300 muỗngl; Nước 100 muỗngl; Dầu bắp 3 muỗnguỗng canh
2998,Bánh Đúc Nóng Nấm Thịt,low_food_id_cover,"cover=0.15 thieu: Bột gạo, Thịt heo bằm, Vôi bột, Nấm mèo"
2999,Cocktail Trái Cây Thơm Ngon,unparsed_main_ingredient,Thơm 1 Trái
3000,Sữa Đậu Xanh Lá Dứa,unparsed_main_ingredient,Nước cốt dừa 400 muỗngl
3001,Nui Xào Xúc Xích,low_food_id_cover,"cover=0.77 thieu: Nui nơ, Bơ lạt, Ngò tây, Tương cà, Đường"
3002,Bánh Tráng Mỡ Hành Sa Tế Tôm Và Bánh Tráng Mỡ Hành,unparsed_main_ingredient,Trứng cút 10 Quả
3003,Khô Cá Lóc Rim Chua Ngọt,unparsed_main_ingredient,Nước 1 muỗnguỗng canh
3004,Trà Thanh Long Đỏ Kem Phô Mai,unparsed_main_ingredient,Thanh long 1 Trái; Siro đường 20 muỗngl; Nước nóng 100 muỗngl; Kem whipping 50 muỗngl
3005,Ếch Nấu Chuối,no_metric_qty,khong co nguyen lieu nao ghi don vi g/kg/ml/l parse duoc
3006,Nước Nha Đam Hạt Chia,unparsed_main_ingredient,Lá dứa 3 Lá
3007,Bánh Dẻo Tuyết Hình Quả Hương Dâu,unparsed_main_ingredient,Siro dâu 5 muỗngl; Sữa tươi không đường 20 muỗngl
3008,Bánh Dẻo Truyền Thống,unparsed_main_ingredient,Nước hoa bưởi 10 muỗngl; Nước cốt chanh 10 muỗngl; Bột trà xanh 1/2 muỗnguỗng cà phê; Bột mì 1/2 muỗnguỗng canh
3009,Bún Nước Lèo Sóc Trăng,unparsed_main_ingredient,Sả 3 Cây; Mắm cá linh 100 muỗngl; Dừa xiêm 1 Trái; Nước dùng 800 muỗngl
3010,Nước Dừa Trân Châu Dừa,unparsed_main_ingredient,Nước dừa 300 muỗngl; Nước đường 200 muỗngl
3011,Bánh Cá Không Xương - Bánh Gối Con Cá,unparsed_main_ingredient,Trứng gà 1 Quả; Nước 120 muỗngl; Nấm mèo 10 Cái; Nấm hương 5 Cái
3012,Gỏi Rau Càng Cua Bò Tái Lăn,unparsed_main_ingredient,Nước cốt chanh 5 muỗnguỗng canh; Nước lọc 5 muỗnguỗng canh
3013,Trứng Luộc Xào Tương Xí Muội Thịt Bằm,unparsed_main_ingredient,Trứng gà 1 Quả; Tương xí muội 4 muỗnguỗng canh; Bơ lạt 1/2 muỗnguỗng cà phê
3014,Trân Châu Đường Đen,low_food_id_cover,"cover=0.00 thieu: Bột năng, Đường nâu, Bột gạo, Bột cacao"
3015,Bún Cá,unparsed_main_ingredient,Cà chua 2 Trái; Gừng 1/2 Củ
3016,Bánh Bao Lá Dứa Nhân Đậu Đỏ,unparsed_main_ingredient,Lá dứa 4 Lá; Nước tro tàu 3 muỗngl; Men nở 1 muỗnguỗng cà phê
3017,Cá Bạc Má Kho Tỏi Ớt,unparsed_main_ingredient,Nước màu 1 muỗnguỗng cà phê
3018,Trứng Đúc Bông Cải Xanh,unparsed_main_ingredient,Trứng gà 3 Quả; Sữa đậu nành 150 muỗngl; Nước 1 Chén
3019,Thịt Xiên Que Áp Chảo Sốt Teriyaki,unparsed_main_ingredient,Sả băm 2 muỗnguỗng canh; Rượu Mirin 4 muỗnguỗng canh; Sốt Shoyu 4 muỗnguỗng canh; Rượu Ryorishu 2 muỗnguỗng canh
3020,Bánh Dẻo Trung Thu Lá Dứa Đậu Xanh,unparsed_main_ingredient,Lá dứa 5 Lá
3021,Bánh Dẻo Nhân Xoài,unparsed_main_ingredient,Trứng gà 1 Quả; Nước cốt dừa 150 muỗngl; Sữa tươi 50 muỗngl; Xoài chín 2 Trái
3022,Cá Chốt Kho Tiêu,unparsed_main_ingredient,Nước màu 1 muỗnguỗng cà phê
3023,Bánh Dẻo Lạnh Singapore,unparsed_main_ingredient,Nước lá dứa 10 muỗngl
3026,Bánh Dẻo Nhân Đậu Xanh,unparsed_main_ingredient,Nước cốt chanh 1/2 muỗnguỗng cà phê; Nước hoa bưởi 1 muỗnguỗng cà phê
3027,Bánh Dẻo Heo Con,low_food_id_cover,cover=0.45 thieu: Bột bánh dẻo
3028,Bánh Dẻo Chay,low_food_id_cover,"cover=0.05 thieu: Bột nếp, Nước, Bột trà xanh"
3029,Bánh Đậu Xanh Matcha,unparsed_main_ingredient,Nước cốt dừa 6 muỗnguỗng canh; Bột matcha 1 muỗnguỗng canh; Nước 500 muỗngl
3030,Bánh Dẻo Bột Lọc,low_food_id_cover,"cover=0.68 thieu: Bột gạo, Bột bắp"
3031,Bánh Dày Nhân Đậu Xanh,unparsed_main_ingredient,Nước ấm 540 muỗngl
3032,Bánh Dâu Tây Không Dùng Lò Nướng,unparsed_main_ingredient,Kem whipping 2 Chén; Siro dâu 1/2 Chén; Sữa tươi 3 Chén; Tinh chất vani 1 muỗnguỗng cà phê
3033,Bánh Đậu Xanh Trái Cây,unparsed_main_ingredient,Nước cốt dừa 230 muỗngl
3034,Thịt Heo Kho Ớt,unparsed_main_ingredient,Nước màu 1/3 muỗnguỗng canh
3035,Tôm Rim Mắm Me Cay,low_food_id_cover,"cover=0.05 thieu: Đường, Ớt sa tế, Tôm tươi, Me"
3036,Bò Chiên Trứng Sốt Cà,unparsed_main_ingredient,Trứng cút 10 Quả
3037,Vây Cá Hồi Tẩm Gia Vị Chiên Xù,unparsed_main_ingredient,Trứng 2 Quả; Rượu trắng 100 muỗngl; Bột nghệ 2 muỗnguỗng cà phê
3038,Bún Vịt Măng Tươi,unparsed_main_ingredient,Vịt 1 Con; Gừng 1 Củ
3039,Cá Ngừ Ồ Kho Tiêu Cay,unparsed_main_ingredient,Nước màu 1/2 muỗnguỗng canh; Nước lọc 100 muỗngl
3040,Thịt Ba Chỉ Rim Tỏi Cô Đơn,low_food_id_cover,cover=0.21 thieu: Thịt ba chỉ
3041,Canh Chua Sò Cam,unparsed_main_ingredient,Cà chua 2 Trái; Thơm 1/4 Trái
3042,Nước Ép Thanh Long Đỏ,no_metric_qty,khong co nguyen lieu nao ghi don vi g/kg/ml/l parse duoc
3043,Đậu Rồng Xào Tỏi,low_food_id_cover,cover=0.12 thieu: Đậu rồng
3044,Trà Hoa Atiso Đỏ Thanh Mát,unparsed_main_ingredient,Bông atiso 3 Bông
3045,Bánh Đậu Đỏ Nướng Giòn Béo,unparsed_main_ingredient,Nước cốt chanh 1/4 muỗnguỗng cà phê; Dầu bắp 1 muỗnguỗng canh
3046,Lẩu Riêu Cua Bắp Bò Sườn Sụn,unparsed_main_ingredient,Đậu hũ chiên 10 muỗngiếng; Cơm mẻ 1/4 Chén; Mắm tôm 1 muỗnguỗng cà phê; N/A
3047,Tắc Chưng Mật Ong,unparsed_main_ingredient,Gừng 7 Lát; Mật ong 80 muỗngl
3048,Bánh Đa Trộn,unparsed_main_ingredient,Trứng cút 10 Quả; Xoài xanh 1 Trái; Nước cốt me 200 muỗngl
3049,Hủ Tiếu Nam Vang,unparsed_main_ingredient,Trứng cút 12 Quả; Củ cải trắng 1 Củ; Nước 6 Lít; Hắc xì dầu 1 muỗnguỗng canh
3050,Bánh Da Lợn Thơm Ngọt,unparsed_main_ingredient,Nước cốt dừa 260 muỗngl; Màu thực phẩm 2 Giọt
3051,Bánh Lá Mít,unparsed_main_ingredient,Nước cốt dừa 250 muỗngl
3052,Bánh Da Lợn Khoai Lang Tím,unparsed_main_ingredient,Nước cốt dừa 400 muỗngl; Nước 400 muỗngl
3053,Bánh Cupcake Nhân Chocolate,unparsed_main_ingredient,Trứng gà 3 Quả; Sữa tươi 40 muỗngl
3054,Cá Bống Kho Tiêu,unparsed_main_ingredient,Nước màu 1/2 muỗnguỗng cà phê
3055,Ốc Móng Tay Xào Me Hấp Dẫn,unparsed_main_ingredient,Bơ 1 muỗnguỗng canh; Me chín 2 Trái; Rau răm 1/4 Nắm
3056,Bánh Cupcake Đơn Giản Chỉ Với 5 Phút,unparsed_main_ingredient,Trứng gà 2 Quả; Sữa tươi 25 muỗngl
3057,Bánh Da Lợn Đậu Xanh,unparsed_main_ingredient,Bột năng 2 Chén; Bột gạo 1/4 Chén; Nước cốt dừa 300 muỗngl; Màu thực phẩm 1/4 muỗnguỗng cà phê
3058,Pancake Trứng Chiên,unparsed_main_ingredient,Nước 150 muỗngl; Trứng gà 4 Quả; Cà chua 1 Trái
3059,Gỏi Mít Non Chay,unparsed_main_ingredient,Nước cốt chanh 1 Trái
3060,Bánh Cupcake Đơn Giản,unparsed_main_ingredient,Trứng gà 2 Quả; Sữa tươi 30 muỗngl; Dầu bắp 25 muỗngl; Kem sữa tươi 200 muỗngl
3061,Bánh Da Lợn Cuộn,unparsed_main_ingredient,Lá dứa 10 Lá; Nước cốt dừa 650 muỗngl
3062,Bánh Cupcake Chocolate Siêu Dễ Thương,unparsed_main_ingredient,Sữa tươi 90 muỗngl
3063,Bánh Đa Kê,unparsed_main_ingredient,Nước vôi trong 2 muỗnguỗng canh; Bánh đa 1 Cái
3064,Bánh Cupcake Chocolate Đơn Giản,unparsed_main_ingredient,Trứng gà 2 Quả; Bột nở baking powder 1 muỗnguỗng cà phê
3065,Bánh Da Heo Khoai Môn,unparsed_main_ingredient,Bột đậu xanh 4 muỗnguỗng canh; Nước cốt dừa 370 muỗngl; Khoai môn 2 Củ
3066,Bánh Đa Cua,unparsed_main_ingredient,Mắm tôm 1 muỗnguỗng canh
3067,Bánh Cupcake Cam,unparsed_main_ingredient,Bột nở baking powder 1 muỗnguỗng cà phê; Cam 1 Trái; Kem sữa tươi 250 muỗngl; Trứng gà 1 Quả
3068,Bánh Đa Cá Rô Phi,no_metric_qty,khong co nguyen lieu nao ghi don vi g/kg/ml/l parse duoc
3069,Óc Heo Chưng Bí Đỏ Cho Bé,unparsed_main_ingredient,Óc heo 1 Bộ
3070,Smoothie Bowl Thanh Long Chuối,unparsed_main_ingredient,Thanh long 1 Trái; Chuối 1 Trái; Bơ hạnh nhân 1 muỗnguỗng cà phê
3071,Hột Vịt Lộn Xào,unparsed_main_ingredient,Trứng vịt lộn 10 Quả; Me 1 Vắt; Rau răm 1 Nắm
3072,Trứng Chiên Cà Chua Ngon Cơm,no_metric_qty,khong co nguyen lieu nao ghi don vi g/kg/ml/l parse duoc
3073,Khổ Qua Xào Trứng Gà,unparsed_main_ingredient,Trứng gà 2 Quả
3074,Ếch Om Cà,unparsed_main_ingredient,Bột nghệ 1 Củ; Lá lốt 5 Lá
3075,Đậu Phộng Cháy Tỏi Ớt,low_food_id_cover,cover=0.30 thieu: Đậu phộng
3076,Cocktail Trái Cây Thanh Mát,unparsed_main_ingredient,Táo 1 Quả; Thơm 1 Quả; Trái mận 4 Trái; Nước 1 Lít
3078,Lẩu Gà Nấu Ớt Xanh,unparsed_main_ingredient,Sả 3 Cây
3079,Tôm Và Mực Nướng Sa Tế,unparsed_main_ingredient,Sa tế 4 muỗnguỗng cà phê; Hạt tiêu 1/2 muỗnguỗng cà phê
3080,Bánh Cupcake,unparsed_main_ingredient,Trứng gà 2 Quả; Bột nở baking powder 2 muỗnguỗng cà phê; Sữa tươi 60 muỗngl; Vani 1 muỗnguỗng cà phê
3081,Bánh Mì Sandwich Mềm Thơm,unparsed_main_ingredient,Sữa tươi không đường 200 muỗngl
3082,Chân Gà Ngâm Sả Tắc,unparsed_main_ingredient,Sả 12 Cây; Trái tắc 30 Trái; Rượu trắng 150 muỗngl; Gừng 1 Củ
3083,Bánh Cuốn Trứng Nóng Hổi,unparsed_main_ingredient,Nấm mèo 5 Tai; Trứng gà 5 Quả; Nước cốt chanh 1 muỗnguỗng canh; Nước 4 muỗnguỗng canh
3084,Hủ Tiếu Xào Tim Heo,low_food_id_cover,"cover=0.16 thieu: Tim heo, Hủ tiếu, Ngò tây"
3085,Kho Quẹt Tóp Mỡ Tôm Khô,unparsed_main_ingredient,Hạt tiêu 1 muỗnguỗng cà phê; Nước 4 muỗnguỗng canh; Bột bắp 1 muỗnguỗng canh
3086,Bánh Cuộn Trà Xanh,unparsed_main_ingredient,Trứng gà 115 Quả
3087,Mực Xào Rau Củ Đơn Giản,unparsed_main_ingredient,Cà chua 2 Trái; Dưa leo 1 Trái
3088,Bánh Cuốn Nóng Nhân Thịt Băm,unparsed_main_ingredient,Nước 1 Lít; Nấm hương 3 Cái; Nấm mèo 2 Cái
3089,Chè Dừa Non Rau Câu Lá Dứa,unparsed_main_ingredient,Nước cốt dừa 400 muỗngl; Lá dứa 1 Bó
3090,Bánh Cuộn Chà Bông Rong Biển,unparsed_main_ingredient,Trứng gà 5 Quả; Rong biển khô 2 muỗngiếng; Sốt Mayonnaise 3 muỗnguỗng canh
3091,Khoai Tây Kẹp Xúc Xích Nướng Sốt Phô Mai,unparsed_main_ingredient,Khoai tây 4 Củ; Sữa tươi 100 muỗngl
3092,Bánh Cuộn Cacao,unparsed_main_ingredient,Nước 90 muỗngl; Dầu bắp 75 muỗngl; Lá Gelatine 2 Lá
3093,Ốc Cà Na Rang Muối Ớt,low_food_id_cover,"cover=0.00 thieu: Ốc cà na, Rau răm"
3094,Ba Rọi Kho Tiêu Ớt,low_food_id_cover,cover=0.00 thieu: Ba rọi
3095,Bánh Cua Phô Mai,unparsed_main_ingredient,Sữa tươi có đường 130 muỗngl; Trứng gà 1 Quả
3096,Phá Lấu Bò,unparsed_main_ingredient,Bột ngũ vị hương 1/2 muỗnguỗng canh; Bột cà ri 1/2 muỗnguỗng canh; Riềng xay 2 muỗnguỗng canh; Cà ri dầu 1 Hũ
3097,Bánh Cuốn Nóng,low_food_id_cover,"cover=0.05 thieu: Bột gạo, Bột năng, Thịt heo bằm, Nấm mèo"
3098,Canh Chua Cá Trôi,unparsed_main_ingredient,Cá trôi 1 Con; Thơm 1/2 Trái; Cà chua 2 Trái
3099,Bánh Rán Bí Đỏ Cacao,unparsed_main_ingredient,Bột chiên giòn 2 muỗnguỗng canh; Nước cốt dừa 100 muỗngl; Bột cacao 2 muỗnguỗng canh
3100,Nui Xào Thập Cẩm Dinh Dưỡng,unparsed_main_ingredient,Đậu hũ hải sản 4 muỗngiếng; Chả cá 10 Viên; Cà rốt 1 Củ
3101,Bánh Mì Hấp Đơn Giản,unparsed_main_ingredient,Bánh mì 4 Ổ; Củ sắn 1 Củ; Cà rốt 1 Củ
3102,Bánh Cuốn Nhân Thịt Nấm,unparsed_main_ingredient,Nấm mèo 3 Cái; Nấm hương 6 Cái
3103,Bánh Củ Sen Chiên Giòn Béo,unparsed_main_ingredient,Bột mì 1/2 Chén
3104,Bánh Củ Cải Chiên Giòn,unparsed_main_ingredient,Củ cải trắng 1/2 Củ; Trứng gà 1 Quả
3105,Bánh Cuốn Nhân Mặn,unparsed_main_ingredient,Nước 1 Lít; Nước 3 muỗnguỗng canh; Dưa leo 2 Trái
3106,Bánh Cuốn Ngọt,unparsed_main_ingredient,Nước 800 muỗngl
3107,Bánh Củ Cải Chiên,unparsed_main_ingredient,Nấm đông cô 5 Cái; Lạp xưởng 1/2 Cây
3108,Bánh Cuốn Lá Dứa Nhân Tôm Nấm,unparsed_main_ingredient,Nước cốt lá dứa 700 muỗngl; Nước 50 muỗngl
3109,Bánh Cuộn Dâu Tây,unparsed_main_ingredient,Trứng gà 4 Quả; N/A; Nước 100 muỗngl; Dâu tây 10 Trái
3110,Sườn Xào Chua Ngọt Ngon Cơm,low_food_id_cover,cover=0.09 thieu: Sườn heo
3111,Nước Sốt Cà Chua,unparsed_main_ingredient,Gừng 1 muỗnguỗng cà phê; Mù tạt 1/2 muỗnguỗng cà phê
3112,Nhộng Tằm Rang Lá Chanh,unparsed_main_ingredient,Lá chanh 6 Lá
3113,Bánh Củ Cải,low_food_id_cover,"cover=0.63 thieu: Bột gạo, Thịt heo bằm, Tôm tươi"
3115,Bánh Croissant Đơn Giản,unparsed_main_ingredient,Lòng đỏ trứng gà 2 Cái; Sữa tươi nguyên kem 15 muỗngl
3116,Thịt Kho Mắm Ruốc,unparsed_main_ingredient,Mắm ruốc 3 muỗnguỗng canh; Sả 2 Cây
3117,Vịt Om Sấu,unparsed_main_ingredient,Thịt vịt 1 Con; Quả sấu 10 Trái; Sả 2 Cây; Gừng 1 Củ
3118,Bánh Crepe Vị Sầu Riêng,unparsed_main_ingredient,Sữa tươi 200 muỗngl; Trứng gà 2 Quả; Kem whipping 150 muỗngl; Vani 3 Giọt
3119,Hủ Tiếu Nam Vang,unparsed_main_ingredient,Trứng cút 6 Quả; Cà rốt 1 Củ
3120,Bánh Crepe Trà Xanh Nghìn Lớp,unparsed_main_ingredient,Trứng gà 4 Quả; Sữa tươi không đường 650 muỗngl; Vani 1 muỗnguỗng cà phê; Bột trà xanh 2 muỗnguỗng canh
3121,Bánh Crepe Trà Sữa Thái,unparsed_main_ingredient,Sữa tươi không đường 100 muỗngl; Trứng gà 3 Quả; Phô mai 2 muỗngiếng
3122,Bánh Crepe Sầu Riêng,unparsed_main_ingredient,Trứng gà 3 Quả; Sữa tươi không đường 400 muỗngl; Kem whipping 200 muỗngl
3123,Bánh Crepe Chuối Kem Lạnh,unparsed_main_ingredient,Sữa tươi 240 muỗngl; Kem whipping 100 muỗngl; Chuối 2 Trái
3124,Bánh Crepe Chuối,unparsed_main_ingredient,Trứng gà 3 Quả; Chuối 6 Trái; Sữa tươi không đường 40 muỗngl; Dầu olive 20 muỗngl
3125,Thịt Luộc Cuốn Bánh Tráng Chấm Mắm Nêm,unparsed_main_ingredient,Dưa leo 2 Trái; Thơm 1/2 Trái; Mắm nêm 1 Chai; Bánh tráng 1 Gói
3126,Mứt Dừa Vị Cafe Và Sữa,unparsed_main_ingredient,Dừa 5 Trái; Bột cà phê 1 Gói; Sữa đặc 3 muỗnguỗng canh
3127,Bánh Crepe Chocolate,unparsed_main_ingredient,Sữa tươi 2 Chén; Trứng gà 2 Quả; Bơ lạt 3 muỗnguỗng canh; Bột mì 1.50 Chén
3128,Bánh Crepe Kem Sầu Riêng,unparsed_main_ingredient,Sữa tươi không đường 200 muỗngl; Trứng gà 2 Quả; Kem whipping 150 muỗngl; Nước cốt dừa 100 muỗngl
3129,Bánh Cookies Thịt Xông Khói,unparsed_main_ingredient,Sữa tươi 250 muỗngl
3130,Bánh Cookies Hình Que Kem,unparsed_main_ingredient,Trứng gà 1 Quả; Siro dâu 1/4 muỗnguỗng cà phê
3131,Bánh Cookies Hình Cúc Áo,unparsed_main_ingredient,Trứng gà 1 Quả
3132,Cà Phê Cốt Dừa,unparsed_main_ingredient,Nước cốt dừa 80 muỗngl; Sữa đặc 60 muỗngl
3133,Chân Gà Xóc Xoài Non,unparsed_main_ingredient,Nước cốt chanh 20 muỗngl
3134,Gà Xào Chua Ngọt Cay,unparsed_main_ingredient,Cà chua 3 Quả; Bột chiên giòn 5 muỗnguỗng canh
3135,Ốc Bươu Xào Sả Ớt,unparsed_main_ingredient,Sả 2 Cây
3136,Nước Chanh Sả Gừng,unparsed_main_ingredient,Sả 10 Cây; Nước 2.50 Lít
3137,Bánh Cookies Chocolate Chip,unparsed_main_ingredient,Trứng gà 2 Quả; Vani 1 muỗnguỗng cà phê; Sữa tươi 30 muỗngl
3138,Bún Thịt Ram Nước Dừa,unparsed_main_ingredient,Dưa leo 3 Trái; Dừa xiêm 1 Trái
3139,Nước Mắm Tỏi Ớt Chua Ngọt,unparsed_main_ingredient,Nước ấm 50 muỗngl
3140,Bánh Tráng Bơ Tỏi,unparsed_main_ingredient,Dầu điều 3 muỗnguỗng cà phê
3141,Bánh Khoai Tây Dẻo Cho Bé,no_metric_qty,khong co nguyen lieu nao ghi don vi g/kg/ml/l parse duoc
3142,Trà Chanh Sả,unparsed_main_ingredient,Xả 1 Cây
3143,Kem Nhãn,unparsed_main_ingredient,Sữa tươi 100 muỗngl; Kem whipping 100 muỗngl
3144,Nước Gạo Lứt Mật Ong,unparsed_main_ingredient,Mât ong 2 muỗnguỗng cà phê
3145,Nước Đậu Đen Rang Lá Dứa,unparsed_main_ingredient,Nước 1 Lít
3146,Bánh Cookie 2 Màu,unparsed_main_ingredient,Trứng gà 1 Quả
3147,Nước Đậu Đen Rang Lá Dứa,unparsed_main_ingredient,Lá dứa 1 Nhánh; Nước 2.50 Lít
3148,Bò Bía Ngọt,unparsed_main_ingredient,Trứng gà 2 Quả; Nước 200 muỗngl; Kẹo đường 10 muỗngiếng
3149,Bánh Con Sò Madeleine Nhân Chà Bông Trứng Muối,unparsed_main_ingredient,Trứng gà 6 Quả; Bột mì 1 Chén; Trứng vịt muối 20 Quả
3150,Bánh Cốm Đậu Xanh,low_food_id_cover,cover=0.33 thieu: Cốm dẹp
3151,Bánh Flan Dừa,unparsed_main_ingredient,Trứng gà 4 Quả; Lòng đỏ trứng gà 1 Cái; Nước cốt dừa 250 muỗngl; Sữa tươi không đường 450 muỗngl
3152,Hành Phi Nhà Làm,low_food_id_cover,cover=0.00 thieu: Hành tím
3153,Bánh Chuối Xanh Chiên,no_metric_qty,khong co nguyen lieu nao ghi don vi g/kg/ml/l parse duoc
3154,Chè Dừa Dẻo Trân Châu Bắp Nữ Hoàng,unparsed_main_ingredient,Bắp nữ hoàng 1 Trái; Nước cốt dừa 150 muỗngl; Nước dừa 400 muỗngl; Nước cốt dừa 500 muỗngl
3155,Bánh Chuối Viên Chiên,low_food_id_cover,"cover=0.09 thieu: Chuối, Bột gạo"
3156,Bánh Bông Lan Trứng Muối Chà Bông Sốt Chanh Dây,unparsed_main_ingredient,Trứng gà 3 Quả; Chiết xuất vani 2 muỗngl; Sữa tươi không đường 100 muỗngl; Phô mai con bò cười 3 Viên
3157,Bánh Chuối Nướng Bằng Nồi Cơm Điện,unparsed_main_ingredient,Chuối chín 5 Trái; Sữa tươi 300 muỗngl; Trứng gà 2 Quả; Nước cốt dừa 50 muỗngl
3158,Bánh Dẻo Nhân Khoai Lang Tím,unparsed_main_ingredient,Vani 2 Ống; Nước cốt dừa 10 muỗngl
3159,Bánh Chuối Khoai Chiên Giòn,unparsed_main_ingredient,Bột năng 3 muỗnguỗng cà phê; Bột nghệ 1/4 muỗnguỗng cà phê; Men nở 1/2 muỗnguỗng cà phê; Chuối 4 Trái
3160,Nước Chấm Nem Rán,unparsed_main_ingredient,Cà rốt 1/2 Củ
3161,Bánh Cốm,unparsed_main_ingredient,Bột nếp 3 muỗnguỗng canh; Lá dứa 5 Lá
3162,Nước Mắm Gừng,low_food_id_cover,cover=0.45 thieu: Đường phèn
3163,Đùi Gà Rô Ti Nước Dừa,unparsed_main_ingredient,Dừa xiêm 1 Trái; Mật ong 1 muỗnguỗng canh
3164,Cá Đù Một Nắng Chiên Giòn,unparsed_main_ingredient,Cá đù 10 Con
3165,Cánh Gà Kho Nước Mía,unparsed_main_ingredient,Cánh gà 5 Cái; Nước mía 250 muỗngl
3166,Bánh Chuối Hấp Thơm Ngọt,unparsed_main_ingredient,Chuối 10 Trái; Bột nghệ 1/4 muỗnguỗng cà phê
3167,Bánh Chuối Hấp Nước Cốt Dừa Mềm Béo,unparsed_main_ingredient,Chuối 15 Trái; Nước cốt dừa 300 muỗngl; Sữa tươi 220 muỗngl
3169,Bánh Chuối Hấp Nước Cốt Dừa,unparsed_main_ingredient,Chuối 4 Trái; Lá dứa 1 Nhánh; Bột năng 1 muỗnguỗng cà phê
3170,Cá Lóc Kho Nghệ Béo Cay,unparsed_main_ingredient,Củ nghệ 1 Củ; Gừng 2 Lát
3171,Bánh Chuối Hấp Dẻo Trong,unparsed_main_ingredient,Chuối 4 Trái; Nước cốt dừa 150 muỗngl; Bột báng 2 muỗnguỗng canh; Vani 1/3 muỗnguỗng cà phê
3172,Bánh Chưng Nướng,unparsed_main_ingredient,Bánh chưng 1 Cái; Trứng gà 4 Quả; Chả lụa 1/2 Cây
3173,Bánh Chưng Hải Sản,unparsed_main_ingredient,Nước cốt lá dứa 500 muỗngl
3174,Bánh Chuối Hấp Dẻo Mềm,unparsed_main_ingredient,Chuối sứ chín 4 Trái; Nước cốt dừa 150 muỗngl; Vani bột 1 Ống; Nước 140 muỗngl
3175,Salad Xúc Xích Sốt Mè Rang,unparsed_main_ingredient,Sốt Mayonnaise 3 muỗnguỗng canh; Nước cốt chanh 20 muỗngl
3176,Bánh Chuối Hấp Cốt Dừa,unparsed_main_ingredient,Nước 600 muỗngl; Vani 4 Ống
3177,Bánh Chưng Gạo Nếp Lứt,unparsed_main_ingredient,Bột ngũ vị hương 1/2 muỗnguỗng cà phê
3178,Bánh Chuối Chiên Xù,unparsed_main_ingredient,Chuối 8 Trái; Nước cốt chanh 1 muỗnguỗng canh; Bột chiên xù 1 Chén
3179,Bánh Tiêu Nhân Sầu Riêng,unparsed_main_ingredient,Sữa tươi không đường 550 muỗngl; Bột nở baking powder 1 muỗnguỗng cà phê
3180,Bánh Chuối Chiên Mè,unparsed_main_ingredient,Chuối 5 Trái; Nước cốt chanh 1 muỗnguỗng canh; Bột nghệ 1/2 muỗnguỗng cà phê
3181,Bánh Chuối Chiên Kiểu Thái,unparsed_main_ingredient,Chuối 5 Trái
3182,Bò Nhúng Chua Cay,unparsed_main_ingredient,Cà chua 2 Quả; Nước 500 muỗngl
3183,Bánh Chuối Chiên Mè Đen,unparsed_main_ingredient,Trứng gà 1 Quả; Chuối chín 15 Quả
3184,Canh Chua Tôm Thẻ,unparsed_main_ingredient,Cà chua 2 Trái; Xả 2 Cây; Thơm 1/2 Trái
3185,Canh Bí Xanh Hầm Xương,low_food_id_cover,"cover=0.00 thieu: Xương heo, Bí đao"
3186,Hamburger Nhân Tôm,unparsed_main_ingredient,Cà chua 2 Trái; Bột mì 1 muỗnguỗng canh; Trứng gà 2 Quả; Bánh mì 3 Cái
3187,Chả Sốt Cà,unparsed_main_ingredient,Cà chua 2 Trái
3188,Bánh Chưng Gấc,unparsed_main_ingredient,Gấc 1 Trái
3189,Thịt Ba Rọi Kho Cùi Dừa,unparsed_main_ingredient,Cơm dừa 1 Trái
3190,Bánh Chuối Chiên Kiểu Mới,unparsed_main_ingredient,Chuối 1 Trái; Bánh mì sandwich 2 Lát; Trứng gà 2 Quả; Sữa tươi 90 muỗngl
3191,Bánh Chưng Chiên,no_metric_qty,khong co nguyen lieu nao ghi don vi g/kg/ml/l parse duoc
3192,Chả Lụa Thịt Gà,unparsed_main_ingredient,Lá chuối 3 muỗngiếng
3193,Detox Cam Vàng Dâu Táo,no_metric_qty,khong co nguyen lieu nao ghi don vi g/kg/ml/l parse duoc
3194,Bò Sốt Tiêu Đen,unparsed_main_ingredient,Gừng 1 Củ; Bột mì 1 muỗnguỗng canh; Bột năng 1 muỗnguỗng canh
3195,Cà Chua Hấp Trứng Xúc Xích,unparsed_main_ingredient,Cà chua 4 Trái; Trứng gà 4 Quả
3196,Bánh Chocopie,unparsed_main_ingredient,Bánh quy 16 Cái
3197,Bò Xào Hành Tây,unparsed_main_ingredient,Cà chua 1 Trái
3198,Bánh Chocolate Trà Xanh Ngon,unparsed_main_ingredient,Trứng gà 3 Quả; Sữa tươi không đường 360 muỗngl; Tinh chất vani 5 muỗngl
3199,Cơm Gà Xối Mỡ,unparsed_main_ingredient,Trứng gà 1 Quả; Cơm 1 Chén; Nước 1.50 Lít; Bột nghệ 2 muỗnguỗng cà phê
3200,Milo Dầm Trân Châu Đường Đen,unparsed_main_ingredient,Sữa tươi không đường 200 muỗngl; Sữa tươi không đường 250 muỗngl; Trà bí đao 70 muỗngl
3201,Bánh Chocolate Phô Mai,unparsed_main_ingredient,Trứng gà 4 Quả; Vani 1 muỗnguỗng cà phê
3202,Canh Đậu Hủ Non Nấu Rau Củ,unparsed_main_ingredient,Đậu hũ non 1 muỗngiếng; Bắp Mỹ 1/2 Trái; Cà rốt 1 Củ; Nước 500 muỗngl
3203,Gà Hấp Mắm Nhỉ Ngon,unparsed_main_ingredient,Gà ta 1 Con; Lá chanh 1 Lá; Nước dừa tươi 600 muỗngl; Sả 3 Cây
3204,Đậu Cô Ve Xào Thịt Nạc,unparsed_main_ingredient,Cà rốt 1 Củ
3205,Trà Bông Cúc Táo Đỏ Kỷ Tử,unparsed_main_ingredient,Bông cúc 10 Bông; Nước lọc 2 Lít; Táo đỏ 5 Trái
3206,Bánh Chocolate Không Cần Lò Nướng,unparsed_main_ingredient,400
3207,Bánh Chocolate Hình Mặt Cười,low_food_id_cover,"cover=0.08 thieu: Chocolate đen, Kem whipping, Trà mạn, Bột cacao"
3208,Bánh Chocolate Cheesecake,unparsed_main_ingredient,Bánh quy 5 Cái; Bột cacao 4 muỗnguỗng cà phê; Vani 1 Ống
3209,Bánh Chocolate Bằng Lò Vi Sóng,unparsed_main_ingredient,Sữa tươi 45 muỗngl; Vani 1/2 muỗnguỗng cà phê
3210,Gà Bó Xôi Chiên Giòn,unparsed_main_ingredient,Trứng gà 1 Quả; Bột mì 1/3 Chén; Sốt Mayonnaise 4 muỗnguỗng cà phê; Bột chiên xù 1/3 Chén
3212,Cơm Chiên Mắm Tóp Mỡ,no_metric_qty,khong co nguyen lieu nao ghi don vi g/kg/ml/l parse duoc
3213,Canh Xương Heo Hầm Rau Củ,unparsed_main_ingredient,Cà rốt 1 Củ; Củ dền 2 Củ; Su su 1 Củ; Bắp cải trắng 1/4 Cái
3214,Sữa Bắp Mỹ Ngọt Thơm,unparsed_main_ingredient,Bắp Mỹ 2 Trái; Sữa tươi không đường 2 Bịch; Nước 1 Lít
3215,Chả Lụa Gà Dai,unparsed_main_ingredient,Bột tỏi 1 muỗnguỗng cà phê; Bột nêm knorr 1 muỗnguỗng cà phê
3216,Sa Kê Chiên Giòn,unparsed_main_ingredient,Trứng gà 1 Quả
3217,Trứng Chén Nướng,unparsed_main_ingredient,Trứng cút 16 Quả; Xúc xích heo 4 Cây; Phô mai 4 Viên
3218,Bánh Chiffon Sữa Chua,unparsed_main_ingredient,Trứng gà 4 Quả
3219,Chân Gà Ngâm Sả Tắc Cay,unparsed_main_ingredient,Chân gà 10 Cái; Gừng 1 Củ; Lá chanh 6 Lá; Sả 6 Cây
3220,Đậu Hủ Dồn Thịt Sốt Cà Chua,unparsed_main_ingredient,Đậu hủ chiên 3 muỗngiếng
3221,Lê Chưng Mát Ngọt,no_metric_qty,khong co nguyen lieu nao ghi don vi g/kg/ml/l parse duoc
3222,Bầu Xào Nấm Rơm,unparsed_main_ingredient,Bầu 2 Trái
3223,Salad Rau Bina Trái Cây,unparsed_main_ingredient,Bơ 1/2 Quả; Cam 1/2 Quả; Bắp Mỹ 1/2 Trái
3224,Bánh Chiffon Cam,unparsed_main_ingredient,Lòng đỏ trứng gà 4 Cái; Nước cốt cam 115 muỗngl; Vỏ cam 1 muỗnguỗng canh; Bột nở baking powder 1 muỗnguỗng cà phê
3225,Bánh Chiên Nhân Thịt Nấm,unparsed_main_ingredient,Nấm mèo 4 Cái; Trứng cút 6 Quả
3226,Súp Bắp Cua,unparsed_main_ingredient,Gừng 1 muỗngiếng; Bắp Mỹ 1 Trái; Nước dùng 400 muỗngl; Trứng gà 1 Quả
3227,Kim Chi Cải Cuốn,unparsed_main_ingredient,Táo 1 Quả; Gừng nhỏ 1 Nhánh; Hẹ 1 Nắm; Nước 400 muỗngl
3228,Bánh Quế Giòn,unparsed_main_ingredient,Trứng gà 4 Quả; Vani 1 Ống
3229,Chè Cùi Bưởi,unparsed_main_ingredient,Nước hoa bưởi 5 muỗngl; Bột dừa 1 Gói
3230,Bánh Canh Nam Phổ Xứ Huế,unparsed_main_ingredient,Bột gạo 2 Chén; Bột năng 1 Chén; Nước 250 muỗngl; Nước 2 Chén
3231,Bánh Canh Nấm Chay,unparsed_main_ingredient,Đậu hũ chiên 2 muỗngiếng; Mướp hương 1 Trái; Cà rốt 1 Củ; Củ cải trắng 1 Củ
3232,Cá Chạch Kho Nghệ,unparsed_main_ingredient,Sả băm 1 muỗnguỗng canh; Bột nghệ 1 muỗnguỗng cà phê
3233,Bánh Canh Hẹ Chả Cá Măng,unparsed_main_ingredient,Hẹ 20 Cây
3234,Bánh Canh Hẹ,unparsed_main_ingredient,Trứng cút 5 Quả; Nước 2 Lít
3235,Bánh Flan Phô Mai Béo Thơm,unparsed_main_ingredient,Trứng gà 4 Quả; Sữa tươi không đường 250 muỗngl; Phô mai 4 muỗngiếng; Nước cốt chanh 1/2 muỗnguỗng cà phê
3236,Bò Vụn Hầm Khoai Tây,low_food_id_cover,"cover=0.49 thieu: Thịt bò, Hành tím băm"
3237,Bánh Canh Giò Heo,unparsed_main_ingredient,Nước 1.20 Lít; Nước dừa 500 muỗngl; Củ sắn 1 Củ; Củ cải trắng 1 Củ
3238,Bánh Chậu Cây Kem Phô Mai,unparsed_main_ingredient,Dầu dừa 20 muỗngl; Kem whipping 150 muỗngl; Lá Gelatine 2 Lá; Nước 20 muỗngl
3239,Nước Sâm Giải Nhiệt Mùa Hè,unparsed_main_ingredient,Cây mã đề 1 Nhánh; Lá dứa 1 Nhánh; Cây lẻ bạn 2 Lá
3240,Sâm Bông Cúc Nhãn Nhục,low_food_id_cover,"cover=0.25 thieu: Bông cúc, Đường phèn"
3241,Bánh Chanh Nướng,unparsed_main_ingredient,Trứng gà 3 Quả; Vỏ chanh 2 muỗnguỗng cà phê; Nước cốt canh 100 muỗngl
3242,Bánh Canh Ghẹ,unparsed_main_ingredient,Ghẹ 2 Con; Trứng cút 8 Quả; Dầu điều 1 muỗnguỗng canh; Nước cốt chanh 1 muỗnguỗng cà phê
3243,Bánh Chả Cua,unparsed_main_ingredient,Bánh quy 8 Cái; Trứng gà 1 Quả; Mù tạt 1 muỗnguỗng canh; Sữa chua 1 muỗnguỗng canh
3244,Bánh Champagne,unparsed_main_ingredient,Trứng gà 3 Quả; Vani 1 muỗnguỗng cà phê
3245,Bánh Canh Chả Cá Thơm Ngon Dễ Làm Cho Bữa Sáng,unparsed_main_ingredient,Trứng cút 10 Quả
3246,Cá Nục Sốt Cà,unparsed_main_ingredient,Cá nục 4 Con
3247,Bánh Chả,unparsed_main_ingredient,Lạp xưởng 2 Cây; Lá chanh 15 Lá; Nước đường 160 muỗngl; Rượu trắng 8 muỗngl
3248,Bánh Canh Chả Cá Quy Nhơn,low_food_id_cover,"cover=0.03 thieu: Chả cá, Bánh canh"
3249,Chân Gà Ngâm Sả Ớt,unparsed_main_ingredient,Sả 3 Cây; Gừng 1 Củ
3250,Cơm Cháy Chà Bông Giòn Rụm,low_food_id_cover,cover=0.60 thieu: Chà bông
3251,Xúc Xích Chiên Xù Sốt Cà Ri Xanh,unparsed_main_ingredient,Trứng gà 2 Quả; Sữa tươi 50 muỗngl; Nước cốt dừa 50 muỗngl
3252,Gỏi Đu Đủ Trộn Tép Sông Tươi,low_food_id_cover,"cover=0.00 thieu: Đu đủ, Tép tươi"
3253,Cá Bạc Má Hấp Bia,no_metric_qty,khong co nguyen lieu nao ghi don vi g/kg/ml/l parse duoc
3254,Bò Xào Ngũ Sắc,unparsed_main_ingredient,Dưa leo 1 Trái
3255,Bánh Bông Lan Mặn,unparsed_main_ingredient,Trứng gà 4 Quả; Sữa tươi 40 muỗngl; Phô mai 3 muỗngiếng; Dưa leo 1 Trái
3256,Bánh Bông Lan Vani,unparsed_main_ingredient,Trứng gà 4 Quả; Sữa tươi không đường 45 muỗngl; Nước cốt chanh 2 muỗnguỗng cà phê; Vani 1 muỗnguỗng cà phê
3257,Ớt Bột Tại Nhà,low_food_id_cover,cover=0.00 thieu: Ớt
3258,Rau Câu Dừa Giòn,unparsed_main_ingredient,Dừa 1 Trái; Lá dứa 5 Lá; Nước 200 muỗngl
3259,Cơm Chiên Trứng Chả,unparsed_main_ingredient,Cơm nguội 1 Tô; Trứng gà 2 Cái; Cà rốt 1/2 Củ; cải trắng 1/2 Củ
3260,Canh Gà Nấu Bí Đỏ,low_food_id_cover,cover=0.57 thieu: Thịt đùi gà
3261,Khổ Qua Tây Xào Trứng Vịt,unparsed_main_ingredient,Trứng gà 2 Quả
3262,Thịt Ba Chỉ Kho Tiêu Cay,unparsed_main_ingredient,Nước màu 1 muỗnguỗng canh
3263,Sâm Bí Đao Giải Nhiệt Mát Gan,unparsed_main_ingredient,Lá dứa 5 Nhánh; La hán quả 1 Trái; Bông cúc 20 Bông; Thục địa 1 muỗngiếng
3265,Bánh Canh Xương Chả Thơm Ngon,unparsed_main_ingredient,Trứng cút 20 Quả; Trứng gà 1 Cái
3266,Bánh Canh Trứng Cút,unparsed_main_ingredient,Trứng cút 20 Quả
3267,Bánh Canh Thịt Vịt,unparsed_main_ingredient,Thịt vịt 1/2 Con; Gừng 1 Củ; Rượu trắng 200 muỗngl; Dầu điều 2 muỗnguỗng cà phê
3268,Bánh Canh Chả Cá,unparsed_main_ingredient,Bột gạo 2 Chén
3269,Bánh Canh Ngọt,unparsed_main_ingredient,Nước cốt dừa 400 muỗngl
3270,Bánh Canh Nấu Giò Heo,unparsed_main_ingredient,Móng giò heo 1 Cái; Cà rốt 1 Củ; Củ cải trắng 1 Củ
3271,Chả Hấp Cơm Tấm,unparsed_main_ingredient,Trứng vịt 5 Quả; Bún tàu 2 Lọn
3272,Bánh Canh Cá Lóc Quảng Trị,unparsed_main_ingredient,Cá 1 Con; Kẹo caramel 200 Lá
3273,Salad Cá Hồi Sốt Dầu Giấm Mayo,unparsed_main_ingredient,Dầu olive 4 muỗnguỗng canh
3274,Bánh Cà Chua Bi,unparsed_main_ingredient,Sữa tươi không đường 100 muỗngl; Trứng gà 4 Quả; Phô mai 1 muỗngiếng; Dầu olive 2 muỗnguỗng canh
3275,Bánh Canh Cá Lóc Miền Tây,unparsed_main_ingredient,Cà chua 1 Trái; Nước 2 Lít
3276,Bánh Burger Mini,unparsed_main_ingredient,Trứng gà 1 Quả
3277,Bánh Canh Cá Lóc,unparsed_main_ingredient,Gừng 1 muỗngiếng
3278,Bánh Canh Cá Bớp,unparsed_main_ingredient,Trứng cút 10 Quả
3279,Lẩu Cua Đồng,unparsed_main_ingredient,Mướp hương 1 Trái; Trứng gà 2 Quả; Nước dùng 1.50 Lít
3280,Ốc Đá Xào Sả Ớt,unparsed_main_ingredient,Sả 5 Cây; Gừng 1 muỗngiếng; Lá chanh 3 Lá; 35
3281,Bánh Canh Bột Xắt Nước Dừa Nấu Tôm,low_food_id_cover,"cover=0.00 thieu: Dừa nạo, Tôm tươi, Bánh canh"
3282,Ếch Xào Sả Ớt,unparsed_main_ingredient,Sả 2 Cây; Gừng băm 1 muỗnguỗng cà phê; Nước màu 1 muỗnguỗng cà phê
3283,Bánh Canh Bột Lọc,unparsed_main_ingredient,Nước màu 1 muỗnguỗng canh
3284,Bánh Canh Bột Gạo Nước Cốt Dừa,low_food_id_cover,"cover=0.00 thieu: Bánh canh, Tôm tươi, Thịt heo bằm, Dừa nạo, Rau răm"
3285,Tóp Mỡ Kho Quẹt,unparsed_main_ingredient,Tóp mỡ 5 muỗnguỗng canh
3286,Mọc Chiên Với Thịt Bằm,low_food_id_cover,"cover=0.00 thieu: Giò sống, Thịt băm, Hành tím băm"
3287,Cá Bạc Má Kho Cà,low_food_id_cover,cover=0.38 thieu: Cá bạc má
3288,Tôm Tích Rim Nước Mắm,low_food_id_cover,cover=0.00 thieu: Tôm tích
3289,Bánh Cam Lúc Lắc,unparsed_main_ingredient,Dầu dừa 1 muỗnguỗng canh; Nước 120 muỗngl; Nước 200 muỗngl
3290,Canh Cá Chim Trắng Nấu Ngót,unparsed_main_ingredient,Nước 500 muỗngl
3291,Bánh Cake Pop Chocolate,unparsed_main_ingredient,Bột trà xanh 1 muỗnguỗng canh
3292,Tôm Sú Rim Mặn,unparsed_main_ingredient,Rượu trắng 1 muỗnguỗng cà phê
3293,Sườn Non Chay Xào Sả Ớt,unparsed_main_ingredient,Sườn non chay 8 Lát
3294,Bánh Cà Rốt Nướng,unparsed_main_ingredient,Trứng gà 5 Quả; Vani 2 muỗnguỗng cà phê; Mật mía 3 muỗnguỗng canh
3295,Trứng Cút Lộn Xào Me,unparsed_main_ingredient,Trứng cút 20 Quả; Bột bắp 2 muỗnguỗng canh
3296,Bánh Cà Rốt Chiên Phồng,unparsed_main_ingredient,Cà rốt 1 Củ; Nước ép cà rốt 1/2 Cốc
3297,Bánh Bột Lọc Nhân Đậu Xanh,low_food_id_cover,"cover=0.53 thieu: Bột năng, Bột gạo"
3298,Bánh Bột Lọc Gói Lá Chuối,unparsed_main_ingredient,Dầu điều 2 muỗnguỗng canh
3299,Bao Tử Cá Xào Cải Chua,unparsed_main_ingredient,Dưa cải chua 2 Cây; Gừng 1 Nhánh
3300,Bánh Yến Mạch Với Chuối,unparsed_main_ingredient,Chuối 2 Quả; Trứng gà 1 Cái; Sữa chua không đường 1 Hũ
3301,Chân Gà Hấp Với Hành Lá,low_food_id_cover,cover=0.38 thieu: Chân gà
3302,Kem Chuối Cốt Dừa,unparsed_main_ingredient,Lá dứa 1 Nhánh; Nước nóng 100 muỗngl; Vani 2 Ống
3303,Canh Tần Ô Nấu Thịt Bằm,unparsed_main_ingredient,Rau tần ô cải cúc 1 Bó
3304,Bánh Bột Lọc Đậu Xanh,low_food_id_cover,cover=0.33 thieu: Bột năng
3305,Bánh Bột Nếp Nước Cốt Dừa,unparsed_main_ingredient,Nước cốt dừa 140 muỗngl; Nước cốt dừa 100 muỗngl; Nước cốt dừa 100 muỗngl; Nước lạnh 50 muỗngl
3306,Bánh Bột Lọc Chay,low_food_id_cover,"cover=0.17 thieu: Bột năng, Hành boa rô"
3307,Cơm Cuộn Ba Rọi Nạc Xông Khói,low_food_id_cover,"cover=0.22 thieu: Ba rọi nạc xông khói Le Gourmet, Cơm nguội"
3308,Bánh Bột Nếp Chiên,low_food_id_cover,cover=0.07 thieu: Bột nếp
3309,Bánh Bột Năng 3 Màu,unparsed_main_ingredient,Lá dứa 2 Bó
3310,Bánh Bột Chiên Béo Thơm,unparsed_main_ingredient,Trứng gà 1 Quả
3311,Bánh Bột Mì Mè,unparsed_main_ingredient,Trứng gà 1 Quả; Rượu trắng 1/4 muỗnguỗng cà phê
3312,Bánh Brownie Cacao,unparsed_main_ingredient,Trứng gà 3 Quả; Cà phê đen 15 muỗngl; Vani 1 muỗnguỗng cà phê
3313,Bánh Bột Chiên,unparsed_main_ingredient,Bột năng 1 muỗnguỗng canh; Trứng gà 2 Quả; Cà rốt 1/2 Củ; Củ cải trắng 1/2 Củ
3314,Bánh Bột Lọc Trong Suốt Nhân Trứng,unparsed_main_ingredient,Cà chua 2 Trái; Trứng gà 2 Quả; Nước 200 muỗngl
3315,Bánh Bột Lọc Trần Nhân Đậu Xanh,low_food_id_cover,cover=0.33 thieu: Bột năng
3316,Bánh Bột Lọc Tôm Thịt Nấm Mèo,unparsed_main_ingredient,Nước cốt chanh 1 muỗnguỗng canh
3317,Bánh Bột Lọc Tôm Thịt Gói Lá Chuối,low_food_id_cover,"cover=0.00 thieu: Tôm tươi, Thịt ba chỉ, Bột năng"
3318,Bánh Bột Lọc Nhân Tôm Trần,low_food_id_cover,"cover=0.11 thieu: Bột năng, Tôm tươi"
3319,Bánh Bột Lọc Nhân Tôm Thịt,unparsed_main_ingredient,Cà rốt 1 Củ; Nước cốt chanh 1 muỗnguỗng canh
3320,Bánh Bột Lọc Nhân Thịt Tôm,unparsed_main_ingredient,Lá chuối 10 Lá
3321,Bánh Bông Lan Trứng Muối,unparsed_main_ingredient,Trứng gà 1 Quả; Vani 1 Ống; Sữa tươi không đường 80 muỗngl; Trứng vịt muối 6 Quả
3322,Trứng Chiên Đậu Que,unparsed_main_ingredient,Trứng vịt 2 Quả
3323,Bánh Bông Lan Vị Cam,unparsed_main_ingredient,Cam 3 Trái; Trứng gà 3 Quả
3324,Bánh Bông Lan Trứng Nướng,unparsed_main_ingredient,Bột nở baking powder 1 muỗnguỗng cà phê; Trứng gà 4 Quả; Vani 1 muỗnguỗng cà phê; Nước cốt cam 15 muỗngl
3325,Cá Ngát Kho Nghệ,unparsed_main_ingredient,Bột nghệ 2 muỗnguỗng cà phê
3326,Bánh Bông Lan Trứng Muối Hấp,unparsed_main_ingredient,Trứng vịt muối 10 Quả; Trứng gà 4 Quả; Phô mai 1 Hộp; Rượu trắng 100 muỗngl
3327,Bánh Bông Lan Nhân Trứng Muối Phô Mai,unparsed_main_ingredient,Trứng gà 4 Quả; Trứng muối 3 Quả; Phô mai lá 3 Lá
3328,Xúc Xích Bento,unparsed_main_ingredient,Trứng gà 2 Quả
3329,Bánh Bông Lan Nhân Nho Khô,unparsed_main_ingredient,Trứng gà 1 Quả; Sữa tươi có đường 80 muỗngl
3330,Bánh Bông Lan Lạp Xưởng,unparsed_main_ingredient,Trứng gà 3 Quả; Lạp xưởng 1 Cây; Trứng vịt muối 2 Quả; Thịt nguội 2 Lát
3331,Bún Riêu Chay Sườn Non,unparsed_main_ingredient,Sườn non chay 4 muỗngiếng; Đậu hủ chiên 3 muỗngiếng; Đậu trắng 1 muỗngiếng; Chả lụa chay 1 muỗngiếng
3332,Bánh Bông Lan Mứt Quả Mâm Xôi,unparsed_main_ingredient,Trứng gà 4 Quả; Sữa tươi không đường 40 muỗngl; Tinh chất vani 1/2 muỗnguỗng cà phê
3333,Bánh Bông Lan Trứng,unparsed_main_ingredient,Trứng gà 3 Quả; Sữa tươi 60 muỗngl
3334,Bánh Bông Lan Lá Dứa,unparsed_main_ingredient,Trứng gà 6 Quả; Vani 1 muỗnguỗng cà phê; Lá dứa 1 Bó
3335,Bánh Bông Lan Trà Xanh Cuộn Kem Tươi,unparsed_main_ingredient,Sữa tươi 50 muỗngl; Trứng gà 1 Quả; Cream of tartar 1/4 muỗnguỗng cà phê; Kem sữa tươi 200 muỗngl
3336,Bánh Bông Lan Hương Dứa Cuộn Sầu Riêng,unparsed_main_ingredient,Trứng gà 4 Quả; Nước cốt dừa 65 muỗngl; Lá dứa 1 muỗnguỗng cà phê; Nước cốt chanh 3 Giọt
3337,Bánh Bông Lan Trà Xanh Bằng Nồi Cơm Điện,unparsed_main_ingredient,Sữa tươi 200 muỗngl; Trứng gà 2 Quả
3338,Bánh Bông Lan Sữa Chua,unparsed_main_ingredient,Trứng gà 4 Quả
3339,Sữa Đậu Nành Và Đậu Phụ,unparsed_main_ingredient,Nước 2 Lít
3340,Bánh Bông Lan Hương Cam,unparsed_main_ingredient,Trứng gà 2 Quả; Bột nở baking powder 1 muỗnguỗng cà phê; Nước cốt cam 35 muỗngl
3341,Bánh Bông Lan Siêu Mềm,unparsed_main_ingredient,Trứng gà 9 Quả; Sữa tươi 100 muỗngl; Nước cốt chanh 1/2 muỗnguỗng cà phê
3342,Bánh Bông Lan Đơn Giản,unparsed_main_ingredient,Trứng gà 4 Quả; Sữa tươi 20 muỗngl; Tinh chất vani 1 muỗnguỗng cà phê
3343,Bánh Bông Lan Phô Mai Bằng Nồi Cơm Điện,unparsed_main_ingredient,Trứng gà 4 Quả; Nước cốt chanh 1 muỗnguỗng cà phê
3344,Bánh Bông Lan Nướng Bằng Nồi Cơm Điện,unparsed_main_ingredient,Trứng gà 5 Quả; Bột nở baking powder 1 muỗnguỗng cà phê; Vani 1 muỗnguỗng cà phê; Cream of tartar 1/4 muỗnguỗng cà phê
3345,Bánh Bông Lan Nho Khô,unparsed_main_ingredient,Trứng gà 4 Quả; Sữa tươi 60 muỗngl; Nước cốt chanh 2 muỗnguỗng canh
3346,Chân Gà Ngâm Sả Tắc Chua Giòn,unparsed_main_ingredient,Sả 10 Củ; Trái tắc 15 Trái; Gừng 1/3 Củ
3347,Bánh Bông Lan Cuộn Màu Hồng,unparsed_main_ingredient,Trứng gà 3 Quả; Sữa tươi 20 muỗngl; Bột cacao 1 muỗnguỗng cà phê; N/A
3348,Detox Dưa Hấu Và Dưa Leo,unparsed_main_ingredient,Dưa leo 1 Trái; Nước 1 Lít
3349,Bánh Bông Lan Cuộn Hoa Quả,unparsed_main_ingredient,Trứng gà 5 Quả; Tinh chất vani 1 muỗnguỗng cà phê; Bột cacao 2 muỗnguỗng canh
3350,Bánh Bông Lan Cuộn,unparsed_main_ingredient,Trứng gà 4 Quả; Sữa tươi 50 muỗngl; Bột nở baking powder 1 muỗnguỗng cà phê; Vani 1 muỗnguỗng cà phê
3351,Má Đùi Gà Kho Gừng,unparsed_main_ingredient,Gừng 1 Nhánh
3352,Bánh Bông Lan Cuộn Chocolate,unparsed_main_ingredient,Trứng gà 4 Quả; Vani 3 muỗngl; Sữa tươi 10 muỗngl
3353,Bánh Bông Lan Cốt Dừa Lá Dứa,unparsed_main_ingredient,Trứng gà 7 Quả; Nước cốt dừa 300 muỗngl; Nước cốt lá dứa 30 muỗngl
3354,Bánh Mì Dài,unparsed_main_ingredient,Sữa tươi 250 muỗngl; Trứng gà 3 Quả
3355,Bánh Bông Lan Chuối Phô Mai,unparsed_main_ingredient,Trứng gà 2 Quả; Chuối 4 Trái
3356,Bánh Bông Lan Chuối Nướng,unparsed_main_ingredient,Chuối chín 2 Quả; Nước đường 15 muỗngl; Nước 15 muỗngl; Trứng gà 3 Quả
3357,Bánh Bông Lan Chuối Nhân Kem,unparsed_main_ingredient,Trứng gà 2 Quả; Sữa tươi 230 muỗngl
3358,Bánh Bông Lan Bơ Nho Khô,unparsed_main_ingredient,Trứng gà 4 Quả; Rượu vang 100 muỗngl; Tinh chất vani 1 muỗnguỗng cà phê; Bột nở baking powder 3 muỗnguỗng cà phê
3359,Bánh Bông Lan Bơ Nho,unparsed_main_ingredient,Trứng gà 3 Quả; Bột nở baking powder 2 muỗnguỗng cà phê; Sữa tươi không đường 40 muỗngl; Vani 1 muỗnguỗng cà phê
3360,Vải Ngâm Đường,unparsed_main_ingredient,Lá dứa 2 Lá; Nước 500 muỗngl
3361,Bún Mắm Nêm Miền Trung,unparsed_main_ingredient,Thơm 1/2 Trái; Dưa leo 1 Trái; Dầu điều 2 muỗnguỗng canh
3362,Xoài Ngâm Mắm Ớt,unparsed_main_ingredient,Nước 200 muỗngl
3363,Bánh Bèo Ngọt Lá Dứa,unparsed_main_ingredient,Nước 400 muỗngl; Lá dứa 4 Nhánh
3364,Bánh Bông Lan Bằng Lò Vi Sóng,no_metric_qty,khong co nguyen lieu nao ghi don vi g/kg/ml/l parse duoc
3365,Bánh Bèo Truyền Thống,unparsed_main_ingredient,Bột năng 1 muỗnguỗng canh; Lá chuối 1 muỗngiếng
3366,Bánh Bông Lan,unparsed_main_ingredient,Bột nở baking powder 1 muỗnguỗng cà phê; Sữa tươi 250 muỗngl; Nước cốt chanh 2 muỗnguỗng cà phê; Vani 1 muỗnguỗng cà phê
3367,Bánh Bỏng Gạo Hình Trái Tim,unparsed_main_ingredient,Bỏng gạo 1 Gói
3368,Bánh Bò Thốt Nốt,low_food_id_cover,"cover=0.00 thieu: Gạo, Đường thốt nốt, Dừa nạo, Trái thốt nốt"
3369,Bánh Bò Nước Cốt Dừa Nướng Chảo,unparsed_main_ingredient,Vani 2 Ống; Dầu dừa 1 muỗnguỗng canh
3370,Bánh Bông Lan Chuối,unparsed_main_ingredient,Chuối 2 Trái; Trứng gà 3 Quả; Sữa tươi 15 muỗngl
3371,Bánh Bông Lan Chocolate Cuộn,unparsed_main_ingredient,Bột nở baking powder 1/4 muỗnguỗng cà phê; Trứng gà 2 Quả; Sữa tươi không đường 120 muỗngl; Nước cốt chanh 1/4 muỗnguỗng cà phê
3372,Bánh Bò Men Nâu,unparsed_main_ingredient,Nước cốt dừa 150 muỗngl; Nước 158 muỗngl; Tinh chất vani 1 muỗnguỗng cà phê
3373,Bánh Bí Đỏ Lạng Sơn,unparsed_main_ingredient,Bí đỏ 1 Trái
3374,Bánh Bông Lan Chocolate Chuối,unparsed_main_ingredient,Chuối 2 Trái; Trứng gà 2 Quả
3375,Bánh Bí Đỏ Nướng Hình Quả Bí,unparsed_main_ingredient,Sữa tươi 80 muỗngl; Trứng gà 1 Quả
3376,Bánh Bông Lan Chanh Xốp Mềm Đơn Giản,unparsed_main_ingredient,Trứng gà 3 Quả; Nước 40 muỗngl
3377,Bánh Bò Hấp Sữa Tươi,unparsed_main_ingredient,Trứng gà 3 Quả; Sữa tươi 220 muỗngl
3378,Bánh Bí Ngô Hình Trái Chuối,unparsed_main_ingredient,Sữa tươi 55 muỗngl
3379,Kem Bắp Tại Nhà,unparsed_main_ingredient,Bắp Mỹ 5 Trái; Sữa tươi 360 muỗngl; Kem whipping 480 muỗngl; Vani 1/2 muỗnguỗng canh
3380,Bánh Bông Lan Chanh,unparsed_main_ingredient,Trứng gà 4 Quả; Mật ong 2 muỗnguỗng canh
3381,Bánh Bò Hấp Nước Cốt Dừa,unparsed_main_ingredient,Nước cốt dừa 100 muỗngl
3382,Bánh Biscotti Hạnh Nhân,unparsed_main_ingredient,Trứng gà 2 Quả
3383,Bánh Bông Lan Cam Tươi,unparsed_main_ingredient,Trứng gà 2 Quả; Cam 1 Trái
3384,Bánh Bông Lan Cacao,unparsed_main_ingredient,Trứng gà 3 Quả
3385,Bánh Bò Đường Thốt Nốt,unparsed_main_ingredient,Nước cốt dừa 290 muỗngl; Vani 1 Gói; Trứng gà 6 Quả
3386,Yến Chưng Long Nhãn Và Hạt Sen,unparsed_main_ingredient,Yến sào 1 Hộp
3387,Bánh Bông Lan Cà Rốt,unparsed_main_ingredient,Trứng gà 2 Quả; Cà rốt 2 Củ; Nước cốt chanh 1 muỗnguỗng canh; Nước cốt dừa 30 muỗngl
3388,Bánh Bò Cốt Dừa,unparsed_main_ingredient,Nước cốt dừa 200 muỗngl; Nước dừa 525 muỗngl
3389,Bánh Bò Dừa,unparsed_main_ingredient,Bột nở baking powder 1 muỗnguỗng cà phê; Nước cốt dừa 120 muỗngl; Bơ 1 muỗnguỗng canh; Trứng gà 2 Quả
3390,Bánh Bò Bông,unparsed_main_ingredient,Nước 599 muỗngl; Men cơm rượu 3 Viên; Vani 1 Ống
3391,Sữa Chua Từ Sữa Tươi Béo Ngậy,unparsed_main_ingredient,Sữa đặc 1 Hộp; Nước 1.50 Chén; Sữa tươi không đường 200 muỗngl
3392,Sữa Chua Hương Dâu,no_metric_qty,khong co nguyen lieu nao ghi don vi g/kg/ml/l parse duoc
3393,Bánh Bò Bột Gạo,unparsed_main_ingredient,Men nở 1/4 muỗnguỗng cà phê; Nước cốt dừa 500 muỗngl
3394,Bánh Bông Lan Cà Phê,unparsed_main_ingredient,Trứng gà 4 Quả; Bột bắp 1 muỗnguỗng canh; Bột nở baking powder 1 muỗnguỗng cà phê
3395,Bánh Bắp Hấp Mềm Xốp,unparsed_main_ingredient,Trứng gà 1 Quả
3396,Sườn Xào Chua Ngọt Miền Bắc,low_food_id_cover,cover=0.00 thieu: Sườn heo
3397,Sườn Xào Chua Ngọt Tại Nhà,unparsed_main_ingredient,Nước cốt chanh 1 muỗnguỗng canh; Bột năng 1/2 muỗnguỗng canh; Sa tế 1 muỗnguỗng canh
3398,Bánh Bắp Hấp,unparsed_main_ingredient,Bắp nếp 2 Trái; Trứng gà 1 Quả; Nước cốt dừa 30 muỗngl
3399,Phá Lấu Tai Heo,unparsed_main_ingredient,Tai heo 2 Cái; Lưỡi heo 1 Cái; Nước dừa tươi 500 muỗngl
3400,Nước Mắm Đa-Zi-Năng Cooky,unparsed_main_ingredient,Dừa 1 Trái
3401,Bánh Bắp Chiên Giòn Cho Bữa Sáng,unparsed_main_ingredient,Bắp nếp 1 Trái; Trứng gà 3 Quả; Sữa chua 1 Hũ
3402,Bò Hầm Bí Đỏ Hạt Sen,low_food_id_cover,"cover=0.58 thieu: Thịt thăn bò, Hành tím băm, Tỏi băm"
3403,Nước Mắm Cơm Tấm,unparsed_main_ingredient,Nước dừa 40 muỗngl
3404,Bánh Bắp Chiên Giòn Béo,unparsed_main_ingredient,Bắp Mỹ 2 Trái; Trứng gà 4 Trái
3405,Salad Rong Biển,unparsed_main_ingredient,Cam 1 Trái
3406,Bánh Bắp Chiên Giòn,unparsed_main_ingredient,Bắp nếp 2 Trái; Sữa đặc 2 muỗnguỗng canh
3407,Nước Củ Năng Mía Lau Hạt Chia,unparsed_main_ingredient,Lá dứa 1 Nhánh; Nước 2 Lít
3408,Sâm Dừa Cần Thơ,unparsed_main_ingredient,Nước dừa tươi 500 muỗngl; La hán quả 1 Quả
3409,Bánh Bao Trứng Muối,unparsed_main_ingredient,Sữa tươi không đường 135 muỗngl; Men nở 1/2 muỗnguỗng cà phê; Trứng gà 4 Quả; Trứng vịt muối 8 Quả
3410,Bánh Bao Trà Xanh Nhân Khoai Tím,unparsed_main_ingredient,Sữa tươi không đường 200 muỗngl
3411,Sốt Tắc Chấm Bánh Tráng,unparsed_main_ingredient,Nước cốt tắc 50 muỗngl
3412,Bánh Bèo Huế,unparsed_main_ingredient,Dầu cải 45 muỗngl
3413,Sữa Chua Nếp Cẩm,unparsed_main_ingredient,Sữa chua 6 Hũ; Nước cốt dừa 100 muỗngl; Nước 600 muỗngl; Lá dứa 1 Nhánh
3414,Bánh Bèo Hải Phòng,low_food_id_cover,"cover=0.00 thieu: Bột gạo, Thịt nạc vai, Lá chuối, Nấm mèo, Hành tím"
3415,Bánh Bao Sữa Tươi Hình Heo,unparsed_main_ingredient,Sữa tươi không đường 80 muỗngl
3416,Bánh Bèo Đà Nẵng,unparsed_main_ingredient,Dầu điều 10 muỗngl; Nước cốt chanh 15 muỗngl
3417,Sữa Đậu Nành,unparsed_main_ingredient,Nước 3 Lít; Lá dứa 5 Lá
3418,Bánh Bèo Chén Bằng Bột Gạo,unparsed_main_ingredient,Nước 1 Lít; Dầu điều 1/2 muỗnguỗng cà phê; Bánh mì sandwich 1 Lát
3420,Sữa Hạt Sen,unparsed_main_ingredient,Sữa tươi không đường 300 muỗngl; Nước 800 muỗngl
3421,Bánh Bao Sữa,unparsed_main_ingredient,Sữa tươi 220 muỗngl; Nước lá dứa 1 muỗnguỗng cà phê
3422,Bánh Bao Sữa Chay,unparsed_main_ingredient,Sữa tươi không đường 155 muỗngl
3423,Bánh Bèo Chén,low_food_id_cover,"cover=0.00 thieu: Bột gạo, Tôm tươi"
3424,Mực Hấp Nước Dừa,unparsed_main_ingredient,Nước dừa 500 muỗngl
3425,Bao Tử Cá Basa Xào Bơ,unparsed_main_ingredient,Gừng 1 Củ
3426,Bánh Bao Nướng Mini,no_metric_qty,khong co nguyen lieu nao ghi don vi g/kg/ml/l parse duoc
3427,Bánh Bắp Nhân Phô Mai Chiên Giòn,unparsed_main_ingredient,Bơ 3 muỗnguỗng canh; Phô mai 1 Chén; Bột mì 1.50 Chén; Vụn bánh mì 1 Chén
3428,Thịt Ba Chỉ Lắc Sả Tắc,unparsed_main_ingredient,Nước cốt tắc 15 muỗngl
3429,Bánh Bao Nhân Thịt Trứng,unparsed_main_ingredient,Sữa tươi không đường 200 muỗngl; Trứng gà 3 Quả; Nấm mèo 3 Cái
3430,Bánh Bắp Ngọt,unparsed_main_ingredient,Bắp hột 1 Chén
3431,Chân Gà Hầm Mật Ong,unparsed_main_ingredient,Mật ong 2 muỗnguỗng canh; Nước cốt dừa 1 muỗnguỗng canh; Nước dừa 300 muỗngl
3432,Tôm Cuốn Khoai Tây,low_food_id_cover,"cover=0.63 thieu: Tôm tươi, Bột bắp"
3433,Bánh Bắp Hột Chiên Giòn,unparsed_main_ingredient,Dầu olive 30 muỗngl
3434,Tôm Sống Sốt Thái,unparsed_main_ingredient,Sả 1 Cây; Gừng 5 Lát; Bột bắp 2 muỗnguỗng canh; Mù tạt 1/4 muỗnguỗng cà phê
3435,Bánh Bao Nhân Thịt Bằng Bột Mì,unparsed_main_ingredient,Sốt chua ngọt 3 muỗnguỗng canh; Gừng 3 Lát; Nước 280 muỗngl
3436,Kẹo Dẻo Trái Cây,unparsed_main_ingredient,Nước ép dưa hấu 250 muỗngl; Nước ép cam 250 muỗngl; Nước 200 muỗngl; Nước cốt chanh 30 muỗngl
3437,Trứng Chiên Lá Mơ,unparsed_main_ingredient,Trứng gà 4 Quả
3438,Trứng Chiên Ngải Cứu,unparsed_main_ingredient,Trứng gà 4 Quả
3440,Chả Giò Cua Biển,unparsed_main_ingredient,Cua biển 2 Con
3441,Bánh Bao Kẹp Gà Nấm,unparsed_main_ingredient,Bánh bao 5 Cái; Xà lách 1 Cây
3442,Hủ Tiếu Mực,unparsed_main_ingredient,Nước 1.50 Lít; Củ cải trắng 1 Củ
3443,Miến Xào Thịt Bằm,unparsed_main_ingredient,Miến 4 Vắt
3444,Hủ Tiếu Chay,unparsed_main_ingredient,Nước 2 Lít
3445,Bánh Bao Hoa Hồng Xanh Dứa,unparsed_main_ingredient,Sữa tươi 220 muỗngl; Nước lá dứa 1 muỗnguỗng canh
3446,Lẩu Cá Kèo,unparsed_main_ingredient,Nước dùng 1 Lít
3447,Bánh Bao Hoa Hồng Đơn Giản,unparsed_main_ingredient,Men nở 1/2 muỗnguỗng cà phê; Củ dền 5 muỗngl
3448,Canh Rau Má Thịt Bằm,unparsed_main_ingredient,Nước 150 muỗngl
3449,Bánh Bao Hình Quả Bí Đỏ,unparsed_main_ingredient,Sữa tươi 190 muỗngl; Nấm mèo 3 Cái; Trứng cút 10 Quả
3450,Đậu Hũ Tứ Xuyên Phiên Bản Việt,unparsed_main_ingredient,Đậu hũ non 3 muỗngiếng; Gừng nhỏ 1 Củ; Húng quế 1 Nhánh; Dầu điều 1 muỗnguỗng canh
3451,Bánh Bao Hình Gấu Trúc,unparsed_main_ingredient,1; Sữa tươi 170 muỗngl
3452,Lưỡi Vịt Sapo,unparsed_main_ingredient,Rượu trắng 30 muỗngl; Bột ngũ vị hương 1 muỗnguỗng cà phê
3453,Bánh Bao Nhân Thịt Băm Đậu Xanh,unparsed_main_ingredient,Nước 165 muỗngl
3454,Bánh Bao Hình Chú Mèo,unparsed_main_ingredient,Sữa tươi 250 muỗngl; Bột nở baking powder 1 Gói; Rong biển khô 1/4 muỗngiếng
3455,Mì Quảng,unparsed_main_ingredient,Nước 2 Lít; Dầu điều 1 muỗnguỗng canh; Bột nghệ 1/2 muỗnguỗng canh; Trứng cút 10 Quả
3456,Bánh Bao Heo Hồng,unparsed_main_ingredient,Gừng băm 1/2 muỗnguỗng canh; Rượu Sake 1 muỗnguỗng canh; Màu thực phẩm 2 Giọt
3457,Miến Lươn Trộn,unparsed_main_ingredient,Nước 20 muỗngl
3458,Bánh Bao Hấp Nhân Trứng Chiên Rau Và Nấm Đông Cô,unparsed_main_ingredient,Trứng gà 5 Quả; Gừng 1 muỗngiếng
3459,Mực Nhồi Thịt Nướng,unparsed_main_ingredient,Trứng gà 1 Quả; Sa tế 2 muỗnguỗng canh; Nước 4 muỗnguỗng canh; Nước cốt chanh 1 muỗnguỗng canh
3460,Bánh Bao Hấp Hình Nhím,unparsed_main_ingredient,Mứt dâu 1 muỗnguỗng cà phê
3461,Mực Rim Me,unparsed_main_ingredient,Nước ấm 300 muỗngl
3462,Bánh Bao Nhân Rau Nấm,unparsed_main_ingredient,Nấm mèo 5 Cái; Cà rốt 1 Củ
3463,Bánh Bao Nhân Đậu Xanh,unparsed_main_ingredient,Sữa tươi 100 muỗngl
3464,Bánh Bao Gấu Trúc,unparsed_main_ingredient,Men nở 1 muỗnguỗng cà phê; Bột cacao 2 muỗnguỗng cà phê
3465,Mứt Gừng,unparsed_main_ingredient,Nước 1 Lít; Nước cốt chanh 90 muỗngl
3467,Bánh Bao Đường Nâu Hấp,unparsed_main_ingredient,Nước 150 muỗngl
3468,Sườn Xào Ngũ Sắc,low_food_id_cover,"cover=0.16 thieu: Sườn non, Ớt chuông đỏ, Ớt chuông xanh, Tỏi băm, Hành tím băm"
3469,Bánh Bao Đậu Đỏ,unparsed_main_ingredient,Nước 200 muỗngl
3470,Mứt Mãng Cầu,low_food_id_cover,cover=0.33 thieu: Mãng cầu gai
3471,Bánh Bao Mặn,unparsed_main_ingredient,Sữa tươi 150 muỗngl; Lòng đỏ trứng gà 1 Cái; Bột bắp 1 muỗnguỗng cà phê; Lạp xưởng 2 Cây
3472,Bánh Bao Chiên Nhân Thập Cẩm,unparsed_main_ingredient,Sữa tươi 200 muỗngl; Su su 1 Trái; Cà rốt 1 Củ; Trứng cút 10 Quả
3473,Bánh Chưng Không Cần Lá,unparsed_main_ingredient,Đùi gà 4 Cái; Cải bó xôi 1 Bó
3474,Bánh Dẻo Nhân Custard,unparsed_main_ingredient,Sữa tươi có đường 950 muỗngl; Bơ 5 muỗnguỗng canh; Trứng gà 1 Quả
3475,Bánh Bao Lava Sầu Riêng,unparsed_main_ingredient,Sữa tươi không đường 250 muỗngl; Nước cốt dừa 40 muỗngl; Tinh chất vani 1 muỗnguỗng cà phê
3476,Nấm Kim Châm Chiên Giòn,unparsed_main_ingredient,Bột chiên giòn 1 Gói; Sữa tươi 60 muỗngl; Sa tế 4 muỗnguỗng canh
3477,Nem Chua Rán,unparsed_main_ingredient,Thính gạo 2 muỗnguỗng canh; Bột năng 2 muỗnguỗng canh
3478,Nem Cua Bể,unparsed_main_ingredient,Lòng đỏ trứng gà 2 Cái; Bánh tráng 16 Tờ
3479,"Bánh Bao Chay Thơm Ngon, Hấp Dẫn",unparsed_main_ingredient,Nước 260 muỗngl
3480,Chân Gà Ngâm Sả Tắc,unparsed_main_ingredient,Rượu trắng 120 muỗngl; Nước cốt tắc 70 muỗngl
3481,Bánh Bao Chay Ngày Rằm,unparsed_main_ingredient,Sữa tươi không đường 165 muỗngl
3482,Chả Tôm,unparsed_main_ingredient,Nước lạnh 1 muỗnguỗng canh; Nước lạnh 20 muỗngl; Lòng đỏ trứng gà 1 Cái
3483,Bánh Bao Chay Mềm Thơm,unparsed_main_ingredient,Nước 130 muỗngl
3484,Gỏi Bò Bóp Thấu,unparsed_main_ingredient,Nước cốt chanh 40 muỗngl; Nước cốt chanh 40 muỗngl
3486,Thịt Heo Xào Mắm Ruốc,low_food_id_cover,"cover=0.04 thieu: Sả, Ớt băm, Thịt ba chỉ, Mắm ruốc"
3487,Bánh Flan Bí Đỏ,no_metric_qty,khong co nguyen lieu nao ghi don vi g/kg/ml/l parse duoc
3489,Bánh Bà Lai,unparsed_main_ingredient,Trứng gà 6 Quả; Sữa đặc 60 muỗngl; Vani 3 muỗnguỗng cà phê; Nước cốt dừa 300 muỗngl
3490,Chả Giò Hải Sản,unparsed_main_ingredient,Bánh tráng bía 30 Cái
3491,Cơm Chiên Cá Mặn,unparsed_main_ingredient,Trứng gà 2 Quả
3492,Chả Cá Ngừ,unparsed_main_ingredient,Hạt tiêu 1 muỗnguỗng canh
3493,Bánh AFC Tôm Khô,low_food_id_cover,"cover=0.62 thieu: Bột bắp, Tôm khô, Dầu ăn, Ớt bột, Đường bột"
3494,Cơm Cháy Chà Bông,low_food_id_cover,"cover=0.78 thieu: Ruốc sấy, Chà bông"
3495,Bánh 7 Sắc Cầu Vồng,no_metric_qty,khong co nguyen lieu nao ghi don vi g/kg/ml/l parse duoc
3496,Chim Cút Nướng,unparsed_main_ingredient,Chim cút 6 Con; Sữa tươi 75 muỗngl; Nước cốt me 4 muỗnguỗng canh; Thính gạo 3 muỗnguỗng canh
3497,Chè Thái,unparsed_main_ingredient,Nước lá dứa 200 muỗngl; Nước 300 muỗngl; Kem whipping 200 muỗngl; Nước luộc củ dền 200 muỗngl
3498,Chè Mè Đen,unparsed_main_ingredient,Nước dừa tươi 500 muỗngl; Nước 300 muỗngl
3499,Chè Đậu Trắng,unparsed_main_ingredient,N/A; nước dảo dừa 200 muỗngl; Nước cốt dừa 200 muỗngl
3500,Chè Bột Lọc Heo Quay,unparsed_main_ingredient,Nước sôi 80 muỗngl; Nước 600 muỗngl
3501,Cháo Lươn Nghệ An,unparsed_main_ingredient,Dầu điều 1 muỗnguỗng cà phê; Nước cốt nghệ tươi 50 muỗngl
3502,Chân Gà Quái Thú,unparsed_main_ingredient,Mật ong 2 muỗnguỗng canh
3503,Bánh Crepe Sầu Riêng,unparsed_main_ingredient,Kem whipping 500 muỗngl; Trứng gà 2 Quả; Sữa tươi 300 muỗngl; Nước cốt dừa 150 muỗngl
3504,Bánh Chuối Nướng,unparsed_main_ingredient,Chuối 14 Trái; Bánh mì 3 Ổ; Nước cốt dừa 400 muỗngl; Sữa tươi có đường 440 muỗngl
3505,Bánh Chuối Hấp Nước Cốt Dừa,unparsed_main_ingredient,Nước cốt dừa 400 muỗngl; Nước cốt dừa dảo 400 muỗngl; Bột bắp 1 muỗnguỗng canh; Nước 350 muỗngl
3506,Bánh Cay Chiên,unparsed_main_ingredient,Bột nghệ 1/2 muỗnguỗng cà phê
3507,Ba Rọi Hấp Lá Mắc Mật,unparsed_main_ingredient,Sả 2 Cây
3508,Canh Bóng Thả,unparsed_main_ingredient,Rượu trắng 50 muỗngl; Trứng gà 2 Quả; Nước 10 muỗngl
3509,Ba Chỉ Xiên Que Chiên Giòn,unparsed_main_ingredient,Nước dừa tươi 100 muỗngl; Nước cốt chanh 20 muỗngl
3510,Ba Chỉ Rim Nước Mắm Ớt,unparsed_main_ingredient,Nước 2 muỗnguỗng canh
3511,Ba Chỉ Luộc Hàn Quốc,low_food_id_cover,cover=0.09 thieu: Thịt ba chỉ
3512,Ba Chỉ Luộc Chấm Mắm Nêm,unparsed_main_ingredient,Gừng 1 Lát; Mắm nêm 1/2 Chén; Nước cốt chanh 1/2 muỗnguỗng canh
3513,Thịt Kho Su Hào,unparsed_main_ingredient,Su hào 1 Củ
3514,4 Cách Chế Biến Xúc Xích Vườn Bia,no_metric_qty,khong co nguyen lieu nao ghi don vi g/kg/ml/l parse duoc
3515,Chế Biến Xúc Xích Việt Xông Khói,no_metric_qty,khong co nguyen lieu nao ghi don vi g/kg/ml/l parse duoc
3516,3 Cách Chế Biến Đùi Gà Tây Xông Khói,no_metric_qty,khong co nguyen lieu nao ghi don vi g/kg/ml/l parse duoc
3517,Bánh 7 Màu Không Cần Lò Nướng,unparsed_main_ingredient,Trứng gà 1 Quả; Vani 1/4 Ống; Kem whipping 600 muỗngl
3518,Chè Bánh Lọt,unparsed_main_ingredient,Nước 550 muỗngl; Nước cốt dừa 300 muỗngl; Lá dứa 2 Lá
3519,Cá Lóc Hấp Bầu,unparsed_main_ingredient,Bầu 1 Trái
3520,Bạch Tuộc Xào Sa Tế,unparsed_main_ingredient,Sa tế tôm 1 muỗnguỗng canh
3521,Bánh Bao Chỉ Nhân Dừa Đậu Phộng,unparsed_main_ingredient,Bột năng 2 muỗnguỗng canh
3522,Bạch Tuộc Xào Sả Ớt,unparsed_main_ingredient,Sả 1/2 Cây
3523,Bánh Bao Chỉ Nhân Đậu Xanh,unparsed_main_ingredient,Sữa tươi có đường 200 muỗngl
3524,Bạch Tuộc Xào Cay Ngon,unparsed_main_ingredient,Tương cà 2 muỗnguỗng canh; Mật ong 1 muỗnguỗng canh; Rong biển khô 1/2 muỗngiếng
3525,Bánh Bao Chỉ,unparsed_main_ingredient,Bột năng 1 muỗnguỗng cà phê; Sữa tươi không đường 300 muỗngl
3526,Detox Cam Dưa Leo,no_metric_qty,khong co nguyen lieu nao ghi don vi g/kg/ml/l parse duoc
3527,Xúc Xích Bò,unparsed_main_ingredient,Trứng gà 1 Quả; Rượu vang 1 muỗnguỗng canh
3529,Bánh Canh Nam Phổ,unparsed_main_ingredient,Bột nêm knorr 2 muỗnguỗng cà phê; Mắm ruốc 3 muỗnguỗng cà phê
3530,Mướp Xào Lòng Gà,unparsed_main_ingredient,Mướp hương 4 Quả
3531,Bánh Trung Thu Không Nhân,unparsed_main_ingredient,Rượu mai quế lộ 5 muỗngl
3533,Bạch Tuộc Nướng Đá,unparsed_main_ingredient,Sa tế 1 Hũ; Dầu điều 2 muỗnguỗng canh; Bia 1/2 Lon; Sả 2 Cây
3534,Bạch Tuộc Nhúng Giấm,unparsed_main_ingredient,Dừa xiêm 2 Trái; Cà chua 3 Trái; Sả 3 Củ; Sả băm 2 muỗnguỗng canh
3535,Ba Rọi Xông Khói Cuộn Phô Mai Áp Chảo,unparsed_main_ingredient,Phô mai 1 Hộp
3536,Ba Rọi Một Nắng,unparsed_main_ingredient,Bột ngũ vị hương 2 muỗnguỗng cà phê; Sả 3 Cây
3537,Bún Cá Rô,unparsed_main_ingredient,Nước 2 Lít
3538,Cá Chiên Sốt Chua Ngọt,unparsed_main_ingredient,Nước cốt me 100 muỗngl
3539,Bún Chả Hà Nội,unparsed_main_ingredient,Nước hàng 40 muỗngl; Nước 100 muỗngl
3540,Bún Ốc Nguội,unparsed_main_ingredient,Nước 700 muỗngl
3541,Bạch Tuộc Xào Cần Tây,unparsed_main_ingredient,Sa tế 1 muỗnguỗng canh; Gừng 1/2 Củ; Rượu trắng 1 muỗnguỗng canh
3542,Bì Heo Trộn Xoài,unparsed_main_ingredient,Nước cốt tắc 50 muỗngl
3543,Sườn Chiên Nước Mắm,low_food_id_cover,"cover=0.12 thieu: Sườn non, Đường, Tiêu xay, Tỏi băm, Hành tím băm"
3544,Cá Tra Chưng Chuối Cây,unparsed_main_ingredient,Chuối 1 Cây; Sả 5 Cây
3545,Sườn Rim Nước Mắm Chua Ngọt,unparsed_main_ingredient,Nước lọc 4 muỗnguỗng canh
3546,Bánh Tráng Chấm Sốt Trứng Cút,unparsed_main_ingredient,Bánh tráng 1 Gói; Trứng cút 30 Quả; Nước bò đen 200 muỗngl; Trái tắc 4 Trái
3547,Bánh Tép Chiên Giòn,unparsed_main_ingredient,Trứng gà 1 Quả; Nước 100 muỗngl
3548,Bánh Tằm Bì,unparsed_main_ingredient,Nước cốt dừa 300 muỗngl; Nước 150 muỗngl; Bột bắp 1 muỗnguỗng canh; Nước 30 muỗngl
3549,Bánh Hẹ,unparsed_main_ingredient,Nước 170 muỗngl; Nước cốt chanh 1 muỗnguỗng canh; Trứng gà 2 Quả
3550,Súp Thịt Gà Cà Rốt,unparsed_main_ingredient,Sữa tươi không đường 20 muỗngl; Kem whipping 20 muỗngl
3551,Bánh Sữa Chua,unparsed_main_ingredient,Sữa đặc 30 muỗngl; Sốt Mayonnaise 1 muỗnguỗng canh; Nước 10 muỗngl; Bánh mì sandwich 15 Lát
3552,Bánh Sữa Chiên,unparsed_main_ingredient,Sữa tươi không đường 440 muỗngl; Lòng đỏ trứng gà 2 Cái; Chiết xuất vani 1 muỗnguỗng cà phê; Trứng gà 3 Quả
3553,Bánh Ram Ít,unparsed_main_ingredient,Nước ấm 200 muỗngl; Lòng trắng trứng gà 1 Cái; Nước cốt dừa 100 muỗngl
3554,Rượu Mai Quế Lộ,no_metric_qty,khong co nguyen lieu nao ghi don vi g/kg/ml/l parse duoc
3555,Thịt Heo Xào Chua Ngọt,unparsed_main_ingredient,Nấm đông cô 6 Cái; Cà rốt 1 Củ; Sốt cà chua 3 muỗnguỗng canh; Bột bắp 2 muỗnguỗng canh
3556,Bánh Trứng Phô Mai,unparsed_main_ingredient,Sữa tươi 80 muỗngl; Trứng gà 3 Quả; Phô mai 2 muỗngiếng; Thịt nguội 4 Lát
3557,Hàu Chiên Trứng,unparsed_main_ingredient,Trứng gà 3 Quả; Rượu trắng 2 muỗnguỗng canh
3558,Ếch Xào Măng Tươi,low_food_id_cover,cover=0.50 thieu: Thịt ếch
3559,Bánh Trung Thu Nhân Cốm,unparsed_main_ingredient,Nước đường 300 muỗngl; Nước hoa bưởi 1 muỗnguỗng cà phê; Nước cốt dừa 150 muỗngl
3560,Bánh Pizza,unparsed_main_ingredient,Sữa tươi 40 muỗngl; Sốt cà chua 2 muỗnguỗng canh
3561,Canh Rong Biển,unparsed_main_ingredient,Tôm tươi 5 Con; Nước cốt me 2 muỗnguỗng cà phê
3562,Canh Măng Tươi Nấu Giò Heo,low_food_id_cover,cover=0.67 thieu: Móng giò heo
3563,Mứt Dâu Tằm,unparsed_main_ingredient,Nước cốt chanh 2 muỗnguỗng canh
3564,Nui Xào Bò Rau Củ Dinh Dưỡng,unparsed_main_ingredient,Cà rốt 1/2 Củ; Cải ngọt 2 Cây
3565,Snack Khoai Tây,no_metric_qty,khong co nguyen lieu nao ghi don vi g/kg/ml/l parse duoc
3566,Bánh Khọt Miền Tây,unparsed_main_ingredient,Trứng gà 1 Quả; Nước cốt dừa 150 muỗngl; Bột năng 2 muỗnguỗng cà phê
3567,Bánh Gan,unparsed_main_ingredient,Nước cốt dừa 300 muỗngl; Sữa đặc 100 muỗngl; Nước ấm 50 muỗngl; Trứng vịt 5 Quả
3568,Bánh Bò Bông,unparsed_main_ingredient,Nước cốt dừa 120 muỗngl
3569,Bánh Bí Đỏ,unparsed_main_ingredient,Trứng gà 1 Quả; Chiết xuất vani 1/2 muỗnguỗng cà phê; Sữa tươi không đường 120 muỗngl
3570,Bánh Đa Cua,unparsed_main_ingredient,Nước 1.50 Lít; Mắm tôm 1 muỗnguỗng cà phê
3571,Cơm Chiên Dương Châu,unparsed_main_ingredient,Trứng gà 3 Quả; Dầu điều 1 muỗnguỗng canh
3572,Bánh Bao Chiên,unparsed_main_ingredient,Nước 120 muỗngl
3573,Mực Nhồi Thịt Chiên,unparsed_main_ingredient,Miến 1 Nắm; Rượu trắng 2 muỗnguỗng canh; Gừng 2 Lát
3574,Mứt Dừa Lá Dứa,unparsed_main_ingredient,Nước lá dứa 500 muỗngl
3575,Bánh Bò Nướng,unparsed_main_ingredient,Nước cốt dừa 225 muỗngl; Bột nở baking powder 2.50 muỗnguỗng cà phê; Trứng gà 6 Quả; Vani 1 muỗnguỗng cà phê
3576,Gỏi Xoài Khô Bò,unparsed_main_ingredient,Xoài xanh 2 Trái
3577,Mứt Dâu,unparsed_main_ingredient,Vani 1/2 muỗnguỗng cà phê
3578,Cơm Rang Dưa Chua,unparsed_main_ingredient,Cơm 2 Chén; Cà rốt 1 Củ; Trứng gà 2 Quả
3579,Pudding Đậu Hũ,unparsed_main_ingredient,Nước cốt chanh 1/3 muỗnguỗng cà phê
3580,Chả Lá Lốt,unparsed_main_ingredient,Lá lốt 20 Lá
3581,Bánh Cupcake Mặn,unparsed_main_ingredient,Trứng gà 2 Quả; Xạ hương 1/2 muỗnguỗng cà phê
3582,Chả Giò Hải Sản,unparsed_main_ingredient,Cà rốt 1 Củ; Trứng gà 2 Quả; Bánh tráng bía 1 Gói; Sốt Mayonnaise 3 muỗnguỗng canh
3583,Gà Sốt Chanh,unparsed_main_ingredient,Nước cốt chanh 90 muỗngl
3584,Cơm Chiên Trứng,unparsed_main_ingredient,Cơm 2 Chén; Trứng gà 2 Quả
3585,Mực Nướng Xiên,unparsed_main_ingredient,Rượu trắng 1 muỗnguỗng canh; Gừng 1 muỗngiếng; Rượu trắng 1 muỗnguỗng cà phê
3586,Trứng Hấp Thịt,unparsed_main_ingredient,Trứng gà 4 Quả
3587,Mì Tươi Trộn Sốt Cà Chua Và Cà Tím,unparsed_main_ingredient,Nước 270 muỗngl; Cà chua 2 Trái; Cà tím 1 Trái; Bột bắp 1/2 muỗnguỗng cà phê
3588,Khoai Lang Sấy,unparsed_main_ingredient,Sốt Mayonnaise 3 muỗnguỗng canh
3589,Bánh Tôm Kiểu Mới,unparsed_main_ingredient,Bánh mì sandwich 6 Lát; Trứng gà 2 Quả; Bột năng 1 muỗnguỗng canh
3590,Bánh Khoai Mì,unparsed_main_ingredient,Sữa đặc 1 muỗnguỗng canh; Nước cốt dừa 50 muỗngl; Bột năng 2 muỗnguỗng canh
3591,Miến Xào Tôm,unparsed_main_ingredient,Trứng vịt 1 Quả; Cà chua 1 Trái
3592,Sung Muối,unparsed_main_ingredient,Nước cốt chanh 2 muỗnguỗng canh
3593,Bánh Táo Mini,unparsed_main_ingredient,Trứng gà 1 Quả; Sữa tươi có đường 240 muỗngl; Bột bắp 1 muỗnguỗng cà phê
3595,Cá Kho Riềng,unparsed_main_ingredient,Sả 2 Cây; Khế 2 Trái; Nước màu 2 muỗnguỗng canh
3596,Mứt Dừa Sữa Tươi,unparsed_main_ingredient,Dừa 3 Trái; Sữa tươi 250 muỗngl; Vani 1 Ống
3598,Đậu Hũ Nhồi Thịt Băm Sốt Cà,unparsed_main_ingredient,Đậu hũ trắng 3 muỗngiếng
3599,Bánh Chín Tầng Mây,unparsed_main_ingredient,Nước lá dứa 50 muỗngl
3600,Gà Nấu Cà Ri,unparsed_main_ingredient,Kem sữa tươi 200 muỗngl; Cà rốt 1 Củ; Bột nghệ 1 muỗnguỗng cà phê; Bột cà ri 1 muỗnguỗng cà phê
3601,Kem Que Sữa Chua Dưa Hấu,unparsed_main_ingredient,Dưa hấu 2 Chén; Sữa chua 1 Chén
3602,Thịt Chưng Mắm Tép,unparsed_main_ingredient,Mắm tép 3 muỗnguỗng canh
3603,Trà Tắc Mật Ong,unparsed_main_ingredient,Mật ong 25 muỗngl
3604,Siro Dâu Tằm,low_food_id_cover,cover=0.41 thieu: Dâu tằm
3605,Cá Cơm Sốt Me Cay,low_food_id_cover,"cover=0.00 thieu: Cá cơm, Đậu phộng, Me chua"
3606,Rau Củ Kho Chay,unparsed_main_ingredient,Thơm 1/2 Trái; Cà rốt 1 Củ; Cà tím 1 Trái; Sả 2 Cây
3607,Sườn Heo Xào Chua Ngọt Thơm Ngon,unparsed_main_ingredient,Bột năng 4 muỗnguỗng canh
3608,Canh Tôm Khô,unparsed_main_ingredient,Cà chua 2 Trái; Nước dùng gà 300 muỗngl
3609,Chè Bột Lọc,unparsed_main_ingredient,Khoai lang 1 Củ; Gừng 1 Củ
3610,Gà Cuộn Xôi,unparsed_main_ingredient,Đùi gà 2 Cái; Gạo nếp 1 Chén; Cà rốt 1/4 Củ; Bột mì 1.50 muỗnguỗng cà phê
3611,Khổ Qua Chiên Trứng,no_metric_qty,khong co nguyen lieu nao ghi don vi g/kg/ml/l parse duoc
3612,Ngao Xào Sả Ớt,unparsed_main_ingredient,Thơm 1 Trái; Sả 4 Cây; Gừng 1 muỗngiếng; Rượu trắng 1 muỗnguỗng canh
3613,Bún Xào Chay,unparsed_main_ingredient,Cà rốt 1 Củ; Dầu olive 30 muỗngl
3614,Gà Kho Nước Tương,unparsed_main_ingredient,Khoai tây 2 Củ; Gà 1 Con; Hoa hồi 4 Cái; Thanh quế 1 muỗngiếng
3615,Ốc Om Chuối Đậu,unparsed_main_ingredient,Chuối chát 3 Trái; Đậu hũ trắng 3 muỗngiếng; Tía tô 1 Cây; Lá lốt 10 Lá
3616,Canh Cá Diếc Rau Răm,no_metric_qty,khong co nguyen lieu nao ghi don vi g/kg/ml/l parse duoc
3617,Bò Hầm Rượu Vang,unparsed_main_ingredient,Rượu vang 250 muỗngl; Cần tây 2 Cây
3618,Nộm Sứa,unparsed_main_ingredient,Thơm 1/4 Trái; Dưa leo 1 Trái; Nước cốt chanh 1 muỗnguỗng canh
3619,Bánh Mì Bắp,unparsed_main_ingredient,Kem whipping 100 muỗngl; Dầu olive 2 muỗnguỗng cà phê; Bột nở baking powder 1/2 muỗnguỗng cà phê; Sữa tươi không đường 5 muỗngl
3620,Xoài Dầm Chua Ngọt,low_food_id_cover,cover=0.00 thieu: Xoài xanh
3621,Bánh Mì Nướng Bơ Tỏi,unparsed_main_ingredient,Bánh mì 2 Ổ
3622,Lẩu Xí Quách,unparsed_main_ingredient,Cà rốt 1 Củ; Củ cải trắng 1/2 Củ; Lê 1 Trái; Bắp Mỹ 1 Trái
3623,Gỏi Gà,unparsed_main_ingredient,Thịt gà 1 Con; Dưa leo 1/2 Trái; Cà rốt 1/2 Củ
3624,Thịt Nướng Lá Chanh,unparsed_main_ingredient,Bột nghệ 2 muỗnguỗng cà phê; Sả băm 1 muỗnguỗng canh
3625,Sườn Kho Trứng Cút,unparsed_main_ingredient,Trứng cút 20 Quả; Nước dừa 300 muỗngl
3626,Thịt Bò Nướng Sa Tế,unparsed_main_ingredient,Sả 1 Cây; Sa tế 1 muỗnguỗng canh; Sữa đặc 1 muỗnguỗng cà phê
3627,Cơm Gói Lá Sen,low_food_id_cover,"cover=0.34 thieu: Gạo, Thịt xá xíu, Tôm khô, Lạp xưởng"
3628,Xôi Mít,unparsed_main_ingredient,Nước cốt dừa 100 muỗngl; Lá dứa 1/2 Bó; Lá cẩm 1/3 Bó
3629,Tim Heo Xào Chua Ngọt,unparsed_main_ingredient,Tim heo 1 Trái; Dưa leo 1 Trái; Cà chua 1 Trái; Hạt tiêu 0.67 muỗnguỗng cà phê
3630,Rau Câu Bánh Trung Thu,unparsed_main_ingredient,Xoài chín 1 Trái; Sữa tươi 30 muỗngl
3631,Soup Gà,unparsed_main_ingredient,Bắp Mỹ 1 Trái; Trứng gà 1 Quả; Gừng 1 Củ; Trứng bắc thảo 1 Quả
3632,Bò Nấu Bia,unparsed_main_ingredient,Cà rốt 1 Củ; Bia 330 muỗngl; Gừng 1 muỗngiếng; Rượu trắng 1 muỗnguỗng canh
3633,Bánh Cuốn Tôm,unparsed_main_ingredient,Rượu trắng 1 muỗnguỗng canh; Gừng băm 1 muỗnguỗng cà phê
3634,Bò Chiên Kiểu Thái,unparsed_main_ingredient,Sả 2 Củ; Gừng 1 muỗngiếng; Nước cốt dừa 20 muỗngl; Trứng gà 2 Quả
3635,Kem Dâu Tây,unparsed_main_ingredient,Sữa tươi không đường 200 muỗngl; Kem whipping 220 muỗngl; Sữa đặc 2 muỗnguỗng canh; Trứng gà 1 Quả
3636,Chả Cá Chiên Tại Nhà,unparsed_main_ingredient,Lòng trắng trứng gà 1 Cái; Bột khoai tây 1/2 muỗnguỗng cà phê
3637,Gà Xào Chua Ngọt,unparsed_main_ingredient,Thơm 1/4 Trái; Cà chua bi 5 Trái; Sốt chua ngọt 4 muỗnguỗng canh
3638,Thịt Ba Chỉ Nướng,unparsed_main_ingredient,Sữa đặc 2 muỗnguỗng canh
3639,Súp Lươn,unparsed_main_ingredient,Trứng gà 2 Quả; Gừng 1 Củ; Sả 2 Cây
3640,Ruốc Cá,low_food_id_cover,cover=0.00 thieu: Phi lê cá
3641,Thịt Rang Mắm Tép,unparsed_main_ingredient,Mắm tép 2 muỗnguỗng cà phê
3642,Bánh Khoai Tây Chiên,unparsed_main_ingredient,Khoai tây 4 Củ; Trứng gà 2 Quả; Hạt thì là 1 muỗnguỗng canh
3643,Bánh Ngũ Cốc,unparsed_main_ingredient,Ngũ cốc 1 Chén; Hạnh nhân 5 muỗnguỗng canh; Bơ đậu phộng 2.50 muỗnguỗng canh; Vani 1 muỗnguỗng cà phê
3644,Chè Đậu Xanh Nha Đam,unparsed_main_ingredient,Nước cốt chanh 2 muỗnguỗng cà phê
3645,Cá Chiên Giòn,unparsed_main_ingredient,Gừng 1/3 Củ; Bột chiên giòn 1 Gói; Trứng gà 1 Quả; Bia 30 muỗngl
3646,Đậu Hũ Xào Nấm Thịt,unparsed_main_ingredient,Đậu hũ chiên 8 muỗngiếng; Cải thảo 1/2 Cây; Bột bắp 1 muỗnguỗng canh; Gừng 1 Nhánh
3647,Mứt Rau Câu,unparsed_main_ingredient,Bột rau câu 1 Gói; Nước hoa bưởi 1 muỗnguỗng cà phê
3648,Cháo Gan Heo,unparsed_main_ingredient,Trứng bắc thảo 1 Quả; Gạo tẻ 1 Chén; Gừng 1 Củ
3649,Chè Đậu Trắng,unparsed_main_ingredient,Nước cốt dừa 1 Lon; Bột năng 2 muỗnguỗng canh
3650,Gà Nướng Muối,unparsed_main_ingredient,Gừng 1/2 Củ
3651,Chè Sen Nha Đam,unparsed_main_ingredient,Lá dứa 2 Cây
3652,Lẩu Cá Chép,unparsed_main_ingredient,Cà chua 5 Trái
3653,Lẩu Gà Ớt Hiểm,unparsed_main_ingredient,Gà 1 Con; Thuốc bắc 1 Gói; Cà rốt 1 Củ; Củ cải trắng 1 Củ
3654,Trứng Chiên Khoai Tây,no_metric_qty,khong co nguyen lieu nao ghi don vi g/kg/ml/l parse duoc
3655,Nem Chay Rau Củ,unparsed_main_ingredient,Nấm đông cô 5 Cái; Cà rốt 1 Củ; Bột bắp 2 muỗnguỗng cà phê
3656,Bánh Muffin,unparsed_main_ingredient,Bột nở baking powder 1 muỗnguỗng cà phê; Trứng gà 2 Quả; Vani 1 muỗnguỗng cà phê
3657,Thịt Ba Chỉ Nướng Mật Ong,unparsed_main_ingredient,Mật ong 2 muỗnguỗng canh; Gừng 4 Lát; Rượu trắng 1 muỗnguỗng canh; Hắc xì dầu 1 muỗnguỗng canh
3658,Bánh Tart Trứng,unparsed_main_ingredient,Trứng gà 2 Quả; Sữa tươi 100 muỗngl; Vani 3 muỗngl
3659,Salad Tôm,unparsed_main_ingredient,Cà chua 3 Trái; Dầu olive 1 muỗnguỗng canh; Nước cốt chanh 1 muỗnguỗng canh
3660,Bánh Tôm Hồ Tây,unparsed_main_ingredient,Bột nghệ 1 muỗnguỗng cà phê
3661,Thịt Ba Chỉ Chiên Nước Mắm,unparsed_main_ingredient,Sả 5 Cây
3662,Bún Cá Rô Đồng,unparsed_main_ingredient,Cà chua 4 Trái; Gừng 1 Củ; Bột nghệ 1 muỗnguỗng cà phê; Nước dùng gà 500 muỗngl
3663,Móng Giò Hầm Đu Đủ,unparsed_main_ingredient,Móng giò heo 1 Cái; Đu đủ 1/4 Trái
3664,Thịt Gà Sốt Chua Ngọt,unparsed_main_ingredient,Trứng gà 1 Quả; Rượu trắng 15 muỗngl; Sốt cà chua 2 muỗnguỗng canh
3665,Đậu Sốt Cà Chua,unparsed_main_ingredient,Đậu hũ non 3 muỗngiếng; Cà chua 2 Trái; Sốt cà chua 1 muỗnguỗng canh
3667,Lẩu Cá Thác Lác Khổ Qua,low_food_id_cover,"cover=0.47 thieu: Xương heo, Cá thác lác, Nấm kim châm, Nấm bào ngư, Nấm đùi gà"
3668,Salad Bông Cải Xanh,unparsed_main_ingredient,Dầu olive 3 muỗnguỗng canh; Bột ớt paprika 1 muỗnguỗng cà phê
3669,Ốc Xào Chuối,unparsed_main_ingredient,Chuối 2 Trái
3670,Bánh Trung Thu Rau Câu Nhân Flan,unparsed_main_ingredient,Lá dứa 1 Bó; Lá cẩm 1 Bó
3671,Sườn Heo Nướng,unparsed_main_ingredient,Mật ong 80 muỗngl; Bột ngũ vị hương 1 muỗnguỗng cà phê; Sốt hoisin 16 muỗnguỗng canh; Nước ép táo 120 muỗngl
3672,Khoai Tây Lắc,unparsed_main_ingredient,Khoai tây 2 Củ; Bột tỏi 1/2 muỗnguỗng cà phê; Lá oregano xay 1/4 muỗnguỗng cà phê
3673,Ếch Kho Ớt Chuông,no_metric_qty,khong co nguyen lieu nao ghi don vi g/kg/ml/l parse duoc
3674,Nước Ép Cóc,no_metric_qty,khong co nguyen lieu nao ghi don vi g/kg/ml/l parse duoc
3675,Bánh Tằm Bì,unparsed_main_ingredient,Dưa leo 1 Trái; Nước cốt dừa 2 Chén; Thính gạo 2 muỗnguỗng canh
3676,Mứt Nghệ,unparsed_main_ingredient,Mật ong 2 muỗnguỗng canh; Vani 1 Ống
3677,Gỏi Rong Biển,low_food_id_cover,cover=0.00 thieu: Rong biển
3678,Bánh Kem Dưa Hấu,unparsed_main_ingredient,Dưa hấu 1 Trái; Kem whipping 500 muỗngl; Kiwi 1 Trái
3679,Hành Phi,low_food_id_cover,cover=0.00 thieu: Hành tím
3680,Kẹo Đậu Phộng,unparsed_main_ingredient,Sữa đặc 350 muỗngl; Kem whipping 30 muỗngl
3681,Bún Mắm Heo Quay,unparsed_main_ingredient,Mắm nêm 1 Chén; Thơm 1/4 Trái; Đu đủ 1/2 Trái; Cà rốt 1/2 Củ
3682,Chè Bà Cốt,unparsed_main_ingredient,Gừng 1/2 Củ
3683,Tôm Chiên Xù,unparsed_main_ingredient,Tôm tươi 6 Con; Trứng gà 1 Quả; Bột chiên xù 1 Gói; Rượu trắng 5 muỗngl
3684,Nộm Gà Xé,unparsed_main_ingredient,Cà rốt 1/3 Củ; Gừng 1/4 Củ
3685,Mì Xào Thịt Bò,unparsed_main_ingredient,Dầu olive 1 muỗnguỗng canh; Mật ong 2 muỗnguỗng canh
3686,Mực Sốt Me,unparsed_main_ingredient,Rượu trắng 2 muỗnguỗng canh
3687,Cháo Bò Bằm,low_food_id_cover,cover=0.35 thieu: Thịt bò
3688,Sườn Non Rim Mặn,low_food_id_cover,cover=0.00 thieu: Sườn non
3689,Salad Gà,unparsed_main_ingredient,Cà rốt 1 Củ; Sốt Mayonnaise 1 muỗnguỗng canh; Gừng 4 Lát; Dầu olive 2 muỗnguỗng cà phê
3690,Khổ Qua Chiên Giòn,no_metric_qty,khong co nguyen lieu nao ghi don vi g/kg/ml/l parse duoc
3691,Chè Hoa Quả,unparsed_main_ingredient,Thơm 1/2 Trái; Xoài chín 2 Trái; Đu đủ 1 Trái; Mãng cầu gai 1/2 Trái
3692,Bánh Pancakes,unparsed_main_ingredient,Trứng gà 1 Quả; Sữa tươi 300 muỗngl; Vani 1 muỗnguỗng cà phê
3693,Bánh Su Kem,unparsed_main_ingredient,Trứng gà 7 Quả; Sữa tươi 250 muỗngl; Kem sữa tươi 50 muỗngl; Vani 1/4 muỗnguỗng cà phê
3694,Sườn Nướng Chua Ngọt,unparsed_main_ingredient,Gừng 1 Củ; Bột ngũ vị hương 1 muỗnguỗng canh; Mật ong 1 muỗnguỗng canh
3695,Bột Ớt Cayenne Tại Nhà,low_food_id_cover,cover=0.17 thieu: Ớt
3696,Chè Hạt Sen Đậu Xanh,low_food_id_cover,"cover=0.27 thieu: Nha đam, Đường phèn"
3697,Xôi Cúc,low_food_id_cover,"cover=0.63 thieu: Bột gạo, Bột nếp, Thịt ba chỉ, Lá khúc"
3698,Thịt Viên Khoai Từ,unparsed_main_ingredient,Cà rốt 1/2 Củ
3700,Bún Bò Tái,unparsed_main_ingredient,Sả 5 Cây; Dầu đậu phộng 3 muỗnguỗng canh
3701,Bánh Nhúng,unparsed_main_ingredient,Nước cốt dừa 400 muỗngl; Trứng gà 2 Quả
3702,Cơm Trái Thơm,unparsed_main_ingredient,Cơm 3 Chén; Thơm 1/2 Trái; Mật ong 1/2 muỗnguỗng canh; Dầu olive 1/2 muỗnguỗng canh
3703,Sườn Non Kho Thơm,unparsed_main_ingredient,Thơm 1 Trái
3704,Bánh Táo,unparsed_main_ingredient,Táo 2 Trái; Trứng gà 1 Quả; Vỏ bánh gối 6 muỗngiếng; Bột quế 1 muỗnguỗng cà phê
3705,Sườn Non Kho Tiêu,unparsed_main_ingredient,Nước màu 1 muỗnguỗng canh
3706,Bánh Nhân Thơm,unparsed_main_ingredient,Thơm 1 Trái; Hoa hồi 1 Cái; Bột mì 3 Chén; Bơ 1 muỗnguỗng canh
3707,Ớt Xay Ngâm,no_metric_qty,khong co nguyen lieu nao ghi don vi g/kg/ml/l parse duoc
3708,Bánh Dâu Tây,unparsed_main_ingredient,Sữa tươi 85 muỗngl; Trứng gà 3 Quả; Mật ong 3 muỗnguỗng canh
3709,Bò Xào Lá Lốt,low_food_id_cover,cover=0.20 thieu: Thịt bò
3710,Su Su Xào Trứng,unparsed_main_ingredient,Trứng gà 1 Quả
3711,Mứt Vỏ Trái Cam,low_food_id_cover,cover=0.45 thieu: Vỏ cam
3712,Củ Cải Ngâm Chua Ngọt,unparsed_main_ingredient,Cà rốt 4 Củ; Củ cải trắng 3 Củ; Gừng 1 muỗngiếng; Nước 350 muỗngl
3713,Hến Xào Miến,unparsed_main_ingredient,Cà rốt 1/2 Củ; Nấm mèo 2 Tai
3714,Cơm Rang Kim Chi,unparsed_main_ingredient,Cơm 2 Chén
3715,Cá Nục Kho Thơm,unparsed_main_ingredient,Thơm 1/2 Trái
3716,Cá Kho Thịt,unparsed_main_ingredient,Cà chua 1 Trái; Nước màu 1 muỗnguỗng cà phê
3717,Cá Chép Sốt Cà Chua,no_metric_qty,khong co nguyen lieu nao ghi don vi g/kg/ml/l parse duoc
3718,Ba Rọi Lắc Sả Tắc,unparsed_main_ingredient,Trái tắc 10 Quả; Xả 5 Cây
3719,Sinh Tố Sa Pô Chê,no_metric_qty,khong co nguyen lieu nao ghi don vi g/kg/ml/l parse duoc
3720,Hến Xào Sả Ớt Cà Ri,unparsed_main_ingredient,Sả 2 Cây; Bột cà ri 1 Gói
3721,Kẹo Dẻo Chíp Chíp Hương Matcha,unparsed_main_ingredient,Nước lọc 150 muỗngl
3722,Mắm Nêm,unparsed_main_ingredient,Nước cốt chanh 5 muỗngl
3723,Kem Bơ Đà Lạt,unparsed_main_ingredient,Trái bơ 2 Trái; Sữa tươi 50 muỗngl
3725,Bánh Xoài,unparsed_main_ingredient,Xoài chín 2 Trái; Bột nở baking powder 1 muỗnguỗng cà phê; Vani 1 muỗnguỗng cà phê
3726,Gỏi Bao Tử,unparsed_main_ingredient,Rượu trắng 1 muỗnguỗng canh; Sa tế 1 muỗnguỗng cà phê; Hoa hồi 2 Lát
3727,Sinh Tố Dưa Gang,unparsed_main_ingredient,Sữa đặc 1 muỗnguỗng canh; Sữa tươi 100 muỗngl; Sữa chua 1 Hũ
3728,Bánh Mì Chiên Tôm,unparsed_main_ingredient,Bánh mì sandwich 4 Lát; Trứng gà 1 Quả
3729,Hàu Nướng Bơ,no_metric_qty,khong co nguyen lieu nao ghi don vi g/kg/ml/l parse duoc
3730,Xôi Trà Xanh,unparsed_main_ingredient,Bột trà xanh 2 muỗnguỗng cà phê; Trứng cút 20 Quả; Lạp xưởng 1 Cây
3731,Canh Thịt Heo Rau Củ,unparsed_main_ingredient,Cà rốt 1/2 Củ
3732,Bánh Muffin Cherry,unparsed_main_ingredient,Trứng gà 2 Quả; Sữa tươi 200 muỗngl; Cherry 18 Trái; Bột gừng 1 muỗnguỗng cà phê
3733,Đậu Hũ Xào Thịt Heo,unparsed_main_ingredient,Đậu hũ non 2 muỗngiếng; Bột bắp 1 muỗnguỗng cà phê
3734,Tôm Rang Muối,unparsed_main_ingredient,Sả 1 Cây; Gừng 1 Củ; Bột chiên giòn 1/2 Gói
3735,Cánh Gà Sốt Chua Ngọt,low_food_id_cover,"cover=0.25 thieu: Cánh gà, Me, Bột năng"
3736,Mì Xào Hải Sản,unparsed_main_ingredient,Tôm tươi 6 Con; Mì vắt 1/2 Gói; Cần tây 2 Nhánh; Nước dùng gà 80 muỗngl
3737,Nộm Xoài Xanh,unparsed_main_ingredient,Xoài xanh 1 Trái; Nước cốt chanh 1 muỗnguỗng canh
3738,Khoai Tây Nướng Ngon,no_metric_qty,khong co nguyen lieu nao ghi don vi g/kg/ml/l parse duoc
3739,Kem Đậu Xanh,unparsed_main_ingredient,Sữa tươi 100 muỗngl
3740,Gà Nấu Cam,unparsed_main_ingredient,Cam 2 Trái; Nước dùng gà 100 muỗngl; Rượu trắng 1 muỗnguỗng canh; Mật ong 1 muỗnguỗng canh
3741,Burger Đậu Hũ,unparsed_main_ingredient,Nấm đông cô 3 Cái; Cà rốt 1/3 Củ; Bột chiên xù 3 muỗnguỗng canh; Lá chanh 2 Lá
3742,Chà Bông Tôm,unparsed_main_ingredient,Gừng 5 Lát
3743,Xôi Đậu Phộng,low_food_id_cover,cover=0.67 thieu: Đậu phộng
3744,Cá Basa Phi Lê Áp Chảo,unparsed_main_ingredient,Mật ong 2 muỗnguỗng cà phê
3745,Salad Trộn Dầu Giấm,unparsed_main_ingredient,Dưa leo 1 Trái
3746,Nước Detox Chanh Và Dưa Leo,no_metric_qty,khong co nguyen lieu nao ghi don vi g/kg/ml/l parse duoc
3747,Mì Ý Kiểu Việt,no_metric_qty,khong co nguyen lieu nao ghi don vi g/kg/ml/l parse duoc
3748,Bánh Dừa Nướng Quảng Nam,unparsed_main_ingredient,Sữa đặc 10 muỗngl
3749,Canh Khổ Qua Cá Thác Lác,low_food_id_cover,cover=0.62 thieu: Cá thác lác
3750,Sườn Heo Xào Chua Ngọt,unparsed_main_ingredient,Mật ong 1 muỗnguỗng canh; Nước màu 1 muỗnguỗng canh
3751,Thịt Bò Xào Lá Lốt,unparsed_main_ingredient,Lá lốt 20 Lá; Bột bắp 1 muỗnguỗng cà phê
3752,Bò Viên Chua Cay,unparsed_main_ingredient,Bột năng 1/2 muỗnguỗng cà phê
3753,Cơm Chiên Dứa,unparsed_main_ingredient,Cơm 2 Chén; Bột cà ri 1 muỗnguỗng cà phê; Thơm 1/2 Trái
3754,Hoành Thánh Chiên Nhân Tôm,unparsed_main_ingredient,Gừng băm 5 muỗnguỗng cà phê; Vỏ hoành thánh 50 muỗngiếng
3755,Bánh Bắp Chiên,unparsed_main_ingredient,Bột bắp 1 Chén; Sữa tươi 80 muỗngl; Bột nở baking powder 1 muỗnguỗng cà phê; Trứng gà 2 Quả
3756,Súp Bí Đỏ Nướng,unparsed_main_ingredient,Dầu olive 1 muỗnguỗng canh; Siro đường 1 muỗnguỗng cà phê; Nhục đậu khấu 1/4 muỗnguỗng cà phê; Nước dùng gà 4 Chén
3757,Lươn Xào Sả Ớt,unparsed_main_ingredient,Nước cốt dừa 15 muỗngl; Sả băm 2 muỗnguỗng canh; Bột cà ri 2 muỗnguỗng cà phê; Rượu trắng 15 muỗnguỗng canh
3758,Tôm Hùm Nướng Bơ Tỏi,unparsed_main_ingredient,Tôm tươi 1 Con
3759,Canh Bí Đỏ Nấu Tôm,low_food_id_cover,cover=0.60 thieu: Tôm tươi
3760,Canh Khoai Sọ Thịt Băm,low_food_id_cover,cover=0.67 thieu: Thịt nạc vai
3761,Gỏi Dưa Leo,no_metric_qty,khong co nguyen lieu nao ghi don vi g/kg/ml/l parse duoc
3762,Canh Cá Nấu Dưa Chua,unparsed_main_ingredient,Cà chua 2 Trái; Thì là 1/2 Cây
3763,Tôm Xào Măng Tây,low_food_id_cover,cover=0.54 thieu: Tôm tươi
3764,Cá Kho Thịt Ba Chỉ,unparsed_main_ingredient,Củ riềng 1 Củ; Hạt tiêu 1 muỗnguỗng cà phê; Nước màu 1 muỗnguỗng cà phê
3765,Tào Phớ Nóng Mịn Màng,unparsed_main_ingredient,Lá dứa 3 Lá; Gừng 1/2 Củ
3766,Cơm Chiên Tỏi,unparsed_main_ingredient,Cơm 2 Chén; Cơm 1/2 Chén
3767,Chem Chép Nướng Phô Mai Béo,unparsed_main_ingredient,Hạt tiêu 1 muỗnguỗng cà phê
3768,Bánh Khoai,unparsed_main_ingredient,Khoai lang 2 Củ; Trứng gà 1 Quả; Sữa chua 1 Hũ
3769,Cua Sốt Trứng Muối,unparsed_main_ingredient,Cua biển 2 Con; Trứng muối 6 muỗngúi
3770,Cá Kèo Kho Tộ Cay,low_food_id_cover,"cover=0.00 thieu: Tỏi băm, Cá kèo, Hành tím, Ớt, Tiêu"
3771,Cua Biển Rang Me,unparsed_main_ingredient,Cua biển 1 Con
3772,Cá Đối Kho Hành Gừng,unparsed_main_ingredient,Rượu vang 2 muỗnguỗng canh
3773,Trứng Chiên Cà Chua,no_metric_qty,khong co nguyen lieu nao ghi don vi g/kg/ml/l parse duoc
3774,Sườn Rim Mật Ong,unparsed_main_ingredient,Mật ong 80 muỗngl; Rượu trắng 20 muỗngl
3775,Bò Kho Ngon Kiểu Mới,unparsed_main_ingredient,Dầu olive 30 muỗngl; Nước dùng 900 muỗngl; Cà rốt 3 Củ; Rượu vang 115 muỗngl
3776,Gà Sốt Nước Tương,unparsed_main_ingredient,Gừng băm 3 muỗnguỗng cà phê; Bột năng 1 muỗnguỗng cà phê
3777,Lẩu Cá Khoai,unparsed_main_ingredient,Cà chua 2 Trái
3778,Sữa Gạo Lứt,unparsed_main_ingredient,Sữa tươi không đường 250 muỗngl; Vani 2 muỗnguỗng cà phê
3779,Sơ Chế Nha Đam,no_metric_qty,khong co nguyen lieu nao ghi don vi g/kg/ml/l parse duoc
3780,Xôi Đậu Đen,unparsed_main_ingredient,Gạo nếp 3 Chén
3781,Bánh Dorayaki,unparsed_main_ingredient,Trứng gà 2 Quả; Sữa tươi 120 muỗngl; Mật ong 15 muỗngl
3782,Bánh Mì Gối Nhân Bông Lan Trà Xanh,unparsed_main_ingredient,Sữa tươi 185 muỗngl; N/A; Dầu bắp 55 muỗngl; Nước cốt chanh 1 muỗngl
3783,Thịt Bò Xào Sốt Đậu Phộng,unparsed_main_ingredient,Cà ri dầu 5 muỗngl; Nước cốt me 45 muỗngl; Nước cốt dừa 500 muỗngl
3784,Chè Bí Đỏ,low_food_id_cover,"cover=0.70 thieu: Bột báng, Đậu phộng"
3785,Xôi Gấc,unparsed_main_ingredient,Gấc 1/2 Trái; Rượu trắng 1 muỗnguỗng canh
3786,Gà Xào Sả,unparsed_main_ingredient,Sả 3 Cây
3787,Gỏi Chân Gà Rút Xương,unparsed_main_ingredient,Chân gà 6 Cái; Gừng 1 muỗngiếng
3788,Tôm Xào Rau Củ,unparsed_main_ingredient,Bạc hà 2 Cây; Cà rốt 1 Củ; Dưa leo 1 Trái
3789,Trái Cây Trộn Sữa Chua,unparsed_main_ingredient,Sữa chua 1 Hũ; Sữa tươi 120 muỗngl
3790,Thịt Thăn Xiên Chiên,unparsed_main_ingredient,Bột bắp 1 muỗnguỗng canh
3791,Súp Bí Đỏ,low_food_id_cover,cover=0.73 thieu: Bột nếp
3792,Bánh Táo Tẩm Đường,unparsed_main_ingredient,Táo 2 Trái; Bơ lạt 2 muỗnguỗng canh; Nước cốt chanh 1 muỗnguỗng cà phê; Bột quế 1/2 muỗnguỗng cà phê
3793,Canh Chua Cá Hú,unparsed_main_ingredient,Cá hú 1 Con; Thơm 1/3 Trái
3794,Bún Nước Lèo,unparsed_main_ingredient,Nước 4 Lít; Sả 2 Cây
3796,Nha Đam Nấu Đường Phèn,low_food_id_cover,"cover=0.00 thieu: Nha đam, Đường phèn"
3797,Cơm Rang Trứng,unparsed_main_ingredient,Cơm 2 Chén; Gừng 1 Củ; Trứng gà 2 Quả
3798,Dưa Cải Muối Chua,low_food_id_cover,cover=0.01 thieu: Cải bẹ
3799,Thịt Ba Chỉ Sốt Mật Ong,unparsed_main_ingredient,Mật ong 2 muỗnguỗng canh
3800,Tai Heo Ngâm Giấm,unparsed_main_ingredient,Hạt tiêu 1/2 muỗnguỗng cà phê; Gừng 1 Củ
3801,Chè Khúc Bạch,unparsed_main_ingredient,Bột trà xanh 1 muỗnguỗng cà phê; Hạnh nhân 2 muỗnguỗng canh; Sữa tươi không đường 240 muỗngl; Kem sữa tươi 240 muỗngl
3802,Tôm Thẻ Rim Chua Ngọt,unparsed_main_ingredient,Nước 5 muỗnguỗng canh
3803,Chè Nếp Cẩm,unparsed_main_ingredient,Gạo nếp 1 Chén; Nước cốt dừa 40 muỗngl; Lá dứa 1 Bó; Bột năng 4 muỗnguỗng cà phê
3804,Cơm Gà Chiên,unparsed_main_ingredient,Đùi gà 2 Cái; Cà rốt 1 Củ; Gừng 1 Củ; Rượu trắng 15 muỗngl
3805,Thịt Vịt Kho Măng,unparsed_main_ingredient,Gừng 1 Củ; Rượu trắng 1 muỗnguỗng canh; Bột ngũ vị hương 2 muỗnguỗng canh
3806,Bò Xào Đậu Que,low_food_id_cover,cover=0.71 thieu: Thịt bò
3807,Chè Thạch,unparsed_main_ingredient,Nước dừa 100 muỗngl; Lá Gelatine 2 Lá; Sữa đặc 50 muỗngl; Nước cốt dừa 50 muỗngl
3808,Kem Trà Xanh,unparsed_main_ingredient,Lá trà xanh 50 Lá
3809,Salad Cà Rốt,no_metric_qty,khong co nguyen lieu nao ghi don vi g/kg/ml/l parse duoc
3810,Khoai Lang Que Chiên Giòn,no_metric_qty,khong co nguyen lieu nao ghi don vi g/kg/ml/l parse duoc
3811,Pudding Sữa Dâu Tây,unparsed_main_ingredient,Sữa tươi 150 muỗngl; Bột bắp 1 muỗnguỗng canh
3812,Gà Nướng Phô Mai,unparsed_main_ingredient,Mật ong 60 muỗngl; Nước 60 muỗngl; Bánh gạo 1 Gói
3813,Sữa Bắp Cho Bé,unparsed_main_ingredient,Bắp Mỹ 3 Trái
3814,Sữa Chua Dâu Tây,unparsed_main_ingredient,Mật ong 45 muỗngl; Sữa chua 3 Hũ; Nước cốt chanh 1 muỗnguỗng canh
3815,Bánh Flan Nướng,unparsed_main_ingredient,Trứng gà 10 Quả; Vani 1 Ống
3816,Gà Ác Thuốc Bắc,no_metric_qty,khong co nguyen lieu nao ghi don vi g/kg/ml/l parse duoc
3817,Mì Quảng Chay,unparsed_main_ingredient,Củ cải trắng 1 Củ; Cà chua 1 Trái; Đậu hũ non 2 muỗngiếng; Bánh đa 2 Cái
3818,Bánh Bao Nướng Đường Quế,unparsed_main_ingredient,Sữa tươi 240 muỗngl; Nước 80 muỗngl; Bột quế 1 muỗnguỗng cà phê
3819,Thịt Ba Chỉ Kho Măng Tươi,low_food_id_cover,cover=0.57 thieu: Thịt ba chỉ
3820,Xôi Lá Dứa,unparsed_main_ingredient,Nước lá dứa 50 muỗngl; Nước cốt dừa 1 Chén
3821,Cá Saba Chiên Giòn Béo,unparsed_main_ingredient,Cá saba 2 Con; Rượu vang 10 muỗngl
3822,Gà Nấu Patê,unparsed_main_ingredient,Cà rốt 1 Củ
3824,Thịt Kho Rau Củ,unparsed_main_ingredient,Su hào 1 Củ; Khoai tây 1 Củ; Nước màu 1 muỗnguỗng cà phê
3825,Tôm Hấp Nước Dừa,unparsed_main_ingredient,Dừa 1 Trái; Dưa leo 1 Trái; Dưa leo 1 Trái; Cà chua 1 Trái
3826,Canh Cá Củ Cải,unparsed_main_ingredient,Cá chép 1 Con; Rượu trắng 10 muỗngl
3827,Chè Chuối Cốt Dừa,unparsed_main_ingredient,Chuối 10 Trái; Nước cốt dừa 500 muỗngl; Lá dứa 1/2 Bó; N/A
3828,Sinh Tố Mít Tươi,unparsed_main_ingredient,Sữa tươi 100 muỗngl; Đá 1/2 Chén
3829,Trứng Cuộn Pate Xúc Xích,unparsed_main_ingredient,Trứng gà 4 Quả; Xúc xích 4 Cây; Cà chua 2 Trái
3830,Piroshki – Bánh Mì Ngọt Kiểu Nga,unparsed_main_ingredient,Kem sữa tươi 225 muỗngl; Trứng gà 2 Quả; Men nở 1 muỗnguỗng canh; Cà rốt 2 Củ
3831,Bánh Hành,unparsed_main_ingredient,Trứng gà 2 Quả
3832,Nộm Đu Đủ,unparsed_main_ingredient,Nước cốt chanh 2 muỗnguỗng canh; Lá chanh 2 Lá
3833,Xúc Xích Bò Heo,unparsed_main_ingredient,Hạt tiêu 1 muỗnguỗng cà phê; Hạt rau mùi 1/2 muỗnguỗng cà phê; Bột bắp 1 muỗnguỗng canh; Rượu trắng 1 muỗnguỗng canh
3834,Miến Xào Trứng,unparsed_main_ingredient,Trứng gà 2 Quả
3835,Thạch Bí Đỏ Ngon,unparsed_main_ingredient,Sữa tươi 100 muỗngl
3836,Ếch Kho Sả Ớt,unparsed_main_ingredient,Sả 2 Cây
3837,Yaourt Sữa Tươi,no_metric_qty,khong co nguyen lieu nao ghi don vi g/kg/ml/l parse duoc
3838,Bánh Pizza Gà,unparsed_main_ingredient,Khoai tây 1 Củ; Sốt cà chua 2 muỗnguỗng canh; Đùi gà 3 Cái; Bí ngòi 1/2 Trái
3839,Tôm Xào Thập Cẩm,unparsed_main_ingredient,Rượu trắng 15 muỗngl
3840,Gà Nướng Sả Ớt,unparsed_main_ingredient,Sả 3 muỗnguỗng canh; Mật ong 1 muỗnguỗng canh
3841,Bánh Cua Nướng,unparsed_main_ingredient,Trứng gà 1 Quả; Mù tạt 1/4 muỗnguỗng cà phê; Sa tế 1/4 muỗnguỗng cà phê
3842,Chả Cá Rim Mặn Ngọt,low_food_id_cover,cover=0.00 thieu: Phi lê cá
3843,Sữa Đậu Nành,unparsed_main_ingredient,Lá dứa 1/2 Bó
3844,Bò Cuốn Lá Cải,unparsed_main_ingredient,Cà rốt 1 Củ; Cải bẹ 3 Cây; Gừng 1 Củ; Dưa leo 1 Trái
3845,Tempura Rau Củ,unparsed_main_ingredient,Cà rốt 1/3 Củ; Men nở 1 muỗnguỗng cà phê
3846,Chân Gà Nướng,no_metric_qty,khong co nguyen lieu nao ghi don vi g/kg/ml/l parse duoc
3847,Chè Kho,unparsed_main_ingredient,Dầu bắp 120 muỗngl; Bột mì 1/2 Chén
3848,Chân Gà Chiên Giòn,no_metric_qty,khong co nguyen lieu nao ghi don vi g/kg/ml/l parse duoc
3849,Spaghetti Sốt Tôm,unparsed_main_ingredient,Cà chua 5 Trái; Nấm mỡ 2 Cái; Cà rốt 1 Củ; Bơ 1 muỗnguỗng canh
3850,Bánh Tôm Chiên Giòn,low_food_id_cover,"cover=0.64 thieu: Tôm tươi, Bột năng"
3851,Thịt Bò Cuốn Lá Lốt,low_food_id_cover,"cover=0.25 thieu: Thịt bò, Thịt heo bằm"
3852,Mứt Khoai Tây,unparsed_main_ingredient,Khoai tây 5 Củ
3853,Sinh Tố Chuối Sữa Chua,no_metric_qty,khong co nguyen lieu nao ghi don vi g/kg/ml/l parse duoc
3854,Cá Ba Sa Kho Gừng,unparsed_main_ingredient,Gừng 1 Củ; Nước màu 2 muỗnguỗng cà phê
3855,Kem Chuối,unparsed_main_ingredient,Chuối 4 Trái; Nước cốt dừa 1/2 Chén; Bột năng 1 muỗnguỗng canh
3856,Thịt Heo Rừng Xào Sả Ớt,unparsed_main_ingredient,Sả 2 Cây
3857,Cháo Sò Huyết,low_food_id_cover,cover=0.31 thieu: Sò huyết
3858,Salad Khoai Tây,unparsed_main_ingredient,Khoai tây 4 Củ; Trứng gà 5 Quả; Táo 1 Trái; Bánh mì 1 Cái
3859,Chân Gà Nướng Sa Tế,unparsed_main_ingredient,Nước màu 1/2 muỗnguỗng canh; Sa tế 1 muỗnguỗng cà phê; Rượu trắng 2 muỗnguỗng canh; Hoa hồi 2 Cái
3860,Bánh Gan,unparsed_main_ingredient,Trứng vịt 5 Quả; Nước cốt dừa 200 muỗngl; Bột cacao 2 muỗnguỗng cà phê; Bột năng 2 muỗnguỗng cà phê
3861,Mứt Cà Rốt Sợi,unparsed_main_ingredient,Cà rốt 4 Củ; Cam 1 Trái; Nước vôi trong 2 Lít
3862,Bánh Bèo Chay,no_metric_qty,khong co nguyen lieu nao ghi don vi g/kg/ml/l parse duoc
3863,Sò Huyết Giòn Ngọt Xào Rau Răm,unparsed_main_ingredient,Dầu điều 1 muỗnguỗng cà phê
3864,Canh Riêu Cua,no_metric_qty,khong co nguyen lieu nao ghi don vi g/kg/ml/l parse duoc
3866,Tôm Kho Tàu,unparsed_main_ingredient,Dừa 1 Trái; Dầu điều 2 muỗnguỗng cà phê
3867,Chà Bông,low_food_id_cover,cover=0.00 thieu: Thịt thăn heo
3868,Bánh Mì Papparoti,unparsed_main_ingredient,Trứng gà 2 Quả; Bột cà phê 2 muỗnguỗng canh
3869,Bắp Xào Tôm Khô,unparsed_main_ingredient,Bơ 1 muỗnguỗng cà phê
3870,Bánh Kem Trà Xanh,unparsed_main_ingredient,Trứng gà 4 Quả; Sữa tươi 40 muỗngl; Nước cốt chanh 1 muỗnguỗng canh
3871,Chân Gà Ngâm Chua Ngọt,unparsed_main_ingredient,Hoa hồi 3 Cái; Cà rốt 1 Củ; Sả 15 Cây
3872,Rau Câu Nhân Phô Mai,unparsed_main_ingredient,Phô mai 1 Hộp; Bụp giấm 20 muỗngl
3873,Đậu Hũ Chiên,unparsed_main_ingredient,Trứng gà 1 Quả
3874,Chuối Sấy,no_metric_qty,khong co nguyen lieu nao ghi don vi g/kg/ml/l parse duoc
3875,Thịt Bò Xào Rau Muống,low_food_id_cover,cover=0.71 thieu: Thịt bò
3876,Cá Diếc Xiên Nướng,unparsed_main_ingredient,Gừng 1 muỗngiếng
3877,Cánh Gà Nướng,no_metric_qty,khong co nguyen lieu nao ghi don vi g/kg/ml/l parse duoc
3878,Lẩu Ếch Nấu Măng,unparsed_main_ingredient,Tía tô 3 Cây; Lá lốt 10 Lá; Sả 5 Cây; Bột nghệ 3 muỗnguỗng cà phê
3879,Thịt Vịt Nấu Giả Cầy,unparsed_main_ingredient,Thịt vịt 1/2 Con; Riềng băm 2 muỗnguỗng cà phê; Cơm mẻ 3 muỗnguỗng canh; Mắm tôm 1 muỗnguỗng cà phê
3880,Bánh Sinh Nhật Dâu Tây,unparsed_main_ingredient,Lá Gelatine 2 Lá; Trứng gà 7 Quả
3881,Chè Bí Đỏ Trân Châu,unparsed_main_ingredient,Nước cốt dừa 240 muỗngl
3882,Chè Sầu Riêng,unparsed_main_ingredient,Sữa tươi 150 muỗngl; Nước dừa 150 muỗngl; Nước cốt dừa 60 muỗngl; Bột năng 2 muỗnguỗng canh
3883,Nghêu Xào Sả Ớt,unparsed_main_ingredient,Sả 2 Cây; Sa tế 1 muỗnguỗng canh
3884,Sữa Chua Nha Đam,unparsed_main_ingredient,Sữa tươi 150 muỗngl; Nước cốt chanh 1 muỗnguỗng canh; Sữa chua 2 Hũ
3885,Chè Nha Đam Đậu Xanh,unparsed_main_ingredient,Nước cốt dừa 40 muỗngl; Bột năng 2 muỗnguỗng cà phê
3886,Trứng Kho Nước Tương,no_metric_qty,khong co nguyen lieu nao ghi don vi g/kg/ml/l parse duoc
3887,Mứt Vỏ Bưởi Dẻo,unparsed_main_ingredient,Bưởi 1 Trái; Mật ong 50 muỗngl
3888,Rau Câu Dừa Non,unparsed_main_ingredient,Dừa 2 Trái
3889,Đậu Bắp Xào Trứng,unparsed_main_ingredient,Trứng gà 2 Quả
3890,Thịt Ba Chỉ Kho Măng,unparsed_main_ingredient,Rượu trắng 15 muỗngl; Nước màu 5 muỗngl; Gừng băm 1 muỗnguỗng cà phê
3891,Tôm Rang Mặn Ngọt,low_food_id_cover,cover=0.22 thieu: Tôm tươi
3892,Mắm Đu Đủ Chay,low_food_id_cover,"cover=0.33 thieu: Đu đủ, Ớt"
3893,Mứt Cùi Bưởi,unparsed_main_ingredient,Bưởi 1 Trái
3894,Khoai Tây Nướng,unparsed_main_ingredient,Khoai tây 3 Củ; Dầu olive 1 muỗnguỗng canh; Lá hương thảo 1/2 muỗnguỗng cà phê; Húng tây 1/2 muỗnguỗng cà phê
3895,Súp Nui Nấu Thịt Gà,unparsed_main_ingredient,Cà rốt 1/2 Củ; Cần tây 2 Nhánh; Sốt cà chua 200 muỗngl; Đùi gà 1 Cái
3896,Mứt Mãng Cầu,unparsed_main_ingredient,Mãng cầu gai 1 Trái; Vani 1 muỗnguỗng cà phê
3897,Bánh Hành Chiên,unparsed_main_ingredient,Trứng gà 2 Quả
3898,Mì Xào Bò,unparsed_main_ingredient,Cà rốt 1 Củ; Rượu trắng 1 muỗnguỗng cà phê
3899,Cơm Rượu Nếp Cẩm,low_food_id_cover,"cover=0.00 thieu: Nếp than, Men cơm rượu"
3900,Bánh Mì Gấu,unparsed_main_ingredient,Sữa tươi không đường 230 muỗngl
3901,Bánh Chuối Chiên,unparsed_main_ingredient,Bánh tráng 1 Gói; Chuối 1 Trái; N/A
3902,Bún Xào Lòng Gà,unparsed_main_ingredient,Lòng gà 0.67 Bộ
3903,Bánh Ướt Lòng Gà,unparsed_main_ingredient,Lòng gà 1 Bộ; Đùi gà 1 Cái; Rau răm 1/4 Nắm
3904,Xôi Lá Cẩm,unparsed_main_ingredient,Lá cẩm 1 Bó; Nước cốt dừa 20 muỗngl
3905,Bánh Tráng Trộn Ngon,unparsed_main_ingredient,Bánh tráng 8 muỗngiếng; Trứng cút 8 Quả; Xoài xanh 1 Trái; Tép khô 1/3 Chén
3906,Chả Cá Lã Vọng,unparsed_main_ingredient,Mắm tôm 1 Chén; Cơm mẻ 1 muỗnguỗng canh; Củ nghệ 1 Củ; Củ riềng 1 Củ
3907,Khoai Môn Kẹp Thịt Chiên Giòn,unparsed_main_ingredient,Trứng gà 2 Quả
3908,Giả Khoai Tây Chiên Từ Bánh,unparsed_main_ingredient,Bánh bông lan 1 Ổ; Nước cốt chanh 10 muỗngl
3909,Mứt Mận,unparsed_main_ingredient,Nước cốt chanh 15 muỗngl
3910,Chè Bắp,unparsed_main_ingredient,Bắp nếp 3 Trái; Nước cốt dừa 50 muỗngl; Bột năng 1 muỗnguỗng cà phê
3911,Nước Uống Chanh Dây,no_metric_qty,khong co nguyen lieu nao ghi don vi g/kg/ml/l parse duoc
3912,Thịt Vịt Om Sấu,no_metric_qty,khong co nguyen lieu nao ghi don vi g/kg/ml/l parse duoc
3913,Đậu Hũ Non Sốt Thịt Bằm Lá Tỏi,unparsed_main_ingredient,Đậu hũ non 1 Hộp; Bột năng 1.50 muỗnguỗng cà phê; Gừng 1 Củ; Tương đậu đen 1 muỗnguỗng cà phê
3914,Cá Ba Sa Kho Gừng Tỏi Và Khoai Tây,unparsed_main_ingredient,Cá ba sa 1 Con; Khoai tây 4 Củ; Rượu vang 30 muỗngl; Gừng 1 Củ
3915,Khoai Mỡ Tím Chiên,unparsed_main_ingredient,Khoai mỡ 1 Củ; Sữa đặc 3 muỗnguỗng cà phê
3916,BáNh Khoai Lang Chiên Xù,unparsed_main_ingredient,Bột chiên xù 1 Gói; Sữa tươi 50 muỗngl
3917,Ruốc Cá Lóc,unparsed_main_ingredient,Cá lóc 1 Con; Gừng 1 Củ; Rượu trắng 2 muỗnguỗng canh; Cơm rượu 1/3 Chén
3918,Chè Cam,unparsed_main_ingredient,Cam 1 Trái; Nước cốt cam 240 muỗngl; Bột năng 1 muỗnguỗng canh
3919,Tôm Hấp Sả,no_metric_qty,khong co nguyen lieu nao ghi don vi g/kg/ml/l parse duoc
3920,Cá Rô Phi Chiên Xù,unparsed_main_ingredient,Trứng gà 2 Quả
3921,Gân Bò Ngâm Chua Ngọt,unparsed_main_ingredient,Cà rốt 1 Củ
3922,Canh Thịt Bò Nấu Củ Cải,unparsed_main_ingredient,Củ cải trắng 2 Trái
3923,Ba Rọi Cháy Tỏi,low_food_id_cover,"cover=0.00 thieu: Thịt ba chỉ, Bột chiên giòn, Tỏi băm, Ớt băm"
3924,Tôm Xóc Tỏi,low_food_id_cover,cover=0.00 thieu: Tôm tươi
3925,Gà Nấu Tỏi,unparsed_main_ingredient,Dầu olive 2 muỗnguỗng canh; Rượu trắng 2 muỗnguỗng canh; Sữa chua 50 muỗngl; Bột ớt paprika 1/2 muỗnguỗng cà phê
3926,Gỏi Hoa Chuối,low_food_id_cover,"cover=0.00 thieu: Bắp chuối, Thịt ba chỉ, Đậu phộng, Ngò gai"
3927,Lẩu Nấm Chay,low_food_id_cover,"cover=0.50 thieu: Nấm bào ngư, Nấm đùi gà, Nấm linh chi nâu, Nấm kim châm, Bắp non"
3928,Thịt Thăn Sốt Chua Ngọt,unparsed_main_ingredient,Tương cà 2 muỗnguỗng canh; Bột mì 3 muỗnguỗng canh; Trứng gà 2 Quả; Gừng 1 Củ
3929,Sa Kê Chiên Bột,unparsed_main_ingredient,Quả sa kê 1 Trái
3930,Canh Khổ Qua Dồn Thịt,low_food_id_cover,"cover=0.65 thieu: Thịt heo bằm, Nấm mèo"
3931,Lá Bạc Hà Ngâm Rượu,unparsed_main_ingredient,Rượu Vodka 500 muỗngl
3932,Móng Giò Kho Sả Ớt,no_metric_qty,khong co nguyen lieu nao ghi don vi g/kg/ml/l parse duoc
3933,Thịt Heo Chiên,unparsed_main_ingredient,Sả 1 muỗnguỗng canh; Dưa leo 1 Trái; Cà chua 2 Trái
3934,Khoai Sọ Bọc Thịt Chiên Xù,unparsed_main_ingredient,Khoai sọ 2 Củ; Nấm mèo 5 Cái; Trứng gà 1 Quả; Bột chiên xù 1/2 Gói
3935,Tôm Chiên Tỏi Ớt Chua Cay,unparsed_main_ingredient,Bơ 1/4 muỗnguỗng canh
3936,Sườn Nướng Xá Xíu Ngon Cơm,no_metric_qty,khong co nguyen lieu nao ghi don vi g/kg/ml/l parse duoc
3937,Cơm Chiên Muối Ớt Xanh,unparsed_main_ingredient,Cơm 4 Chén
3938,Lòng Gà Xào Mướp Hương,unparsed_main_ingredient,Mướp hương 2 Trái
3939,Chả Nghêu Bông Bí,unparsed_main_ingredient,Trứng gà 1 Quả; Thì là 1 Cây
3940,Tép Rang Chua Ngọt,unparsed_main_ingredient,Nước cốt chanh 1 muỗnguỗng canh
3941,Rau Muống Xào Chao,unparsed_main_ingredient,Chao 3 muỗnguỗng canh
3942,Nếp Cẩm Sữa Chua,unparsed_main_ingredient,Sữa tươi không đường 1 Lít; Sữa đặc 1 Lon; Sữa chua 1 Hũ; Lá dứa 1 Bó
3943,Nước Ép Dưa Leo,no_metric_qty,khong co nguyen lieu nao ghi don vi g/kg/ml/l parse duoc
3944,Gà Kho Táo Tàu,unparsed_main_ingredient,Thịt gà 1 Con; Rượu trắng 500 muỗngl
3945,Bánh Mì Bò Kho,unparsed_main_ingredient,Cà chua 2 Trái; Sả 1/2 muỗnguỗng cà phê; Bánh mì 4 Ổ
3946,Bánh Bao Nhân Thịt Băm Chiên Áp Chảo,unparsed_main_ingredient,Thập tam hương 1/2 muỗnguỗng cà phê; Chao 1 Viên
3947,Ốc Bươu Trộn Kiểu Thái,unparsed_main_ingredient,Sả 5 Cây
3948,Trà Bạc Hà,unparsed_main_ingredient,Trà túi lọc 8 Gói
3949,Khoai Tây Xào,no_metric_qty,khong co nguyen lieu nao ghi don vi g/kg/ml/l parse duoc
3950,Hủ Tiếu Khô Dân Dã,unparsed_main_ingredient,Cà rốt 3 Củ; Trứng cút 4 Quả; Hắc xì dầu 3 muỗnguỗng cà phê
3951,Bánh Ít Nhân Dừa,unparsed_main_ingredient,Bột năng 1 muỗnguỗng canh; Lá chuối 6 muỗngiếng
3952,Rau Muống Xào Bò,unparsed_main_ingredient,Bột năng 1/2 muỗnguỗng cà phê
3953,Chè Xoài,unparsed_main_ingredient,Xoài chín 1 Trái; Nước cốt dừa 250 muỗngl; Sữa tươi 1/2 Cốc
3954,Súp Cua Bí Đỏ Bông Cải,unparsed_main_ingredient,Cua biển 1 Con; Nước dùng gà 350 muỗngl; Kem sữa tươi 50 muỗngl; Sữa tươi không đường 30 muỗngl
3955,Bì Cơm Tấm,unparsed_main_ingredient,Nước dừa 150 muỗngl
3956,Thịt Chiên Sốt Chua Ngọt Hấp Dẫn,unparsed_main_ingredient,Gừng 1/2 Củ; Bột bắp 2 muỗnguỗng canh; Tương cà 2 muỗnguỗng canh; Lòng trắng trứng gà 1 Cái
3957,Lẩu Gà Cay,unparsed_main_ingredient,Gà 1 Con; Cà chua 1 Trái; Gừng 1 Củ; Cà rốt 1/4 Củ
3958,Bánh Flan Phô Mai Mềm,unparsed_main_ingredient,Trứng gà 6 Quả; Sữa tươi không đường 400 muỗngl; Kem whipping 50 muỗngl; Phô mai 4 Viên
3959,Trứng Chiên Tôm,unparsed_main_ingredient,Trứng gà 3 Quả; Bột bắp 2 muỗnguỗng canh; Rượu trắng 1 muỗnguỗng canh
3960,Lẩu Nấm Chay Chua Cay,unparsed_main_ingredient,Cà chua 1 Trái; Dầu olive 2 muỗnguỗng canh; Nước cốt me 150 muỗngl; Cà chua 1 Trái
3961,Canh Cá Chuồn Khổ Qua,unparsed_main_ingredient,Cá chuồn 2 Con; Khổ qua 2 Trái
3962,Thịt Bò Xào Giá Đỗ,low_food_id_cover,cover=0.60 thieu: Thịt bò
3963,Cá Nục Suôn Kho Mía,unparsed_main_ingredient,Mía 3 Khúc; Nước dừa 500 muỗngl
3964,Cupcake Bông Lan Trứng Muối,unparsed_main_ingredient,Trứng gà 2 Quả; Bột nở baking powder 1 muỗnguỗng cà phê; Sữa tươi không đường 120 muỗngl; Vani 1 muỗnguỗng cà phê
3965,Gà Chiên Mật Ong,unparsed_main_ingredient,Mật ong 50 muỗngl; Rượu trắng 1 muỗnguỗng cà phê
3966,Chè Vừng Đen,unparsed_main_ingredient,Bột sắn dây 1 muỗnguỗng canh
3967,Trà Chanh Mật Ong,no_metric_qty,khong co nguyen lieu nao ghi don vi g/kg/ml/l parse duoc
3968,Bò Sốt Rượu Vang,unparsed_main_ingredient,Cần tây 2 Cây; Cà rốt 3 Củ; Khoai tây 3 Củ; Rượu vang 240 muỗngl
3969,Nộm Rau Muống,unparsed_main_ingredient,Nước cốt chanh 1 muỗnguỗng canh
3970,Gà Viên Chiên,unparsed_main_ingredient,Trứng gà 2 Quả; Bột chiên xù 1/2 Gói; Bột ngũ vị hương 1 muỗnguỗng canh
3972,Sữa Chua Đu Đủ,no_metric_qty,khong co nguyen lieu nao ghi don vi g/kg/ml/l parse duoc
3973,Sữa Ngô Non,unparsed_main_ingredient,Bắp Mỹ 4 Trái; Sữa tươi có đường 200 muỗngl
3974,Giò Cháo Quẩy,unparsed_main_ingredient,Nước cốt chanh 1/2 muỗnguỗng cà phê
3975,Trà Sữa Trà Xanh,unparsed_main_ingredient,Sữa tươi 500 muỗngl
3976,Nộm Hoa Chuối,unparsed_main_ingredient,Trái tắc 5 Trái
3977,Cơm Cháy Kho Quẹt,unparsed_main_ingredient,Gạo tẻ 1 Chén; Gạo nếp 1 Chén
3978,Củ Cải Kho Thịt,unparsed_main_ingredient,Nước màu 2 muỗnguỗng canh
3979,Mứt Dừa Màu Lá Dứa,unparsed_main_ingredient,Lá dứa 1 Bó
3980,Sâm Bí Đao Đường Phèn,unparsed_main_ingredient,Lá dứa 20 Lá
3981,Salad Đậu Que,unparsed_main_ingredient,Đậu hũ non 1 muỗngiếng
3982,Củ Cải Xào Trứng,unparsed_main_ingredient,Củ cải trắng 2 Củ; Trứng gà 2 Quả
3983,Mứt Táo,unparsed_main_ingredient,Táo 4 Trái; Nước cốt chanh 2 muỗnguỗng canh
3984,Cà Ri Cá Viên,unparsed_main_ingredient,Nước cốt dừa 150 muỗngl
3985,Cánh Gà Chiên,no_metric_qty,khong co nguyen lieu nao ghi don vi g/kg/ml/l parse duoc
3986,Thịt Bò Khô Nhà Làm,unparsed_main_ingredient,10; Lá hương thảo 3 Lá
3987,Bánh Flan Bí Đỏ Mềm Thơm,unparsed_main_ingredient,Sữa tươi không đường 500 muỗngl; Trứng gà 5 Quả; Vani 1/2 muỗnguỗng cà phê
3988,Gân Bò Kho Tộ,unparsed_main_ingredient,Rượu trắng 2 muỗnguỗng canh
3989,Gỏi Cuốn Tôm Chua,unparsed_main_ingredient,Bánh tráng 5 muỗngiếng; Tôm tươi 15 Con; Trứng gà 1 Quả; Mù tạt 1/4 muỗnguỗng cà phê
3990,Mứt Củ Gừng,unparsed_main_ingredient,Gừng 2 Củ; Nước vôi trong 300 muỗngl
3991,Chè Nha Đam,unparsed_main_ingredient,Bột matcha 1 muỗnguỗng cà phê
3992,Thịt Heo Kho Thơm,unparsed_main_ingredient,Thơm 1/2 Trái; Nước dừa 100 muỗngl
3993,Cá Rô Đồng Kho Khế,unparsed_main_ingredient,Khế 1 Trái; Riềng xay 1 muỗnguỗng canh
3994,Canh Chua Cá Bông Lau,unparsed_main_ingredient,Me chua 1 muỗnguỗng canh; Nước 1 Lít
3995,Mousse Chanh Dây Tươi,unparsed_main_ingredient,Nước cốt chanh dây 1 muỗnguỗng canh; Trứng gà 6 Quả
3996,Cơm Trộn Thịt Hầm,unparsed_main_ingredient,Nấm hương 5 Cái; Rượu trắng 1 muỗnguỗng canh; Bột ngũ vị hương 1/2 muỗnguỗng cà phê; Cơm 5 Chén
3997,Bánh Trứng KFC,unparsed_main_ingredient,Trứng gà 3 Quả; Sữa tươi không đường 100 muỗngl
3998,Cơm Chiên Cá Mặn,unparsed_main_ingredient,Cơm 1 Tô; Trứng gà 2 Quả
3999,Thịt Gà Rang Lá Lốt,unparsed_main_ingredient,Sả 3 Cây; Gừng 1 muỗngiếng; Củ riềng 1 Củ; Bột chiên giòn 1 Gói
