dish_id,name_vi,name_en,region,origin,roles,serving_g,verified_by,note
FNDDS-2705384,,"Milk, NFS",,foreign,,100,USDA FNDDS (nguồn chính thức),"USDA FoodData Central (FNDDS/WWEIA Survey Foods), fdcId:2705384"
FNDDS-2705385,,"Milk, whole",,foreign,,100,USDA FNDDS (nguồn chính thức),"USDA FoodData Central (FNDDS/WWEIA Survey Foods), fdcId:2705385"
FNDDS-2705386,,"Milk, reduced fat (2%)",,foreign,,100,USDA FNDDS (nguồn chính thức),"USDA FoodData Central (FNDDS/WWEIA Survey Foods), fdcId:2705386"
FNDDS-2705387,,"Milk, low fat (1%)",,foreign,,100,USDA FNDDS (nguồn chính thức),"USDA FoodData Central (FNDDS/WWEIA Survey Foods), fdcId:2705387"
FNDDS-2705388,,"Milk, fat free (skim)",,foreign,,100,USDA FNDDS (nguồn chính thức),"USDA FoodData Central (FNDDS/WWEIA Survey Foods), fdcId:2705388"
FNDDS-2705389,,"Milk, lactose free, low fat (1%)",,foreign,,100,USDA FNDDS (nguồn chính thức),"USDA FoodData Central (FNDDS/WWEIA Survey Foods), fdcId:2705389"
FNDDS-2705390,,"Milk, lactose free, fat free (skim)",,foreign,,100,USDA FNDDS (nguồn chính thức),"USDA FoodData Central (FNDDS/WWEIA Survey Foods), fdcId:2705390"
FNDDS-2705391,,"Milk, lactose free, reduced fat (2%)",,foreign,,100,USDA FNDDS (nguồn chính thức),"USDA FoodData Central (FNDDS/WWEIA Survey Foods), fdcId:2705391"
FNDDS-2705392,,"Milk, lactose free, whole",,foreign,,100,USDA FNDDS (nguồn chính thức),"USDA FoodData Central (FNDDS/WWEIA Survey Foods), fdcId:2705392"
FNDDS-2705393,,Buttermilk,,foreign,,100,USDA FNDDS (nguồn chính thức),"USDA FoodData Central (FNDDS/WWEIA Survey Foods), fdcId:2705393"
FNDDS-2705394,,Kefir,,foreign,,100,USDA FNDDS (nguồn chính thức),"USDA FoodData Central (FNDDS/WWEIA Survey Foods), fdcId:2705394"
FNDDS-2705395,,Goat milk,,foreign,,100,USDA FNDDS (nguồn chính thức),"USDA FoodData Central (FNDDS/WWEIA Survey Foods), fdcId:2705395"
FNDDS-2705396,,"Milk, dry, reconstituted, nonfat",,foreign,,260,USDA FNDDS (nguồn chính thức),"USDA FoodData Central (FNDDS/WWEIA Survey Foods), fdcId:2705396"
FNDDS-2705397,,"Milk, dry, reconstituted, whole",,foreign,,279.662,USDA FNDDS (nguồn chính thức),"USDA FoodData Central (FNDDS/WWEIA Survey Foods), fdcId:2705397"
FNDDS-2705398,,"Milk, evaporated, NS as to fat content",,foreign,,100,USDA FNDDS (nguồn chính thức),"USDA FoodData Central (FNDDS/WWEIA Survey Foods), fdcId:2705398"
FNDDS-2705399,,"Milk, evaporated, whole",,foreign,,100,USDA FNDDS (nguồn chính thức),"USDA FoodData Central (FNDDS/WWEIA Survey Foods), fdcId:2705399"
FNDDS-2705400,,"Milk, evaporated, reduced fat (2%)",,foreign,,101.8,USDA FNDDS (nguồn chính thức),"USDA FoodData Central (FNDDS/WWEIA Survey Foods), fdcId:2705400"
FNDDS-2705401,,"Milk, evaporated, fat free (skim)",,foreign,,100,USDA FNDDS (nguồn chính thức),"USDA FoodData Central (FNDDS/WWEIA Survey Foods), fdcId:2705401"
FNDDS-2705402,,"Milk, condensed, sweetened",,foreign,,100,USDA FNDDS (nguồn chính thức),"USDA FoodData Central (FNDDS/WWEIA Survey Foods), fdcId:2705402"
FNDDS-2705404,,"Soy milk, sweetened",,foreign,,100,USDA FNDDS (nguồn chính thức),"USDA FoodData Central (FNDDS/WWEIA Survey Foods), fdcId:2705404"
FNDDS-2705405,,"Soy milk, unsweetened",,foreign,,100,USDA FNDDS (nguồn chính thức),"USDA FoodData Central (FNDDS/WWEIA Survey Foods), fdcId:2705405"
FNDDS-2705407,,"Almond milk, sweetened",,foreign,,100,USDA FNDDS (nguồn chính thức),"USDA FoodData Central (FNDDS/WWEIA Survey Foods), fdcId:2705407"
FNDDS-2705409,,"Almond milk, unsweetened",,foreign,,100,USDA FNDDS (nguồn chính thức),"USDA FoodData Central (FNDDS/WWEIA Survey Foods), fdcId:2705409"
FNDDS-2705411,,Rice milk,,foreign,,100,USDA FNDDS (nguồn chính thức),"USDA FoodData Central (FNDDS/WWEIA Survey Foods), fdcId:2705411"
FNDDS-2705413,,Coconut milk,,foreign,,100,USDA FNDDS (nguồn chính thức),"USDA FoodData Central (FNDDS/WWEIA Survey Foods), fdcId:2705413"
FNDDS-2705422,,"Yogurt, Greek, whole milk, plain",,foreign,,100,USDA FNDDS (nguồn chính thức),"USDA FoodData Central (FNDDS/WWEIA Survey Foods), fdcId:2705422"
FNDDS-2705423,,"Yogurt, Greek, low fat milk, plain",,foreign,,100,USDA FNDDS (nguồn chính thức),"USDA FoodData Central (FNDDS/WWEIA Survey Foods), fdcId:2705423"
FNDDS-2705424,,"Yogurt, Greek, nonfat milk, plain",,foreign,,100,USDA FNDDS (nguồn chính thức),"USDA FoodData Central (FNDDS/WWEIA Survey Foods), fdcId:2705424"
FNDDS-2705444,,"Chipotle dip, yogurt based",,foreign,,103.3,USDA FNDDS (nguồn chính thức),"USDA FoodData Central (FNDDS/WWEIA Survey Foods), fdcId:2705444"
FNDDS-2705451,,"Frozen yogurt, NFS",,foreign,,100,USDA FNDDS (nguồn chính thức),"USDA FoodData Central (FNDDS/WWEIA Survey Foods), fdcId:2705451"
FNDDS-2705452,,"Frozen yogurt, vanilla",,foreign,,100,USDA FNDDS (nguồn chính thức),"USDA FoodData Central (FNDDS/WWEIA Survey Foods), fdcId:2705452"
FNDDS-2705453,,"Frozen yogurt, chocolate",,foreign,,100,USDA FNDDS (nguồn chính thức),"USDA FoodData Central (FNDDS/WWEIA Survey Foods), fdcId:2705453"
FNDDS-2705454,,"Frozen yogurt, soft serve, vanilla",,foreign,,100,USDA FNDDS (nguồn chính thức),"USDA FoodData Central (FNDDS/WWEIA Survey Foods), fdcId:2705454"
FNDDS-2705456,,Frozen yogurt sandwich,,foreign,,100,USDA FNDDS (nguồn chính thức),"USDA FoodData Central (FNDDS/WWEIA Survey Foods), fdcId:2705456"
FNDDS-2705457,,"Frozen yogurt bar, vanilla",,foreign,,100,USDA FNDDS (nguồn chính thức),"USDA FoodData Central (FNDDS/WWEIA Survey Foods), fdcId:2705457"
FNDDS-2705458,,"Frozen yogurt bar, chocolate",,foreign,,100,USDA FNDDS (nguồn chính thức),"USDA FoodData Central (FNDDS/WWEIA Survey Foods), fdcId:2705458"
FNDDS-2705459,,"Frozen yogurt cone, chocolate",,foreign,,125,USDA FNDDS (nguồn chính thức),"USDA FoodData Central (FNDDS/WWEIA Survey Foods), fdcId:2705459"
FNDDS-2705460,,"Frozen yogurt cone, vanilla",,foreign,,125,USDA FNDDS (nguồn chính thức),"USDA FoodData Central (FNDDS/WWEIA Survey Foods), fdcId:2705460"
FNDDS-2705461,,"Frozen yogurt cone, vanilla, waffle cone",,foreign,,255,USDA FNDDS (nguồn chính thức),"USDA FoodData Central (FNDDS/WWEIA Survey Foods), fdcId:2705461"
FNDDS-2705462,,"Frozen yogurt cone, chocolate, waffle cone",,foreign,,255,USDA FNDDS (nguồn chính thức),"USDA FoodData Central (FNDDS/WWEIA Survey Foods), fdcId:2705462"
FNDDS-2705466,,"Chocolate milk, NFS",,foreign,,100,USDA FNDDS (nguồn chính thức),"USDA FoodData Central (FNDDS/WWEIA Survey Foods), fdcId:2705466"
FNDDS-2705467,,"Chocolate milk, whole",,foreign,,100,USDA FNDDS (nguồn chính thức),"USDA FoodData Central (FNDDS/WWEIA Survey Foods), fdcId:2705467"
FNDDS-2705468,,"Chocolate milk, reduced fat (2%)",,foreign,,100,USDA FNDDS (nguồn chính thức),"USDA FoodData Central (FNDDS/WWEIA Survey Foods), fdcId:2705468"
FNDDS-2705469,,"Chocolate milk, fat free (skim)",,foreign,,100,USDA FNDDS (nguồn chính thức),"USDA FoodData Central (FNDDS/WWEIA Survey Foods), fdcId:2705469"
FNDDS-2705470,,"Chocolate milk, low fat (1%)",,foreign,,100,USDA FNDDS (nguồn chính thức),"USDA FoodData Central (FNDDS/WWEIA Survey Foods), fdcId:2705470"
FNDDS-2705473,,"Hot chocolate / cocoa, made with whole or reduced fat (2%) milk",,foreign,,300,USDA FNDDS (nguồn chính thức),"USDA FoodData Central (FNDDS/WWEIA Survey Foods), fdcId:2705473"
FNDDS-2705474,,"Hot chocolate / cocoa, made with lowfat (1%) or fat free (skim) milk",,foreign,,300,USDA FNDDS (nguồn chính thức),"USDA FoodData Central (FNDDS/WWEIA Survey Foods), fdcId:2705474"
FNDDS-2705479,,"Chocolate milk, reduced sugar, whole",,foreign,,279,USDA FNDDS (nguồn chính thức),"USDA FoodData Central (FNDDS/WWEIA Survey Foods), fdcId:2705479"
FNDDS-2705480,,"Chocolate milk, reduced sugar, reduced fat (2%)",,foreign,,279,USDA FNDDS (nguồn chính thức),"USDA FoodData Central (FNDDS/WWEIA Survey Foods), fdcId:2705480"
FNDDS-2705481,,"Chocolate milk, reduced sugar, low fat (1%)",,foreign,,279,USDA FNDDS (nguồn chính thức),"USDA FoodData Central (FNDDS/WWEIA Survey Foods), fdcId:2705481"
FNDDS-2705482,,"Chocolate milk, reduced sugar, fat free (skim)",,foreign,,279,USDA FNDDS (nguồn chính thức),"USDA FoodData Central (FNDDS/WWEIA Survey Foods), fdcId:2705482"
FNDDS-2705483,,"Hot chocolate / cocoa, dry mix, made with water",,foreign,,208,USDA FNDDS (nguồn chính thức),"USDA FoodData Central (FNDDS/WWEIA Survey Foods), fdcId:2705483"
FNDDS-2705484,,"Hot chocolate / cocoa, dry mix, made with whole or reduced fat (2%) milk",,foreign,,208,USDA FNDDS (nguồn chính thức),"USDA FoodData Central (FNDDS/WWEIA Survey Foods), fdcId:2705484"
FNDDS-2705485,,"Hot chocolate / cocoa, dry mix, made with lowfat (1%) or fat free (skim) milk",,foreign,,208,USDA FNDDS (nguồn chính thức),"USDA FoodData Central (FNDDS/WWEIA Survey Foods), fdcId:2705485"
FNDDS-2705488,,"Hot chocolate / cocoa, dry mix, reduced sugar, made with water",,foreign,,196,USDA FNDDS (nguồn chính thức),"USDA FoodData Central (FNDDS/WWEIA Survey Foods), fdcId:2705488"
FNDDS-2705489,,"Hot chocolate / cocoa, dry mix, reduced sugar, made with whole or reduced fat (2%) milk",,foreign,,196,USDA FNDDS (nguồn chính thức),"USDA FoodData Central (FNDDS/WWEIA Survey Foods), fdcId:2705489"
FNDDS-2705491,,"Hot chocolate / cocoa, reduced sugar, made with whole or reduced fat (2%) milk",,foreign,,300,USDA FNDDS (nguồn chính thức),"USDA FoodData Central (FNDDS/WWEIA Survey Foods), fdcId:2705491"
FNDDS-2705492,,"Hot chocolate / cocoa, dry mix, reduced sugar, made with lowfat (1%) or fat free (skim) milk",,foreign,,196,USDA FNDDS (nguồn chính thức),"USDA FoodData Central (FNDDS/WWEIA Survey Foods), fdcId:2705492"
FNDDS-2705493,,"Hot chocolate / cocoa, reduced sugar, made with lowfat (1%) or fat free (skim) milk",,foreign,,300,USDA FNDDS (nguồn chính thức),"USDA FoodData Central (FNDDS/WWEIA Survey Foods), fdcId:2705493"
FNDDS-2705496,,"Strawberry milk, whole",,foreign,,264,USDA FNDDS (nguồn chính thức),"USDA FoodData Central (FNDDS/WWEIA Survey Foods), fdcId:2705496"
FNDDS-2705497,,"Strawberry milk, reduced fat (2%)",,foreign,,260,USDA FNDDS (nguồn chính thức),"USDA FoodData Central (FNDDS/WWEIA Survey Foods), fdcId:2705497"
FNDDS-2705498,,"Strawberry milk, low fat (1%)",,foreign,,264,USDA FNDDS (nguồn chính thức),"USDA FoodData Central (FNDDS/WWEIA Survey Foods), fdcId:2705498"
FNDDS-2705499,,"Strawberry milk, fat free  (skim)",,foreign,,264,USDA FNDDS (nguồn chính thức),"USDA FoodData Central (FNDDS/WWEIA Survey Foods), fdcId:2705499"
FNDDS-2705502,,Eggnog,,foreign,,100,USDA FNDDS (nguồn chính thức),"USDA FoodData Central (FNDDS/WWEIA Survey Foods), fdcId:2705502"
FNDDS-2705503,,"Milk shake, home recipe, chocolate",,foreign,,784,USDA FNDDS (nguồn chính thức),"USDA FoodData Central (FNDDS/WWEIA Survey Foods), fdcId:2705503"
FNDDS-2705504,,"Milk shake, home recipe, flavors other than chocolate",,foreign,,758,USDA FNDDS (nguồn chính thức),"USDA FoodData Central (FNDDS/WWEIA Survey Foods), fdcId:2705504"
FNDDS-2705505,,"Milk shake, home recipe, chocolate, light",,foreign,,784,USDA FNDDS (nguồn chính thức),"USDA FoodData Central (FNDDS/WWEIA Survey Foods), fdcId:2705505"
FNDDS-2705506,,"Milk shake, home recipe, flavors other than chocolate, light",,foreign,,758,USDA FNDDS (nguồn chính thức),"USDA FoodData Central (FNDDS/WWEIA Survey Foods), fdcId:2705506"
FNDDS-2705507,,Milk shake with malt,,foreign,,787.6,USDA FNDDS (nguồn chính thức),"USDA FoodData Central (FNDDS/WWEIA Survey Foods), fdcId:2705507"
FNDDS-2705509,,"Milk shake, fast food, flavors other than chocolate",,foreign,,100,USDA FNDDS (nguồn chính thức),"USDA FoodData Central (FNDDS/WWEIA Survey Foods), fdcId:2705509"
FNDDS-2705511,,"Milk shake, bottled, flavors other than chocolate",,foreign,,100,USDA FNDDS (nguồn chính thức),"USDA FoodData Central (FNDDS/WWEIA Survey Foods), fdcId:2705511"
FNDDS-2705516,,"Fruit smoothie juice drink, with dairy",,foreign,,100,USDA FNDDS (nguồn chính thức),"USDA FoodData Central (FNDDS/WWEIA Survey Foods), fdcId:2705516"
FNDDS-2705517,,Chocolate milk drink,,foreign,,100,USDA FNDDS (nguồn chính thức),"USDA FoodData Central (FNDDS/WWEIA Survey Foods), fdcId:2705517"
FNDDS-2705520,,"Infant formula, Similac Alimentum, ready-to-feed",,foreign,,100,USDA FNDDS (nguồn chính thức),"USDA FoodData Central (FNDDS/WWEIA Survey Foods), fdcId:2705520"
FNDDS-2705521,,"Infant formula, Similac Alimentum, powder, made with water",,foreign,,100,USDA FNDDS (nguồn chính thức),"USDA FoodData Central (FNDDS/WWEIA Survey Foods), fdcId:2705521"
FNDDS-2705522,,"Infant formula, Similac Advance, ready-to-feed",,foreign,,67.7,USDA FNDDS (nguồn chính thức),"USDA FoodData Central (FNDDS/WWEIA Survey Foods), fdcId:2705522"
FNDDS-2705523,,"Infant formula, Similac Advance, powder, made with tap water",,foreign,,67.7,USDA FNDDS (nguồn chính thức),"USDA FoodData Central (FNDDS/WWEIA Survey Foods), fdcId:2705523"
FNDDS-2705524,,"Infant formula, Similac Advance, powder, made with bottled water",,foreign,,67.7,USDA FNDDS (nguồn chính thức),"USDA FoodData Central (FNDDS/WWEIA Survey Foods), fdcId:2705524"
FNDDS-2705525,,"Infant formula, Similac Advance, powder, made with baby water",,foreign,,67.7,USDA FNDDS (nguồn chính thức),"USDA FoodData Central (FNDDS/WWEIA Survey Foods), fdcId:2705525"
FNDDS-2705526,,"Infant formula, Similac Sensitive, ready-to-feed",,foreign,,67.7,USDA FNDDS (nguồn chính thức),"USDA FoodData Central (FNDDS/WWEIA Survey Foods), fdcId:2705526"
FNDDS-2705527,,"Infant formula, Similac Sensitive, powder, made with tap water",,foreign,,67.7,USDA FNDDS (nguồn chính thức),"USDA FoodData Central (FNDDS/WWEIA Survey Foods), fdcId:2705527"
FNDDS-2705528,,"Infant formula, Similac Sensitive, powder, made with bottled water",,foreign,,67.7,USDA FNDDS (nguồn chính thức),"USDA FoodData Central (FNDDS/WWEIA Survey Foods), fdcId:2705528"
FNDDS-2705529,,"Infant formula, Similac Sensitive, powder, made with baby water",,foreign,,67.7,USDA FNDDS (nguồn chính thức),"USDA FoodData Central (FNDDS/WWEIA Survey Foods), fdcId:2705529"
FNDDS-2705530,,"Infant formula, Similac for Spit-Up, ready-to-feed",,foreign,,67.7,USDA FNDDS (nguồn chính thức),"USDA FoodData Central (FNDDS/WWEIA Survey Foods), fdcId:2705530"
FNDDS-2705531,,"Infant formula, Similac for Spit-Up, powder, made with water",,foreign,,67.7,USDA FNDDS (nguồn chính thức),"USDA FoodData Central (FNDDS/WWEIA Survey Foods), fdcId:2705531"
FNDDS-2705532,,"Toddler formula, Similac Go and Grow",,foreign,,133.4,USDA FNDDS (nguồn chính thức),"USDA FoodData Central (FNDDS/WWEIA Survey Foods), fdcId:2705532"
FNDDS-2705534,,"Infant formula, Enfamil Infant, ready-to-feed",,foreign,,68,USDA FNDDS (nguồn chính thức),"USDA FoodData Central (FNDDS/WWEIA Survey Foods), fdcId:2705534"
FNDDS-2705535,,"Infant formula, Enfamil Infant, powder, made with tap water",,foreign,,68,USDA FNDDS (nguồn chính thức),"USDA FoodData Central (FNDDS/WWEIA Survey Foods), fdcId:2705535"
FNDDS-2705536,,"Infant formula, Enfamil Infant, powder, made with bottled water",,foreign,,68,USDA FNDDS (nguồn chính thức),"USDA FoodData Central (FNDDS/WWEIA Survey Foods), fdcId:2705536"
FNDDS-2705537,,"Infant formula, Enfamil Infant, powder, made with baby water",,foreign,,68,USDA FNDDS (nguồn chính thức),"USDA FoodData Central (FNDDS/WWEIA Survey Foods), fdcId:2705537"
FNDDS-2705538,,"Infant formula, Enfamil AR, ready-to-feed",,foreign,,68,USDA FNDDS (nguồn chính thức),"USDA FoodData Central (FNDDS/WWEIA Survey Foods), fdcId:2705538"
FNDDS-2705539,,"Infant formula, Enfamil AR, powder, made with water",,foreign,,68,USDA FNDDS (nguồn chính thức),"USDA FoodData Central (FNDDS/WWEIA Survey Foods), fdcId:2705539"
FNDDS-2705540,,"Infant formula, Enfamil Gentlease, ready-to-feed",,foreign,,68,USDA FNDDS (nguồn chính thức),"USDA FoodData Central (FNDDS/WWEIA Survey Foods), fdcId:2705540"
FNDDS-2705541,,"Infant formula, Enfamil Gentlease, powder, made with tap water",,foreign,,68,USDA FNDDS (nguồn chính thức),"USDA FoodData Central (FNDDS/WWEIA Survey Foods), fdcId:2705541"
FNDDS-2705542,,"Infant formula, Enfamil Gentlease, powder, made with bottled water",,foreign,,68,USDA FNDDS (nguồn chính thức),"USDA FoodData Central (FNDDS/WWEIA Survey Foods), fdcId:2705542"
FNDDS-2705543,,"Infant formula, Enfamil Gentlease, powder, made with baby water",,foreign,,68,USDA FNDDS (nguồn chính thức),"USDA FoodData Central (FNDDS/WWEIA Survey Foods), fdcId:2705543"
FNDDS-2705544,,"Toddler formula, Enfamil Enfagrow",,foreign,,204.4,USDA FNDDS (nguồn chính thức),"USDA FoodData Central (FNDDS/WWEIA Survey Foods), fdcId:2705544"
FNDDS-2705545,,"Toddler formula, PediaSure",,foreign,,100,USDA FNDDS (nguồn chính thức),"USDA FoodData Central (FNDDS/WWEIA Survey Foods), fdcId:2705545"
FNDDS-2705548,,"Toddler formula, store brand, pediatric shake",,foreign,,100,USDA FNDDS (nguồn chính thức),"USDA FoodData Central (FNDDS/WWEIA Survey Foods), fdcId:2705548"
FNDDS-2705550,,"Infant formula, Gerber Good Start Gentle, Stage 1, ready-to-feed",,foreign,,67.9,USDA FNDDS (nguồn chính thức),"USDA FoodData Central (FNDDS/WWEIA Survey Foods), fdcId:2705550"
FNDDS-2705551,,"Infant formula, Gerber Good Start Gentle, Stage 1, powder, made with tap water",,foreign,,67.9,USDA FNDDS (nguồn chính thức),"USDA FoodData Central (FNDDS/WWEIA Survey Foods), fdcId:2705551"
FNDDS-2705552,,"Infant formula, Gerber Good Start Gentle, Stage 1, powder, made with bottled water",,foreign,,67.9,USDA FNDDS (nguồn chính thức),"USDA FoodData Central (FNDDS/WWEIA Survey Foods), fdcId:2705552"
FNDDS-2705553,,"Infant formula, Gerber Good Start Gentle, Stage 1, powder, made with baby water",,foreign,,67.9,USDA FNDDS (nguồn chính thức),"USDA FoodData Central (FNDDS/WWEIA Survey Foods), fdcId:2705553"
FNDDS-2705554,,"Infant formula, Gerber Good Start Gentle, Stage 2",,foreign,,67.9,USDA FNDDS (nguồn chính thức),"USDA FoodData Central (FNDDS/WWEIA Survey Foods), fdcId:2705554"
FNDDS-2705556,,"Infant formula, premature, powder, made with water",,foreign,,100,USDA FNDDS (nguồn chính thức),"USDA FoodData Central (FNDDS/WWEIA Survey Foods), fdcId:2705556"
FNDDS-2705557,,"Infant formula, premature, ready-to-feed",,foreign,,100,USDA FNDDS (nguồn chính thức),"USDA FoodData Central (FNDDS/WWEIA Survey Foods), fdcId:2705557"
FNDDS-2705565,,"Infant formula, Enfamil ProSobee, ready-to-feed",,foreign,,68,USDA FNDDS (nguồn chính thức),"USDA FoodData Central (FNDDS/WWEIA Survey Foods), fdcId:2705565"
FNDDS-2705566,,"Infant formula, Enfamil ProSobee, powder, made with tap water",,foreign,,68,USDA FNDDS (nguồn chính thức),"USDA FoodData Central (FNDDS/WWEIA Survey Foods), fdcId:2705566"
FNDDS-2705567,,"Infant formula, Enfamil ProSobee, powder, made with bottled water",,foreign,,68,USDA FNDDS (nguồn chính thức),"USDA FoodData Central (FNDDS/WWEIA Survey Foods), fdcId:2705567"
FNDDS-2705568,,"Infant formula, Enfamil ProSobee, powder, made with baby water",,foreign,,68,USDA FNDDS (nguồn chính thức),"USDA FoodData Central (FNDDS/WWEIA Survey Foods), fdcId:2705568"
FNDDS-2705569,,"Infant formula, Similac Isomil Soy, ready-to-feed",,foreign,,67.7,USDA FNDDS (nguồn chính thức),"USDA FoodData Central (FNDDS/WWEIA Survey Foods), fdcId:2705569"
FNDDS-2705570,,"Infant formula, Similac Isomil Soy, powder, made with tap water",,foreign,,67.7,USDA FNDDS (nguồn chính thức),"USDA FoodData Central (FNDDS/WWEIA Survey Foods), fdcId:2705570"
FNDDS-2705571,,"Infant formula, Similac Isomil Soy, powder, made with bottled water",,foreign,,67.7,USDA FNDDS (nguồn chính thức),"USDA FoodData Central (FNDDS/WWEIA Survey Foods), fdcId:2705571"
FNDDS-2705572,,"Infant formula, Similac Isomil Soy, powder, made with baby water",,foreign,,67.7,USDA FNDDS (nguồn chính thức),"USDA FoodData Central (FNDDS/WWEIA Survey Foods), fdcId:2705572"
FNDDS-2705573,,"Infant formula, Similac for Diarrhea",,foreign,,100,USDA FNDDS (nguồn chính thức),"USDA FoodData Central (FNDDS/WWEIA Survey Foods), fdcId:2705573"
FNDDS-2705574,,"Infant formula, Gerber Good Start Soy, Stage 1, ready-to-feed",,foreign,,67.9,USDA FNDDS (nguồn chính thức),"USDA FoodData Central (FNDDS/WWEIA Survey Foods), fdcId:2705574"
FNDDS-2705575,,"Infant formula, Gerber Good Start Soy, Stage 1, powder, made with tap water",,foreign,,67.9,USDA FNDDS (nguồn chính thức),"USDA FoodData Central (FNDDS/WWEIA Survey Foods), fdcId:2705575"
FNDDS-2705576,,"Infant formula, Gerber Good Start Soy, Stage 1, powder, made with bottled water",,foreign,,67.9,USDA FNDDS (nguồn chính thức),"USDA FoodData Central (FNDDS/WWEIA Survey Foods), fdcId:2705576"
FNDDS-2705577,,"Infant formula, Gerber Good Start Soy, Stage 1, powder, made with baby water",,foreign,,67.9,USDA FNDDS (nguồn chính thức),"USDA FoodData Central (FNDDS/WWEIA Survey Foods), fdcId:2705577"
FNDDS-2705579,,"Infant formula, Enfamil Nutramigen, ready-to-feed",,foreign,,68,USDA FNDDS (nguồn chính thức),"USDA FoodData Central (FNDDS/WWEIA Survey Foods), fdcId:2705579"
FNDDS-2705580,,"Infant formula, Enfamil Nutramigen, powder, made with water",,foreign,,68,USDA FNDDS (nguồn chính thức),"USDA FoodData Central (FNDDS/WWEIA Survey Foods), fdcId:2705580"
FNDDS-2705581,,"Infant formula, Enfamil Pregestimil, ready-to-feed",,foreign,,68,USDA FNDDS (nguồn chính thức),"USDA FoodData Central (FNDDS/WWEIA Survey Foods), fdcId:2705581"
FNDDS-2705582,,"Infant formula, Enfamil Pregestimil, powder, made with water",,foreign,,68,USDA FNDDS (nguồn chính thức),"USDA FoodData Central (FNDDS/WWEIA Survey Foods), fdcId:2705582"
FNDDS-2705583,,"Infant formula, amino acids",,foreign,,68,USDA FNDDS (nguồn chính thức),"USDA FoodData Central (FNDDS/WWEIA Survey Foods), fdcId:2705583"
FNDDS-2705584,,"Infant formula, low iron",,foreign,,67.7,USDA FNDDS (nguồn chính thức),"USDA FoodData Central (FNDDS/WWEIA Survey Foods), fdcId:2705584"
FNDDS-2705585,,"Milk, dry, not reconstituted",,foreign,,100,USDA FNDDS (nguồn chính thức),"USDA FoodData Central (FNDDS/WWEIA Survey Foods), fdcId:2705585"
FNDDS-2705586,,"Whey, sweet, dry",,foreign,,100,USDA FNDDS (nguồn chính thức),"USDA FoodData Central (FNDDS/WWEIA Survey Foods), fdcId:2705586"
FNDDS-2705588,,"Chocolate beverage powder, dry mix, not reconstituted",,foreign,,100,USDA FNDDS (nguồn chính thức),"USDA FoodData Central (FNDDS/WWEIA Survey Foods), fdcId:2705588"
FNDDS-2705589,,"Chocolate beverage powder, light, dry mix, not reconstituted",,foreign,,100,USDA FNDDS (nguồn chính thức),"USDA FoodData Central (FNDDS/WWEIA Survey Foods), fdcId:2705589"
FNDDS-2705590,,"Milk, malted, dry mix, not reconstituted",,foreign,,100,USDA FNDDS (nguồn chính thức),"USDA FoodData Central (FNDDS/WWEIA Survey Foods), fdcId:2705590"
FNDDS-2705591,,"Strawberry beverage powder, dry mix, not reconstituted",,foreign,,100,USDA FNDDS (nguồn chính thức),"USDA FoodData Central (FNDDS/WWEIA Survey Foods), fdcId:2705591"
FNDDS-2705593,,"Cream, light",,foreign,,100,USDA FNDDS (nguồn chính thức),"USDA FoodData Central (FNDDS/WWEIA Survey Foods), fdcId:2705593"
FNDDS-2705594,,"Cream, half and half",,foreign,,100,USDA FNDDS (nguồn chính thức),"USDA FoodData Central (FNDDS/WWEIA Survey Foods), fdcId:2705594"
FNDDS-2705595,,"Cream, half and half, flavored",,foreign,,102,USDA FNDDS (nguồn chính thức),"USDA FoodData Central (FNDDS/WWEIA Survey Foods), fdcId:2705595"
FNDDS-2705596,,"Cream, half and half, fat free",,foreign,,100,USDA FNDDS (nguồn chính thức),"USDA FoodData Central (FNDDS/WWEIA Survey Foods), fdcId:2705596"
FNDDS-2705597,,"Cream, heavy",,foreign,,100,USDA FNDDS (nguồn chính thức),"USDA FoodData Central (FNDDS/WWEIA Survey Foods), fdcId:2705597"
FNDDS-2705598,,"Cream, whipped",,foreign,,253,USDA FNDDS (nguồn chính thức),"USDA FoodData Central (FNDDS/WWEIA Survey Foods), fdcId:2705598"
FNDDS-2705599,,"Coffee creamer, NFS",,foreign,,100,USDA FNDDS (nguồn chính thức),"USDA FoodData Central (FNDDS/WWEIA Survey Foods), fdcId:2705599"
FNDDS-2705600,,"Coffee creamer, liquid",,foreign,,100,USDA FNDDS (nguồn chính thức),"USDA FoodData Central (FNDDS/WWEIA Survey Foods), fdcId:2705600"
FNDDS-2705601,,"Coffee creamer, liquid, flavored",,foreign,,100,USDA FNDDS (nguồn chính thức),"USDA FoodData Central (FNDDS/WWEIA Survey Foods), fdcId:2705601"
FNDDS-2705602,,"Coffee creamer, liquid, fat free",,foreign,,100,USDA FNDDS (nguồn chính thức),"USDA FoodData Central (FNDDS/WWEIA Survey Foods), fdcId:2705602"
FNDDS-2705603,,"Coffee creamer, liquid, fat free, flavored",,foreign,,100,USDA FNDDS (nguồn chính thức),"USDA FoodData Central (FNDDS/WWEIA Survey Foods), fdcId:2705603"
FNDDS-2705604,,"Coffee creamer, liquid, fat free, sugar free, flavored",,foreign,,100,USDA FNDDS (nguồn chính thức),"USDA FoodData Central (FNDDS/WWEIA Survey Foods), fdcId:2705604"
FNDDS-2705605,,"Coffee creamer, liquid, sugar free, flavored",,foreign,,100,USDA FNDDS (nguồn chính thức),"USDA FoodData Central (FNDDS/WWEIA Survey Foods), fdcId:2705605"
FNDDS-2705606,,"Coffee creamer, powder",,foreign,,100,USDA FNDDS (nguồn chính thức),"USDA FoodData Central (FNDDS/WWEIA Survey Foods), fdcId:2705606"
FNDDS-2705607,,"Coffee creamer, powder, flavored",,foreign,,100,USDA FNDDS (nguồn chính thức),"USDA FoodData Central (FNDDS/WWEIA Survey Foods), fdcId:2705607"
FNDDS-2705608,,"Coffee creamer, powder, fat free",,foreign,,100,USDA FNDDS (nguồn chính thức),"USDA FoodData Central (FNDDS/WWEIA Survey Foods), fdcId:2705608"
FNDDS-2705609,,"Coffee creamer,powder, sugar free, flavored",,foreign,,100,USDA FNDDS (nguồn chính thức),"USDA FoodData Central (FNDDS/WWEIA Survey Foods), fdcId:2705609"
FNDDS-2705610,,"Coffee creamer, soy, liquid",,foreign,,100,USDA FNDDS (nguồn chính thức),"USDA FoodData Central (FNDDS/WWEIA Survey Foods), fdcId:2705610"
FNDDS-2705611,,Whipped topping,,foreign,,100,USDA FNDDS (nguồn chính thức),"USDA FoodData Central (FNDDS/WWEIA Survey Foods), fdcId:2705611"
FNDDS-2705612,,"Whipped topping, fat free",,foreign,,100,USDA FNDDS (nguồn chính thức),"USDA FoodData Central (FNDDS/WWEIA Survey Foods), fdcId:2705612"
FNDDS-2705613,,"Whipped topping, sugar free",,foreign,,100,USDA FNDDS (nguồn chính thức),"USDA FoodData Central (FNDDS/WWEIA Survey Foods), fdcId:2705613"
FNDDS-2705614,,"Sour cream, regular",,foreign,,100,USDA FNDDS (nguồn chính thức),"USDA FoodData Central (FNDDS/WWEIA Survey Foods), fdcId:2705614"
FNDDS-2705615,,"Sour cream, light",,foreign,,100,USDA FNDDS (nguồn chính thức),"USDA FoodData Central (FNDDS/WWEIA Survey Foods), fdcId:2705615"
FNDDS-2705616,,"Sour cream, fat free",,foreign,,100,USDA FNDDS (nguồn chính thức),"USDA FoodData Central (FNDDS/WWEIA Survey Foods), fdcId:2705616"
FNDDS-2705617,,"Sour cream, imitation",,foreign,,100,USDA FNDDS (nguồn chính thức),"USDA FoodData Central (FNDDS/WWEIA Survey Foods), fdcId:2705617"
FNDDS-2705619,,"Chipotle dip, regular",,foreign,,103,USDA FNDDS (nguồn chính thức),"USDA FoodData Central (FNDDS/WWEIA Survey Foods), fdcId:2705619"
FNDDS-2705620,,"Chipotle dip, light",,foreign,,108.5,USDA FNDDS (nguồn chính thức),"USDA FoodData Central (FNDDS/WWEIA Survey Foods), fdcId:2705620"
FNDDS-2705630,,"Ice cream, vanilla",,foreign,,100,USDA FNDDS (nguồn chính thức),"USDA FoodData Central (FNDDS/WWEIA Survey Foods), fdcId:2705630"
FNDDS-2705631,,"Ice cream, vanilla, with additional ingredients",,foreign,,160,USDA FNDDS (nguồn chính thức),"USDA FoodData Central (FNDDS/WWEIA Survey Foods), fdcId:2705631"
FNDDS-2705632,,"Ice cream, chocolate",,foreign,,100,USDA FNDDS (nguồn chính thức),"USDA FoodData Central (FNDDS/WWEIA Survey Foods), fdcId:2705632"
FNDDS-2705633,,"Ice cream, chocolate, with additional ingredients",,foreign,,160,USDA FNDDS (nguồn chính thức),"USDA FoodData Central (FNDDS/WWEIA Survey Foods), fdcId:2705633"
FNDDS-2705634,,"Ice cream, soft serve, vanilla",,foreign,,100,USDA FNDDS (nguồn chính thức),"USDA FoodData Central (FNDDS/WWEIA Survey Foods), fdcId:2705634"
FNDDS-2705635,,"Ice cream, soft serve, chocolate",,foreign,,100,USDA FNDDS (nguồn chính thức),"USDA FoodData Central (FNDDS/WWEIA Survey Foods), fdcId:2705635"
FNDDS-2705636,,"Gelato, vanilla",,foreign,,100,USDA FNDDS (nguồn chính thức),"USDA FoodData Central (FNDDS/WWEIA Survey Foods), fdcId:2705636"
FNDDS-2705637,,"Gelato, chocolate",,foreign,,100,USDA FNDDS (nguồn chính thức),"USDA FoodData Central (FNDDS/WWEIA Survey Foods), fdcId:2705637"
FNDDS-2705638,,"Ice cream bar, vanilla",,foreign,,100,USDA FNDDS (nguồn chính thức),"USDA FoodData Central (FNDDS/WWEIA Survey Foods), fdcId:2705638"
FNDDS-2705639,,"Ice cream bar, vanilla, chocolate coated",,foreign,,100,USDA FNDDS (nguồn chính thức),"USDA FoodData Central (FNDDS/WWEIA Survey Foods), fdcId:2705639"
FNDDS-2705640,,Ice cream candy bar,,foreign,,100,USDA FNDDS (nguồn chính thức),"USDA FoodData Central (FNDDS/WWEIA Survey Foods), fdcId:2705640"
FNDDS-2705642,,"Ice cream sandwich, vanilla",,foreign,,100,USDA FNDDS (nguồn chính thức),"USDA FoodData Central (FNDDS/WWEIA Survey Foods), fdcId:2705642"
FNDDS-2705643,,"Ice cream sandwich, chocolate",,foreign,,100,USDA FNDDS (nguồn chính thức),"USDA FoodData Central (FNDDS/WWEIA Survey Foods), fdcId:2705643"
FNDDS-2705644,,Ice cream cookie sandwich,,foreign,,100,USDA FNDDS (nguồn chính thức),"USDA FoodData Central (FNDDS/WWEIA Survey Foods), fdcId:2705644"
FNDDS-2705645,,"Ice cream cone, scooped, vanilla",,foreign,,125,USDA FNDDS (nguồn chính thức),"USDA FoodData Central (FNDDS/WWEIA Survey Foods), fdcId:2705645"
FNDDS-2705646,,"Ice cream cone, scooped, vanilla, waffle cone",,foreign,,255,USDA FNDDS (nguồn chính thức),"USDA FoodData Central (FNDDS/WWEIA Survey Foods), fdcId:2705646"
FNDDS-2705648,,"Ice cream cone, scooped, chocolate",,foreign,,125,USDA FNDDS (nguồn chính thức),"USDA FoodData Central (FNDDS/WWEIA Survey Foods), fdcId:2705648"
FNDDS-2705649,,"Ice cream cone, scooped, chocolate, waffle cone",,foreign,,255,USDA FNDDS (nguồn chính thức),"USDA FoodData Central (FNDDS/WWEIA Survey Foods), fdcId:2705649"
FNDDS-2705650,,"Ice cream cone, soft serve, vanilla",,foreign,,125,USDA FNDDS (nguồn chính thức),"USDA FoodData Central (FNDDS/WWEIA Survey Foods), fdcId:2705650"
FNDDS-2705651,,"Ice cream cone, soft serve, chocolate",,foreign,,125,USDA FNDDS (nguồn chính thức),"USDA FoodData Central (FNDDS/WWEIA Survey Foods), fdcId:2705651"
FNDDS-2705652,,"Ice cream cone, soft serve, vanilla, waffle cone",,foreign,,255,USDA FNDDS (nguồn chính thức),"USDA FoodData Central (FNDDS/WWEIA Survey Foods), fdcId:2705652"
FNDDS-2705653,,"Ice cream cone, soft serve, chocolate, waffle cone",,foreign,,255,USDA FNDDS (nguồn chính thức),"USDA FoodData Central (FNDDS/WWEIA Survey Foods), fdcId:2705653"
FNDDS-2705654,,"Ice cream cone, vanilla, prepackaged",,foreign,,100,USDA FNDDS (nguồn chính thức),"USDA FoodData Central (FNDDS/WWEIA Survey Foods), fdcId:2705654"
FNDDS-2705656,,"Ice cream soda, flavors other than chocolate",,foreign,,334.4,USDA FNDDS (nguồn chính thức),"USDA FoodData Central (FNDDS/WWEIA Survey Foods), fdcId:2705656"
FNDDS-2705657,,"Ice cream soda, chocolate",,foreign,,334.4,USDA FNDDS (nguồn chính thức),"USDA FoodData Central (FNDDS/WWEIA Survey Foods), fdcId:2705657"
FNDDS-2705663,,"Ice cream, fried",,foreign,,105,USDA FNDDS (nguồn chính thức),"USDA FoodData Central (FNDDS/WWEIA Survey Foods), fdcId:2705663"
FNDDS-2705664,,"Light ice cream, NFS",,foreign,,100,USDA FNDDS (nguồn chính thức),"USDA FoodData Central (FNDDS/WWEIA Survey Foods), fdcId:2705664"
FNDDS-2705665,,"Light ice cream, vanilla",,foreign,,100,USDA FNDDS (nguồn chính thức),"USDA FoodData Central (FNDDS/WWEIA Survey Foods), fdcId:2705665"
FNDDS-2705666,,"Light ice cream, chocolate",,foreign,,100,USDA FNDDS (nguồn chính thức),"USDA FoodData Central (FNDDS/WWEIA Survey Foods), fdcId:2705666"
FNDDS-2705667,,"Soft serve, blended with candy or cookies, from fast food",,foreign,,100,USDA FNDDS (nguồn chính thức),"USDA FoodData Central (FNDDS/WWEIA Survey Foods), fdcId:2705667"
FNDDS-2705673,,Creamsicle,,foreign,,100,USDA FNDDS (nguồn chính thức),"USDA FoodData Central (FNDDS/WWEIA Survey Foods), fdcId:2705673"
FNDDS-2705674,,Fudgesicle,,foreign,,107.6,USDA FNDDS (nguồn chính thức),"USDA FoodData Central (FNDDS/WWEIA Survey Foods), fdcId:2705674"
FNDDS-2705677,,"Sherbet, all flavors",,foreign,,100,USDA FNDDS (nguồn chính thức),"USDA FoodData Central (FNDDS/WWEIA Survey Foods), fdcId:2705677"
FNDDS-2705678,,"Fudgesicle, light",,foreign,,100,USDA FNDDS (nguồn chính thức),"USDA FoodData Central (FNDDS/WWEIA Survey Foods), fdcId:2705678"
FNDDS-2705679,,"Pudding, chocolate, NFS",,foreign,,100,USDA FNDDS (nguồn chính thức),"USDA FoodData Central (FNDDS/WWEIA Survey Foods), fdcId:2705679"
FNDDS-2705681,,"Pudding, flavors other than chocolate, NFS",,foreign,,100,USDA FNDDS (nguồn chính thức),"USDA FoodData Central (FNDDS/WWEIA Survey Foods), fdcId:2705681"
FNDDS-2705683,,Flan,,foreign,,1336.5,USDA FNDDS (nguồn chính thức),"USDA FoodData Central (FNDDS/WWEIA Survey Foods), fdcId:2705683"
FNDDS-2705685,,"Pudding, rice",,foreign,,100,USDA FNDDS (nguồn chính thức),"USDA FoodData Central (FNDDS/WWEIA Survey Foods), fdcId:2705685"
FNDDS-2705687,,"Pudding, tapioca, made from dry mix",,foreign,,100,USDA FNDDS (nguồn chính thức),"USDA FoodData Central (FNDDS/WWEIA Survey Foods), fdcId:2705687"
FNDDS-2705692,,"Pudding, flavors other than chocolate, ready-to-eat",,foreign,,100,USDA FNDDS (nguồn chính thức),"USDA FoodData Central (FNDDS/WWEIA Survey Foods), fdcId:2705692"
FNDDS-2705694,,"Pudding, chocolate, ready-to-eat",,foreign,,100,USDA FNDDS (nguồn chính thức),"USDA FoodData Central (FNDDS/WWEIA Survey Foods), fdcId:2705694"
FNDDS-2705696,,"Pudding, tapioca, ready-to-eat",,foreign,,100,USDA FNDDS (nguồn chính thức),"USDA FoodData Central (FNDDS/WWEIA Survey Foods), fdcId:2705696"
FNDDS-2705699,,Dulce de leche,,foreign,,100,USDA FNDDS (nguồn chính thức),"USDA FoodData Central (FNDDS/WWEIA Survey Foods), fdcId:2705699"
FNDDS-2705705,,"Cheese, Blue or Roquefort",,foreign,,100,USDA FNDDS (nguồn chính thức),"USDA FoodData Central (FNDDS/WWEIA Survey Foods), fdcId:2705705"
FNDDS-2705706,,"Cheese, Brick",,foreign,,100,USDA FNDDS (nguồn chính thức),"USDA FoodData Central (FNDDS/WWEIA Survey Foods), fdcId:2705706"
FNDDS-2705707,,"Cheese, Camembert",,foreign,,100,USDA FNDDS (nguồn chính thức),"USDA FoodData Central (FNDDS/WWEIA Survey Foods), fdcId:2705707"
FNDDS-2705708,,"Cheese, Brie",,foreign,,100,USDA FNDDS (nguồn chính thức),"USDA FoodData Central (FNDDS/WWEIA Survey Foods), fdcId:2705708"
FNDDS-2705709,,"Cheese, Cheddar",,foreign,,100,USDA FNDDS (nguồn chính thức),"USDA FoodData Central (FNDDS/WWEIA Survey Foods), fdcId:2705709"
FNDDS-2705710,,"Cheese, Cheddar, reduced fat",,foreign,,100,USDA FNDDS (nguồn chính thức),"USDA FoodData Central (FNDDS/WWEIA Survey Foods), fdcId:2705710"
FNDDS-2705711,,"Cheese, Cheddar, nonfat or fat free",,foreign,,100,USDA FNDDS (nguồn chính thức),"USDA FoodData Central (FNDDS/WWEIA Survey Foods), fdcId:2705711"
FNDDS-2705712,,"Cheese, Colby",,foreign,,100,USDA FNDDS (nguồn chính thức),"USDA FoodData Central (FNDDS/WWEIA Survey Foods), fdcId:2705712"
FNDDS-2705714,,"Cheese, Feta",,foreign,,100,USDA FNDDS (nguồn chính thức),"USDA FoodData Central (FNDDS/WWEIA Survey Foods), fdcId:2705714"
FNDDS-2705715,,"Cheese, Fontina",,foreign,,100,USDA FNDDS (nguồn chính thức),"USDA FoodData Central (FNDDS/WWEIA Survey Foods), fdcId:2705715"
FNDDS-2705716,,"Cheese, goat",,foreign,,100,USDA FNDDS (nguồn chính thức),"USDA FoodData Central (FNDDS/WWEIA Survey Foods), fdcId:2705716"
FNDDS-2705717,,"Cheese, Gouda or Edam",,foreign,,100,USDA FNDDS (nguồn chính thức),"USDA FoodData Central (FNDDS/WWEIA Survey Foods), fdcId:2705717"
FNDDS-2705718,,"Cheese, Gruyere",,foreign,,100,USDA FNDDS (nguồn chính thức),"USDA FoodData Central (FNDDS/WWEIA Survey Foods), fdcId:2705718"
FNDDS-2705719,,"Cheese, Limburger",,foreign,,100,USDA FNDDS (nguồn chính thức),"USDA FoodData Central (FNDDS/WWEIA Survey Foods), fdcId:2705719"
FNDDS-2705721,,"Cheese, Monterey, reduced fat",,foreign,,100,USDA FNDDS (nguồn chính thức),"USDA FoodData Central (FNDDS/WWEIA Survey Foods), fdcId:2705721"
FNDDS-2705722,,"Cheese, Mozzarella, NFS",,foreign,,100,USDA FNDDS (nguồn chính thức),"USDA FoodData Central (FNDDS/WWEIA Survey Foods), fdcId:2705722"
FNDDS-2705723,,"Cheese, Mozzarella, part skim",,foreign,,100,USDA FNDDS (nguồn chính thức),"USDA FoodData Central (FNDDS/WWEIA Survey Foods), fdcId:2705723"
FNDDS-2705724,,"Cheese, Mozzarella, reduced sodium",,foreign,,100,USDA FNDDS (nguồn chính thức),"USDA FoodData Central (FNDDS/WWEIA Survey Foods), fdcId:2705724"
FNDDS-2705725,,"Cheese, Mozzarella, nonfat or fat free",,foreign,,100,USDA FNDDS (nguồn chính thức),"USDA FoodData Central (FNDDS/WWEIA Survey Foods), fdcId:2705725"
FNDDS-2705726,,"Cheese, Muenster",,foreign,,100,USDA FNDDS (nguồn chính thức),"USDA FoodData Central (FNDDS/WWEIA Survey Foods), fdcId:2705726"
FNDDS-2705727,,"Cheese, Muenster, reduced fat",,foreign,,100,USDA FNDDS (nguồn chính thức),"USDA FoodData Central (FNDDS/WWEIA Survey Foods), fdcId:2705727"
FNDDS-2705729,,"Cheese, Parmesan, dry grated, reduced fat",,foreign,,100,USDA FNDDS (nguồn chính thức),"USDA FoodData Central (FNDDS/WWEIA Survey Foods), fdcId:2705729"
FNDDS-2705731,,"Cheese, Parmesan, dry grated, fat free",,foreign,,100,USDA FNDDS (nguồn chính thức),"USDA FoodData Central (FNDDS/WWEIA Survey Foods), fdcId:2705731"
FNDDS-2705732,,"Cheese, Port du Salut",,foreign,,100,USDA FNDDS (nguồn chính thức),"USDA FoodData Central (FNDDS/WWEIA Survey Foods), fdcId:2705732"
FNDDS-2705734,,"Cheese, provolone, reduced fat",,foreign,,100,USDA FNDDS (nguồn chính thức),"USDA FoodData Central (FNDDS/WWEIA Survey Foods), fdcId:2705734"
FNDDS-2705735,,"Cheese, Swiss",,foreign,,100,USDA FNDDS (nguồn chính thức),"USDA FoodData Central (FNDDS/WWEIA Survey Foods), fdcId:2705735"
FNDDS-2705736,,"Cheese, Swiss, reduced sodium",,foreign,,100,USDA FNDDS (nguồn chính thức),"USDA FoodData Central (FNDDS/WWEIA Survey Foods), fdcId:2705736"
FNDDS-2705737,,"Cheese, Swiss, reduced fat",,foreign,,100,USDA FNDDS (nguồn chính thức),"USDA FoodData Central (FNDDS/WWEIA Survey Foods), fdcId:2705737"
FNDDS-2705738,,"Cheese, Swiss, nonfat or fat free",,foreign,,100,USDA FNDDS (nguồn chính thức),"USDA FoodData Central (FNDDS/WWEIA Survey Foods), fdcId:2705738"
FNDDS-2705739,,"Cheese, Cheddar, reduced sodium",,foreign,,100,USDA FNDDS (nguồn chính thức),"USDA FoodData Central (FNDDS/WWEIA Survey Foods), fdcId:2705739"
FNDDS-2705740,,"Cheese, paneer",,foreign,,100,USDA FNDDS (nguồn chính thức),"USDA FoodData Central (FNDDS/WWEIA Survey Foods), fdcId:2705740"
FNDDS-2705742,,"Cheese, Mexican blend, reduced fat",,foreign,,100,USDA FNDDS (nguồn chính thức),"USDA FoodData Central (FNDDS/WWEIA Survey Foods), fdcId:2705742"
FNDDS-2705743,,"Queso Anejo, aged Mexican cheese",,foreign,,100,USDA FNDDS (nguồn chính thức),"USDA FoodData Central (FNDDS/WWEIA Survey Foods), fdcId:2705743"
FNDDS-2705747,,"Cheese, cottage, NFS",,foreign,,100,USDA FNDDS (nguồn chính thức),"USDA FoodData Central (FNDDS/WWEIA Survey Foods), fdcId:2705747"
FNDDS-2705748,,"Cheese, cottage, creamed, large or small curd",,foreign,,100,USDA FNDDS (nguồn chính thức),"USDA FoodData Central (FNDDS/WWEIA Survey Foods), fdcId:2705748"
FNDDS-2705749,,"Cottage cheese, farmer's",,foreign,,100,USDA FNDDS (nguồn chính thức),"USDA FoodData Central (FNDDS/WWEIA Survey Foods), fdcId:2705749"
FNDDS-2705750,,"Cheese, Ricotta",,foreign,,100,USDA FNDDS (nguồn chính thức),"USDA FoodData Central (FNDDS/WWEIA Survey Foods), fdcId:2705750"
FNDDS-2705751,,"Cheese, cottage, with fruit",,foreign,,100,USDA FNDDS (nguồn chính thức),"USDA FoodData Central (FNDDS/WWEIA Survey Foods), fdcId:2705751"
FNDDS-2705752,,"Cheese, cottage, with vegetables",,foreign,,100,USDA FNDDS (nguồn chính thức),"USDA FoodData Central (FNDDS/WWEIA Survey Foods), fdcId:2705752"
FNDDS-2705753,,"Cheese, cottage, dry curd",,foreign,,100,USDA FNDDS (nguồn chính thức),"USDA FoodData Central (FNDDS/WWEIA Survey Foods), fdcId:2705753"
FNDDS-2705754,,"Cheese, cottage, salted, dry curd",,foreign,,100,USDA FNDDS (nguồn chính thức),"USDA FoodData Central (FNDDS/WWEIA Survey Foods), fdcId:2705754"
FNDDS-2705756,,"Cheese, cottage, low fat",,foreign,,100,USDA FNDDS (nguồn chính thức),"USDA FoodData Central (FNDDS/WWEIA Survey Foods), fdcId:2705756"
FNDDS-2705757,,"Cheese, cottage, lowfat, with fruit",,foreign,,100,USDA FNDDS (nguồn chính thức),"USDA FoodData Central (FNDDS/WWEIA Survey Foods), fdcId:2705757"
FNDDS-2705758,,"Cheese, cottage, lowfat, low sodium",,foreign,,100,USDA FNDDS (nguồn chính thức),"USDA FoodData Central (FNDDS/WWEIA Survey Foods), fdcId:2705758"
FNDDS-2705759,,"Cheese, cottage, lowfat, lactose reduced",,foreign,,100,USDA FNDDS (nguồn chính thức),"USDA FoodData Central (FNDDS/WWEIA Survey Foods), fdcId:2705759"
FNDDS-2705760,,"Cream cheese, regular, plain",,foreign,,100,USDA FNDDS (nguồn chính thức),"USDA FoodData Central (FNDDS/WWEIA Survey Foods), fdcId:2705760"
FNDDS-2705762,,"Cream cheese, light",,foreign,,99,USDA FNDDS (nguồn chính thức),"USDA FoodData Central (FNDDS/WWEIA Survey Foods), fdcId:2705762"
FNDDS-2705765,,"Cheese, American, reduced fat",,foreign,,100,USDA FNDDS (nguồn chính thức),"USDA FoodData Central (FNDDS/WWEIA Survey Foods), fdcId:2705765"
FNDDS-2705766,,"Cheese, American, nonfat or fat free",,foreign,,100,USDA FNDDS (nguồn chính thức),"USDA FoodData Central (FNDDS/WWEIA Survey Foods), fdcId:2705766"
FNDDS-2705767,,"Cheese, American, reduced sodium",,foreign,,100,USDA FNDDS (nguồn chính thức),"USDA FoodData Central (FNDDS/WWEIA Survey Foods), fdcId:2705767"
FNDDS-2705768,,"Cheese spread, American or Cheddar cheese base, reduced fat",,foreign,,100,USDA FNDDS (nguồn chính thức),"USDA FoodData Central (FNDDS/WWEIA Survey Foods), fdcId:2705768"
FNDDS-2705769,,"Cream cheese, fat free",,foreign,,100,USDA FNDDS (nguồn chính thức),"USDA FoodData Central (FNDDS/WWEIA Survey Foods), fdcId:2705769"
FNDDS-2705770,,"Cheese, processed cheese food",,foreign,,100,USDA FNDDS (nguồn chính thức),"USDA FoodData Central (FNDDS/WWEIA Survey Foods), fdcId:2705770"
FNDDS-2705771,,"Cheese, processed, with vegetables",,foreign,,101.2,USDA FNDDS (nguồn chính thức),"USDA FoodData Central (FNDDS/WWEIA Survey Foods), fdcId:2705771"
FNDDS-2705772,,"Cheese,  with wine",,foreign,,100,USDA FNDDS (nguồn chính thức),"USDA FoodData Central (FNDDS/WWEIA Survey Foods), fdcId:2705772"
FNDDS-2705773,,"Cheese spread, American or Cheddar cheese base",,foreign,,100,USDA FNDDS (nguồn chính thức),"USDA FoodData Central (FNDDS/WWEIA Survey Foods), fdcId:2705773"
FNDDS-2705774,,"Cheese spread, Swiss cheese base",,foreign,,100,USDA FNDDS (nguồn chính thức),"USDA FoodData Central (FNDDS/WWEIA Survey Foods), fdcId:2705774"
FNDDS-2705775,,"Cheese spread, cream cheese",,foreign,,100,USDA FNDDS (nguồn chính thức),"USDA FoodData Central (FNDDS/WWEIA Survey Foods), fdcId:2705775"
FNDDS-2705776,,"Cheese spread, pressurized can",,foreign,,100,USDA FNDDS (nguồn chính thức),"USDA FoodData Central (FNDDS/WWEIA Survey Foods), fdcId:2705776"
FNDDS-2705777,,Imitation cheese,,foreign,,100,USDA FNDDS (nguồn chính thức),"USDA FoodData Central (FNDDS/WWEIA Survey Foods), fdcId:2705777"
FNDDS-2705778,,"Cheese, cottage cheese, with gelatin dessert",,foreign,,390,USDA FNDDS (nguồn chính thức),"USDA FoodData Central (FNDDS/WWEIA Survey Foods), fdcId:2705778"
FNDDS-2705779,,"Cheese, cottage cheese, with gelatin dessert and fruit",,foreign,,576,USDA FNDDS (nguồn chính thức),"USDA FoodData Central (FNDDS/WWEIA Survey Foods), fdcId:2705779"
FNDDS-2705780,,"Cheese, cottage cheese, with gelatin dessert and vegetables",,foreign,,318.81,USDA FNDDS (nguồn chính thức),"USDA FoodData Central (FNDDS/WWEIA Survey Foods), fdcId:2705780"
FNDDS-2705782,,Artichoke dip,,foreign,,151,USDA FNDDS (nguồn chính thức),"USDA FoodData Central (FNDDS/WWEIA Survey Foods), fdcId:2705782"
FNDDS-2705783,,Spinach and artichoke dip,,foreign,,151,USDA FNDDS (nguồn chính thức),"USDA FoodData Central (FNDDS/WWEIA Survey Foods), fdcId:2705783"
FNDDS-2705784,,Seafood dip,,foreign,,151,USDA FNDDS (nguồn chính thức),"USDA FoodData Central (FNDDS/WWEIA Survey Foods), fdcId:2705784"
FNDDS-2705785,,Cheese dip with chili pepper,,foreign,,100,USDA FNDDS (nguồn chính thức),"USDA FoodData Central (FNDDS/WWEIA Survey Foods), fdcId:2705785"
FNDDS-2705787,,Topping from cheese pizza,,foreign,,262,USDA FNDDS (nguồn chính thức),"USDA FoodData Central (FNDDS/WWEIA Survey Foods), fdcId:2705787"
FNDDS-2705788,,Topping from vegetable pizza,,foreign,,433,USDA FNDDS (nguồn chính thức),"USDA FoodData Central (FNDDS/WWEIA Survey Foods), fdcId:2705788"
FNDDS-2705789,,Topping from meat pizza,,foreign,,414,USDA FNDDS (nguồn chính thức),"USDA FoodData Central (FNDDS/WWEIA Survey Foods), fdcId:2705789"
FNDDS-2705790,,Topping from meat and vegetable pizza,,foreign,,528,USDA FNDDS (nguồn chính thức),"USDA FoodData Central (FNDDS/WWEIA Survey Foods), fdcId:2705790"
FNDDS-2705791,,Cheese fondue,,foreign,,679.813,USDA FNDDS (nguồn chính thức),"USDA FoodData Central (FNDDS/WWEIA Survey Foods), fdcId:2705791"
FNDDS-2705797,,"Cheese sandwich, cheddar cheese, on white bread",,foreign,,102,USDA FNDDS (nguồn chính thức),"USDA FoodData Central (FNDDS/WWEIA Survey Foods), fdcId:2705797"
FNDDS-2705799,,"Cheese sandwich, reduced fat cheese, on white bread",,foreign,,102,USDA FNDDS (nguồn chính thức),"USDA FoodData Central (FNDDS/WWEIA Survey Foods), fdcId:2705799"
FNDDS-2705809,,Alfredo sauce,,foreign,,398.5,USDA FNDDS (nguồn chính thức),"USDA FoodData Central (FNDDS/WWEIA Survey Foods), fdcId:2705809"
FNDDS-2705817,,"Mozzarella sticks, breaded, baked, or fried",,foreign,,100,USDA FNDDS (nguồn chính thức),"USDA FoodData Central (FNDDS/WWEIA Survey Foods), fdcId:2705817"
FNDDS-2705818,,"Mozzarella cheese, tomato, and basil, with oil and vinegar dressing",,foreign,,1229.6,USDA FNDDS (nguồn chính thức),"USDA FoodData Central (FNDDS/WWEIA Survey Foods), fdcId:2705818"
FNDDS-2705821,,"Baby Toddler meat, NFS",,foreign,,100,USDA FNDDS (nguồn chính thức),"USDA FoodData Central (FNDDS/WWEIA Survey Foods), fdcId:2705821"
FNDDS-2705825,,"Beef, steak, chuck",,foreign,,100.8,USDA FNDDS (nguồn chính thức),"USDA FoodData Central (FNDDS/WWEIA Survey Foods), fdcId:2705825"
FNDDS-2705827,,"Beef, steak, flank",,foreign,,100.8,USDA FNDDS (nguồn chính thức),"USDA FoodData Central (FNDDS/WWEIA Survey Foods), fdcId:2705827"
FNDDS-2705829,,"Beef, steak, ribeye, lean and fat eaten",,foreign,,100.8,USDA FNDDS (nguồn chính thức),"USDA FoodData Central (FNDDS/WWEIA Survey Foods), fdcId:2705829"
FNDDS-2705830,,"Beef, steak, ribeye, lean only eaten",,foreign,,100.8,USDA FNDDS (nguồn chính thức),"USDA FoodData Central (FNDDS/WWEIA Survey Foods), fdcId:2705830"
FNDDS-2705831,,"Beef, steak, round",,foreign,,100.8,USDA FNDDS (nguồn chính thức),"USDA FoodData Central (FNDDS/WWEIA Survey Foods), fdcId:2705831"
FNDDS-2705833,,"Beef, steak, sirloin, lean and fat eaten",,foreign,,100.8,USDA FNDDS (nguồn chính thức),"USDA FoodData Central (FNDDS/WWEIA Survey Foods), fdcId:2705833"
FNDDS-2705834,,"Beef, steak, sirloin, lean only eaten",,foreign,,100.8,USDA FNDDS (nguồn chính thức),"USDA FoodData Central (FNDDS/WWEIA Survey Foods), fdcId:2705834"
FNDDS-2705836,,"Beef, steak, strip, lean and fat eaten",,foreign,,100.8,USDA FNDDS (nguồn chính thức),"USDA FoodData Central (FNDDS/WWEIA Survey Foods), fdcId:2705836"
FNDDS-2705837,,"Beef, steak, strip, lean only eaten",,foreign,,100.8,USDA FNDDS (nguồn chính thức),"USDA FoodData Central (FNDDS/WWEIA Survey Foods), fdcId:2705837"
FNDDS-2705839,,"Beef, steak, T-bone,  lean and fat eaten",,foreign,,100.8,USDA FNDDS (nguồn chính thức),"USDA FoodData Central (FNDDS/WWEIA Survey Foods), fdcId:2705839"
FNDDS-2705840,,"Beef, steak, T-bone, lean only eaten",,foreign,,100.8,USDA FNDDS (nguồn chính thức),"USDA FoodData Central (FNDDS/WWEIA Survey Foods), fdcId:2705840"
FNDDS-2705841,,"Beef, steak, tenderloin",,foreign,,100.8,USDA FNDDS (nguồn chính thức),"USDA FoodData Central (FNDDS/WWEIA Survey Foods), fdcId:2705841"
FNDDS-2705843,,"Beef, oxtails",,foreign,,100.8,USDA FNDDS (nguồn chính thức),"USDA FoodData Central (FNDDS/WWEIA Survey Foods), fdcId:2705843"
FNDDS-2705844,,"Beef, neck bones",,foreign,,100.8,USDA FNDDS (nguồn chính thức),"USDA FoodData Central (FNDDS/WWEIA Survey Foods), fdcId:2705844"
FNDDS-2705845,,"Beef, shortribs",,foreign,,100.8,USDA FNDDS (nguồn chính thức),"USDA FoodData Central (FNDDS/WWEIA Survey Foods), fdcId:2705845"
FNDDS-2705846,,"Beef, cow head",,foreign,,100.8,USDA FNDDS (nguồn chính thức),"USDA FoodData Central (FNDDS/WWEIA Survey Foods), fdcId:2705846"
FNDDS-2705847,,"Beef, roast",,foreign,,100.8,USDA FNDDS (nguồn chính thức),"USDA FoodData Central (FNDDS/WWEIA Survey Foods), fdcId:2705847"
FNDDS-2705848,,"Beef, pot roast",,foreign,,100.8,USDA FNDDS (nguồn chính thức),"USDA FoodData Central (FNDDS/WWEIA Survey Foods), fdcId:2705848"
FNDDS-2705850,,"Beef, corned",,foreign,,100,USDA FNDDS (nguồn chính thức),"USDA FoodData Central (FNDDS/WWEIA Survey Foods), fdcId:2705850"
FNDDS-2705851,,"Beef, brisket",,foreign,,99.8,USDA FNDDS (nguồn chính thức),"USDA FoodData Central (FNDDS/WWEIA Survey Foods), fdcId:2705851"
FNDDS-2705852,,"Beef, sandwich steak",,foreign,,100.8,USDA FNDDS (nguồn chính thức),"USDA FoodData Central (FNDDS/WWEIA Survey Foods), fdcId:2705852"
FNDDS-2705853,,"Beef, ground, raw",,foreign,,100.8,USDA FNDDS (nguồn chính thức),"USDA FoodData Central (FNDDS/WWEIA Survey Foods), fdcId:2705853"
FNDDS-2705854,,"Beef, ground",,foreign,,100.8,USDA FNDDS (nguồn chính thức),"USDA FoodData Central (FNDDS/WWEIA Survey Foods), fdcId:2705854"
FNDDS-2705855,,"Beef, ground, patty",,foreign,,100.8,USDA FNDDS (nguồn chính thức),"USDA FoodData Central (FNDDS/WWEIA Survey Foods), fdcId:2705855"
FNDDS-2705856,,"Beef, bacon, cooked",,foreign,,100,USDA FNDDS (nguồn chính thức),"USDA FoodData Central (FNDDS/WWEIA Survey Foods), fdcId:2705856"
FNDDS-2705857,,"Beef, bacon, reduced sodium, cooked",,foreign,,100,USDA FNDDS (nguồn chính thức),"USDA FoodData Central (FNDDS/WWEIA Survey Foods), fdcId:2705857"
FNDDS-2705858,,"Beef, dried, chipped, uncooked",,foreign,,100,USDA FNDDS (nguồn chính thức),"USDA FoodData Central (FNDDS/WWEIA Survey Foods), fdcId:2705858"
FNDDS-2705859,,"Beef, dried, chipped, cooked in fat",,foreign,,125.4,USDA FNDDS (nguồn chính thức),"USDA FoodData Central (FNDDS/WWEIA Survey Foods), fdcId:2705859"
FNDDS-2705860,,Beef jerky,,foreign,,100,USDA FNDDS (nguồn chính thức),"USDA FoodData Central (FNDDS/WWEIA Survey Foods), fdcId:2705860"
FNDDS-2705861,,Baby Toddler beef,,foreign,,100,USDA FNDDS (nguồn chính thức),"USDA FoodData Central (FNDDS/WWEIA Survey Foods), fdcId:2705861"
FNDDS-2705863,,"Pork, ground",,foreign,,100.8,USDA FNDDS (nguồn chính thức),"USDA FoodData Central (FNDDS/WWEIA Survey Foods), fdcId:2705863"
FNDDS-2705865,,Pork jerky,,foreign,,110.2,USDA FNDDS (nguồn chính thức),"USDA FoodData Central (FNDDS/WWEIA Survey Foods), fdcId:2705865"
FNDDS-2705867,,"Pork, chop, lean and fat eaten",,foreign,,100.6,USDA FNDDS (nguồn chính thức),"USDA FoodData Central (FNDDS/WWEIA Survey Foods), fdcId:2705867"
FNDDS-2705868,,"Pork, chop, lean only eaten",,foreign,,100.6,USDA FNDDS (nguồn chính thức),"USDA FoodData Central (FNDDS/WWEIA Survey Foods), fdcId:2705868"
FNDDS-2705874,,"Pork, steak, lean and fat eaten",,foreign,,100.6,USDA FNDDS (nguồn chính thức),"USDA FoodData Central (FNDDS/WWEIA Survey Foods), fdcId:2705874"
FNDDS-2705875,,"Pork, steak, lean only eaten",,foreign,,100.6,USDA FNDDS (nguồn chính thức),"USDA FoodData Central (FNDDS/WWEIA Survey Foods), fdcId:2705875"
FNDDS-2705877,,"Pork, tenderloin",,foreign,,100.6,USDA FNDDS (nguồn chính thức),"USDA FoodData Central (FNDDS/WWEIA Survey Foods), fdcId:2705877"
FNDDS-2705879,,"Ham, prosciutto",,foreign,,100,USDA FNDDS (nguồn chính thức),"USDA FoodData Central (FNDDS/WWEIA Survey Foods), fdcId:2705879"
FNDDS-2705880,,"Ham, canned",,foreign,,100,USDA FNDDS (nguồn chính thức),"USDA FoodData Central (FNDDS/WWEIA Survey Foods), fdcId:2705880"
FNDDS-2705881,,"Ham, ground",,foreign,,100,USDA FNDDS (nguồn chính thức),"USDA FoodData Central (FNDDS/WWEIA Survey Foods), fdcId:2705881"
FNDDS-2705882,,"Pork, roast",,foreign,,100.8,USDA FNDDS (nguồn chính thức),"USDA FoodData Central (FNDDS/WWEIA Survey Foods), fdcId:2705882"
FNDDS-2705883,,"Pork, roll",,foreign,,102.5,USDA FNDDS (nguồn chính thức),"USDA FoodData Central (FNDDS/WWEIA Survey Foods), fdcId:2705883"
FNDDS-2705884,,"Canadian bacon, cooked",,foreign,,100,USDA FNDDS (nguồn chính thức),"USDA FoodData Central (FNDDS/WWEIA Survey Foods), fdcId:2705884"
FNDDS-2705886,,"Bacon, NS as to type of meat, reduced sodium, cooked",,foreign,,100,USDA FNDDS (nguồn chính thức),"USDA FoodData Central (FNDDS/WWEIA Survey Foods), fdcId:2705886"
FNDDS-2705888,,"Pork bacon, NS as to fresh, smoked or cured, reduced sodium, cooked",,foreign,,100,USDA FNDDS (nguồn chính thức),"USDA FoodData Central (FNDDS/WWEIA Survey Foods), fdcId:2705888"
FNDDS-2705889,,"Pork bacon, smoked or cured, cooked",,foreign,,100,USDA FNDDS (nguồn chính thức),"USDA FoodData Central (FNDDS/WWEIA Survey Foods), fdcId:2705889"
FNDDS-2705890,,"Bacon or side pork, fresh, cooked",,foreign,,100,USDA FNDDS (nguồn chính thức),"USDA FoodData Central (FNDDS/WWEIA Survey Foods), fdcId:2705890"
FNDDS-2705891,,"Pork bacon, smoked or cured, reduced sodium, cooked",,foreign,,100,USDA FNDDS (nguồn chính thức),"USDA FoodData Central (FNDDS/WWEIA Survey Foods), fdcId:2705891"
FNDDS-2705892,,"Fat back, cooked",,foreign,,105.5,USDA FNDDS (nguồn chính thức),"USDA FoodData Central (FNDDS/WWEIA Survey Foods), fdcId:2705892"
FNDDS-2705894,,"Pork, ribs",,foreign,,100.8,USDA FNDDS (nguồn chính thức),"USDA FoodData Central (FNDDS/WWEIA Survey Foods), fdcId:2705894"
FNDDS-2705895,,"Pork, cracklings",,foreign,,100,USDA FNDDS (nguồn chính thức),"USDA FoodData Central (FNDDS/WWEIA Survey Foods), fdcId:2705895"
FNDDS-2705896,,"Pork, ears",,foreign,,100.8,USDA FNDDS (nguồn chính thức),"USDA FoodData Central (FNDDS/WWEIA Survey Foods), fdcId:2705896"
FNDDS-2705897,,"Pork, bones",,foreign,,100.8,USDA FNDDS (nguồn chính thức),"USDA FoodData Central (FNDDS/WWEIA Survey Foods), fdcId:2705897"
FNDDS-2705898,,"Pork, pig's feet",,foreign,,100.8,USDA FNDDS (nguồn chính thức),"USDA FoodData Central (FNDDS/WWEIA Survey Foods), fdcId:2705898"
FNDDS-2705899,,"Pork, pig's feet, pickled",,foreign,,100,USDA FNDDS (nguồn chính thức),"USDA FoodData Central (FNDDS/WWEIA Survey Foods), fdcId:2705899"
FNDDS-2705900,,"Pork, ham hocks",,foreign,,100.5,USDA FNDDS (nguồn chính thức),"USDA FoodData Central (FNDDS/WWEIA Survey Foods), fdcId:2705900"
FNDDS-2705901,,"Pork, belly",,foreign,,100.7,USDA FNDDS (nguồn chính thức),"USDA FoodData Central (FNDDS/WWEIA Survey Foods), fdcId:2705901"
FNDDS-2705902,,Pork skin rinds,,foreign,,100,USDA FNDDS (nguồn chính thức),"USDA FoodData Central (FNDDS/WWEIA Survey Foods), fdcId:2705902"
FNDDS-2705903,,Baby Toddler ham,,foreign,,100,USDA FNDDS (nguồn chính thức),"USDA FoodData Central (FNDDS/WWEIA Survey Foods), fdcId:2705903"
FNDDS-2705904,,Baby Toddler meat stick,,foreign,,100,USDA FNDDS (nguồn chính thức),"USDA FoodData Central (FNDDS/WWEIA Survey Foods), fdcId:2705904"
FNDDS-2705905,,"Lamb, NS as to cut",,foreign,,100.8,USDA FNDDS (nguồn chính thức),"USDA FoodData Central (FNDDS/WWEIA Survey Foods), fdcId:2705905"
FNDDS-2705906,,"Lamb, chop",,foreign,,100.8,USDA FNDDS (nguồn chính thức),"USDA FoodData Central (FNDDS/WWEIA Survey Foods), fdcId:2705906"
FNDDS-2705907,,"Lamb, ground",,foreign,,100.8,USDA FNDDS (nguồn chính thức),"USDA FoodData Central (FNDDS/WWEIA Survey Foods), fdcId:2705907"
FNDDS-2705908,,Goat,,foreign,,100.8,USDA FNDDS (nguồn chính thức),"USDA FoodData Central (FNDDS/WWEIA Survey Foods), fdcId:2705908"
FNDDS-2705909,,"Veal, chop",,foreign,,100.8,USDA FNDDS (nguồn chính thức),"USDA FoodData Central (FNDDS/WWEIA Survey Foods), fdcId:2705909"
FNDDS-2705910,,"Veal, ground",,foreign,,100.8,USDA FNDDS (nguồn chính thức),"USDA FoodData Central (FNDDS/WWEIA Survey Foods), fdcId:2705910"
FNDDS-2705912,,Rabbit,,foreign,,100.8,USDA FNDDS (nguồn chính thức),"USDA FoodData Central (FNDDS/WWEIA Survey Foods), fdcId:2705912"
FNDDS-2705913,,"Venison, NFS",,foreign,,100.8,USDA FNDDS (nguồn chính thức),"USDA FoodData Central (FNDDS/WWEIA Survey Foods), fdcId:2705913"
FNDDS-2705914,,"Venison, steak",,foreign,,100.8,USDA FNDDS (nguồn chính thức),"USDA FoodData Central (FNDDS/WWEIA Survey Foods), fdcId:2705914"
FNDDS-2705915,,Venison/deer jerky,,foreign,,123,USDA FNDDS (nguồn chính thức),"USDA FoodData Central (FNDDS/WWEIA Survey Foods), fdcId:2705915"
FNDDS-2705916,,Venison sausage,,foreign,,102,USDA FNDDS (nguồn chính thức),"USDA FoodData Central (FNDDS/WWEIA Survey Foods), fdcId:2705916"
FNDDS-2705917,,Moose,,foreign,,100.8,USDA FNDDS (nguồn chính thức),"USDA FoodData Central (FNDDS/WWEIA Survey Foods), fdcId:2705917"
FNDDS-2705918,,Bear,,foreign,,100.8,USDA FNDDS (nguồn chính thức),"USDA FoodData Central (FNDDS/WWEIA Survey Foods), fdcId:2705918"
FNDDS-2705919,,Caribou,,foreign,,100.8,USDA FNDDS (nguồn chính thức),"USDA FoodData Central (FNDDS/WWEIA Survey Foods), fdcId:2705919"
FNDDS-2705920,,Bison,,foreign,,100.8,USDA FNDDS (nguồn chính thức),"USDA FoodData Central (FNDDS/WWEIA Survey Foods), fdcId:2705920"
FNDDS-2705921,,Groundhog,,foreign,,100.8,USDA FNDDS (nguồn chính thức),"USDA FoodData Central (FNDDS/WWEIA Survey Foods), fdcId:2705921"
FNDDS-2705922,,Opossum,,foreign,,100.8,USDA FNDDS (nguồn chính thức),"USDA FoodData Central (FNDDS/WWEIA Survey Foods), fdcId:2705922"
FNDDS-2705923,,Squirrel,,foreign,,100.8,USDA FNDDS (nguồn chính thức),"USDA FoodData Central (FNDDS/WWEIA Survey Foods), fdcId:2705923"
FNDDS-2705924,,Beaver,,foreign,,100.8,USDA FNDDS (nguồn chính thức),"USDA FoodData Central (FNDDS/WWEIA Survey Foods), fdcId:2705924"
FNDDS-2705925,,Raccoon,,foreign,,100.8,USDA FNDDS (nguồn chính thức),"USDA FoodData Central (FNDDS/WWEIA Survey Foods), fdcId:2705925"
FNDDS-2705926,,Armadillo,,foreign,,100.8,USDA FNDDS (nguồn chính thức),"USDA FoodData Central (FNDDS/WWEIA Survey Foods), fdcId:2705926"
FNDDS-2705927,,Wild pig,,foreign,,100.8,USDA FNDDS (nguồn chính thức),"USDA FoodData Central (FNDDS/WWEIA Survey Foods), fdcId:2705927"
FNDDS-2705928,,Ostrich,,foreign,,100.84,USDA FNDDS (nguồn chính thức),"USDA FoodData Central (FNDDS/WWEIA Survey Foods), fdcId:2705928"
FNDDS-2705929,,"Chicken, NS as to part and cooking method, NS as to skin eaten",,foreign,,100,USDA FNDDS (nguồn chính thức),"USDA FoodData Central (FNDDS/WWEIA Survey Foods), fdcId:2705929"
FNDDS-2705930,,"Chicken, NS as to part and cooking method, skin eaten",,foreign,,100,USDA FNDDS (nguồn chính thức),"USDA FoodData Central (FNDDS/WWEIA Survey Foods), fdcId:2705930"
FNDDS-2705931,,"Chicken, NS as to part and cooking method, skin not eaten",,foreign,,100,USDA FNDDS (nguồn chính thức),"USDA FoodData Central (FNDDS/WWEIA Survey Foods), fdcId:2705931"
FNDDS-2705935,,"Chicken, NS as to part, rotisserie, NS as to skin eaten",,foreign,,100,USDA FNDDS (nguồn chính thức),"USDA FoodData Central (FNDDS/WWEIA Survey Foods), fdcId:2705935"
FNDDS-2705936,,"Chicken, NS as to part, rotisserie, skin eaten",,foreign,,100,USDA FNDDS (nguồn chính thức),"USDA FoodData Central (FNDDS/WWEIA Survey Foods), fdcId:2705936"
FNDDS-2705937,,"Chicken, NS as to part, rotisserie, skin not eaten",,foreign,,100,USDA FNDDS (nguồn chính thức),"USDA FoodData Central (FNDDS/WWEIA Survey Foods), fdcId:2705937"
FNDDS-2705949,,"Chicken, NS as to part, fried, coated, skin / coating eaten",,foreign,,100,USDA FNDDS (nguồn chính thức),"USDA FoodData Central (FNDDS/WWEIA Survey Foods), fdcId:2705949"
FNDDS-2705950,,"Chicken, NS as to part, fried, coated, skin / coating not eaten",,foreign,,100,USDA FNDDS (nguồn chính thức),"USDA FoodData Central (FNDDS/WWEIA Survey Foods), fdcId:2705950"
FNDDS-2705951,,"Chicken, NS as to part, baked, coated, skin / coating eaten",,foreign,,100,USDA FNDDS (nguồn chính thức),"USDA FoodData Central (FNDDS/WWEIA Survey Foods), fdcId:2705951"
FNDDS-2705952,,"Chicken, NS as to part, baked, coated, skin / coating not eaten",,foreign,,100,USDA FNDDS (nguồn chính thức),"USDA FoodData Central (FNDDS/WWEIA Survey Foods), fdcId:2705952"
FNDDS-2705953,,"Chicken breast, NS as to cooking method, skin eaten",,foreign,,100,USDA FNDDS (nguồn chính thức),"USDA FoodData Central (FNDDS/WWEIA Survey Foods), fdcId:2705953"
FNDDS-2705954,,"Chicken breast, NS as to cooking method, skin not eaten",,foreign,,100,USDA FNDDS (nguồn chính thức),"USDA FoodData Central (FNDDS/WWEIA Survey Foods), fdcId:2705954"
FNDDS-2705955,,"Chicken breast, baked, broiled, or roasted, skin eaten, from raw",,foreign,,100.6,USDA FNDDS (nguồn chính thức),"USDA FoodData Central (FNDDS/WWEIA Survey Foods), fdcId:2705955"
FNDDS-2705956,,"Chicken breast, baked, broiled, or roasted, skin not eaten, from raw",,foreign,,100.6,USDA FNDDS (nguồn chính thức),"USDA FoodData Central (FNDDS/WWEIA Survey Foods), fdcId:2705956"
FNDDS-2705957,,"Chicken breast, baked or broiled, skin eaten, from pre-cooked",,foreign,,100,USDA FNDDS (nguồn chính thức),"USDA FoodData Central (FNDDS/WWEIA Survey Foods), fdcId:2705957"
FNDDS-2705958,,"Chicken breast, baked or broiled, skin not eaten, from pre-cooked",,foreign,,100,USDA FNDDS (nguồn chính thức),"USDA FoodData Central (FNDDS/WWEIA Survey Foods), fdcId:2705958"
FNDDS-2705963,,"Chicken breast, rotisserie, skin eaten",,foreign,,100,USDA FNDDS (nguồn chính thức),"USDA FoodData Central (FNDDS/WWEIA Survey Foods), fdcId:2705963"
FNDDS-2705964,,"Chicken breast, rotisserie, skin not eaten",,foreign,,100,USDA FNDDS (nguồn chính thức),"USDA FoodData Central (FNDDS/WWEIA Survey Foods), fdcId:2705964"
FNDDS-2705965,,"Chicken breast, stewed, skin eaten",,foreign,,100.6,USDA FNDDS (nguồn chính thức),"USDA FoodData Central (FNDDS/WWEIA Survey Foods), fdcId:2705965"
FNDDS-2705966,,"Chicken breast, stewed, skin not eaten",,foreign,,100.6,USDA FNDDS (nguồn chính thức),"USDA FoodData Central (FNDDS/WWEIA Survey Foods), fdcId:2705966"
FNDDS-2705982,,"Chicken leg, drumstick and thigh, NS as to cooking method, skin eaten",,foreign,,100,USDA FNDDS (nguồn chính thức),"USDA FoodData Central (FNDDS/WWEIA Survey Foods), fdcId:2705982"
FNDDS-2705983,,"Chicken leg, drumstick and thigh, NS as to cooking method, skin not eaten",,foreign,,100,USDA FNDDS (nguồn chính thức),"USDA FoodData Central (FNDDS/WWEIA Survey Foods), fdcId:2705983"
FNDDS-2705984,,"Chicken leg, drumstick and thigh, baked or broiled, skin eaten",,foreign,,100.6,USDA FNDDS (nguồn chính thức),"USDA FoodData Central (FNDDS/WWEIA Survey Foods), fdcId:2705984"
FNDDS-2705985,,"Chicken leg, drumstick and thigh, baked or broiled, skin not eaten",,foreign,,100.6,USDA FNDDS (nguồn chính thức),"USDA FoodData Central (FNDDS/WWEIA Survey Foods), fdcId:2705985"
FNDDS-2705986,,"Chicken leg, drumstick and thigh, rotisserie, skin eaten",,foreign,,100,USDA FNDDS (nguồn chính thức),"USDA FoodData Central (FNDDS/WWEIA Survey Foods), fdcId:2705986"
FNDDS-2705987,,"Chicken leg, drumstick and thigh, rotisserie, skin not eaten",,foreign,,100,USDA FNDDS (nguồn chính thức),"USDA FoodData Central (FNDDS/WWEIA Survey Foods), fdcId:2705987"
FNDDS-2705988,,"Chicken leg, drumstick and thigh, stewed, skin eaten",,foreign,,100.8,USDA FNDDS (nguồn chính thức),"USDA FoodData Central (FNDDS/WWEIA Survey Foods), fdcId:2705988"
FNDDS-2705989,,"Chicken leg, drumstick and thigh, stewed, skin not eaten",,foreign,,100.8,USDA FNDDS (nguồn chính thức),"USDA FoodData Central (FNDDS/WWEIA Survey Foods), fdcId:2705989"
FNDDS-2706000,,"Chicken drumstick, NS as to cooking method, skin eaten",,foreign,,100,USDA FNDDS (nguồn chính thức),"USDA FoodData Central (FNDDS/WWEIA Survey Foods), fdcId:2706000"
FNDDS-2706001,,"Chicken drumstick, NS as to cooking method, skin not eaten",,foreign,,100,USDA FNDDS (nguồn chính thức),"USDA FoodData Central (FNDDS/WWEIA Survey Foods), fdcId:2706001"
FNDDS-2706002,,"Chicken drumstick, baked, broiled, or roasted, skin eaten, from raw",,foreign,,100.6,USDA FNDDS (nguồn chính thức),"USDA FoodData Central (FNDDS/WWEIA Survey Foods), fdcId:2706002"
FNDDS-2706003,,"Chicken drumstick, baked, broiled, or roasted, skin not eaten, from raw",,foreign,,100.6,USDA FNDDS (nguồn chính thức),"USDA FoodData Central (FNDDS/WWEIA Survey Foods), fdcId:2706003"
FNDDS-2706004,,"Chicken drumstick, baked or broiled, skin eaten, from pre-cooked",,foreign,,100,USDA FNDDS (nguồn chính thức),"USDA FoodData Central (FNDDS/WWEIA Survey Foods), fdcId:2706004"
FNDDS-2706005,,"Chicken drumstick, baked or broiled, skin not eaten, from pre-cooked",,foreign,,100,USDA FNDDS (nguồn chính thức),"USDA FoodData Central (FNDDS/WWEIA Survey Foods), fdcId:2706005"
FNDDS-2706008,,"Chicken drumstick, rotisserie, skin eaten",,foreign,,100,USDA FNDDS (nguồn chính thức),"USDA FoodData Central (FNDDS/WWEIA Survey Foods), fdcId:2706008"
FNDDS-2706009,,"Chicken drumstick, rotisserie, skin not eaten",,foreign,,100,USDA FNDDS (nguồn chính thức),"USDA FoodData Central (FNDDS/WWEIA Survey Foods), fdcId:2706009"
FNDDS-2706014,,"Chicken drumstick, stewed, skin eaten",,foreign,,100.8,USDA FNDDS (nguồn chính thức),"USDA FoodData Central (FNDDS/WWEIA Survey Foods), fdcId:2706014"
FNDDS-2706015,,"Chicken drumstick, stewed, skin not eaten",,foreign,,100.8,USDA FNDDS (nguồn chính thức),"USDA FoodData Central (FNDDS/WWEIA Survey Foods), fdcId:2706015"
FNDDS-2706027,,"Chicken thigh, NS as to cooking method, skin eaten",,foreign,,100,USDA FNDDS (nguồn chính thức),"USDA FoodData Central (FNDDS/WWEIA Survey Foods), fdcId:2706027"
FNDDS-2706028,,"Chicken thigh, NS as to cooking method, skin not eaten",,foreign,,100,USDA FNDDS (nguồn chính thức),"USDA FoodData Central (FNDDS/WWEIA Survey Foods), fdcId:2706028"
FNDDS-2706029,,"Chicken thigh, baked, broiled, or roasted, skin eaten, from raw",,foreign,,100.6,USDA FNDDS (nguồn chính thức),"USDA FoodData Central (FNDDS/WWEIA Survey Foods), fdcId:2706029"
FNDDS-2706030,,"Chicken thigh, baked, broiled, or roasted, skin not eaten, from raw",,foreign,,100.6,USDA FNDDS (nguồn chính thức),"USDA FoodData Central (FNDDS/WWEIA Survey Foods), fdcId:2706030"
FNDDS-2706031,,"Chicken thigh, baked or broiled, skin eaten, from pre-cooked",,foreign,,100,USDA FNDDS (nguồn chính thức),"USDA FoodData Central (FNDDS/WWEIA Survey Foods), fdcId:2706031"
FNDDS-2706032,,"Chicken thigh, baked or broiled, skin not eaten, from pre-cooked",,foreign,,100,USDA FNDDS (nguồn chính thức),"USDA FoodData Central (FNDDS/WWEIA Survey Foods), fdcId:2706032"
FNDDS-2706035,,"Chicken thigh, rotisserie, skin eaten",,foreign,,100,USDA FNDDS (nguồn chính thức),"USDA FoodData Central (FNDDS/WWEIA Survey Foods), fdcId:2706035"
FNDDS-2706036,,"Chicken thigh, rotisserie, skin not eaten",,foreign,,100,USDA FNDDS (nguồn chính thức),"USDA FoodData Central (FNDDS/WWEIA Survey Foods), fdcId:2706036"
FNDDS-2706037,,"Chicken thigh, stewed, skin eaten",,foreign,,100.8,USDA FNDDS (nguồn chính thức),"USDA FoodData Central (FNDDS/WWEIA Survey Foods), fdcId:2706037"
FNDDS-2706038,,"Chicken thigh, stewed, skin not eaten",,foreign,,100.8,USDA FNDDS (nguồn chính thức),"USDA FoodData Central (FNDDS/WWEIA Survey Foods), fdcId:2706038"
FNDDS-2706056,,"Chicken wing, NS as to cooking method",,foreign,,100,USDA FNDDS (nguồn chính thức),"USDA FoodData Central (FNDDS/WWEIA Survey Foods), fdcId:2706056"
FNDDS-2706057,,"Chicken wing, baked, broiled, or roasted, from raw",,foreign,,100.8,USDA FNDDS (nguồn chính thức),"USDA FoodData Central (FNDDS/WWEIA Survey Foods), fdcId:2706057"
FNDDS-2706058,,"Chicken wing, baked or broiled, from pre-cooked",,foreign,,100,USDA FNDDS (nguồn chính thức),"USDA FoodData Central (FNDDS/WWEIA Survey Foods), fdcId:2706058"
FNDDS-2706060,,"Chicken wing, rotisserie",,foreign,,100,USDA FNDDS (nguồn chính thức),"USDA FoodData Central (FNDDS/WWEIA Survey Foods), fdcId:2706060"
FNDDS-2706061,,"Chicken wing, stewed",,foreign,,100.8,USDA FNDDS (nguồn chính thức),"USDA FoodData Central (FNDDS/WWEIA Survey Foods), fdcId:2706061"
FNDDS-2706081,,"Chicken, back",,foreign,,100.84,USDA FNDDS (nguồn chính thức),"USDA FoodData Central (FNDDS/WWEIA Survey Foods), fdcId:2706081"
FNDDS-2706082,,"Chicken, neck or ribs",,foreign,,100.84,USDA FNDDS (nguồn chính thức),"USDA FoodData Central (FNDDS/WWEIA Survey Foods), fdcId:2706082"
FNDDS-2706083,,"Chicken, tail",,foreign,,100,USDA FNDDS (nguồn chính thức),"USDA FoodData Central (FNDDS/WWEIA Survey Foods), fdcId:2706083"
FNDDS-2706084,,Chicken skin,,foreign,,100.84,USDA FNDDS (nguồn chính thức),"USDA FoodData Central (FNDDS/WWEIA Survey Foods), fdcId:2706084"
FNDDS-2706085,,Chicken feet,,foreign,,100,USDA FNDDS (nguồn chính thức),"USDA FoodData Central (FNDDS/WWEIA Survey Foods), fdcId:2706085"
FNDDS-2706086,,"Chicken, canned, meat only",,foreign,,100,USDA FNDDS (nguồn chính thức),"USDA FoodData Central (FNDDS/WWEIA Survey Foods), fdcId:2706086"
FNDDS-2706088,,"Chicken patty, breaded",,foreign,,100,USDA FNDDS (nguồn chính thức),"USDA FoodData Central (FNDDS/WWEIA Survey Foods), fdcId:2706088"
FNDDS-2706089,,"Chicken fillet, breaded",,foreign,,100,USDA FNDDS (nguồn chính thức),"USDA FoodData Central (FNDDS/WWEIA Survey Foods), fdcId:2706089"
FNDDS-2706090,,"Chicken fillet, grilled",,foreign,,101.5,USDA FNDDS (nguồn chính thức),"USDA FoodData Central (FNDDS/WWEIA Survey Foods), fdcId:2706090"
FNDDS-2706091,,"Chicken, ground",,foreign,,100.84,USDA FNDDS (nguồn chính thức),"USDA FoodData Central (FNDDS/WWEIA Survey Foods), fdcId:2706091"
FNDDS-2706093,,"Chicken nuggets, from fast food",,foreign,,100,USDA FNDDS (nguồn chính thức),"USDA FoodData Central (FNDDS/WWEIA Survey Foods), fdcId:2706093"
FNDDS-2706094,,"Chicken nuggets, from restaurant",,foreign,,100,USDA FNDDS (nguồn chính thức),"USDA FoodData Central (FNDDS/WWEIA Survey Foods), fdcId:2706094"
FNDDS-2706095,,"Chicken nuggets, from school lunch",,foreign,,100,USDA FNDDS (nguồn chính thức),"USDA FoodData Central (FNDDS/WWEIA Survey Foods), fdcId:2706095"
FNDDS-2706096,,"Chicken nuggets, from frozen",,foreign,,100,USDA FNDDS (nguồn chính thức),"USDA FoodData Central (FNDDS/WWEIA Survey Foods), fdcId:2706096"
FNDDS-2706099,,"Chicken tenders or strips, breaded, from fast food",,foreign,,100,USDA FNDDS (nguồn chính thức),"USDA FoodData Central (FNDDS/WWEIA Survey Foods), fdcId:2706099"
FNDDS-2706100,,"Chicken tenders or strips, breaded, from restaurant",,foreign,,102.1,USDA FNDDS (nguồn chính thức),"USDA FoodData Central (FNDDS/WWEIA Survey Foods), fdcId:2706100"
FNDDS-2706101,,"Chicken tenders or strips, breaded, from school lunch",,foreign,,100,USDA FNDDS (nguồn chính thức),"USDA FoodData Central (FNDDS/WWEIA Survey Foods), fdcId:2706101"
FNDDS-2706102,,"Chicken tenders or strips, breaded, from frozen",,foreign,,100,USDA FNDDS (nguồn chính thức),"USDA FoodData Central (FNDDS/WWEIA Survey Foods), fdcId:2706102"
FNDDS-2706104,,"Turkey, NFS",,foreign,,100.84,USDA FNDDS (nguồn chính thức),"USDA FoodData Central (FNDDS/WWEIA Survey Foods), fdcId:2706104"
FNDDS-2706105,,"Turkey, light meat, skin not eaten",,foreign,,100.84,USDA FNDDS (nguồn chính thức),"USDA FoodData Central (FNDDS/WWEIA Survey Foods), fdcId:2706105"
FNDDS-2706106,,"Turkey, light meat, skin eaten",,foreign,,100.84,USDA FNDDS (nguồn chính thức),"USDA FoodData Central (FNDDS/WWEIA Survey Foods), fdcId:2706106"
FNDDS-2706107,,"Turkey, light meat, breaded, baked or fried, skin not eaten",,foreign,,111.5,USDA FNDDS (nguồn chính thức),"USDA FoodData Central (FNDDS/WWEIA Survey Foods), fdcId:2706107"
FNDDS-2706108,,"Turkey, light meat, breaded, baked or fried, skin eaten",,foreign,,111.5,USDA FNDDS (nguồn chính thức),"USDA FoodData Central (FNDDS/WWEIA Survey Foods), fdcId:2706108"
FNDDS-2706109,,"Turkey, light meat, roasted, skin not eaten",,foreign,,100.84,USDA FNDDS (nguồn chính thức),"USDA FoodData Central (FNDDS/WWEIA Survey Foods), fdcId:2706109"
FNDDS-2706110,,"Turkey, light meat, roasted, skin eaten",,foreign,,100.84,USDA FNDDS (nguồn chính thức),"USDA FoodData Central (FNDDS/WWEIA Survey Foods), fdcId:2706110"
FNDDS-2706111,,"Turkey, dark meat, roasted, skin not eaten",,foreign,,100.84,USDA FNDDS (nguồn chính thức),"USDA FoodData Central (FNDDS/WWEIA Survey Foods), fdcId:2706111"
FNDDS-2706112,,"Turkey, dark meat, roasted, skin eaten",,foreign,,100.84,USDA FNDDS (nguồn chính thức),"USDA FoodData Central (FNDDS/WWEIA Survey Foods), fdcId:2706112"
FNDDS-2706113,,"Turkey, light and dark meat, roasted, skin not eaten",,foreign,,100.84,USDA FNDDS (nguồn chính thức),"USDA FoodData Central (FNDDS/WWEIA Survey Foods), fdcId:2706113"
FNDDS-2706114,,"Turkey, light and dark meat, roasted, skin eaten",,foreign,,100.84,USDA FNDDS (nguồn chính thức),"USDA FoodData Central (FNDDS/WWEIA Survey Foods), fdcId:2706114"
FNDDS-2706115,,"Turkey, light or dark meat, fried, coated, skin not eaten",,foreign,,107.3,USDA FNDDS (nguồn chính thức),"USDA FoodData Central (FNDDS/WWEIA Survey Foods), fdcId:2706115"
FNDDS-2706116,,"Turkey, light or dark meat, fried, coated, skin eaten",,foreign,,107.3,USDA FNDDS (nguồn chính thức),"USDA FoodData Central (FNDDS/WWEIA Survey Foods), fdcId:2706116"
FNDDS-2706117,,"Turkey, light or dark meat, stewed, skin not eaten",,foreign,,100.84,USDA FNDDS (nguồn chính thức),"USDA FoodData Central (FNDDS/WWEIA Survey Foods), fdcId:2706117"
FNDDS-2706118,,"Turkey light or dark meat, stewed, skin eaten",,foreign,,100.84,USDA FNDDS (nguồn chính thức),"USDA FoodData Central (FNDDS/WWEIA Survey Foods), fdcId:2706118"
FNDDS-2706119,,"Turkey, light or dark meat, smoked, skin eaten",,foreign,,100,USDA FNDDS (nguồn chính thức),"USDA FoodData Central (FNDDS/WWEIA Survey Foods), fdcId:2706119"
FNDDS-2706120,,"Turkey, light or dark meat, smoked, skin not eaten",,foreign,,100,USDA FNDDS (nguồn chính thức),"USDA FoodData Central (FNDDS/WWEIA Survey Foods), fdcId:2706120"
FNDDS-2706121,,"Turkey, drumstick, cooked, skin not eaten",,foreign,,100.84,USDA FNDDS (nguồn chính thức),"USDA FoodData Central (FNDDS/WWEIA Survey Foods), fdcId:2706121"
FNDDS-2706122,,"Turkey, drumstick, cooked, skin eaten",,foreign,,100.84,USDA FNDDS (nguồn chính thức),"USDA FoodData Central (FNDDS/WWEIA Survey Foods), fdcId:2706122"
FNDDS-2706123,,"Turkey, drumstick, roasted, skin not eaten",,foreign,,100.84,USDA FNDDS (nguồn chính thức),"USDA FoodData Central (FNDDS/WWEIA Survey Foods), fdcId:2706123"
FNDDS-2706124,,"Turkey, drumstick, roasted, skin eaten",,foreign,,100.84,USDA FNDDS (nguồn chính thức),"USDA FoodData Central (FNDDS/WWEIA Survey Foods), fdcId:2706124"
FNDDS-2706125,,"Turkey, thigh, cooked, skin eaten",,foreign,,100.84,USDA FNDDS (nguồn chính thức),"USDA FoodData Central (FNDDS/WWEIA Survey Foods), fdcId:2706125"
FNDDS-2706126,,"Turkey, thigh, cooked, skin not eaten",,foreign,,100.84,USDA FNDDS (nguồn chính thức),"USDA FoodData Central (FNDDS/WWEIA Survey Foods), fdcId:2706126"
FNDDS-2706127,,"Turkey, neck",,foreign,,100.84,USDA FNDDS (nguồn chính thức),"USDA FoodData Central (FNDDS/WWEIA Survey Foods), fdcId:2706127"
FNDDS-2706128,,"Turkey, wing, cooked, skin not eaten",,foreign,,100.84,USDA FNDDS (nguồn chính thức),"USDA FoodData Central (FNDDS/WWEIA Survey Foods), fdcId:2706128"
FNDDS-2706129,,"Turkey, wing, cooked, skin eaten",,foreign,,100.84,USDA FNDDS (nguồn chính thức),"USDA FoodData Central (FNDDS/WWEIA Survey Foods), fdcId:2706129"
FNDDS-2706130,,"Turkey, tail",,foreign,,115.94,USDA FNDDS (nguồn chính thức),"USDA FoodData Central (FNDDS/WWEIA Survey Foods), fdcId:2706130"
FNDDS-2706131,,"Turkey, back",,foreign,,100.84,USDA FNDDS (nguồn chính thức),"USDA FoodData Central (FNDDS/WWEIA Survey Foods), fdcId:2706131"
FNDDS-2706132,,"Turkey, canned",,foreign,,100,USDA FNDDS (nguồn chính thức),"USDA FoodData Central (FNDDS/WWEIA Survey Foods), fdcId:2706132"
FNDDS-2706133,,"Turkey, ground",,foreign,,100.84,USDA FNDDS (nguồn chính thức),"USDA FoodData Central (FNDDS/WWEIA Survey Foods), fdcId:2706133"
FNDDS-2706134,,"Turkey, nuggets",,foreign,,105,USDA FNDDS (nguồn chính thức),"USDA FoodData Central (FNDDS/WWEIA Survey Foods), fdcId:2706134"
FNDDS-2706135,,"Turkey bacon, cooked",,foreign,,100,USDA FNDDS (nguồn chính thức),"USDA FoodData Central (FNDDS/WWEIA Survey Foods), fdcId:2706135"
FNDDS-2706136,,"Turkey bacon, reduced sodium, cooked",,foreign,,100,USDA FNDDS (nguồn chính thức),"USDA FoodData Central (FNDDS/WWEIA Survey Foods), fdcId:2706136"
FNDDS-2706137,,"Duck, cooked, skin eaten",,foreign,,100.42,USDA FNDDS (nguồn chính thức),"USDA FoodData Central (FNDDS/WWEIA Survey Foods), fdcId:2706137"
FNDDS-2706138,,"Duck, cooked, skin not eaten",,foreign,,100.42,USDA FNDDS (nguồn chính thức),"USDA FoodData Central (FNDDS/WWEIA Survey Foods), fdcId:2706138"
FNDDS-2706139,,"Duck, roasted, skin eaten",,foreign,,100.42,USDA FNDDS (nguồn chính thức),"USDA FoodData Central (FNDDS/WWEIA Survey Foods), fdcId:2706139"
FNDDS-2706140,,"Duck, roasted, skin not eaten",,foreign,,100.42,USDA FNDDS (nguồn chính thức),"USDA FoodData Central (FNDDS/WWEIA Survey Foods), fdcId:2706140"
FNDDS-2706142,,"Goose, wild, roasted",,foreign,,100.42,USDA FNDDS (nguồn chính thức),"USDA FoodData Central (FNDDS/WWEIA Survey Foods), fdcId:2706142"
FNDDS-2706143,,"Cornish game hen, cooked, skin eaten",,foreign,,100.84,USDA FNDDS (nguồn chính thức),"USDA FoodData Central (FNDDS/WWEIA Survey Foods), fdcId:2706143"
FNDDS-2706144,,"Cornish game hen, cooked, skin not eaten",,foreign,,100.84,USDA FNDDS (nguồn chính thức),"USDA FoodData Central (FNDDS/WWEIA Survey Foods), fdcId:2706144"
FNDDS-2706145,,"Cornish game hen, roasted, skin eaten",,foreign,,100.84,USDA FNDDS (nguồn chính thức),"USDA FoodData Central (FNDDS/WWEIA Survey Foods), fdcId:2706145"
FNDDS-2706146,,"Cornish game hen, roasted, skin not eaten",,foreign,,100.84,USDA FNDDS (nguồn chính thức),"USDA FoodData Central (FNDDS/WWEIA Survey Foods), fdcId:2706146"
FNDDS-2706147,,"Dove, cooked, NS as to cooking method",,foreign,,100.42,USDA FNDDS (nguồn chính thức),"USDA FoodData Central (FNDDS/WWEIA Survey Foods), fdcId:2706147"
FNDDS-2706148,,"Dove, fried",,foreign,,103.8,USDA FNDDS (nguồn chính thức),"USDA FoodData Central (FNDDS/WWEIA Survey Foods), fdcId:2706148"
FNDDS-2706149,,"Quail, cooked",,foreign,,100.42,USDA FNDDS (nguồn chính thức),"USDA FoodData Central (FNDDS/WWEIA Survey Foods), fdcId:2706149"
FNDDS-2706150,,"Pheasant, cooked",,foreign,,100.42,USDA FNDDS (nguồn chính thức),"USDA FoodData Central (FNDDS/WWEIA Survey Foods), fdcId:2706150"
FNDDS-2706151,,Baby Toddler chicken,,foreign,,100,USDA FNDDS (nguồn chính thức),"USDA FoodData Central (FNDDS/WWEIA Survey Foods), fdcId:2706151"
FNDDS-2706152,,Baby Toddler turkey,,foreign,,100,USDA FNDDS (nguồn chính thức),"USDA FoodData Central (FNDDS/WWEIA Survey Foods), fdcId:2706152"
FNDDS-2706153,,"Liver, beef",,foreign,,100.8,USDA FNDDS (nguồn chính thức),"USDA FoodData Central (FNDDS/WWEIA Survey Foods), fdcId:2706153"
FNDDS-2706154,,"Liver, chicken",,foreign,,100.8,USDA FNDDS (nguồn chính thức),"USDA FoodData Central (FNDDS/WWEIA Survey Foods), fdcId:2706154"
FNDDS-2706155,,"Liver, paste or pate",,foreign,,100,USDA FNDDS (nguồn chính thức),"USDA FoodData Central (FNDDS/WWEIA Survey Foods), fdcId:2706155"
FNDDS-2706156,,Heart,,foreign,,100.8,USDA FNDDS (nguồn chính thức),"USDA FoodData Central (FNDDS/WWEIA Survey Foods), fdcId:2706156"
FNDDS-2706157,,Kidney,,foreign,,100.8,USDA FNDDS (nguồn chính thức),"USDA FoodData Central (FNDDS/WWEIA Survey Foods), fdcId:2706157"
FNDDS-2706158,,Sweetbreads,,foreign,,100.8,USDA FNDDS (nguồn chính thức),"USDA FoodData Central (FNDDS/WWEIA Survey Foods), fdcId:2706158"
FNDDS-2706159,,Brains,,foreign,,100.8,USDA FNDDS (nguồn chính thức),"USDA FoodData Central (FNDDS/WWEIA Survey Foods), fdcId:2706159"
FNDDS-2706160,,Tongue,,foreign,,100.8,USDA FNDDS (nguồn chính thức),"USDA FoodData Central (FNDDS/WWEIA Survey Foods), fdcId:2706160"
FNDDS-2706162,,Tripe,,foreign,,100.8,USDA FNDDS (nguồn chính thức),"USDA FoodData Central (FNDDS/WWEIA Survey Foods), fdcId:2706162"
FNDDS-2706163,,Chitterlings,,foreign,,100.8,USDA FNDDS (nguồn chính thức),"USDA FoodData Central (FNDDS/WWEIA Survey Foods), fdcId:2706163"
FNDDS-2706164,,Hog maws,,foreign,,100.8,USDA FNDDS (nguồn chính thức),"USDA FoodData Central (FNDDS/WWEIA Survey Foods), fdcId:2706164"
FNDDS-2706165,,Gizzard,,foreign,,100.8,USDA FNDDS (nguồn chính thức),"USDA FoodData Central (FNDDS/WWEIA Survey Foods), fdcId:2706165"
FNDDS-2706166,,"Hot dog, NFS",,foreign,,100,USDA FNDDS (nguồn chính thức),"USDA FoodData Central (FNDDS/WWEIA Survey Foods), fdcId:2706166"
FNDDS-2706167,,"Hot dog, beef",,foreign,,100,USDA FNDDS (nguồn chính thức),"USDA FoodData Central (FNDDS/WWEIA Survey Foods), fdcId:2706167"
FNDDS-2706168,,"Hot dog, meat and poultry",,foreign,,100,USDA FNDDS (nguồn chính thức),"USDA FoodData Central (FNDDS/WWEIA Survey Foods), fdcId:2706168"
FNDDS-2706169,,"Hot dog, reduced fat",,foreign,,100,USDA FNDDS (nguồn chính thức),"USDA FoodData Central (FNDDS/WWEIA Survey Foods), fdcId:2706169"
FNDDS-2706170,,"Hot dog, turkey",,foreign,,100,USDA FNDDS (nguồn chính thức),"USDA FoodData Central (FNDDS/WWEIA Survey Foods), fdcId:2706170"
FNDDS-2706171,,Beef sausage,,foreign,,100,USDA FNDDS (nguồn chính thức),"USDA FoodData Central (FNDDS/WWEIA Survey Foods), fdcId:2706171"
FNDDS-2706173,,Blood sausage,,foreign,,100,USDA FNDDS (nguồn chính thức),"USDA FoodData Central (FNDDS/WWEIA Survey Foods), fdcId:2706173"
FNDDS-2706174,,Bratwurst,,foreign,,100,USDA FNDDS (nguồn chính thức),"USDA FoodData Central (FNDDS/WWEIA Survey Foods), fdcId:2706174"
FNDDS-2706176,,Bologna,,foreign,,100,USDA FNDDS (nguồn chính thức),"USDA FoodData Central (FNDDS/WWEIA Survey Foods), fdcId:2706176"
FNDDS-2706177,,"Bologna, reduced fat",,foreign,,100,USDA FNDDS (nguồn chính thức),"USDA FoodData Central (FNDDS/WWEIA Survey Foods), fdcId:2706177"
FNDDS-2706180,,Head cheese,,foreign,,100,USDA FNDDS (nguồn chính thức),"USDA FoodData Central (FNDDS/WWEIA Survey Foods), fdcId:2706180"
FNDDS-2706181,,Knockwurst,,foreign,,100,USDA FNDDS (nguồn chính thức),"USDA FoodData Central (FNDDS/WWEIA Survey Foods), fdcId:2706181"
FNDDS-2706182,,Mortadella,,foreign,,100,USDA FNDDS (nguồn chính thức),"USDA FoodData Central (FNDDS/WWEIA Survey Foods), fdcId:2706182"
FNDDS-2706183,,"Pastrami, NFS",,foreign,,100,USDA FNDDS (nguồn chính thức),"USDA FoodData Central (FNDDS/WWEIA Survey Foods), fdcId:2706183"
FNDDS-2706184,,"Pastrami, made from any kind of meat, reduced fat",,foreign,,100,USDA FNDDS (nguồn chính thức),"USDA FoodData Central (FNDDS/WWEIA Survey Foods), fdcId:2706184"
FNDDS-2706185,,"Pepperoni, NFS",,foreign,,100,USDA FNDDS (nguồn chính thức),"USDA FoodData Central (FNDDS/WWEIA Survey Foods), fdcId:2706185"
FNDDS-2706186,,"Pepperoni, reduced fat",,foreign,,100,USDA FNDDS (nguồn chính thức),"USDA FoodData Central (FNDDS/WWEIA Survey Foods), fdcId:2706186"
FNDDS-2706188,,Polish sausage,,foreign,,100,USDA FNDDS (nguồn chính thức),"USDA FoodData Central (FNDDS/WWEIA Survey Foods), fdcId:2706188"
FNDDS-2706189,,Italian sausage,,foreign,,100,USDA FNDDS (nguồn chính thức),"USDA FoodData Central (FNDDS/WWEIA Survey Foods), fdcId:2706189"
FNDDS-2706190,,"Sausage, NFS",,foreign,,100,USDA FNDDS (nguồn chính thức),"USDA FoodData Central (FNDDS/WWEIA Survey Foods), fdcId:2706190"
FNDDS-2706191,,Pork sausage,,foreign,,100,USDA FNDDS (nguồn chính thức),"USDA FoodData Central (FNDDS/WWEIA Survey Foods), fdcId:2706191"
FNDDS-2706192,,"Pork sausage, reduced fat",,foreign,,100,USDA FNDDS (nguồn chính thức),"USDA FoodData Central (FNDDS/WWEIA Survey Foods), fdcId:2706192"
FNDDS-2706193,,"Pork sausage, reduced sodium",,foreign,,100,USDA FNDDS (nguồn chính thức),"USDA FoodData Central (FNDDS/WWEIA Survey Foods), fdcId:2706193"
FNDDS-2706194,,Pork and beef sausage,,foreign,,100,USDA FNDDS (nguồn chính thức),"USDA FoodData Central (FNDDS/WWEIA Survey Foods), fdcId:2706194"
FNDDS-2706195,,"Salami, NFS",,foreign,,100,USDA FNDDS (nguồn chính thức),"USDA FoodData Central (FNDDS/WWEIA Survey Foods), fdcId:2706195"
FNDDS-2706196,,"Salami, made from any type of meat, reduced fat",,foreign,,100,USDA FNDDS (nguồn chính thức),"USDA FoodData Central (FNDDS/WWEIA Survey Foods), fdcId:2706196"
FNDDS-2706198,,"Scrapple, cooked",,foreign,,100,USDA FNDDS (nguồn chính thức),"USDA FoodData Central (FNDDS/WWEIA Survey Foods), fdcId:2706198"
FNDDS-2706199,,Thuringer,,foreign,,100,USDA FNDDS (nguồn chính thức),"USDA FoodData Central (FNDDS/WWEIA Survey Foods), fdcId:2706199"
FNDDS-2706200,,Turkey or chicken sausage,,foreign,,100,USDA FNDDS (nguồn chính thức),"USDA FoodData Central (FNDDS/WWEIA Survey Foods), fdcId:2706200"
FNDDS-2706201,,"Turkey or chicken sausage, reduced sodium",,foreign,,107,USDA FNDDS (nguồn chính thức),"USDA FoodData Central (FNDDS/WWEIA Survey Foods), fdcId:2706201"
FNDDS-2706202,,Turkey or chicken and pork sausage,,foreign,,100,USDA FNDDS (nguồn chính thức),"USDA FoodData Central (FNDDS/WWEIA Survey Foods), fdcId:2706202"
FNDDS-2706203,,"Vienna sausage, canned",,foreign,,100,USDA FNDDS (nguồn chính thức),"USDA FoodData Central (FNDDS/WWEIA Survey Foods), fdcId:2706203"
FNDDS-2706204,,Pickled sausage,,foreign,,100.8,USDA FNDDS (nguồn chính thức),"USDA FoodData Central (FNDDS/WWEIA Survey Foods), fdcId:2706204"
FNDDS-2706205,,"Luncheon meat, NFS",,foreign,,100,USDA FNDDS (nguồn chính thức),"USDA FoodData Central (FNDDS/WWEIA Survey Foods), fdcId:2706205"
FNDDS-2706206,,"Ham, prepackaged or deli, luncheon meat",,foreign,,100,USDA FNDDS (nguồn chính thức),"USDA FoodData Central (FNDDS/WWEIA Survey Foods), fdcId:2706206"
FNDDS-2706208,,"Chicken, prepackaged or deli, luncheon meat",,foreign,,100,USDA FNDDS (nguồn chính thức),"USDA FoodData Central (FNDDS/WWEIA Survey Foods), fdcId:2706208"
FNDDS-2706210,,"Ham luncheon meat, loaf type",,foreign,,100,USDA FNDDS (nguồn chính thức),"USDA FoodData Central (FNDDS/WWEIA Survey Foods), fdcId:2706210"
FNDDS-2706211,,Spam,,foreign,,100,USDA FNDDS (nguồn chính thức),"USDA FoodData Central (FNDDS/WWEIA Survey Foods), fdcId:2706211"
FNDDS-2706212,,"Spam, reduced sodium",,foreign,,100,USDA FNDDS (nguồn chính thức),"USDA FoodData Central (FNDDS/WWEIA Survey Foods), fdcId:2706212"
FNDDS-2706213,,Liverwurst,,foreign,,100,USDA FNDDS (nguồn chính thức),"USDA FoodData Central (FNDDS/WWEIA Survey Foods), fdcId:2706213"
FNDDS-2706214,,"Luncheon meat, loaf type",,foreign,,100,USDA FNDDS (nguồn chính thức),"USDA FoodData Central (FNDDS/WWEIA Survey Foods), fdcId:2706214"
FNDDS-2706215,,"Turkey, prepackaged or deli, luncheon meat",,foreign,,100,USDA FNDDS (nguồn chính thức),"USDA FoodData Central (FNDDS/WWEIA Survey Foods), fdcId:2706215"
FNDDS-2706217,,"Turkey ham, prepackaged or deli, luncheon meat",,foreign,,100,USDA FNDDS (nguồn chính thức),"USDA FoodData Central (FNDDS/WWEIA Survey Foods), fdcId:2706217"
FNDDS-2706218,,"Beef, prepackaged or deli, luncheon meat",,foreign,,100,USDA FNDDS (nguồn chính thức),"USDA FoodData Central (FNDDS/WWEIA Survey Foods), fdcId:2706218"
FNDDS-2706220,,"Meat spread or potted meat, NFS",,foreign,,100,USDA FNDDS (nguồn chính thức),"USDA FoodData Central (FNDDS/WWEIA Survey Foods), fdcId:2706220"
FNDDS-2706221,,Chicken salad spread,,foreign,,100,USDA FNDDS (nguồn chính thức),"USDA FoodData Central (FNDDS/WWEIA Survey Foods), fdcId:2706221"
FNDDS-2706222,,Ham salad spread,,foreign,,100,USDA FNDDS (nguồn chính thức),"USDA FoodData Central (FNDDS/WWEIA Survey Foods), fdcId:2706222"
FNDDS-2706223,,"Fish, raw",,foreign,,100,USDA FNDDS (nguồn chính thức),"USDA FoodData Central (FNDDS/WWEIA Survey Foods), fdcId:2706223"
FNDDS-2706228,,"Fish, NS as to type, steamed",,foreign,,100.2,USDA FNDDS (nguồn chính thức),"USDA FoodData Central (FNDDS/WWEIA Survey Foods), fdcId:2706228"
FNDDS-2706229,,"Fish, canned",,foreign,,100,USDA FNDDS (nguồn chính thức),"USDA FoodData Central (FNDDS/WWEIA Survey Foods), fdcId:2706229"
FNDDS-2706230,,"Fish, smoked",,foreign,,100,USDA FNDDS (nguồn chính thức),"USDA FoodData Central (FNDDS/WWEIA Survey Foods), fdcId:2706230"
FNDDS-2706231,,"Fish, stick",,foreign,,100,USDA FNDDS (nguồn chính thức),"USDA FoodData Central (FNDDS/WWEIA Survey Foods), fdcId:2706231"
FNDDS-2706232,,"Fish, anchovy",,foreign,,100,USDA FNDDS (nguồn chính thức),"USDA FoodData Central (FNDDS/WWEIA Survey Foods), fdcId:2706232"
FNDDS-2706239,,"Fish, catfish, steamed",,foreign,,100.2,USDA FNDDS (nguồn chính thức),"USDA FoodData Central (FNDDS/WWEIA Survey Foods), fdcId:2706239"
FNDDS-2706245,,"Fish, cod, steamed",,foreign,,100.2,USDA FNDDS (nguồn chính thức),"USDA FoodData Central (FNDDS/WWEIA Survey Foods), fdcId:2706245"
FNDDS-2706253,,"Fish, flounder, steamed",,foreign,,100.2,USDA FNDDS (nguồn chính thức),"USDA FoodData Central (FNDDS/WWEIA Survey Foods), fdcId:2706253"
FNDDS-2706259,,"Fish, haddock, steamed",,foreign,,100.2,USDA FNDDS (nguồn chính thức),"USDA FoodData Central (FNDDS/WWEIA Survey Foods), fdcId:2706259"
FNDDS-2706262,,"Fish, pickled",,foreign,,100,USDA FNDDS (nguồn chính thức),"USDA FoodData Central (FNDDS/WWEIA Survey Foods), fdcId:2706262"
FNDDS-2706268,,"Fish, mackerel, canned",,foreign,,100,USDA FNDDS (nguồn chính thức),"USDA FoodData Central (FNDDS/WWEIA Survey Foods), fdcId:2706268"
FNDDS-2706275,,"Fish, perch, steamed",,foreign,,100.2,USDA FNDDS (nguồn chính thức),"USDA FoodData Central (FNDDS/WWEIA Survey Foods), fdcId:2706275"
FNDDS-2706282,,"Fish, pompano, steamed",,foreign,,100.2,USDA FNDDS (nguồn chính thức),"USDA FoodData Central (FNDDS/WWEIA Survey Foods), fdcId:2706282"
FNDDS-2706284,,"Fish, salmon, raw",,foreign,,100,USDA FNDDS (nguồn chính thức),"USDA FoodData Central (FNDDS/WWEIA Survey Foods), fdcId:2706284"
FNDDS-2706290,,"Fish, salmon, steamed",,foreign,,100.2,USDA FNDDS (nguồn chính thức),"USDA FoodData Central (FNDDS/WWEIA Survey Foods), fdcId:2706290"
FNDDS-2706291,,"Fish, salmon, canned",,foreign,,100,USDA FNDDS (nguồn chính thức),"USDA FoodData Central (FNDDS/WWEIA Survey Foods), fdcId:2706291"
FNDDS-2706292,,"Fish, salmon, smoked",,foreign,,100,USDA FNDDS (nguồn chính thức),"USDA FoodData Central (FNDDS/WWEIA Survey Foods), fdcId:2706292"
FNDDS-2706293,,"Fish, sardines, canned",,foreign,,100,USDA FNDDS (nguồn chính thức),"USDA FoodData Central (FNDDS/WWEIA Survey Foods), fdcId:2706293"
FNDDS-2706299,,"Fish, bass, steamed",,foreign,,100.2,USDA FNDDS (nguồn chính thức),"USDA FoodData Central (FNDDS/WWEIA Survey Foods), fdcId:2706299"
FNDDS-2706307,,"Fish, trout, steamed",,foreign,,100.2,USDA FNDDS (nguồn chính thức),"USDA FoodData Central (FNDDS/WWEIA Survey Foods), fdcId:2706307"
FNDDS-2706308,,"Fish, tuna, raw",,foreign,,100,USDA FNDDS (nguồn chính thức),"USDA FoodData Central (FNDDS/WWEIA Survey Foods), fdcId:2706308"
FNDDS-2706311,,"Fish, tuna, canned",,foreign,,100,USDA FNDDS (nguồn chính thức),"USDA FoodData Central (FNDDS/WWEIA Survey Foods), fdcId:2706311"
FNDDS-2706317,,"Fish, whiting, steamed",,foreign,,100.2,USDA FNDDS (nguồn chính thức),"USDA FoodData Central (FNDDS/WWEIA Survey Foods), fdcId:2706317"
FNDDS-2706323,,"Fish, tilapia, steamed",,foreign,,100.2,USDA FNDDS (nguồn chính thức),"USDA FoodData Central (FNDDS/WWEIA Survey Foods), fdcId:2706323"
FNDDS-2706328,,"Fish, white, mixed species, steamed",,foreign,,100.2,USDA FNDDS (nguồn chính thức),"USDA FoodData Central (FNDDS/WWEIA Survey Foods), fdcId:2706328"
FNDDS-2706332,,Caviar,,foreign,,100,USDA FNDDS (nguồn chính thức),"USDA FoodData Central (FNDDS/WWEIA Survey Foods), fdcId:2706332"
FNDDS-2706338,,"Clams, raw",,foreign,,100,USDA FNDDS (nguồn chính thức),"USDA FoodData Central (FNDDS/WWEIA Survey Foods), fdcId:2706338"
FNDDS-2706342,,"Clams, steamed or boiled",,foreign,,100,USDA FNDDS (nguồn chính thức),"USDA FoodData Central (FNDDS/WWEIA Survey Foods), fdcId:2706342"
FNDDS-2706343,,"Clams, canned",,foreign,,100,USDA FNDDS (nguồn chính thức),"USDA FoodData Central (FNDDS/WWEIA Survey Foods), fdcId:2706343"
FNDDS-2706344,,Crab,,foreign,,100,USDA FNDDS (nguồn chính thức),"USDA FoodData Central (FNDDS/WWEIA Survey Foods), fdcId:2706344"
FNDDS-2706345,,"Crab, canned",,foreign,,100,USDA FNDDS (nguồn chính thức),"USDA FoodData Central (FNDDS/WWEIA Survey Foods), fdcId:2706345"
FNDDS-2706348,,"Crayfish, cooked",,foreign,,100,USDA FNDDS (nguồn chính thức),"USDA FoodData Central (FNDDS/WWEIA Survey Foods), fdcId:2706348"
FNDDS-2706349,,Lobster,,foreign,,100,USDA FNDDS (nguồn chính thức),"USDA FoodData Central (FNDDS/WWEIA Survey Foods), fdcId:2706349"
FNDDS-2706350,,Mussels,,foreign,,100,USDA FNDDS (nguồn chính thức),"USDA FoodData Central (FNDDS/WWEIA Survey Foods), fdcId:2706350"
FNDDS-2706351,,"Oysters, raw",,foreign,,100,USDA FNDDS (nguồn chính thức),"USDA FoodData Central (FNDDS/WWEIA Survey Foods), fdcId:2706351"
FNDDS-2706353,,"Oysters, steamed",,foreign,,100,USDA FNDDS (nguồn chính thức),"USDA FoodData Central (FNDDS/WWEIA Survey Foods), fdcId:2706353"
FNDDS-2706355,,"Oysters, canned",,foreign,,100,USDA FNDDS (nguồn chính thức),"USDA FoodData Central (FNDDS/WWEIA Survey Foods), fdcId:2706355"
FNDDS-2706358,,"Scallops, steamed or boiled",,foreign,,100.2,USDA FNDDS (nguồn chính thức),"USDA FoodData Central (FNDDS/WWEIA Survey Foods), fdcId:2706358"
FNDDS-2706363,,"Shrimp, steamed or boiled",,foreign,,100.2,USDA FNDDS (nguồn chính thức),"USDA FoodData Central (FNDDS/WWEIA Survey Foods), fdcId:2706363"
FNDDS-2706366,,"Shrimp, dried",,foreign,,100,USDA FNDDS (nguồn chính thức),"USDA FoodData Central (FNDDS/WWEIA Survey Foods), fdcId:2706366"
FNDDS-2706367,,"Shrimp, canned",,foreign,,100,USDA FNDDS (nguồn chính thức),"USDA FoodData Central (FNDDS/WWEIA Survey Foods), fdcId:2706367"
FNDDS-2706370,,Beef with tomato-based sauce,,foreign,,100.5,USDA FNDDS (nguồn chính thức),"USDA FoodData Central (FNDDS/WWEIA Survey Foods), fdcId:2706370"
FNDDS-2706379,,Beef with gravy,,foreign,,100.56,USDA FNDDS (nguồn chính thức),"USDA FoodData Central (FNDDS/WWEIA Survey Foods), fdcId:2706379"
FNDDS-2706380,,Salisbury steak with gravy,,foreign,,100,USDA FNDDS (nguồn chính thức),"USDA FoodData Central (FNDDS/WWEIA Survey Foods), fdcId:2706380"
FNDDS-2706387,,Steak teriyaki,,foreign,,100,USDA FNDDS (nguồn chính thức),"USDA FoodData Central (FNDDS/WWEIA Survey Foods), fdcId:2706387"
FNDDS-2706391,,"Barbecue beef, no sauce",,foreign,,100.9,USDA FNDDS (nguồn chính thức),"USDA FoodData Central (FNDDS/WWEIA Survey Foods), fdcId:2706391"
FNDDS-2706394,,Steak tartare,,foreign,,100.5,USDA FNDDS (nguồn chính thức),"USDA FoodData Central (FNDDS/WWEIA Survey Foods), fdcId:2706394"
FNDDS-2706398,,Ham or pork with gravy,,foreign,,100.5,USDA FNDDS (nguồn chính thức),"USDA FoodData Central (FNDDS/WWEIA Survey Foods), fdcId:2706398"
FNDDS-2706400,,"Barbecue pork, no sauce",,foreign,,100.9,USDA FNDDS (nguồn chính thức),"USDA FoodData Central (FNDDS/WWEIA Survey Foods), fdcId:2706400"
FNDDS-2706401,,Sweet and sour pork,,foreign,,100,USDA FNDDS (nguồn chính thức),"USDA FoodData Central (FNDDS/WWEIA Survey Foods), fdcId:2706401"
FNDDS-2706404,,Ham or pork with tomato-based sauce,,foreign,,100.44,USDA FNDDS (nguồn chính thức),"USDA FoodData Central (FNDDS/WWEIA Survey Foods), fdcId:2706404"
FNDDS-2706405,,Sausage with tomato-based sauce,,foreign,,100.4,USDA FNDDS (nguồn chính thức),"USDA FoodData Central (FNDDS/WWEIA Survey Foods), fdcId:2706405"
FNDDS-2706411,,Pork with chili and tomatoes,,foreign,,1375.05,USDA FNDDS (nguồn chính thức),"USDA FoodData Central (FNDDS/WWEIA Survey Foods), fdcId:2706411"
FNDDS-2706413,,Lamb or mutton with gravy,,foreign,,100.5,USDA FNDDS (nguồn chính thức),"USDA FoodData Central (FNDDS/WWEIA Survey Foods), fdcId:2706413"
FNDDS-2706419,,Venison or deer with tomato-based sauce,,foreign,,100.44,USDA FNDDS (nguồn chính thức),"USDA FoodData Central (FNDDS/WWEIA Survey Foods), fdcId:2706419"
FNDDS-2706420,,Venison or deer with gravy,,foreign,,100.5,USDA FNDDS (nguồn chính thức),"USDA FoodData Central (FNDDS/WWEIA Survey Foods), fdcId:2706420"
FNDDS-2706430,,Turkey with gravy,,foreign,,100.44,USDA FNDDS (nguồn chính thức),"USDA FoodData Central (FNDDS/WWEIA Survey Foods), fdcId:2706430"
FNDDS-2706435,,Sweet and sour chicken or turkey,,foreign,,100,USDA FNDDS (nguồn chính thức),"USDA FoodData Central (FNDDS/WWEIA Survey Foods), fdcId:2706435"
FNDDS-2706436,,"Sweet and sour chicken or turkey, without vegetables",,foreign,,100,USDA FNDDS (nguồn chính thức),"USDA FoodData Central (FNDDS/WWEIA Survey Foods), fdcId:2706436"
FNDDS-2706443,,Orange chicken,,foreign,,100,USDA FNDDS (nguồn chính thức),"USDA FoodData Central (FNDDS/WWEIA Survey Foods), fdcId:2706443"
FNDDS-2706444,,Sesame chicken,,foreign,,100,USDA FNDDS (nguồn chính thức),"USDA FoodData Central (FNDDS/WWEIA Survey Foods), fdcId:2706444"
FNDDS-2706445,,Chicken kiev,,foreign,,100,USDA FNDDS (nguồn chính thức),"USDA FoodData Central (FNDDS/WWEIA Survey Foods), fdcId:2706445"
FNDDS-2706448,,Fish timbale or mousse,,foreign,,765.913,USDA FNDDS (nguồn chính thức),"USDA FoodData Central (FNDDS/WWEIA Survey Foods), fdcId:2706448"
FNDDS-2706451,,Seafood thermidor,,foreign,,100.3,USDA FNDDS (nguồn chính thức),"USDA FoodData Central (FNDDS/WWEIA Survey Foods), fdcId:2706451"
FNDDS-2706453,,Spaghetti sauce with seafood,,foreign,,320,USDA FNDDS (nguồn chính thức),"USDA FoodData Central (FNDDS/WWEIA Survey Foods), fdcId:2706453"
FNDDS-2706457,,Fish sauce,,foreign,,100,USDA FNDDS (nguồn chính thức),"USDA FoodData Central (FNDDS/WWEIA Survey Foods), fdcId:2706457"
FNDDS-2706459,,Fish with tomato-based sauce,,foreign,,100.4,USDA FNDDS (nguồn chính thức),"USDA FoodData Central (FNDDS/WWEIA Survey Foods), fdcId:2706459"
FNDDS-2706462,,Shrimp teriyaki,,foreign,,100,USDA FNDDS (nguồn chính thức),"USDA FoodData Central (FNDDS/WWEIA Survey Foods), fdcId:2706462"
FNDDS-2706463,,Ceviche,,foreign,,100.3,USDA FNDDS (nguồn chính thức),"USDA FoodData Central (FNDDS/WWEIA Survey Foods), fdcId:2706463"
FNDDS-2706469,,Meat with tomato-based sauce,,foreign,,100.48,USDA FNDDS (nguồn chính thức),"USDA FoodData Central (FNDDS/WWEIA Survey Foods), fdcId:2706469"
FNDDS-2706473,,"Meat with gravy, NS as to type of meat,",,foreign,,100.56,USDA FNDDS (nguồn chính thức),"USDA FoodData Central (FNDDS/WWEIA Survey Foods), fdcId:2706473"
FNDDS-2706477,,Corned beef hash,,foreign,,100,USDA FNDDS (nguồn chính thức),"USDA FoodData Central (FNDDS/WWEIA Survey Foods), fdcId:2706477"
FNDDS-2706478,,Beef and potatoes with cheese sauce,,foreign,,110.45,USDA FNDDS (nguồn chính thức),"USDA FoodData Central (FNDDS/WWEIA Survey Foods), fdcId:2706478"
FNDDS-2706499,,Meat loaf made with beef,,foreign,,771.677,USDA FNDDS (nguồn chính thức),"USDA FoodData Central (FNDDS/WWEIA Survey Foods), fdcId:2706499"
FNDDS-2706500,,"Meat loaf made with beef, with tomato-based sauce",,foreign,,998.477,USDA FNDDS (nguồn chính thức),"USDA FoodData Central (FNDDS/WWEIA Survey Foods), fdcId:2706500"
FNDDS-2706502,,Corned beef patty,,foreign,,100,USDA FNDDS (nguồn chính thức),"USDA FoodData Central (FNDDS/WWEIA Survey Foods), fdcId:2706502"
FNDDS-2706507,,Ham or pork with stuffing,,foreign,,95.1,USDA FNDDS (nguồn chính thức),"USDA FoodData Central (FNDDS/WWEIA Survey Foods), fdcId:2706507"
FNDDS-2706512,,Sausage and rice with cheese sauce,,foreign,,120.4,USDA FNDDS (nguồn chính thức),"USDA FoodData Central (FNDDS/WWEIA Survey Foods), fdcId:2706512"
FNDDS-2706517,,Ham or pork and potatoes with cheese sauce,,foreign,,110.4,USDA FNDDS (nguồn chính thức),"USDA FoodData Central (FNDDS/WWEIA Survey Foods), fdcId:2706517"
FNDDS-2706524,,Lamb or mutton and noodles with gravy,,foreign,,95.4,USDA FNDDS (nguồn chính thức),"USDA FoodData Central (FNDDS/WWEIA Survey Foods), fdcId:2706524"
FNDDS-2706547,,Meat loaf made with chicken or turkey,,foreign,,784.125,USDA FNDDS (nguồn chính thức),"USDA FoodData Central (FNDDS/WWEIA Survey Foods), fdcId:2706547"
FNDDS-2706550,,"Fish, cake or patty",,foreign,,100.3,USDA FNDDS (nguồn chính thức),"USDA FoodData Central (FNDDS/WWEIA Survey Foods), fdcId:2706550"
FNDDS-2706551,,Gefilte fish,,foreign,,100,USDA FNDDS (nguồn chính thức),"USDA FoodData Central (FNDDS/WWEIA Survey Foods), fdcId:2706551"
FNDDS-2706558,,Shrimp and noodles with cheese sauce,,foreign,,113.1,USDA FNDDS (nguồn chính thức),"USDA FoodData Central (FNDDS/WWEIA Survey Foods), fdcId:2706558"
FNDDS-2706563,,"Lobster with bread stuffing, baked",,foreign,,330.38,USDA FNDDS (nguồn chính thức),"USDA FoodData Central (FNDDS/WWEIA Survey Foods), fdcId:2706563"
FNDDS-2706568,,Imitation crab meat,,foreign,,100,USDA FNDDS (nguồn chính thức),"USDA FoodData Central (FNDDS/WWEIA Survey Foods), fdcId:2706568"
FNDDS-2706580,,"Meatballs, with breading, NS as to type of meat, with gravy",,foreign,,1251.68,USDA FNDDS (nguồn chính thức),"USDA FoodData Central (FNDDS/WWEIA Survey Foods), fdcId:2706580"
FNDDS-2706584,,"Hash, NS as to type of meat",,foreign,,100,USDA FNDDS (nguồn chính thức),"USDA FoodData Central (FNDDS/WWEIA Survey Foods), fdcId:2706584"
FNDDS-2706586,,"Stewed, seasoned, ground beef and pork with potatoes, Mexican style",,foreign,,1575.4,USDA FNDDS (nguồn chính thức),"USDA FoodData Central (FNDDS/WWEIA Survey Foods), fdcId:2706586"
FNDDS-2706601,,"Beef, potatoes, and vegetables including carrots, broccoli, and/or dark-green leafy; cheese sauce",,foreign,,115.44,USDA FNDDS (nguồn chính thức),"USDA FoodData Central (FNDDS/WWEIA Survey Foods), fdcId:2706601"
FNDDS-2706602,,"Beef, potatoes, and vegetables excluding carrots, broccoli, and dark-green leafy; cheese sauce",,foreign,,115.46,USDA FNDDS (nguồn chính thức),"USDA FoodData Central (FNDDS/WWEIA Survey Foods), fdcId:2706602"
FNDDS-2706607,,Beef chow mein or chop suey with noodles,,foreign,,1157.15,USDA FNDDS (nguồn chính thức),"USDA FoodData Central (FNDDS/WWEIA Survey Foods), fdcId:2706607"
FNDDS-2706624,,"Beef, rice, and vegetables including carrots, broccoli, and/or dark-green leafy; cheese sauce",,foreign,,115.44,USDA FNDDS (nguồn chính thức),"USDA FoodData Central (FNDDS/WWEIA Survey Foods), fdcId:2706624"
FNDDS-2706625,,"Beef, rice, and vegetables excluding carrots, broccoli, and dark-green leafy; cheese sauce",,foreign,,115.5,USDA FNDDS (nguồn chính thức),"USDA FoodData Central (FNDDS/WWEIA Survey Foods), fdcId:2706625"
FNDDS-2706636,,"Ham or pork, noodles and vegetables excluding carrots, broccoli, and dark-green leafy; cheese sauce",,foreign,,115.44,USDA FNDDS (nguồn chính thức),"USDA FoodData Central (FNDDS/WWEIA Survey Foods), fdcId:2706636"
FNDDS-2706648,,Pork chow mein or chop suey with noodles,,foreign,,1157.15,USDA FNDDS (nguồn chính thức),"USDA FoodData Central (FNDDS/WWEIA Survey Foods), fdcId:2706648"
FNDDS-2706712,,Shrimp chow mein or chop suey with noodles,,foreign,,1185.15,USDA FNDDS (nguồn chính thức),"USDA FoodData Central (FNDDS/WWEIA Survey Foods), fdcId:2706712"
FNDDS-2706715,,"Fish, noodles, and vegetables including carrots, broccoli, and/or dark green leafy; cheese sauce",,foreign,,115.44,USDA FNDDS (nguồn chính thức),"USDA FoodData Central (FNDDS/WWEIA Survey Foods), fdcId:2706715"
FNDDS-2706716,,"Fish, noodles, and vegetables excluding carrots, broccoli, and dark-green leafy; cheese sauce",,foreign,,115.44,USDA FNDDS (nguồn chính thức),"USDA FoodData Central (FNDDS/WWEIA Survey Foods), fdcId:2706716"
FNDDS-2706740,,Szechuan beef,,foreign,,100,USDA FNDDS (nguồn chính thức),"USDA FoodData Central (FNDDS/WWEIA Survey Foods), fdcId:2706740"
FNDDS-2706741,,Hunan beef,,foreign,,100,USDA FNDDS (nguồn chính thức),"USDA FoodData Central (FNDDS/WWEIA Survey Foods), fdcId:2706741"
FNDDS-2706742,,"Beef chow mein or chop suey, no noodles",,foreign,,1015.4,USDA FNDDS (nguồn chính thức),"USDA FoodData Central (FNDDS/WWEIA Survey Foods), fdcId:2706742"
FNDDS-2706749,,Beef salad,,foreign,,530.125,USDA FNDDS (nguồn chính thức),"USDA FoodData Central (FNDDS/WWEIA Survey Foods), fdcId:2706749"
FNDDS-2706750,,"Beef taco filling: beef, cheese, tomato, taco sauce",,foreign,,67.532,USDA FNDDS (nguồn chính thức),"USDA FoodData Central (FNDDS/WWEIA Survey Foods), fdcId:2706750"
FNDDS-2706754,,"Beef steak with onions, Puerto Rican style",,foreign,,938.692,USDA FNDDS (nguồn chính thức),"USDA FoodData Central (FNDDS/WWEIA Survey Foods), fdcId:2706754"
FNDDS-2706756,,Ham or pork salad,,foreign,,542.125,USDA FNDDS (nguồn chính thức),"USDA FoodData Central (FNDDS/WWEIA Survey Foods), fdcId:2706756"
FNDDS-2706771,,"Pork chow mein or chop suey, no noodles",,foreign,,1015.4,USDA FNDDS (nguồn chính thức),"USDA FoodData Central (FNDDS/WWEIA Survey Foods), fdcId:2706771"
FNDDS-2706776,,"Sausage and peppers, no sauce",,foreign,,599.6,USDA FNDDS (nguồn chính thức),"USDA FoodData Central (FNDDS/WWEIA Survey Foods), fdcId:2706776"
FNDDS-2706790,,"Chicken or turkey and vegetables including carrots, broccoli, and/or dark-green leafy; no potatoes, soy-based sauce",,foreign,,100,USDA FNDDS (nguồn chính thức),"USDA FoodData Central (FNDDS/WWEIA Survey Foods), fdcId:2706790"
FNDDS-2706794,,General Tso chicken,,foreign,,100,USDA FNDDS (nguồn chính thức),"USDA FoodData Central (FNDDS/WWEIA Survey Foods), fdcId:2706794"
FNDDS-2706796,,Kung pao chicken,,foreign,,100,USDA FNDDS (nguồn chính thức),"USDA FoodData Central (FNDDS/WWEIA Survey Foods), fdcId:2706796"
FNDDS-2706824,,Crab salad,,foreign,,532.5,USDA FNDDS (nguồn chính thức),"USDA FoodData Central (FNDDS/WWEIA Survey Foods), fdcId:2706824"
FNDDS-2706825,,Lobster salad,,foreign,,552.5,USDA FNDDS (nguồn chính thức),"USDA FoodData Central (FNDDS/WWEIA Survey Foods), fdcId:2706825"
FNDDS-2706826,,Salmon salad,,foreign,,562.125,USDA FNDDS (nguồn chính thức),"USDA FoodData Central (FNDDS/WWEIA Survey Foods), fdcId:2706826"
FNDDS-2706827,,"Shrimp chow mein or chop suey, no noodles",,foreign,,1043.4,USDA FNDDS (nguồn chính thức),"USDA FoodData Central (FNDDS/WWEIA Survey Foods), fdcId:2706827"
FNDDS-2706828,,"Tuna salad, made with mayonnaise",,foreign,,538.125,USDA FNDDS (nguồn chính thức),"USDA FoodData Central (FNDDS/WWEIA Survey Foods), fdcId:2706828"
FNDDS-2706829,,"Tuna salad, made with light mayonnaise",,foreign,,548.125,USDA FNDDS (nguồn chính thức),"USDA FoodData Central (FNDDS/WWEIA Survey Foods), fdcId:2706829"
FNDDS-2706830,,"Tuna salad, made with mayonnaise-type salad dressing",,foreign,,545.625,USDA FNDDS (nguồn chính thức),"USDA FoodData Central (FNDDS/WWEIA Survey Foods), fdcId:2706830"
FNDDS-2706831,,"Tuna salad, made with light mayonnaise-type salad dressing",,foreign,,548.125,USDA FNDDS (nguồn chính thức),"USDA FoodData Central (FNDDS/WWEIA Survey Foods), fdcId:2706831"
FNDDS-2706832,,"Tuna salad, made with creamy dressing",,foreign,,548.125,USDA FNDDS (nguồn chính thức),"USDA FoodData Central (FNDDS/WWEIA Survey Foods), fdcId:2706832"
FNDDS-2706833,,"Tuna salad, made with light creamy dressing",,foreign,,560.125,USDA FNDDS (nguồn chính thức),"USDA FoodData Central (FNDDS/WWEIA Survey Foods), fdcId:2706833"
FNDDS-2706834,,"Tuna salad, made with Italian dressing",,foreign,,545.625,USDA FNDDS (nguồn chính thức),"USDA FoodData Central (FNDDS/WWEIA Survey Foods), fdcId:2706834"
FNDDS-2706835,,"Tuna salad, made with light Italian dressing",,foreign,,548.125,USDA FNDDS (nguồn chính thức),"USDA FoodData Central (FNDDS/WWEIA Survey Foods), fdcId:2706835"
FNDDS-2706836,,"Tuna salad, made with any type of fat free dressing",,foreign,,556.125,USDA FNDDS (nguồn chính thức),"USDA FoodData Central (FNDDS/WWEIA Survey Foods), fdcId:2706836"
FNDDS-2706837,,Shrimp salad,,foreign,,532.5,USDA FNDDS (nguồn chính thức),"USDA FoodData Central (FNDDS/WWEIA Survey Foods), fdcId:2706837"
FNDDS-2706838,,Seafood salad,,foreign,,539.182,USDA FNDDS (nguồn chính thức),"USDA FoodData Central (FNDDS/WWEIA Survey Foods), fdcId:2706838"
FNDDS-2706839,,Tuna salad with cheese,,foreign,,594.825,USDA FNDDS (nguồn chính thức),"USDA FoodData Central (FNDDS/WWEIA Survey Foods), fdcId:2706839"
FNDDS-2706840,,Tuna salad with egg,,foreign,,588.125,USDA FNDDS (nguồn chính thức),"USDA FoodData Central (FNDDS/WWEIA Survey Foods), fdcId:2706840"
FNDDS-2706843,,Crab salad made with imitation crab,,foreign,,514.5,USDA FNDDS (nguồn chính thức),"USDA FoodData Central (FNDDS/WWEIA Survey Foods), fdcId:2706843"
FNDDS-2706849,,Oysters Rockefeller,,foreign,,100.4,USDA FNDDS (nguồn chính thức),"USDA FoodData Central (FNDDS/WWEIA Survey Foods), fdcId:2706849"
FNDDS-2706850,,Lomi salmon,,foreign,,1298.6,USDA FNDDS (nguồn chính thức),"USDA FoodData Central (FNDDS/WWEIA Survey Foods), fdcId:2706850"
FNDDS-2706873,,Lau lau,,foreign,,1366.8,USDA FNDDS (nguồn chính thức),"USDA FoodData Central (FNDDS/WWEIA Survey Foods), fdcId:2706873"
FNDDS-2706874,,"Antipasto with ham, fish, cheese, vegetables",,foreign,,1143.8,USDA FNDDS (nguồn chính thức),"USDA FoodData Central (FNDDS/WWEIA Survey Foods), fdcId:2706874"
FNDDS-2706875,,"Livers, chicken, chopped, with eggs and onion",,foreign,,97.4,USDA FNDDS (nguồn chính thức),"USDA FoodData Central (FNDDS/WWEIA Survey Foods), fdcId:2706875"
FNDDS-2706892,,Cheeseburger (McDonalds),,foreign,,100,USDA FNDDS (nguồn chính thức),"USDA FoodData Central (FNDDS/WWEIA Survey Foods), fdcId:2706892"
FNDDS-2706898,,Quarter Pounder (McDonalds),,foreign,,100,USDA FNDDS (nguồn chính thức),"USDA FoodData Central (FNDDS/WWEIA Survey Foods), fdcId:2706898"
FNDDS-2706899,,Whopper with cheese (Burger King),,foreign,,100,USDA FNDDS (nguồn chính thức),"USDA FoodData Central (FNDDS/WWEIA Survey Foods), fdcId:2706899"
FNDDS-2706900,,Quarter Pounder with cheese (McDonalds),,foreign,,100,USDA FNDDS (nguồn chính thức),"USDA FoodData Central (FNDDS/WWEIA Survey Foods), fdcId:2706900"
FNDDS-2706914,,Double cheeseburger (McDonalds),,foreign,,100,USDA FNDDS (nguồn chính thức),"USDA FoodData Central (FNDDS/WWEIA Survey Foods), fdcId:2706914"
FNDDS-2706915,,McDouble (McDonalds),,foreign,,100,USDA FNDDS (nguồn chính thức),"USDA FoodData Central (FNDDS/WWEIA Survey Foods), fdcId:2706915"
FNDDS-2706916,,Big Mac (McDonalds),,foreign,,100,USDA FNDDS (nguồn chính thức),"USDA FoodData Central (FNDDS/WWEIA Survey Foods), fdcId:2706916"
FNDDS-2706919,,"Hamburger slider, from fast food",,foreign,,48.1,USDA FNDDS (nguồn chính thức),"USDA FoodData Central (FNDDS/WWEIA Survey Foods), fdcId:2706919"
FNDDS-2706921,,"Hamburger, from fast food, 1 small patty",,foreign,,92.2,USDA FNDDS (nguồn chính thức),"USDA FoodData Central (FNDDS/WWEIA Survey Foods), fdcId:2706921"
FNDDS-2706922,,Hamburger (Burger King),,foreign,,107,USDA FNDDS (nguồn chính thức),"USDA FoodData Central (FNDDS/WWEIA Survey Foods), fdcId:2706922"
FNDDS-2706924,,Hamburger (McDonalds),,foreign,,100,USDA FNDDS (nguồn chính thức),"USDA FoodData Central (FNDDS/WWEIA Survey Foods), fdcId:2706924"
FNDDS-2706926,,Hamburger slider,,foreign,,71.2,USDA FNDDS (nguồn chính thức),"USDA FoodData Central (FNDDS/WWEIA Survey Foods), fdcId:2706926"
FNDDS-2706927,,"Hamburger, on white bun, 1 small patty",,foreign,,117.3,USDA FNDDS (nguồn chính thức),"USDA FoodData Central (FNDDS/WWEIA Survey Foods), fdcId:2706927"
FNDDS-2706929,,"Hamburger, from fast food, 1 medium patty",,foreign,,145.4,USDA FNDDS (nguồn chính thức),"USDA FoodData Central (FNDDS/WWEIA Survey Foods), fdcId:2706929"
FNDDS-2706930,,"Hamburger, from fast food, 1 large patty",,foreign,,175.6,USDA FNDDS (nguồn chính thức),"USDA FoodData Central (FNDDS/WWEIA Survey Foods), fdcId:2706930"
FNDDS-2706931,,Whopper (Burger King),,foreign,,100,USDA FNDDS (nguồn chính thức),"USDA FoodData Central (FNDDS/WWEIA Survey Foods), fdcId:2706931"
FNDDS-2706932,,"Hamburger, on white bun, 1 medium patty",,foreign,,145.4,USDA FNDDS (nguồn chính thức),"USDA FoodData Central (FNDDS/WWEIA Survey Foods), fdcId:2706932"
FNDDS-2706934,,"Hamburger, on white bun, 1 large patty",,foreign,,175.6,USDA FNDDS (nguồn chính thức),"USDA FoodData Central (FNDDS/WWEIA Survey Foods), fdcId:2706934"
FNDDS-2706936,,"Double hamburger, on white bun, 2 small patties",,foreign,,182.7,USDA FNDDS (nguồn chính thức),"USDA FoodData Central (FNDDS/WWEIA Survey Foods), fdcId:2706936"
FNDDS-2706938,,"Double hamburger, on white bun, 2 medium patties",,foreign,,230.9,USDA FNDDS (nguồn chính thức),"USDA FoodData Central (FNDDS/WWEIA Survey Foods), fdcId:2706938"
FNDDS-2706940,,"Double hamburger, on white bun, 2 large patties",,foreign,,291.2,USDA FNDDS (nguồn chính thức),"USDA FoodData Central (FNDDS/WWEIA Survey Foods), fdcId:2706940"
FNDDS-2706942,,"Double hamburger, from fast food, 2 small patties",,foreign,,132.4,USDA FNDDS (nguồn chính thức),"USDA FoodData Central (FNDDS/WWEIA Survey Foods), fdcId:2706942"
FNDDS-2706943,,"Double hamburger, from fast food, 2 medium patties",,foreign,,230.9,USDA FNDDS (nguồn chính thức),"USDA FoodData Central (FNDDS/WWEIA Survey Foods), fdcId:2706943"
FNDDS-2706944,,"Double hamburger, from fast food, 2 large patties",,foreign,,291.2,USDA FNDDS (nguồn chính thức),"USDA FoodData Central (FNDDS/WWEIA Survey Foods), fdcId:2706944"
FNDDS-2706948,,Corned beef sandwich on white,,foreign,,116,USDA FNDDS (nguồn chính thức),"USDA FoodData Central (FNDDS/WWEIA Survey Foods), fdcId:2706948"
FNDDS-2706953,,Roast beef sandwich on white,,foreign,,116,USDA FNDDS (nguồn chính thức),"USDA FoodData Central (FNDDS/WWEIA Survey Foods), fdcId:2706953"
FNDDS-2706963,,"Hamburger wrap sandwich, from fast food",,foreign,,145.4,USDA FNDDS (nguồn chính thức),"USDA FoodData Central (FNDDS/WWEIA Survey Foods), fdcId:2706963"
FNDDS-2706964,,Ham sandwich on white,,foreign,,116,USDA FNDDS (nguồn chính thức),"USDA FoodData Central (FNDDS/WWEIA Survey Foods), fdcId:2706964"
FNDDS-2706968,,"Ham sandwich or sub, restaurant",,foreign,,130,USDA FNDDS (nguồn chính thức),"USDA FoodData Central (FNDDS/WWEIA Survey Foods), fdcId:2706968"
FNDDS-2706974,,Barbecue rib sandwich,,foreign,,189.2,USDA FNDDS (nguồn chính thức),"USDA FoodData Central (FNDDS/WWEIA Survey Foods), fdcId:2706974"
FNDDS-2706981,,Turkey sandwich on white,,foreign,,116,USDA FNDDS (nguồn chính thức),"USDA FoodData Central (FNDDS/WWEIA Survey Foods), fdcId:2706981"
FNDDS-2706985,,"Turkey sandwich or sub, restaurant",,foreign,,130,USDA FNDDS (nguồn chính thức),"USDA FoodData Central (FNDDS/WWEIA Survey Foods), fdcId:2706985"
FNDDS-2706988,,"Chicken deli sandwich or sub, restaurant",,foreign,,130,USDA FNDDS (nguồn chính thức),"USDA FoodData Central (FNDDS/WWEIA Survey Foods), fdcId:2706988"
FNDDS-2706993,,Club sandwich on white,,foreign,,132,USDA FNDDS (nguồn chính thức),"USDA FoodData Central (FNDDS/WWEIA Survey Foods), fdcId:2706993"
FNDDS-2707001,,"Chicken fillet sandwich, from school cafeteria",,foreign,,92,USDA FNDDS (nguồn chính thức),"USDA FoodData Central (FNDDS/WWEIA Survey Foods), fdcId:2707001"
FNDDS-2707018,,"Turkey or chicken burger, on white bun",,foreign,,145.4,USDA FNDDS (nguồn chính thức),"USDA FoodData Central (FNDDS/WWEIA Survey Foods), fdcId:2707018"
FNDDS-2707033,,Sardine sandwich,,foreign,,135,USDA FNDDS (nguồn chính thức),"USDA FoodData Central (FNDDS/WWEIA Survey Foods), fdcId:2707033"
FNDDS-2707040,,Bologna sandwich on white,,foreign,,116,USDA FNDDS (nguồn chính thức),"USDA FoodData Central (FNDDS/WWEIA Survey Foods), fdcId:2707040"
FNDDS-2707044,,Corn dog,,foreign,,100,USDA FNDDS (nguồn chính thức),"USDA FoodData Central (FNDDS/WWEIA Survey Foods), fdcId:2707044"
FNDDS-2707046,,Salami sandwich on white,,foreign,,116,USDA FNDDS (nguồn chính thức),"USDA FoodData Central (FNDDS/WWEIA Survey Foods), fdcId:2707046"
FNDDS-2707053,,Italian sausage sandwich on white,,foreign,,135,USDA FNDDS (nguồn chính thức),"USDA FoodData Central (FNDDS/WWEIA Survey Foods), fdcId:2707053"
FNDDS-2707055,,Spam sandwich,,foreign,,133,USDA FNDDS (nguồn chính thức),"USDA FoodData Central (FNDDS/WWEIA Survey Foods), fdcId:2707055"
FNDDS-2707056,,"Hot dog sandwich, NFS, on white bun",,foreign,,102,USDA FNDDS (nguồn chính thức),"USDA FoodData Central (FNDDS/WWEIA Survey Foods), fdcId:2707056"
FNDDS-2707058,,"Hot dog sandwich, NFS, on white bread",,foreign,,87,USDA FNDDS (nguồn chính thức),"USDA FoodData Central (FNDDS/WWEIA Survey Foods), fdcId:2707058"
FNDDS-2707060,,"Hot dog sandwich, beef, on white bun",,foreign,,102,USDA FNDDS (nguồn chính thức),"USDA FoodData Central (FNDDS/WWEIA Survey Foods), fdcId:2707060"
FNDDS-2707062,,"Hot dog sandwich, beef, on white bread",,foreign,,87,USDA FNDDS (nguồn chính thức),"USDA FoodData Central (FNDDS/WWEIA Survey Foods), fdcId:2707062"
FNDDS-2707064,,"Hot dog sandwich, meat and poultry, on white bun",,foreign,,102,USDA FNDDS (nguồn chính thức),"USDA FoodData Central (FNDDS/WWEIA Survey Foods), fdcId:2707064"
FNDDS-2707066,,"Hot dog sandwich, meat and poultry, on white bread",,foreign,,87,USDA FNDDS (nguồn chính thức),"USDA FoodData Central (FNDDS/WWEIA Survey Foods), fdcId:2707066"
FNDDS-2707068,,"Hot dog sandwich, turkey, on white bun",,foreign,,102,USDA FNDDS (nguồn chính thức),"USDA FoodData Central (FNDDS/WWEIA Survey Foods), fdcId:2707068"
FNDDS-2707070,,"Hot dog sandwich, turkey, on white bread",,foreign,,87,USDA FNDDS (nguồn chính thức),"USDA FoodData Central (FNDDS/WWEIA Survey Foods), fdcId:2707070"
FNDDS-2707072,,"Hot dog sandwich, reduced fat, on white bun",,foreign,,102,USDA FNDDS (nguồn chính thức),"USDA FoodData Central (FNDDS/WWEIA Survey Foods), fdcId:2707072"
FNDDS-2707074,,"Hot dog sandwich, reduced fat, on white bread",,foreign,,87,USDA FNDDS (nguồn chính thức),"USDA FoodData Central (FNDDS/WWEIA Survey Foods), fdcId:2707074"
FNDDS-2707076,,"Hot dog sandwich, vegetarian, on bun",,foreign,,115,USDA FNDDS (nguồn chính thức),"USDA FoodData Central (FNDDS/WWEIA Survey Foods), fdcId:2707076"
FNDDS-2707077,,"Hot dog sandwich, vegetarian, on bread",,foreign,,100,USDA FNDDS (nguồn chính thức),"USDA FoodData Central (FNDDS/WWEIA Survey Foods), fdcId:2707077"
FNDDS-2707082,,Multiple meat sandwich on white,,foreign,,144,USDA FNDDS (nguồn chính thức),"USDA FoodData Central (FNDDS/WWEIA Survey Foods), fdcId:2707082"
FNDDS-2707086,,"Multiple meat sandwich or sub, restaurant",,foreign,,164,USDA FNDDS (nguồn chính thức),"USDA FoodData Central (FNDDS/WWEIA Survey Foods), fdcId:2707086"
FNDDS-2707089,,Turkey and ham sandwich on white,,foreign,,144,USDA FNDDS (nguồn chính thức),"USDA FoodData Central (FNDDS/WWEIA Survey Foods), fdcId:2707089"
FNDDS-2707093,,"Turkey and ham sandwich or sub, restaurant",,foreign,,166,USDA FNDDS (nguồn chính thức),"USDA FoodData Central (FNDDS/WWEIA Survey Foods), fdcId:2707093"
FNDDS-2707097,,"Beef with vegetable, diet frozen meal",,foreign,,275.5,USDA FNDDS (nguồn chính thức),"USDA FoodData Central (FNDDS/WWEIA Survey Foods), fdcId:2707097"
FNDDS-2707099,,"Salisbury steak with gravy, potatoes, vegetable, frozen meal",,foreign,,309.4,USDA FNDDS (nguồn chính thức),"USDA FoodData Central (FNDDS/WWEIA Survey Foods), fdcId:2707099"
FNDDS-2707100,,"Salisbury steak with gravy, whipped potatoes, vegetable, dessert, frozen meal",,foreign,,323,USDA FNDDS (nguồn chính thức),"USDA FoodData Central (FNDDS/WWEIA Survey Foods), fdcId:2707100"
FNDDS-2707101,,"Salisbury steak with gravy, macaroni and cheese, frozen meal",,foreign,,169.3,USDA FNDDS (nguồn chính thức),"USDA FoodData Central (FNDDS/WWEIA Survey Foods), fdcId:2707101"
FNDDS-2707102,,"Beef, sliced, with gravy, potatoes, vegetable, frozen meal",,foreign,,318.1,USDA FNDDS (nguồn chính thức),"USDA FoodData Central (FNDDS/WWEIA Survey Foods), fdcId:2707102"
FNDDS-2707109,,"Teriyaki chicken with rice and vegetable, diet frozen meal",,foreign,,100,USDA FNDDS (nguồn chính thức),"USDA FoodData Central (FNDDS/WWEIA Survey Foods), fdcId:2707109"
FNDDS-2707118,,"Turkey with gravy, dressing, potatoes, vegetable, frozen meal",,foreign,,100,USDA FNDDS (nguồn chính thức),"USDA FoodData Central (FNDDS/WWEIA Survey Foods), fdcId:2707118"
FNDDS-2707119,,"Fish in lemon-butter sauce with starch item, vegetable, frozen meal",,foreign,,333.8,USDA FNDDS (nguồn chính thức),"USDA FoodData Central (FNDDS/WWEIA Survey Foods), fdcId:2707119"
FNDDS-2707132,,"Soup, broth",,foreign,,100,USDA FNDDS (nguồn chính thức),"USDA FoodData Central (FNDDS/WWEIA Survey Foods), fdcId:2707132"
FNDDS-2707136,,"Soup, hot and sour",,foreign,,100,USDA FNDDS (nguồn chính thức),"USDA FoodData Central (FNDDS/WWEIA Survey Foods), fdcId:2707136"
FNDDS-2707144,,"Gravy, poultry",,foreign,,100,USDA FNDDS (nguồn chính thức),"USDA FoodData Central (FNDDS/WWEIA Survey Foods), fdcId:2707144"
FNDDS-2707145,,"Gravy, beef",,foreign,,100,USDA FNDDS (nguồn chính thức),"USDA FoodData Central (FNDDS/WWEIA Survey Foods), fdcId:2707145"
FNDDS-2707146,,"Gravy, beef, fat free",,foreign,,100,USDA FNDDS (nguồn chính thức),"USDA FoodData Central (FNDDS/WWEIA Survey Foods), fdcId:2707146"
FNDDS-2707147,,"Gravy, poultry, fat free",,foreign,,100,USDA FNDDS (nguồn chính thức),"USDA FoodData Central (FNDDS/WWEIA Survey Foods), fdcId:2707147"
FNDDS-2707148,,"Gravy, made with soy sauce",,foreign,,139.567,USDA FNDDS (nguồn chính thức),"USDA FoodData Central (FNDDS/WWEIA Survey Foods), fdcId:2707148"
FNDDS-2707150,,Oyster sauce,,foreign,,100,USDA FNDDS (nguồn chính thức),"USDA FoodData Central (FNDDS/WWEIA Survey Foods), fdcId:2707150"
FNDDS-2707151,,Mole sauce,,foreign,,100,USDA FNDDS (nguồn chính thức),"USDA FoodData Central (FNDDS/WWEIA Survey Foods), fdcId:2707151"
FNDDS-2707152,,"Egg, whole, raw",,foreign,,100,USDA FNDDS (nguồn chính thức),"USDA FoodData Central (FNDDS/WWEIA Survey Foods), fdcId:2707152"
FNDDS-2707154,,"Egg, whole, boiled or poached",,foreign,,100,USDA FNDDS (nguồn chính thức),"USDA FoodData Central (FNDDS/WWEIA Survey Foods), fdcId:2707154"
FNDDS-2707156,,"Egg, whole, fried no added fat",,foreign,,100.3,USDA FNDDS (nguồn chính thức),"USDA FoodData Central (FNDDS/WWEIA Survey Foods), fdcId:2707156"
FNDDS-2707159,,"Egg, whole, fried with butter",,foreign,,107.3,USDA FNDDS (nguồn chính thức),"USDA FoodData Central (FNDDS/WWEIA Survey Foods), fdcId:2707159"
FNDDS-2707161,,"Egg, whole, fried with cooking spray",,foreign,,101.3,USDA FNDDS (nguồn chính thức),"USDA FoodData Central (FNDDS/WWEIA Survey Foods), fdcId:2707161"
FNDDS-2707165,,"Egg, whole, baked, no added fat",,foreign,,100.3,USDA FNDDS (nguồn chính thức),"USDA FoodData Central (FNDDS/WWEIA Survey Foods), fdcId:2707165"
FNDDS-2707167,,"Egg, whole, pickled",,foreign,,100.7,USDA FNDDS (nguồn chính thức),"USDA FoodData Central (FNDDS/WWEIA Survey Foods), fdcId:2707167"
FNDDS-2707168,,"Egg, white only, raw",,foreign,,100,USDA FNDDS (nguồn chính thức),"USDA FoodData Central (FNDDS/WWEIA Survey Foods), fdcId:2707168"
FNDDS-2707170,,"Egg, white, cooked, no added fat",,foreign,,100.3,USDA FNDDS (nguồn chính thức),"USDA FoodData Central (FNDDS/WWEIA Survey Foods), fdcId:2707170"
FNDDS-2707172,,"Egg, yolk only, raw",,foreign,,100,USDA FNDDS (nguồn chính thức),"USDA FoodData Central (FNDDS/WWEIA Survey Foods), fdcId:2707172"
FNDDS-2707174,,"Egg, yolk only, cooked, no added fat",,foreign,,100.3,USDA FNDDS (nguồn chính thức),"USDA FoodData Central (FNDDS/WWEIA Survey Foods), fdcId:2707174"
FNDDS-2707178,,"Quail egg, canned",,foreign,,100.3,USDA FNDDS (nguồn chính thức),"USDA FoodData Central (FNDDS/WWEIA Survey Foods), fdcId:2707178"
FNDDS-2707181,,"Egg, deviled",,foreign,,109.917,USDA FNDDS (nguồn chính thức),"USDA FoodData Central (FNDDS/WWEIA Survey Foods), fdcId:2707181"
FNDDS-2707182,,"Egg salad, made with mayonnaise",,foreign,,374.826,USDA FNDDS (nguồn chính thức),"USDA FoodData Central (FNDDS/WWEIA Survey Foods), fdcId:2707182"
FNDDS-2707183,,"Egg salad, made with light mayonnaise",,foreign,,381.492,USDA FNDDS (nguồn chính thức),"USDA FoodData Central (FNDDS/WWEIA Survey Foods), fdcId:2707183"
FNDDS-2707184,,"Egg salad, made with mayonnaise-type salad dressing",,foreign,,379.826,USDA FNDDS (nguồn chính thức),"USDA FoodData Central (FNDDS/WWEIA Survey Foods), fdcId:2707184"
FNDDS-2707185,,"Egg salad, made with light mayonnaise-type salad dressing",,foreign,,381.492,USDA FNDDS (nguồn chính thức),"USDA FoodData Central (FNDDS/WWEIA Survey Foods), fdcId:2707185"
FNDDS-2707186,,"Egg salad, made with creamy dressing",,foreign,,381.492,USDA FNDDS (nguồn chính thức),"USDA FoodData Central (FNDDS/WWEIA Survey Foods), fdcId:2707186"
FNDDS-2707187,,"Egg salad, made with light creamy dressing",,foreign,,383.159,USDA FNDDS (nguồn chính thức),"USDA FoodData Central (FNDDS/WWEIA Survey Foods), fdcId:2707187"
FNDDS-2707188,,"Egg salad, made with Italian dressing",,foreign,,379.826,USDA FNDDS (nguồn chính thức),"USDA FoodData Central (FNDDS/WWEIA Survey Foods), fdcId:2707188"
FNDDS-2707189,,"Egg salad, made with light Italian dressing",,foreign,,381.492,USDA FNDDS (nguồn chính thức),"USDA FoodData Central (FNDDS/WWEIA Survey Foods), fdcId:2707189"
FNDDS-2707190,,"Egg Salad, made with any type of fat free dressing",,foreign,,386.825,USDA FNDDS (nguồn chính thức),"USDA FoodData Central (FNDDS/WWEIA Survey Foods), fdcId:2707190"
FNDDS-2707201,,"Egg omelet or scrambled egg, made with butter",,foreign,,107.3,USDA FNDDS (nguồn chính thức),"USDA FoodData Central (FNDDS/WWEIA Survey Foods), fdcId:2707201"
FNDDS-2707203,,"Egg omelet or scrambled egg, made with cooking spray",,foreign,,101.3,USDA FNDDS (nguồn chính thức),"USDA FoodData Central (FNDDS/WWEIA Survey Foods), fdcId:2707203"
FNDDS-2707205,,"Egg omelet or scrambled egg, no added fat",,foreign,,100.3,USDA FNDDS (nguồn chính thức),"USDA FoodData Central (FNDDS/WWEIA Survey Foods), fdcId:2707205"
FNDDS-2707282,,"Soup, egg drop",,foreign,,100,USDA FNDDS (nguồn chính thức),"USDA FoodData Central (FNDDS/WWEIA Survey Foods), fdcId:2707282"
FNDDS-2707286,,"Egg white omelet, scrambled, or fried, made with butter",,foreign,,107.3,USDA FNDDS (nguồn chính thức),"USDA FoodData Central (FNDDS/WWEIA Survey Foods), fdcId:2707286"
FNDDS-2707287,,"Egg white omelet, scrambled, or fried, made with cooking spray",,foreign,,101.3,USDA FNDDS (nguồn chính thức),"USDA FoodData Central (FNDDS/WWEIA Survey Foods), fdcId:2707287"
FNDDS-2707289,,"Egg white omelet, scrambled, or fried, no added fat",,foreign,,100.3,USDA FNDDS (nguồn chính thức),"USDA FoodData Central (FNDDS/WWEIA Survey Foods), fdcId:2707289"
FNDDS-2707297,,Meringues,,foreign,,281.333,USDA FNDDS (nguồn chính thức),"USDA FoodData Central (FNDDS/WWEIA Survey Foods), fdcId:2707297"
FNDDS-2707299,,"Egg substitute, omelet, scrambled, or fried, no added fat",,foreign,,100.3,USDA FNDDS (nguồn chính thức),"USDA FoodData Central (FNDDS/WWEIA Survey Foods), fdcId:2707299"
FNDDS-2707339,,Sausage biscuit sandwich,,foreign,,112,USDA FNDDS (nguồn chính thức),"USDA FoodData Central (FNDDS/WWEIA Survey Foods), fdcId:2707339"
FNDDS-2707355,,"White beans, from dried, no added fat",,foreign,,100.6,USDA FNDDS (nguồn chính thức),"USDA FoodData Central (FNDDS/WWEIA Survey Foods), fdcId:2707355"
FNDDS-2707357,,"White beans, from canned, no added fat",,foreign,,180,USDA FNDDS (nguồn chính thức),"USDA FoodData Central (FNDDS/WWEIA Survey Foods), fdcId:2707357"
FNDDS-2707361,,"Black beans, from dried, no added fat",,foreign,,100.6,USDA FNDDS (nguồn chính thức),"USDA FoodData Central (FNDDS/WWEIA Survey Foods), fdcId:2707361"
FNDDS-2707363,,"Black beans, from canned, no added fat",,foreign,,180,USDA FNDDS (nguồn chính thức),"USDA FoodData Central (FNDDS/WWEIA Survey Foods), fdcId:2707363"
FNDDS-2707373,,"Pinto beans, from dried, no added fat",,foreign,,100.6,USDA FNDDS (nguồn chính thức),"USDA FoodData Central (FNDDS/WWEIA Survey Foods), fdcId:2707373"
FNDDS-2707375,,"Pinto beans, from canned, no added fat",,foreign,,180.2,USDA FNDDS (nguồn chính thức),"USDA FoodData Central (FNDDS/WWEIA Survey Foods), fdcId:2707375"
FNDDS-2707381,,"Kidney beans, from dried, no added fat",,foreign,,100.6,USDA FNDDS (nguồn chính thức),"USDA FoodData Central (FNDDS/WWEIA Survey Foods), fdcId:2707381"
FNDDS-2707383,,"Kidney beans, from canned, no added fat",,foreign,,180,USDA FNDDS (nguồn chính thức),"USDA FoodData Central (FNDDS/WWEIA Survey Foods), fdcId:2707383"
FNDDS-2707390,,Baked beans,,foreign,,100,USDA FNDDS (nguồn chính thức),"USDA FoodData Central (FNDDS/WWEIA Survey Foods), fdcId:2707390"
FNDDS-2707391,,"Baked beans, vegetarian",,foreign,,100,USDA FNDDS (nguồn chính thức),"USDA FoodData Central (FNDDS/WWEIA Survey Foods), fdcId:2707391"
FNDDS-2707395,,Black bean salad,,foreign,,1424.3,USDA FNDDS (nguồn chính thức),"USDA FoodData Central (FNDDS/WWEIA Survey Foods), fdcId:2707395"
FNDDS-2707396,,Refried beans,,foreign,,100,USDA FNDDS (nguồn chính thức),"USDA FoodData Central (FNDDS/WWEIA Survey Foods), fdcId:2707396"
FNDDS-2707399,,"Refried beans, from canned, reduced sodium",,foreign,,100,USDA FNDDS (nguồn chính thức),"USDA FoodData Central (FNDDS/WWEIA Survey Foods), fdcId:2707399"
FNDDS-2707400,,"Bean dip, made with refried beans",,foreign,,100,USDA FNDDS (nguồn chính thức),"USDA FoodData Central (FNDDS/WWEIA Survey Foods), fdcId:2707400"
FNDDS-2707402,,"Hummus, plain",,foreign,,100,USDA FNDDS (nguồn chính thức),"USDA FoodData Central (FNDDS/WWEIA Survey Foods), fdcId:2707402"
FNDDS-2707403,,"Hummus, flavored",,foreign,,100,USDA FNDDS (nguồn chính thức),"USDA FoodData Central (FNDDS/WWEIA Survey Foods), fdcId:2707403"
FNDDS-2707404,,Black bean sauce,,foreign,,100,USDA FNDDS (nguồn chính thức),"USDA FoodData Central (FNDDS/WWEIA Survey Foods), fdcId:2707404"
FNDDS-2707405,,Beans and franks,,foreign,,100,USDA FNDDS (nguồn chính thức),"USDA FoodData Central (FNDDS/WWEIA Survey Foods), fdcId:2707405"
FNDDS-2707406,,Pork and beans,,foreign,,100,USDA FNDDS (nguồn chính thức),"USDA FoodData Central (FNDDS/WWEIA Survey Foods), fdcId:2707406"
FNDDS-2707410,,"Baked beans, reduced sodium",,foreign,,100.7,USDA FNDDS (nguồn chính thức),"USDA FoodData Central (FNDDS/WWEIA Survey Foods), fdcId:2707410"
FNDDS-2707416,,"Chickpeas, from dried, no added fat",,foreign,,100.6,USDA FNDDS (nguồn chính thức),"USDA FoodData Central (FNDDS/WWEIA Survey Foods), fdcId:2707416"
FNDDS-2707418,,"Chickpeas, from canned, no added fat",,foreign,,180.3,USDA FNDDS (nguồn chính thức),"USDA FoodData Central (FNDDS/WWEIA Survey Foods), fdcId:2707418"
FNDDS-2707420,,"Split peas, from dried, no added fat",,foreign,,100.6,USDA FNDDS (nguồn chính thức),"USDA FoodData Central (FNDDS/WWEIA Survey Foods), fdcId:2707420"
FNDDS-2707422,,Wasabi peas,,foreign,,100,USDA FNDDS (nguồn chính thức),"USDA FoodData Central (FNDDS/WWEIA Survey Foods), fdcId:2707422"
FNDDS-2707425,,"Lentils, from dried, no added fat",,foreign,,100.6,USDA FNDDS (nguồn chính thức),"USDA FoodData Central (FNDDS/WWEIA Survey Foods), fdcId:2707425"
FNDDS-2707427,,Dal,,foreign,,100.8,USDA FNDDS (nguồn chính thức),"USDA FoodData Central (FNDDS/WWEIA Survey Foods), fdcId:2707427"
FNDDS-2707434,,Soy chips,,foreign,,100,USDA FNDDS (nguồn chính thức),"USDA FoodData Central (FNDDS/WWEIA Survey Foods), fdcId:2707434"
FNDDS-2707435,,Soybean curd,,foreign,,100,USDA FNDDS (nguồn chính thức),"USDA FoodData Central (FNDDS/WWEIA Survey Foods), fdcId:2707435"
FNDDS-2707437,,Soybean curd cheese,,foreign,,100,USDA FNDDS (nguồn chính thức),"USDA FoodData Central (FNDDS/WWEIA Survey Foods), fdcId:2707437"
FNDDS-2707438,,Miso sauce,,foreign,,100,USDA FNDDS (nguồn chính thức),"USDA FoodData Central (FNDDS/WWEIA Survey Foods), fdcId:2707438"
FNDDS-2707439,,Miso,,foreign,,100,USDA FNDDS (nguồn chính thức),"USDA FoodData Central (FNDDS/WWEIA Survey Foods), fdcId:2707439"
FNDDS-2707440,,Natto,,foreign,,100,USDA FNDDS (nguồn chính thức),"USDA FoodData Central (FNDDS/WWEIA Survey Foods), fdcId:2707440"
FNDDS-2707441,,Hoisin sauce,,foreign,,100,USDA FNDDS (nguồn chính thức),"USDA FoodData Central (FNDDS/WWEIA Survey Foods), fdcId:2707441"
FNDDS-2707442,,Soy sauce,,foreign,,100,USDA FNDDS (nguồn chính thức),"USDA FoodData Central (FNDDS/WWEIA Survey Foods), fdcId:2707442"
FNDDS-2707443,,"Soy sauce, reduced sodium",,foreign,,100,USDA FNDDS (nguồn chính thức),"USDA FoodData Central (FNDDS/WWEIA Survey Foods), fdcId:2707443"
FNDDS-2707445,,Teriyaki sauce,,foreign,,100,USDA FNDDS (nguồn chính thức),"USDA FoodData Central (FNDDS/WWEIA Survey Foods), fdcId:2707445"
FNDDS-2707446,,"Teriyaki sauce, reduced sodium",,foreign,,100,USDA FNDDS (nguồn chính thức),"USDA FoodData Central (FNDDS/WWEIA Survey Foods), fdcId:2707446"
FNDDS-2707447,,Worcestershire sauce,,foreign,,100,USDA FNDDS (nguồn chính thức),"USDA FoodData Central (FNDDS/WWEIA Survey Foods), fdcId:2707447"
FNDDS-2707448,,"Soybean curd, deep fried",,foreign,,100,USDA FNDDS (nguồn chính thức),"USDA FoodData Central (FNDDS/WWEIA Survey Foods), fdcId:2707448"
FNDDS-2707449,,"Soybean curd, breaded, fried",,foreign,,1134.01,USDA FNDDS (nguồn chính thức),"USDA FoodData Central (FNDDS/WWEIA Survey Foods), fdcId:2707449"
FNDDS-2707450,,"Vermicelli, made from soybeans",,foreign,,262,USDA FNDDS (nguồn chính thức),"USDA FoodData Central (FNDDS/WWEIA Survey Foods), fdcId:2707450"
FNDDS-2707451,,"Textured vegetable protein, dry",,foreign,,100,USDA FNDDS (nguồn chính thức),"USDA FoodData Central (FNDDS/WWEIA Survey Foods), fdcId:2707451"
FNDDS-2707465,,"Bacon strip, meatless",,foreign,,100,USDA FNDDS (nguồn chính thức),"USDA FoodData Central (FNDDS/WWEIA Survey Foods), fdcId:2707465"
FNDDS-2707466,,Bacon bits,,foreign,,100,USDA FNDDS (nguồn chính thức),"USDA FoodData Central (FNDDS/WWEIA Survey Foods), fdcId:2707466"
FNDDS-2707467,,"Breakfast link, pattie, or slice, meatless",,foreign,,100,USDA FNDDS (nguồn chính thức),"USDA FoodData Central (FNDDS/WWEIA Survey Foods), fdcId:2707467"
FNDDS-2707468,,"Chicken, meatless, NFS",,foreign,,100,USDA FNDDS (nguồn chính thức),"USDA FoodData Central (FNDDS/WWEIA Survey Foods), fdcId:2707468"
FNDDS-2707469,,"Chicken, meatless, breaded, fried",,foreign,,100,USDA FNDDS (nguồn chính thức),"USDA FoodData Central (FNDDS/WWEIA Survey Foods), fdcId:2707469"
FNDDS-2707470,,"Hot dog, vegetarian",,foreign,,100,USDA FNDDS (nguồn chính thức),"USDA FoodData Central (FNDDS/WWEIA Survey Foods), fdcId:2707470"
FNDDS-2707471,,"Luncheon slice, meatless-beef, chicken, salami or turkey",,foreign,,100,USDA FNDDS (nguồn chính thức),"USDA FoodData Central (FNDDS/WWEIA Survey Foods), fdcId:2707471"
FNDDS-2707472,,"Meatball, meatless",,foreign,,100,USDA FNDDS (nguồn chính thức),"USDA FoodData Central (FNDDS/WWEIA Survey Foods), fdcId:2707472"
FNDDS-2707473,,"Veggie burger patty, no bun",,foreign,,100,USDA FNDDS (nguồn chính thức),"USDA FoodData Central (FNDDS/WWEIA Survey Foods), fdcId:2707473"
FNDDS-2707474,,"Swiss steak, with gravy, meatless",,foreign,,1006.5,USDA FNDDS (nguồn chính thức),"USDA FoodData Central (FNDDS/WWEIA Survey Foods), fdcId:2707474"
FNDDS-2707478,,"Vegetarian, fillet",,foreign,,100,USDA FNDDS (nguồn chính thức),"USDA FoodData Central (FNDDS/WWEIA Survey Foods), fdcId:2707478"
FNDDS-2707481,,"Veggie burger, on bun",,foreign,,130,USDA FNDDS (nguồn chính thức),"USDA FoodData Central (FNDDS/WWEIA Survey Foods), fdcId:2707481"
FNDDS-2707492,,Brazil nuts,,foreign,,100,USDA FNDDS (nguồn chính thức),"USDA FoodData Central (FNDDS/WWEIA Survey Foods), fdcId:2707492"
FNDDS-2707493,,"Cashews, NFS",,foreign,,100,USDA FNDDS (nguồn chính thức),"USDA FoodData Central (FNDDS/WWEIA Survey Foods), fdcId:2707493"
FNDDS-2707494,,"Cashews, unroasted",,foreign,,100,USDA FNDDS (nguồn chính thức),"USDA FoodData Central (FNDDS/WWEIA Survey Foods), fdcId:2707494"
FNDDS-2707499,,Chestnuts,,foreign,,100,USDA FNDDS (nguồn chính thức),"USDA FoodData Central (FNDDS/WWEIA Survey Foods), fdcId:2707499"
FNDDS-2707500,,"Coconut, fresh",,foreign,,100,USDA FNDDS (nguồn chính thức),"USDA FoodData Central (FNDDS/WWEIA Survey Foods), fdcId:2707500"
FNDDS-2707501,,"Coconut, packaged",,foreign,,100,USDA FNDDS (nguồn chính thức),"USDA FoodData Central (FNDDS/WWEIA Survey Foods), fdcId:2707501"
FNDDS-2707502,,Hazelnuts,,foreign,,100,USDA FNDDS (nguồn chính thức),"USDA FoodData Central (FNDDS/WWEIA Survey Foods), fdcId:2707502"
FNDDS-2707503,,Macadamia nuts,,foreign,,100,USDA FNDDS (nguồn chính thức),"USDA FoodData Central (FNDDS/WWEIA Survey Foods), fdcId:2707503"
FNDDS-2707512,,"Peanuts, NFS",,foreign,,100,USDA FNDDS (nguồn chính thức),"USDA FoodData Central (FNDDS/WWEIA Survey Foods), fdcId:2707512"
FNDDS-2707513,,"Peanuts, boiled",,foreign,,100,USDA FNDDS (nguồn chính thức),"USDA FoodData Central (FNDDS/WWEIA Survey Foods), fdcId:2707513"
FNDDS-2707514,,"Peanuts, unroasted",,foreign,,100,USDA FNDDS (nguồn chính thức),"USDA FoodData Central (FNDDS/WWEIA Survey Foods), fdcId:2707514"
FNDDS-2707517,,"Peanuts, dry roasted, salted",,foreign,,100,USDA FNDDS (nguồn chính thức),"USDA FoodData Central (FNDDS/WWEIA Survey Foods), fdcId:2707517"
FNDDS-2707518,,"Peanuts, dry roasted, lightly salted",,foreign,,100.5,USDA FNDDS (nguồn chính thức),"USDA FoodData Central (FNDDS/WWEIA Survey Foods), fdcId:2707518"
FNDDS-2707519,,"Peanuts, dry roasted, unsalted",,foreign,,100,USDA FNDDS (nguồn chính thức),"USDA FoodData Central (FNDDS/WWEIA Survey Foods), fdcId:2707519"
FNDDS-2707521,,"Pecans, NFS",,foreign,,100,USDA FNDDS (nguồn chính thức),"USDA FoodData Central (FNDDS/WWEIA Survey Foods), fdcId:2707521"
FNDDS-2707522,,"Pecans, unroasted",,foreign,,100,USDA FNDDS (nguồn chính thức),"USDA FoodData Central (FNDDS/WWEIA Survey Foods), fdcId:2707522"
FNDDS-2707526,,Pine nuts,,foreign,,100,USDA FNDDS (nguồn chính thức),"USDA FoodData Central (FNDDS/WWEIA Survey Foods), fdcId:2707526"
FNDDS-2707531,,"Walnuts, excluding honey roasted",,foreign,,100,USDA FNDDS (nguồn chính thức),"USDA FoodData Central (FNDDS/WWEIA Survey Foods), fdcId:2707531"
FNDDS-2707535,,Almond paste,,foreign,,100,USDA FNDDS (nguồn chính thức),"USDA FoodData Central (FNDDS/WWEIA Survey Foods), fdcId:2707535"
FNDDS-2707536,,Cashew butter,,foreign,,100,USDA FNDDS (nguồn chính thức),"USDA FoodData Central (FNDDS/WWEIA Survey Foods), fdcId:2707536"
FNDDS-2707537,,Peanut butter,,foreign,,100,USDA FNDDS (nguồn chính thức),"USDA FoodData Central (FNDDS/WWEIA Survey Foods), fdcId:2707537"
FNDDS-2707538,,"Peanut butter, lower sodium",,foreign,,100,USDA FNDDS (nguồn chính thức),"USDA FoodData Central (FNDDS/WWEIA Survey Foods), fdcId:2707538"
FNDDS-2707539,,"Peanut butter, lower sodium and lower sugar",,foreign,,100,USDA FNDDS (nguồn chính thức),"USDA FoodData Central (FNDDS/WWEIA Survey Foods), fdcId:2707539"
FNDDS-2707540,,"Peanut butter, lower sugar",,foreign,,100,USDA FNDDS (nguồn chính thức),"USDA FoodData Central (FNDDS/WWEIA Survey Foods), fdcId:2707540"
FNDDS-2707541,,"Peanut butter, reduced fat",,foreign,,100,USDA FNDDS (nguồn chính thức),"USDA FoodData Central (FNDDS/WWEIA Survey Foods), fdcId:2707541"
FNDDS-2707542,,"Peanut butter, vitamin and mineral fortified",,foreign,,100,USDA FNDDS (nguồn chính thức),"USDA FoodData Central (FNDDS/WWEIA Survey Foods), fdcId:2707542"
FNDDS-2707543,,Peanut butter and jelly,,foreign,,100,USDA FNDDS (nguồn chính thức),"USDA FoodData Central (FNDDS/WWEIA Survey Foods), fdcId:2707543"
FNDDS-2707544,,Peanut butter and chocolate spread,,foreign,,100,USDA FNDDS (nguồn chính thức),"USDA FoodData Central (FNDDS/WWEIA Survey Foods), fdcId:2707544"
FNDDS-2707546,,Peanut sauce,,foreign,,100,USDA FNDDS (nguồn chính thức),"USDA FoodData Central (FNDDS/WWEIA Survey Foods), fdcId:2707546"
FNDDS-2707549,,"Peanut butter sandwich, NFS",,foreign,,92,USDA FNDDS (nguồn chính thức),"USDA FoodData Central (FNDDS/WWEIA Survey Foods), fdcId:2707549"
FNDDS-2707550,,"Peanut butter sandwich, with regular peanut butter, on white bread",,foreign,,92,USDA FNDDS (nguồn chính thức),"USDA FoodData Central (FNDDS/WWEIA Survey Foods), fdcId:2707550"
FNDDS-2707552,,"Peanut butter sandwich, with reduced fat peanut butter, on white bread",,foreign,,92,USDA FNDDS (nguồn chính thức),"USDA FoodData Central (FNDDS/WWEIA Survey Foods), fdcId:2707552"
FNDDS-2707554,,"Peanut butter and jelly sandwich, NFS",,foreign,,112,USDA FNDDS (nguồn chính thức),"USDA FoodData Central (FNDDS/WWEIA Survey Foods), fdcId:2707554"
FNDDS-2707555,,"Peanut butter and jelly sandwich, with regular peanut butter, regular jelly, on white bread",,foreign,,112,USDA FNDDS (nguồn chính thức),"USDA FoodData Central (FNDDS/WWEIA Survey Foods), fdcId:2707555"
FNDDS-2707557,,"Peanut butter and jelly sandwich, with reduced fat peanut butter, on white bread",,foreign,,112,USDA FNDDS (nguồn chính thức),"USDA FoodData Central (FNDDS/WWEIA Survey Foods), fdcId:2707557"
FNDDS-2707559,,"Peanut butter and jelly sandwich, with regular peanut butter, reduced sugar jelly, on white bread",,foreign,,112,USDA FNDDS (nguồn chính thức),"USDA FoodData Central (FNDDS/WWEIA Survey Foods), fdcId:2707559"
FNDDS-2707561,,"Peanut butter and jelly sandwich, frozen commercial product without crusts",,foreign,,112,USDA FNDDS (nguồn chính thức),"USDA FoodData Central (FNDDS/WWEIA Survey Foods), fdcId:2707561"
FNDDS-2707566,,Nutella sandwich on white bread,,foreign,,92,USDA FNDDS (nguồn chính thức),"USDA FoodData Central (FNDDS/WWEIA Survey Foods), fdcId:2707566"
FNDDS-2707568,,"Coconut milk, used in cooking",,foreign,,100,USDA FNDDS (nguồn chính thức),"USDA FoodData Central (FNDDS/WWEIA Survey Foods), fdcId:2707568"
FNDDS-2707571,,"Coconut cream, canned, sweetened",,foreign,,100,USDA FNDDS (nguồn chính thức),"USDA FoodData Central (FNDDS/WWEIA Survey Foods), fdcId:2707571"
FNDDS-2707572,,"Coconut water, unsweetened",,foreign,,100,USDA FNDDS (nguồn chính thức),"USDA FoodData Central (FNDDS/WWEIA Survey Foods), fdcId:2707572"
FNDDS-2707573,,"Coconut water, sweetened",,foreign,,94.8,USDA FNDDS (nguồn chính thức),"USDA FoodData Central (FNDDS/WWEIA Survey Foods), fdcId:2707573"
FNDDS-2707579,,"Pumpkin seeds, NFS",,foreign,,100,USDA FNDDS (nguồn chính thức),"USDA FoodData Central (FNDDS/WWEIA Survey Foods), fdcId:2707579"
FNDDS-2707580,,"Pumpkin seeds, salted",,foreign,,101.2,USDA FNDDS (nguồn chính thức),"USDA FoodData Central (FNDDS/WWEIA Survey Foods), fdcId:2707580"
FNDDS-2707581,,"Pumpkin seeds, unsalted",,foreign,,100,USDA FNDDS (nguồn chính thức),"USDA FoodData Central (FNDDS/WWEIA Survey Foods), fdcId:2707581"
FNDDS-2707582,,"Sunflower seeds, plain, unsalted",,foreign,,100,USDA FNDDS (nguồn chính thức),"USDA FoodData Central (FNDDS/WWEIA Survey Foods), fdcId:2707582"
FNDDS-2707583,,"Sunflower seeds, plain, salted",,foreign,,101.2,USDA FNDDS (nguồn chính thức),"USDA FoodData Central (FNDDS/WWEIA Survey Foods), fdcId:2707583"
FNDDS-2707584,,"Sunflower seeds, flavored",,foreign,,101.6,USDA FNDDS (nguồn chính thức),"USDA FoodData Central (FNDDS/WWEIA Survey Foods), fdcId:2707584"
FNDDS-2707585,,"Sunflower seeds, NFS",,foreign,,100,USDA FNDDS (nguồn chính thức),"USDA FoodData Central (FNDDS/WWEIA Survey Foods), fdcId:2707585"
FNDDS-2707586,,Sesame seeds,,foreign,,100,USDA FNDDS (nguồn chính thức),"USDA FoodData Central (FNDDS/WWEIA Survey Foods), fdcId:2707586"
FNDDS-2707589,,Mixed seeds,,foreign,,100,USDA FNDDS (nguồn chính thức),"USDA FoodData Central (FNDDS/WWEIA Survey Foods), fdcId:2707589"
FNDDS-2707591,,"Bread, NS as to major flour",,foreign,,100,USDA FNDDS (nguồn chính thức),"USDA FoodData Central (FNDDS/WWEIA Survey Foods), fdcId:2707591"
FNDDS-2707595,,"Roll, NS as to major flour",,foreign,,100,USDA FNDDS (nguồn chính thức),"USDA FoodData Central (FNDDS/WWEIA Survey Foods), fdcId:2707595"
FNDDS-2707596,,"Roll, hard, NS as to major flour",,foreign,,100,USDA FNDDS (nguồn chính thức),"USDA FoodData Central (FNDDS/WWEIA Survey Foods), fdcId:2707596"
FNDDS-2707597,,"Roll, bran, NS as to type of bran",,foreign,,100,USDA FNDDS (nguồn chính thức),"USDA FoodData Central (FNDDS/WWEIA Survey Foods), fdcId:2707597"
FNDDS-2707598,,"Bread, white",,foreign,,100,USDA FNDDS (nguồn chính thức),"USDA FoodData Central (FNDDS/WWEIA Survey Foods), fdcId:2707598"
FNDDS-2707599,,"Bread, white, toasted",,foreign,,100,USDA FNDDS (nguồn chính thức),"USDA FoodData Central (FNDDS/WWEIA Survey Foods), fdcId:2707599"
FNDDS-2707602,,"Bread, white with whole wheat swirl",,foreign,,100,USDA FNDDS (nguồn chính thức),"USDA FoodData Central (FNDDS/WWEIA Survey Foods), fdcId:2707602"
FNDDS-2707604,,"Bread, Cuban",,foreign,,100,USDA FNDDS (nguồn chính thức),"USDA FoodData Central (FNDDS/WWEIA Survey Foods), fdcId:2707604"
FNDDS-2707605,,"Bread, Cuban, toasted",,foreign,,100,USDA FNDDS (nguồn chính thức),"USDA FoodData Central (FNDDS/WWEIA Survey Foods), fdcId:2707605"
FNDDS-2707610,,"Bread, French or Vienna",,foreign,,100,USDA FNDDS (nguồn chính thức),"USDA FoodData Central (FNDDS/WWEIA Survey Foods), fdcId:2707610"
FNDDS-2707611,,"Bread, French or Vienna, toasted",,foreign,,100,USDA FNDDS (nguồn chính thức),"USDA FoodData Central (FNDDS/WWEIA Survey Foods), fdcId:2707611"
FNDDS-2707612,,"Focaccia, Italian, plain",,foreign,,100,USDA FNDDS (nguồn chính thức),"USDA FoodData Central (FNDDS/WWEIA Survey Foods), fdcId:2707612"
FNDDS-2707613,,"Bread, naan",,foreign,,100,USDA FNDDS (nguồn chính thức),"USDA FoodData Central (FNDDS/WWEIA Survey Foods), fdcId:2707613"
FNDDS-2707614,,"Bread, Italian, Grecian, Armenian",,foreign,,100,USDA FNDDS (nguồn chính thức),"USDA FoodData Central (FNDDS/WWEIA Survey Foods), fdcId:2707614"
FNDDS-2707615,,"Bread, Italian, Grecian, Armenian, toasted",,foreign,,100,USDA FNDDS (nguồn chính thức),"USDA FoodData Central (FNDDS/WWEIA Survey Foods), fdcId:2707615"
FNDDS-2707616,,"Bread, pita",,foreign,,100,USDA FNDDS (nguồn chính thức),"USDA FoodData Central (FNDDS/WWEIA Survey Foods), fdcId:2707616"
FNDDS-2707617,,"Bread, pita with fruit",,foreign,,743.7,USDA FNDDS (nguồn chính thức),"USDA FoodData Central (FNDDS/WWEIA Survey Foods), fdcId:2707617"
FNDDS-2707618,,"Bread, cheese",,foreign,,100,USDA FNDDS (nguồn chính thức),"USDA FoodData Central (FNDDS/WWEIA Survey Foods), fdcId:2707618"
FNDDS-2707619,,"Bread, cheese, toasted",,foreign,,100,USDA FNDDS (nguồn chính thức),"USDA FoodData Central (FNDDS/WWEIA Survey Foods), fdcId:2707619"
FNDDS-2707620,,"Bread, cinnamon",,foreign,,100,USDA FNDDS (nguồn chính thức),"USDA FoodData Central (FNDDS/WWEIA Survey Foods), fdcId:2707620"
FNDDS-2707624,,"Bread, egg, Challah",,foreign,,100,USDA FNDDS (nguồn chính thức),"USDA FoodData Central (FNDDS/WWEIA Survey Foods), fdcId:2707624"
FNDDS-2707625,,"Bread, egg, Challah, toasted",,foreign,,100,USDA FNDDS (nguồn chính thức),"USDA FoodData Central (FNDDS/WWEIA Survey Foods), fdcId:2707625"
FNDDS-2707627,,"Garlic bread, from fast food / restaurant",,foreign,,100.2,USDA FNDDS (nguồn chính thức),"USDA FoodData Central (FNDDS/WWEIA Survey Foods), fdcId:2707627"
FNDDS-2707628,,"Garlic bread, from frozen",,foreign,,100,USDA FNDDS (nguồn chính thức),"USDA FoodData Central (FNDDS/WWEIA Survey Foods), fdcId:2707628"
FNDDS-2707629,,"Garlic bread, with parmesan cheese, from fast food / restaurant",,foreign,,102.2,USDA FNDDS (nguồn chính thức),"USDA FoodData Central (FNDDS/WWEIA Survey Foods), fdcId:2707629"
FNDDS-2707630,,"Garlic bread, with parmesan cheese, from frozen",,foreign,,102,USDA FNDDS (nguồn chính thức),"USDA FoodData Central (FNDDS/WWEIA Survey Foods), fdcId:2707630"
FNDDS-2707631,,"Garlic bread, with melted cheese, from fast food / restaurant",,foreign,,125.2,USDA FNDDS (nguồn chính thức),"USDA FoodData Central (FNDDS/WWEIA Survey Foods), fdcId:2707631"
FNDDS-2707632,,"Garlic bread, with melted cheese, from frozen",,foreign,,115,USDA FNDDS (nguồn chính thức),"USDA FoodData Central (FNDDS/WWEIA Survey Foods), fdcId:2707632"
FNDDS-2707635,,"Bread, reduced calorie and/or high fiber, white or NFS",,foreign,,100,USDA FNDDS (nguồn chính thức),"USDA FoodData Central (FNDDS/WWEIA Survey Foods), fdcId:2707635"
FNDDS-2707636,,"Bread, reduced calorie and/or high fiber, white or NFS, toasted",,foreign,,100,USDA FNDDS (nguồn chính thức),"USDA FoodData Central (FNDDS/WWEIA Survey Foods), fdcId:2707636"
FNDDS-2707637,,"Bread, reduced calorie and/or high fiber, white or NFS, with fruit and/or nuts",,foreign,,743.7,USDA FNDDS (nguồn chính thức),"USDA FoodData Central (FNDDS/WWEIA Survey Foods), fdcId:2707637"
FNDDS-2707639,,"Bread, white, special formula, added fiber",,foreign,,100,USDA FNDDS (nguồn chính thức),"USDA FoodData Central (FNDDS/WWEIA Survey Foods), fdcId:2707639"
FNDDS-2707641,,"Bread, high protein, toasted",,foreign,,100,USDA FNDDS (nguồn chính thức),"USDA FoodData Central (FNDDS/WWEIA Survey Foods), fdcId:2707641"
FNDDS-2707642,,"Bread, potato",,foreign,,100,USDA FNDDS (nguồn chính thức),"USDA FoodData Central (FNDDS/WWEIA Survey Foods), fdcId:2707642"
FNDDS-2707643,,"Bread, potato, toasted",,foreign,,100,USDA FNDDS (nguồn chính thức),"USDA FoodData Central (FNDDS/WWEIA Survey Foods), fdcId:2707643"
FNDDS-2707644,,"Bread, raisin",,foreign,,100,USDA FNDDS (nguồn chính thức),"USDA FoodData Central (FNDDS/WWEIA Survey Foods), fdcId:2707644"
FNDDS-2707645,,"Bread, raisin, toasted",,foreign,,100,USDA FNDDS (nguồn chính thức),"USDA FoodData Central (FNDDS/WWEIA Survey Foods), fdcId:2707645"
FNDDS-2707646,,"Bread, sour dough",,foreign,,100,USDA FNDDS (nguồn chính thức),"USDA FoodData Central (FNDDS/WWEIA Survey Foods), fdcId:2707646"
FNDDS-2707647,,"Bread, sour dough, toasted",,foreign,,100,USDA FNDDS (nguồn chính thức),"USDA FoodData Central (FNDDS/WWEIA Survey Foods), fdcId:2707647"
FNDDS-2707654,,"Roll, white, soft",,foreign,,100,USDA FNDDS (nguồn chính thức),"USDA FoodData Central (FNDDS/WWEIA Survey Foods), fdcId:2707654"
FNDDS-2707655,,"Roll, white, hard",,foreign,,100,USDA FNDDS (nguồn chính thức),"USDA FoodData Central (FNDDS/WWEIA Survey Foods), fdcId:2707655"
FNDDS-2707656,,"Roll, white, hot dog bun",,foreign,,100,USDA FNDDS (nguồn chính thức),"USDA FoodData Central (FNDDS/WWEIA Survey Foods), fdcId:2707656"
FNDDS-2707657,,"Roll, white, hamburger bun",,foreign,,100,USDA FNDDS (nguồn chính thức),"USDA FoodData Central (FNDDS/WWEIA Survey Foods), fdcId:2707657"
FNDDS-2707658,,"Roll, diet",,foreign,,100,USDA FNDDS (nguồn chính thức),"USDA FoodData Central (FNDDS/WWEIA Survey Foods), fdcId:2707658"
FNDDS-2707659,,"Roll, egg bread",,foreign,,100,USDA FNDDS (nguồn chính thức),"USDA FoodData Central (FNDDS/WWEIA Survey Foods), fdcId:2707659"
FNDDS-2707660,,"Roll, cheese",,foreign,,100,USDA FNDDS (nguồn chính thức),"USDA FoodData Central (FNDDS/WWEIA Survey Foods), fdcId:2707660"
FNDDS-2707661,,"Roll, French or Vienna",,foreign,,100,USDA FNDDS (nguồn chính thức),"USDA FoodData Central (FNDDS/WWEIA Survey Foods), fdcId:2707661"
FNDDS-2707662,,"Roll, garlic",,foreign,,100.5,USDA FNDDS (nguồn chính thức),"USDA FoodData Central (FNDDS/WWEIA Survey Foods), fdcId:2707662"
FNDDS-2707663,,"Roll, white, hoagie, submarine",,foreign,,100,USDA FNDDS (nguồn chính thức),"USDA FoodData Central (FNDDS/WWEIA Survey Foods), fdcId:2707663"
FNDDS-2707664,,"Roll, Mexican, bolillo",,foreign,,100,USDA FNDDS (nguồn chính thức),"USDA FoodData Central (FNDDS/WWEIA Survey Foods), fdcId:2707664"
FNDDS-2707665,,"Roll, sour dough",,foreign,,100,USDA FNDDS (nguồn chính thức),"USDA FoodData Central (FNDDS/WWEIA Survey Foods), fdcId:2707665"
FNDDS-2707666,,"Roll, sweet, no frosting",,foreign,,100,USDA FNDDS (nguồn chính thức),"USDA FoodData Central (FNDDS/WWEIA Survey Foods), fdcId:2707666"
FNDDS-2707667,,"Roll, sweet, cinnamon bun, no frosting",,foreign,,100,USDA FNDDS (nguồn chính thức),"USDA FoodData Central (FNDDS/WWEIA Survey Foods), fdcId:2707667"
FNDDS-2707668,,"Roll, sweet, cinnamon bun, frosted",,foreign,,100,USDA FNDDS (nguồn chính thức),"USDA FoodData Central (FNDDS/WWEIA Survey Foods), fdcId:2707668"
FNDDS-2707670,,"Pan Dulce, with fruit, no frosting",,foreign,,100,USDA FNDDS (nguồn chính thức),"USDA FoodData Central (FNDDS/WWEIA Survey Foods), fdcId:2707670"
FNDDS-2707671,,"Roll, sweet, with fruit, frosted",,foreign,,64,USDA FNDDS (nguồn chính thức),"USDA FoodData Central (FNDDS/WWEIA Survey Foods), fdcId:2707671"
FNDDS-2707672,,"Roll, sweet, with fruit, frosted, diet",,foreign,,100,USDA FNDDS (nguồn chính thức),"USDA FoodData Central (FNDDS/WWEIA Survey Foods), fdcId:2707672"
FNDDS-2707673,,"Roll, sweet, frosted",,foreign,,68.542,USDA FNDDS (nguồn chính thức),"USDA FoodData Central (FNDDS/WWEIA Survey Foods), fdcId:2707673"
FNDDS-2707674,,"Pan Dulce, no topping",,foreign,,100,USDA FNDDS (nguồn chính thức),"USDA FoodData Central (FNDDS/WWEIA Survey Foods), fdcId:2707674"
FNDDS-2707676,,"Pan Dulce, with raisins and icing",,foreign,,116.042,USDA FNDDS (nguồn chính thức),"USDA FoodData Central (FNDDS/WWEIA Survey Foods), fdcId:2707676"
FNDDS-2707677,,"Coffee cake, yeast type",,foreign,,100,USDA FNDDS (nguồn chính thức),"USDA FoodData Central (FNDDS/WWEIA Survey Foods), fdcId:2707677"
FNDDS-2707678,,Croissant,,foreign,,100,USDA FNDDS (nguồn chính thức),"USDA FoodData Central (FNDDS/WWEIA Survey Foods), fdcId:2707678"
FNDDS-2707679,,"Croissant, cheese",,foreign,,100,USDA FNDDS (nguồn chính thức),"USDA FoodData Central (FNDDS/WWEIA Survey Foods), fdcId:2707679"
FNDDS-2707680,,"Croissant, chocolate",,foreign,,71.175,USDA FNDDS (nguồn chính thức),"USDA FoodData Central (FNDDS/WWEIA Survey Foods), fdcId:2707680"
FNDDS-2707681,,"Croissant, fruit",,foreign,,60.75,USDA FNDDS (nguồn chính thức),"USDA FoodData Central (FNDDS/WWEIA Survey Foods), fdcId:2707681"
FNDDS-2707684,,Bagel,,foreign,,100,USDA FNDDS (nguồn chính thức),"USDA FoodData Central (FNDDS/WWEIA Survey Foods), fdcId:2707684"
FNDDS-2707685,,"Bagel, with raisins",,foreign,,100,USDA FNDDS (nguồn chính thức),"USDA FoodData Central (FNDDS/WWEIA Survey Foods), fdcId:2707685"
FNDDS-2707686,,"Bagel, with fruit other than raisins",,foreign,,100,USDA FNDDS (nguồn chính thức),"USDA FoodData Central (FNDDS/WWEIA Survey Foods), fdcId:2707686"
FNDDS-2707688,,Bread stuffing made with egg,,foreign,,100,USDA FNDDS (nguồn chính thức),"USDA FoodData Central (FNDDS/WWEIA Survey Foods), fdcId:2707688"
FNDDS-2707690,,"Breadsticks, hard, NFS",,foreign,,100,USDA FNDDS (nguồn chính thức),"USDA FoodData Central (FNDDS/WWEIA Survey Foods), fdcId:2707690"
FNDDS-2707693,,"Breadsticks, soft, fast food / restaurant",,foreign,,100.2,USDA FNDDS (nguồn chính thức),"USDA FoodData Central (FNDDS/WWEIA Survey Foods), fdcId:2707693"
FNDDS-2707694,,"Breadsticks, soft, frozen",,foreign,,100,USDA FNDDS (nguồn chính thức),"USDA FoodData Central (FNDDS/WWEIA Survey Foods), fdcId:2707694"
FNDDS-2707695,,"Breadsticks, soft, with parmesan cheese, fast food / restaurant",,foreign,,102.2,USDA FNDDS (nguồn chính thức),"USDA FoodData Central (FNDDS/WWEIA Survey Foods), fdcId:2707695"
FNDDS-2707696,,"Breadsticks, soft, stuffed or topped with melted cheese",,foreign,,125.2,USDA FNDDS (nguồn chính thức),"USDA FoodData Central (FNDDS/WWEIA Survey Foods), fdcId:2707696"
FNDDS-2707697,,Croutons,,foreign,,100,USDA FNDDS (nguồn chính thức),"USDA FoodData Central (FNDDS/WWEIA Survey Foods), fdcId:2707697"
FNDDS-2707698,,"Muffin, English",,foreign,,100,USDA FNDDS (nguồn chính thức),"USDA FoodData Central (FNDDS/WWEIA Survey Foods), fdcId:2707698"
FNDDS-2707699,,"Muffin, English, with raisins",,foreign,,100,USDA FNDDS (nguồn chính thức),"USDA FoodData Central (FNDDS/WWEIA Survey Foods), fdcId:2707699"
FNDDS-2707700,,"Muffin, English, cheese",,foreign,,100,USDA FNDDS (nguồn chính thức),"USDA FoodData Central (FNDDS/WWEIA Survey Foods), fdcId:2707700"
FNDDS-2707701,,"Muffin, English, with fruit other than raisins",,foreign,,100,USDA FNDDS (nguồn chính thức),"USDA FoodData Central (FNDDS/WWEIA Survey Foods), fdcId:2707701"
FNDDS-2707702,,Melba toast,,foreign,,100,USDA FNDDS (nguồn chính thức),"USDA FoodData Central (FNDDS/WWEIA Survey Foods), fdcId:2707702"
FNDDS-2707705,,Zwieback toast,,foreign,,100,USDA FNDDS (nguồn chính thức),"USDA FoodData Central (FNDDS/WWEIA Survey Foods), fdcId:2707705"
FNDDS-2707706,,"Bread, whole grain white",,foreign,,100,USDA FNDDS (nguồn chính thức),"USDA FoodData Central (FNDDS/WWEIA Survey Foods), fdcId:2707706"
FNDDS-2707707,,"Bread, whole grain white, toasted",,foreign,,100,USDA FNDDS (nguồn chính thức),"USDA FoodData Central (FNDDS/WWEIA Survey Foods), fdcId:2707707"
FNDDS-2707708,,"Bagel, whole grain white",,foreign,,100,USDA FNDDS (nguồn chính thức),"USDA FoodData Central (FNDDS/WWEIA Survey Foods), fdcId:2707708"
FNDDS-2707709,,"Bread, whole wheat",,foreign,,100,USDA FNDDS (nguồn chính thức),"USDA FoodData Central (FNDDS/WWEIA Survey Foods), fdcId:2707709"
FNDDS-2707710,,"Bread, whole wheat, toasted",,foreign,,100,USDA FNDDS (nguồn chính thức),"USDA FoodData Central (FNDDS/WWEIA Survey Foods), fdcId:2707710"
FNDDS-2707713,,"Bread, chappatti or roti",,foreign,,100,USDA FNDDS (nguồn chính thức),"USDA FoodData Central (FNDDS/WWEIA Survey Foods), fdcId:2707713"
FNDDS-2707715,,"Bread, paratha",,foreign,,100,USDA FNDDS (nguồn chính thức),"USDA FoodData Central (FNDDS/WWEIA Survey Foods), fdcId:2707715"
FNDDS-2707718,,"Bread, sprouted wheat",,foreign,,100,USDA FNDDS (nguồn chính thức),"USDA FoodData Central (FNDDS/WWEIA Survey Foods), fdcId:2707718"
FNDDS-2707719,,"Bread, sprouted wheat, toasted",,foreign,,100,USDA FNDDS (nguồn chính thức),"USDA FoodData Central (FNDDS/WWEIA Survey Foods), fdcId:2707719"
FNDDS-2707720,,"Bread, wheat or cracked wheat",,foreign,,100,USDA FNDDS (nguồn chính thức),"USDA FoodData Central (FNDDS/WWEIA Survey Foods), fdcId:2707720"
FNDDS-2707721,,"Bread, wheat or cracked wheat, toasted",,foreign,,100,USDA FNDDS (nguồn chính thức),"USDA FoodData Central (FNDDS/WWEIA Survey Foods), fdcId:2707721"
FNDDS-2707728,,"Bread, French or Vienna, whole wheat",,foreign,,100,USDA FNDDS (nguồn chính thức),"USDA FoodData Central (FNDDS/WWEIA Survey Foods), fdcId:2707728"
FNDDS-2707730,,"Bread, pita, whole wheat",,foreign,,100,USDA FNDDS (nguồn chính thức),"USDA FoodData Central (FNDDS/WWEIA Survey Foods), fdcId:2707730"
FNDDS-2707731,,"Bread, pita, wheat or cracked wheat",,foreign,,100,USDA FNDDS (nguồn chính thức),"USDA FoodData Central (FNDDS/WWEIA Survey Foods), fdcId:2707731"
FNDDS-2707732,,"Bagel, wheat",,foreign,,100,USDA FNDDS (nguồn chính thức),"USDA FoodData Central (FNDDS/WWEIA Survey Foods), fdcId:2707732"
FNDDS-2707733,,"Bagel, whole wheat",,foreign,,100,USDA FNDDS (nguồn chính thức),"USDA FoodData Central (FNDDS/WWEIA Survey Foods), fdcId:2707733"
FNDDS-2707734,,"Bagel, wheat, with raisins",,foreign,,100,USDA FNDDS (nguồn chính thức),"USDA FoodData Central (FNDDS/WWEIA Survey Foods), fdcId:2707734"
FNDDS-2707735,,"Bagel, whole wheat, with raisins",,foreign,,100,USDA FNDDS (nguồn chính thức),"USDA FoodData Central (FNDDS/WWEIA Survey Foods), fdcId:2707735"
FNDDS-2707736,,"Bagel, wheat, with fruit and nuts",,foreign,,100,USDA FNDDS (nguồn chính thức),"USDA FoodData Central (FNDDS/WWEIA Survey Foods), fdcId:2707736"
FNDDS-2707737,,"Bagel, wheat bran",,foreign,,100,USDA FNDDS (nguồn chính thức),"USDA FoodData Central (FNDDS/WWEIA Survey Foods), fdcId:2707737"
FNDDS-2707738,,"Muffin, English, wheat bran",,foreign,,100,USDA FNDDS (nguồn chính thức),"USDA FoodData Central (FNDDS/WWEIA Survey Foods), fdcId:2707738"
FNDDS-2707739,,"Muffin, English, wheat bran, with raisins",,foreign,,100,USDA FNDDS (nguồn chính thức),"USDA FoodData Central (FNDDS/WWEIA Survey Foods), fdcId:2707739"
FNDDS-2707740,,"Muffin, English, wheat or cracked wheat",,foreign,,100,USDA FNDDS (nguồn chính thức),"USDA FoodData Central (FNDDS/WWEIA Survey Foods), fdcId:2707740"
FNDDS-2707741,,"Muffin, English, whole wheat",,foreign,,100,USDA FNDDS (nguồn chính thức),"USDA FoodData Central (FNDDS/WWEIA Survey Foods), fdcId:2707741"
FNDDS-2707742,,"Muffin, English, wheat or cracked wheat, with raisins",,foreign,,110,USDA FNDDS (nguồn chính thức),"USDA FoodData Central (FNDDS/WWEIA Survey Foods), fdcId:2707742"
FNDDS-2707744,,"Muffin, English, whole grain white",,foreign,,100,USDA FNDDS (nguồn chính thức),"USDA FoodData Central (FNDDS/WWEIA Survey Foods), fdcId:2707744"
FNDDS-2707746,,"Roll, wheat or cracked wheat",,foreign,,100,USDA FNDDS (nguồn chính thức),"USDA FoodData Central (FNDDS/WWEIA Survey Foods), fdcId:2707746"
FNDDS-2707747,,"Roll, wheat or cracked wheat, hot dog bun",,foreign,,100,USDA FNDDS (nguồn chính thức),"USDA FoodData Central (FNDDS/WWEIA Survey Foods), fdcId:2707747"
FNDDS-2707748,,"Roll, wheat or cracked wheat, hamburger bun",,foreign,,100,USDA FNDDS (nguồn chính thức),"USDA FoodData Central (FNDDS/WWEIA Survey Foods), fdcId:2707748"
FNDDS-2707749,,"Roll, whole wheat",,foreign,,100,USDA FNDDS (nguồn chính thức),"USDA FoodData Central (FNDDS/WWEIA Survey Foods), fdcId:2707749"
FNDDS-2707750,,"Roll, whole wheat, hot dog bun",,foreign,,100,USDA FNDDS (nguồn chính thức),"USDA FoodData Central (FNDDS/WWEIA Survey Foods), fdcId:2707750"
FNDDS-2707751,,"Roll, whole wheat, hamburger bun",,foreign,,100,USDA FNDDS (nguồn chính thức),"USDA FoodData Central (FNDDS/WWEIA Survey Foods), fdcId:2707751"
FNDDS-2707752,,"Roll, whole grain white",,foreign,,100,USDA FNDDS (nguồn chính thức),"USDA FoodData Central (FNDDS/WWEIA Survey Foods), fdcId:2707752"
FNDDS-2707753,,"Roll, whole grain white, hot dog bun",,foreign,,100,USDA FNDDS (nguồn chính thức),"USDA FoodData Central (FNDDS/WWEIA Survey Foods), fdcId:2707753"
FNDDS-2707754,,"Roll, whole grain white, hamburger bun",,foreign,,100,USDA FNDDS (nguồn chính thức),"USDA FoodData Central (FNDDS/WWEIA Survey Foods), fdcId:2707754"
FNDDS-2707755,,"Bread, rye",,foreign,,100,USDA FNDDS (nguồn chính thức),"USDA FoodData Central (FNDDS/WWEIA Survey Foods), fdcId:2707755"
FNDDS-2707756,,"Bread, rye, toasted",,foreign,,100,USDA FNDDS (nguồn chính thức),"USDA FoodData Central (FNDDS/WWEIA Survey Foods), fdcId:2707756"
FNDDS-2707757,,"Bread, marble rye and pumpernickel",,foreign,,100,USDA FNDDS (nguồn chính thức),"USDA FoodData Central (FNDDS/WWEIA Survey Foods), fdcId:2707757"
FNDDS-2707758,,"Bread, marble rye and pumpernickel, toasted",,foreign,,100,USDA FNDDS (nguồn chính thức),"USDA FoodData Central (FNDDS/WWEIA Survey Foods), fdcId:2707758"
FNDDS-2707759,,"Muffin, English, rye",,foreign,,100,USDA FNDDS (nguồn chính thức),"USDA FoodData Central (FNDDS/WWEIA Survey Foods), fdcId:2707759"
FNDDS-2707760,,"Bread, pumpernickel",,foreign,,100,USDA FNDDS (nguồn chính thức),"USDA FoodData Central (FNDDS/WWEIA Survey Foods), fdcId:2707760"
FNDDS-2707761,,"Bread, pumpernickel, toasted",,foreign,,100,USDA FNDDS (nguồn chính thức),"USDA FoodData Central (FNDDS/WWEIA Survey Foods), fdcId:2707761"
FNDDS-2707762,,"Bagel, pumpernickel",,foreign,,100,USDA FNDDS (nguồn chính thức),"USDA FoodData Central (FNDDS/WWEIA Survey Foods), fdcId:2707762"
FNDDS-2707763,,"Muffin, English, pumpernickel",,foreign,,100,USDA FNDDS (nguồn chính thức),"USDA FoodData Central (FNDDS/WWEIA Survey Foods), fdcId:2707763"
FNDDS-2707764,,"Bread, black",,foreign,,100,USDA FNDDS (nguồn chính thức),"USDA FoodData Central (FNDDS/WWEIA Survey Foods), fdcId:2707764"
FNDDS-2707765,,"Bread, black, toasted",,foreign,,100,USDA FNDDS (nguồn chính thức),"USDA FoodData Central (FNDDS/WWEIA Survey Foods), fdcId:2707765"
FNDDS-2707766,,"Roll, rye",,foreign,,100,USDA FNDDS (nguồn chính thức),"USDA FoodData Central (FNDDS/WWEIA Survey Foods), fdcId:2707766"
FNDDS-2707767,,"Roll, pumpernickel",,foreign,,100,USDA FNDDS (nguồn chính thức),"USDA FoodData Central (FNDDS/WWEIA Survey Foods), fdcId:2707767"
FNDDS-2707768,,"Bread, oatmeal",,foreign,,100,USDA FNDDS (nguồn chính thức),"USDA FoodData Central (FNDDS/WWEIA Survey Foods), fdcId:2707768"
FNDDS-2707769,,"Bread, oatmeal, toasted",,foreign,,100,USDA FNDDS (nguồn chính thức),"USDA FoodData Central (FNDDS/WWEIA Survey Foods), fdcId:2707769"
FNDDS-2707770,,"Bread, oat bran",,foreign,,100,USDA FNDDS (nguồn chính thức),"USDA FoodData Central (FNDDS/WWEIA Survey Foods), fdcId:2707770"
FNDDS-2707771,,"Bread, oat bran, toasted",,foreign,,100,USDA FNDDS (nguồn chính thức),"USDA FoodData Central (FNDDS/WWEIA Survey Foods), fdcId:2707771"
FNDDS-2707772,,"Bagel, oat bran",,foreign,,100,USDA FNDDS (nguồn chính thức),"USDA FoodData Central (FNDDS/WWEIA Survey Foods), fdcId:2707772"
FNDDS-2707773,,"Roll, oatmeal",,foreign,,100,USDA FNDDS (nguồn chính thức),"USDA FoodData Central (FNDDS/WWEIA Survey Foods), fdcId:2707773"
FNDDS-2707774,,"Muffin, English, oat bran",,foreign,,100,USDA FNDDS (nguồn chính thức),"USDA FoodData Central (FNDDS/WWEIA Survey Foods), fdcId:2707774"
FNDDS-2707775,,"Muffin, English, oat bran, with raisins",,foreign,,100,USDA FNDDS (nguồn chính thức),"USDA FoodData Central (FNDDS/WWEIA Survey Foods), fdcId:2707775"
FNDDS-2707776,,"Bread, multigrain, toasted",,foreign,,100,USDA FNDDS (nguồn chính thức),"USDA FoodData Central (FNDDS/WWEIA Survey Foods), fdcId:2707776"
FNDDS-2707777,,"Bread, multigrain",,foreign,,100,USDA FNDDS (nguồn chính thức),"USDA FoodData Central (FNDDS/WWEIA Survey Foods), fdcId:2707777"
FNDDS-2707778,,"Bread, multigrain, with raisins",,foreign,,100,USDA FNDDS (nguồn chính thức),"USDA FoodData Central (FNDDS/WWEIA Survey Foods), fdcId:2707778"
FNDDS-2707782,,"Roll, multigrain",,foreign,,100,USDA FNDDS (nguồn chính thức),"USDA FoodData Central (FNDDS/WWEIA Survey Foods), fdcId:2707782"
FNDDS-2707783,,"Roll, multigrain, hot dog bun",,foreign,,100,USDA FNDDS (nguồn chính thức),"USDA FoodData Central (FNDDS/WWEIA Survey Foods), fdcId:2707783"
FNDDS-2707784,,"Roll, multigrain, hamburger bun",,foreign,,100,USDA FNDDS (nguồn chính thức),"USDA FoodData Central (FNDDS/WWEIA Survey Foods), fdcId:2707784"
FNDDS-2707785,,"Bagel, multigrain",,foreign,,100,USDA FNDDS (nguồn chính thức),"USDA FoodData Central (FNDDS/WWEIA Survey Foods), fdcId:2707785"
FNDDS-2707786,,"Bagel, multigrain, with raisins",,foreign,,100,USDA FNDDS (nguồn chính thức),"USDA FoodData Central (FNDDS/WWEIA Survey Foods), fdcId:2707786"
FNDDS-2707787,,"Muffin, English, multigrain",,foreign,,100,USDA FNDDS (nguồn chính thức),"USDA FoodData Central (FNDDS/WWEIA Survey Foods), fdcId:2707787"
FNDDS-2707788,,"Bread, barley",,foreign,,100,USDA FNDDS (nguồn chính thức),"USDA FoodData Central (FNDDS/WWEIA Survey Foods), fdcId:2707788"
FNDDS-2707794,,"Bread, rice",,foreign,,100,USDA FNDDS (nguồn chính thức),"USDA FoodData Central (FNDDS/WWEIA Survey Foods), fdcId:2707794"
FNDDS-2707795,,"Bread, rice, toasted",,foreign,,100,USDA FNDDS (nguồn chính thức),"USDA FoodData Central (FNDDS/WWEIA Survey Foods), fdcId:2707795"
FNDDS-2707797,,"Bread, gluten free",,foreign,,100,USDA FNDDS (nguồn chính thức),"USDA FoodData Central (FNDDS/WWEIA Survey Foods), fdcId:2707797"
FNDDS-2707798,,"Bread, gluten free, toasted",,foreign,,100,USDA FNDDS (nguồn chính thức),"USDA FoodData Central (FNDDS/WWEIA Survey Foods), fdcId:2707798"
FNDDS-2707799,,"Breadsticks, hard, gluten free",,foreign,,100,USDA FNDDS (nguồn chính thức),"USDA FoodData Central (FNDDS/WWEIA Survey Foods), fdcId:2707799"
FNDDS-2707800,,"Roll, gluten free",,foreign,,100,USDA FNDDS (nguồn chính thức),"USDA FoodData Central (FNDDS/WWEIA Survey Foods), fdcId:2707800"
FNDDS-2707802,,"Biscuit, from refrigerated dough",,foreign,,100,USDA FNDDS (nguồn chính thức),"USDA FoodData Central (FNDDS/WWEIA Survey Foods), fdcId:2707802"
FNDDS-2707803,,"Biscuit, from fast food / restaurant",,foreign,,100,USDA FNDDS (nguồn chính thức),"USDA FoodData Central (FNDDS/WWEIA Survey Foods), fdcId:2707803"
FNDDS-2707806,,"Biscuit, cheese",,foreign,,100,USDA FNDDS (nguồn chính thức),"USDA FoodData Central (FNDDS/WWEIA Survey Foods), fdcId:2707806"
FNDDS-2707807,,Biscuit with fruit,,foreign,,100,USDA FNDDS (nguồn chính thức),"USDA FoodData Central (FNDDS/WWEIA Survey Foods), fdcId:2707807"
FNDDS-2707810,,"Cornbread, prepared from mix",,foreign,,100,USDA FNDDS (nguồn chính thức),"USDA FoodData Central (FNDDS/WWEIA Survey Foods), fdcId:2707810"
FNDDS-2707812,,Cornbread stuffing,,foreign,,100,USDA FNDDS (nguồn chính thức),"USDA FoodData Central (FNDDS/WWEIA Survey Foods), fdcId:2707812"
FNDDS-2707813,,"Cornbread muffin, stick, round",,foreign,,100,USDA FNDDS (nguồn chính thức),"USDA FoodData Central (FNDDS/WWEIA Survey Foods), fdcId:2707813"
FNDDS-2707815,,"Corn flour patty or tart, fried",,foreign,,510,USDA FNDDS (nguồn chính thức),"USDA FoodData Central (FNDDS/WWEIA Survey Foods), fdcId:2707815"
FNDDS-2707819,,Hush puppy,,foreign,,100,USDA FNDDS (nguồn chính thức),"USDA FoodData Central (FNDDS/WWEIA Survey Foods), fdcId:2707819"
FNDDS-2707820,,Johnnycake,,foreign,,943.038,USDA FNDDS (nguồn chính thức),"USDA FoodData Central (FNDDS/WWEIA Survey Foods), fdcId:2707820"
FNDDS-2707822,,"Tortilla, NFS",,foreign,,100,USDA FNDDS (nguồn chính thức),"USDA FoodData Central (FNDDS/WWEIA Survey Foods), fdcId:2707822"
FNDDS-2707823,,"Tortilla, corn",,foreign,,100,USDA FNDDS (nguồn chính thức),"USDA FoodData Central (FNDDS/WWEIA Survey Foods), fdcId:2707823"
FNDDS-2707824,,"Tortilla, flour",,foreign,,100,USDA FNDDS (nguồn chính thức),"USDA FoodData Central (FNDDS/WWEIA Survey Foods), fdcId:2707824"
FNDDS-2707825,,"Tortilla, whole wheat",,foreign,,100,USDA FNDDS (nguồn chính thức),"USDA FoodData Central (FNDDS/WWEIA Survey Foods), fdcId:2707825"
FNDDS-2707826,,"Taco shell, corn",,foreign,,100,USDA FNDDS (nguồn chính thức),"USDA FoodData Central (FNDDS/WWEIA Survey Foods), fdcId:2707826"
FNDDS-2707827,,"Taco shell, flour",,foreign,,119,USDA FNDDS (nguồn chính thức),"USDA FoodData Central (FNDDS/WWEIA Survey Foods), fdcId:2707827"
FNDDS-2707829,,"Muffin, NFS",,foreign,,100,USDA FNDDS (nguồn chính thức),"USDA FoodData Central (FNDDS/WWEIA Survey Foods), fdcId:2707829"
FNDDS-2707830,,"Muffin, fruit",,foreign,,100,USDA FNDDS (nguồn chính thức),"USDA FoodData Central (FNDDS/WWEIA Survey Foods), fdcId:2707830"
FNDDS-2707831,,"Muffin, fruit, low fat",,foreign,,100,USDA FNDDS (nguồn chính thức),"USDA FoodData Central (FNDDS/WWEIA Survey Foods), fdcId:2707831"
FNDDS-2707840,,"Muffin, oat bran",,foreign,,100,USDA FNDDS (nguồn chính thức),"USDA FoodData Central (FNDDS/WWEIA Survey Foods), fdcId:2707840"
FNDDS-2707847,,"Bread, Boston Brown",,foreign,,100,USDA FNDDS (nguồn chính thức),"USDA FoodData Central (FNDDS/WWEIA Survey Foods), fdcId:2707847"
FNDDS-2707854,,"Cake, angel food",,foreign,,100,USDA FNDDS (nguồn chính thức),"USDA FoodData Central (FNDDS/WWEIA Survey Foods), fdcId:2707854"
FNDDS-2707858,,"Cake, Boston cream pie",,foreign,,100,USDA FNDDS (nguồn chính thức),"USDA FoodData Central (FNDDS/WWEIA Survey Foods), fdcId:2707858"
FNDDS-2707861,,"Cheesecake, plain",,foreign,,100,USDA FNDDS (nguồn chính thức),"USDA FoodData Central (FNDDS/WWEIA Survey Foods), fdcId:2707861"
FNDDS-2707870,,"Cake or cupcake, gluten free",,foreign,,100.2,USDA FNDDS (nguồn chính thức),"USDA FoodData Central (FNDDS/WWEIA Survey Foods), fdcId:2707870"
FNDDS-2707871,,"Cake, chocolate, flourless",,foreign,,100.2,USDA FNDDS (nguồn chính thức),"USDA FoodData Central (FNDDS/WWEIA Survey Foods), fdcId:2707871"
FNDDS-2707873,,"Snack cake, chocolate",,foreign,,100,USDA FNDDS (nguồn chính thức),"USDA FoodData Central (FNDDS/WWEIA Survey Foods), fdcId:2707873"
FNDDS-2707874,,"Snack cake, white",,foreign,,100,USDA FNDDS (nguồn chính thức),"USDA FoodData Central (FNDDS/WWEIA Survey Foods), fdcId:2707874"
FNDDS-2707875,,"Cake, fruit cake",,foreign,,100,USDA FNDDS (nguồn chính thức),"USDA FoodData Central (FNDDS/WWEIA Survey Foods), fdcId:2707875"
FNDDS-2707876,,"Cake or cupcake, gingerbread",,foreign,,100,USDA FNDDS (nguồn chính thức),"USDA FoodData Central (FNDDS/WWEIA Survey Foods), fdcId:2707876"
FNDDS-2707882,,"Cake, pound",,foreign,,100,USDA FNDDS (nguồn chính thức),"USDA FoodData Central (FNDDS/WWEIA Survey Foods), fdcId:2707882"
FNDDS-2707886,,"Cake, sponge",,foreign,,100,USDA FNDDS (nguồn chính thức),"USDA FoodData Central (FNDDS/WWEIA Survey Foods), fdcId:2707886"
FNDDS-2707899,,"Cookie, NFS",,foreign,,100,USDA FNDDS (nguồn chính thức),"USDA FoodData Central (FNDDS/WWEIA Survey Foods), fdcId:2707899"
FNDDS-2707900,,"Cookie, almond",,foreign,,100,USDA FNDDS (nguồn chính thức),"USDA FoodData Central (FNDDS/WWEIA Survey Foods), fdcId:2707900"
FNDDS-2707901,,"Cookie, applesauce",,foreign,,100,USDA FNDDS (nguồn chính thức),"USDA FoodData Central (FNDDS/WWEIA Survey Foods), fdcId:2707901"
FNDDS-2707903,,"Cookie, brownie, NS as to icing",,foreign,,100,USDA FNDDS (nguồn chính thức),"USDA FoodData Central (FNDDS/WWEIA Survey Foods), fdcId:2707903"
FNDDS-2707904,,"Cookie, brownie, without icing",,foreign,,100,USDA FNDDS (nguồn chính thức),"USDA FoodData Central (FNDDS/WWEIA Survey Foods), fdcId:2707904"
FNDDS-2707905,,"Cookie, brownie, with icing or filling",,foreign,,901.6,USDA FNDDS (nguồn chính thức),"USDA FoodData Central (FNDDS/WWEIA Survey Foods), fdcId:2707905"
FNDDS-2707906,,"Cookie, brownie, reduced fat, NS as to icing",,foreign,,100,USDA FNDDS (nguồn chính thức),"USDA FoodData Central (FNDDS/WWEIA Survey Foods), fdcId:2707906"
FNDDS-2707907,,"Cookie, butterscotch, brownie",,foreign,,100,USDA FNDDS (nguồn chính thức),"USDA FoodData Central (FNDDS/WWEIA Survey Foods), fdcId:2707907"
FNDDS-2707908,,"Cookie, bar, with chocolate",,foreign,,100,USDA FNDDS (nguồn chính thức),"USDA FoodData Central (FNDDS/WWEIA Survey Foods), fdcId:2707908"
FNDDS-2707909,,"Cookie, chocolate chip",,foreign,,100,USDA FNDDS (nguồn chính thức),"USDA FoodData Central (FNDDS/WWEIA Survey Foods), fdcId:2707909"
FNDDS-2707910,,"Cookie, chocolate chip, made from home recipe or purchased at a bakery",,foreign,,780.925,USDA FNDDS (nguồn chính thức),"USDA FoodData Central (FNDDS/WWEIA Survey Foods), fdcId:2707910"
FNDDS-2707911,,"Cookie, chocolate chip, reduced fat",,foreign,,100,USDA FNDDS (nguồn chính thức),"USDA FoodData Central (FNDDS/WWEIA Survey Foods), fdcId:2707911"
FNDDS-2707912,,"Cookie, chocolate chip sandwich",,foreign,,100,USDA FNDDS (nguồn chính thức),"USDA FoodData Central (FNDDS/WWEIA Survey Foods), fdcId:2707912"
FNDDS-2707913,,"Cookie, chocolate, made with rice cereal",,foreign,,100,USDA FNDDS (nguồn chính thức),"USDA FoodData Central (FNDDS/WWEIA Survey Foods), fdcId:2707913"
FNDDS-2707914,,"Cookie, chocolate, made with oatmeal and coconut, no bake",,foreign,,100,USDA FNDDS (nguồn chính thức),"USDA FoodData Central (FNDDS/WWEIA Survey Foods), fdcId:2707914"
FNDDS-2707915,,"Cookie, chocolate or fudge",,foreign,,100,USDA FNDDS (nguồn chính thức),"USDA FoodData Central (FNDDS/WWEIA Survey Foods), fdcId:2707915"
FNDDS-2707916,,"Cookie, marshmallow, chocolate-covered",,foreign,,100,USDA FNDDS (nguồn chính thức),"USDA FoodData Central (FNDDS/WWEIA Survey Foods), fdcId:2707916"
FNDDS-2707917,,"Cookie, marshmallow pie, chocolate covered",,foreign,,100,USDA FNDDS (nguồn chính thức),"USDA FoodData Central (FNDDS/WWEIA Survey Foods), fdcId:2707917"
FNDDS-2707918,,"Cookie, chocolate, with icing or coating",,foreign,,100,USDA FNDDS (nguồn chính thức),"USDA FoodData Central (FNDDS/WWEIA Survey Foods), fdcId:2707918"
FNDDS-2707919,,"Cookie, sugar wafer, chocolate-covered",,foreign,,100,USDA FNDDS (nguồn chính thức),"USDA FoodData Central (FNDDS/WWEIA Survey Foods), fdcId:2707919"
FNDDS-2707920,,"Cookie, chocolate sandwich",,foreign,,100,USDA FNDDS (nguồn chính thức),"USDA FoodData Central (FNDDS/WWEIA Survey Foods), fdcId:2707920"
FNDDS-2707921,,"Cookie, chocolate sandwich, reduced fat",,foreign,,100,USDA FNDDS (nguồn chính thức),"USDA FoodData Central (FNDDS/WWEIA Survey Foods), fdcId:2707921"
FNDDS-2707922,,"Cookie, chocolate, sandwich, with extra filling",,foreign,,100,USDA FNDDS (nguồn chính thức),"USDA FoodData Central (FNDDS/WWEIA Survey Foods), fdcId:2707922"
FNDDS-2707923,,"Cookie, chocolate and vanilla sandwich",,foreign,,100,USDA FNDDS (nguồn chính thức),"USDA FoodData Central (FNDDS/WWEIA Survey Foods), fdcId:2707923"
FNDDS-2707924,,"Cookie, chocolate wafer",,foreign,,100,USDA FNDDS (nguồn chính thức),"USDA FoodData Central (FNDDS/WWEIA Survey Foods), fdcId:2707924"
FNDDS-2707925,,"Cookie, graham cracker with chocolate and marshmallow",,foreign,,172.8,USDA FNDDS (nguồn chính thức),"USDA FoodData Central (FNDDS/WWEIA Survey Foods), fdcId:2707925"
FNDDS-2707926,,"Cookie bar, with chocolate, nuts, and graham crackers",,foreign,,100,USDA FNDDS (nguồn chính thức),"USDA FoodData Central (FNDDS/WWEIA Survey Foods), fdcId:2707926"
FNDDS-2707927,,"Cookie, coconut",,foreign,,100,USDA FNDDS (nguồn chính thức),"USDA FoodData Central (FNDDS/WWEIA Survey Foods), fdcId:2707927"
FNDDS-2707928,,"Cookie, fruit-filled bar",,foreign,,100,USDA FNDDS (nguồn chính thức),"USDA FoodData Central (FNDDS/WWEIA Survey Foods), fdcId:2707928"
FNDDS-2707929,,"Cookie, fig bar",,foreign,,100,USDA FNDDS (nguồn chính thức),"USDA FoodData Central (FNDDS/WWEIA Survey Foods), fdcId:2707929"
FNDDS-2707930,,"Cookie, fortune",,foreign,,100,USDA FNDDS (nguồn chính thức),"USDA FoodData Central (FNDDS/WWEIA Survey Foods), fdcId:2707930"
FNDDS-2707931,,"Cookie, cone shell, ice cream type, wafer or cake",,foreign,,100,USDA FNDDS (nguồn chính thức),"USDA FoodData Central (FNDDS/WWEIA Survey Foods), fdcId:2707931"
FNDDS-2707932,,"Cookie, gingersnaps",,foreign,,100,USDA FNDDS (nguồn chính thức),"USDA FoodData Central (FNDDS/WWEIA Survey Foods), fdcId:2707932"
FNDDS-2707933,,"Cookie, granola",,foreign,,100,USDA FNDDS (nguồn chính thức),"USDA FoodData Central (FNDDS/WWEIA Survey Foods), fdcId:2707933"
FNDDS-2707934,,"Cookie, ladyfinger",,foreign,,100,USDA FNDDS (nguồn chính thức),"USDA FoodData Central (FNDDS/WWEIA Survey Foods), fdcId:2707934"
FNDDS-2707936,,"Cookie, macaroon",,foreign,,100,USDA FNDDS (nguồn chính thức),"USDA FoodData Central (FNDDS/WWEIA Survey Foods), fdcId:2707936"
FNDDS-2707937,,"Cookie, marshmallow, with coconut",,foreign,,100,USDA FNDDS (nguồn chính thức),"USDA FoodData Central (FNDDS/WWEIA Survey Foods), fdcId:2707937"
FNDDS-2707938,,"Cookie, marshmallow, with rice cereal, no bake",,foreign,,100,USDA FNDDS (nguồn chính thức),"USDA FoodData Central (FNDDS/WWEIA Survey Foods), fdcId:2707938"
FNDDS-2707939,,"Cookie, marshmallow, with rice cereal and chocolate chips",,foreign,,100,USDA FNDDS (nguồn chính thức),"USDA FoodData Central (FNDDS/WWEIA Survey Foods), fdcId:2707939"
FNDDS-2707940,,"Cookie, marshmallow and peanut butter, with oat cereal, no bake",,foreign,,100,USDA FNDDS (nguồn chính thức),"USDA FoodData Central (FNDDS/WWEIA Survey Foods), fdcId:2707940"
FNDDS-2707941,,"Cookie, meringue",,foreign,,253,USDA FNDDS (nguồn chính thức),"USDA FoodData Central (FNDDS/WWEIA Survey Foods), fdcId:2707941"
FNDDS-2707942,,"Cookie, molasses",,foreign,,100,USDA FNDDS (nguồn chính thức),"USDA FoodData Central (FNDDS/WWEIA Survey Foods), fdcId:2707942"
FNDDS-2707943,,"Cookie, Lebkuchen",,foreign,,100,USDA FNDDS (nguồn chính thức),"USDA FoodData Central (FNDDS/WWEIA Survey Foods), fdcId:2707943"
FNDDS-2707944,,"Cookie, multigrain, high fiber",,foreign,,100,USDA FNDDS (nguồn chính thức),"USDA FoodData Central (FNDDS/WWEIA Survey Foods), fdcId:2707944"
FNDDS-2707945,,"Cookie, oatmeal",,foreign,,100,USDA FNDDS (nguồn chính thức),"USDA FoodData Central (FNDDS/WWEIA Survey Foods), fdcId:2707945"
FNDDS-2707946,,"Cookie, oatmeal, with raisins",,foreign,,100,USDA FNDDS (nguồn chính thức),"USDA FoodData Central (FNDDS/WWEIA Survey Foods), fdcId:2707946"
FNDDS-2707947,,"Cookie, oatmeal, reduced fat, NS as to raisins",,foreign,,100,USDA FNDDS (nguồn chính thức),"USDA FoodData Central (FNDDS/WWEIA Survey Foods), fdcId:2707947"
FNDDS-2707948,,"Cookie, oatmeal sandwich, with creme filling",,foreign,,100,USDA FNDDS (nguồn chính thức),"USDA FoodData Central (FNDDS/WWEIA Survey Foods), fdcId:2707948"
FNDDS-2707949,,"Cookie, oatmeal, with chocolate chips",,foreign,,708,USDA FNDDS (nguồn chính thức),"USDA FoodData Central (FNDDS/WWEIA Survey Foods), fdcId:2707949"
FNDDS-2707950,,"Cookie, oatmeal sandwich, with peanut butter and jelly filling",,foreign,,100,USDA FNDDS (nguồn chính thức),"USDA FoodData Central (FNDDS/WWEIA Survey Foods), fdcId:2707950"
FNDDS-2707951,,"Cookie, oatmeal, with chocolate and peanut butter, no bake",,foreign,,100,USDA FNDDS (nguồn chính thức),"USDA FoodData Central (FNDDS/WWEIA Survey Foods), fdcId:2707951"
FNDDS-2707952,,"Cookie, peanut butter",,foreign,,100,USDA FNDDS (nguồn chính thức),"USDA FoodData Central (FNDDS/WWEIA Survey Foods), fdcId:2707952"
FNDDS-2707953,,"Cookie, peanut butter, with chocolate",,foreign,,708,USDA FNDDS (nguồn chính thức),"USDA FoodData Central (FNDDS/WWEIA Survey Foods), fdcId:2707953"
FNDDS-2707954,,"Cookie, peanut butter with rice cereal, no bake",,foreign,,100,USDA FNDDS (nguồn chính thức),"USDA FoodData Central (FNDDS/WWEIA Survey Foods), fdcId:2707954"
FNDDS-2707955,,"Cookie, peanut butter sandwich",,foreign,,100,USDA FNDDS (nguồn chính thức),"USDA FoodData Central (FNDDS/WWEIA Survey Foods), fdcId:2707955"
FNDDS-2707956,,"Cookie, with peanut butter filling, chocolate-coated",,foreign,,100,USDA FNDDS (nguồn chính thức),"USDA FoodData Central (FNDDS/WWEIA Survey Foods), fdcId:2707956"
FNDDS-2707957,,"Cookie, Pfeffernusse",,foreign,,100,USDA FNDDS (nguồn chính thức),"USDA FoodData Central (FNDDS/WWEIA Survey Foods), fdcId:2707957"
FNDDS-2707958,,"Cookie, Pizzelle",,foreign,,100,USDA FNDDS (nguồn chính thức),"USDA FoodData Central (FNDDS/WWEIA Survey Foods), fdcId:2707958"
FNDDS-2707959,,"Cookie, pumpkin",,foreign,,100,USDA FNDDS (nguồn chính thức),"USDA FoodData Central (FNDDS/WWEIA Survey Foods), fdcId:2707959"
FNDDS-2707960,,"Cookie, raisin",,foreign,,100,USDA FNDDS (nguồn chính thức),"USDA FoodData Central (FNDDS/WWEIA Survey Foods), fdcId:2707960"
FNDDS-2707961,,"Cookie, raisin sandwich, cream-filled",,foreign,,100,USDA FNDDS (nguồn chính thức),"USDA FoodData Central (FNDDS/WWEIA Survey Foods), fdcId:2707961"
FNDDS-2707962,,"Cookie, rum ball, no bake",,foreign,,100,USDA FNDDS (nguồn chính thức),"USDA FoodData Central (FNDDS/WWEIA Survey Foods), fdcId:2707962"
FNDDS-2707963,,"Cookie, sandwich-type, not chocolate or vanilla",,foreign,,100,USDA FNDDS (nguồn chính thức),"USDA FoodData Central (FNDDS/WWEIA Survey Foods), fdcId:2707963"
FNDDS-2707964,,"Cookie, shortbread",,foreign,,100,USDA FNDDS (nguồn chính thức),"USDA FoodData Central (FNDDS/WWEIA Survey Foods), fdcId:2707964"
FNDDS-2707965,,"Cookie, shortbread, reduced fat",,foreign,,100,USDA FNDDS (nguồn chính thức),"USDA FoodData Central (FNDDS/WWEIA Survey Foods), fdcId:2707965"
FNDDS-2707966,,"Cookie, shortbread, with icing or filling",,foreign,,905.083,USDA FNDDS (nguồn chính thức),"USDA FoodData Central (FNDDS/WWEIA Survey Foods), fdcId:2707966"
FNDDS-2707967,,Pocky,,foreign,,100,USDA FNDDS (nguồn chính thức),"USDA FoodData Central (FNDDS/WWEIA Survey Foods), fdcId:2707967"
FNDDS-2707968,,"Cookie, animal",,foreign,,100,USDA FNDDS (nguồn chính thức),"USDA FoodData Central (FNDDS/WWEIA Survey Foods), fdcId:2707968"
FNDDS-2707969,,"Cookie, animal, with frosting or icing",,foreign,,100,USDA FNDDS (nguồn chính thức),"USDA FoodData Central (FNDDS/WWEIA Survey Foods), fdcId:2707969"
FNDDS-2707970,,"Cookie, butter or sugar",,foreign,,100,USDA FNDDS (nguồn chính thức),"USDA FoodData Central (FNDDS/WWEIA Survey Foods), fdcId:2707970"
FNDDS-2707971,,Marie biscuit,,foreign,,100,USDA FNDDS (nguồn chính thức),"USDA FoodData Central (FNDDS/WWEIA Survey Foods), fdcId:2707971"
FNDDS-2707972,,"Cookie, butter or sugar, with fruit and/or nuts",,foreign,,680,USDA FNDDS (nguồn chính thức),"USDA FoodData Central (FNDDS/WWEIA Survey Foods), fdcId:2707972"
FNDDS-2707973,,"Cookie, sugar wafer",,foreign,,100,USDA FNDDS (nguồn chính thức),"USDA FoodData Central (FNDDS/WWEIA Survey Foods), fdcId:2707973"
FNDDS-2707974,,"Cookie, toffee bar",,foreign,,100,USDA FNDDS (nguồn chính thức),"USDA FoodData Central (FNDDS/WWEIA Survey Foods), fdcId:2707974"
FNDDS-2707975,,"Cookie, vanilla sandwich",,foreign,,100,USDA FNDDS (nguồn chính thức),"USDA FoodData Central (FNDDS/WWEIA Survey Foods), fdcId:2707975"
FNDDS-2707976,,"Cookie, vanilla sandwich, extra filling",,foreign,,100,USDA FNDDS (nguồn chính thức),"USDA FoodData Central (FNDDS/WWEIA Survey Foods), fdcId:2707976"
FNDDS-2707977,,"Cookie, vanilla sandwich, reduced fat",,foreign,,100,USDA FNDDS (nguồn chính thức),"USDA FoodData Central (FNDDS/WWEIA Survey Foods), fdcId:2707977"
FNDDS-2707978,,"Cookie, butter or sugar, with chocolate icing or filling",,foreign,,100,USDA FNDDS (nguồn chính thức),"USDA FoodData Central (FNDDS/WWEIA Survey Foods), fdcId:2707978"
FNDDS-2707980,,"Cookie, tea, Japanese",,foreign,,100,USDA FNDDS (nguồn chính thức),"USDA FoodData Central (FNDDS/WWEIA Survey Foods), fdcId:2707980"
FNDDS-2707981,,"Cookie, vanilla wafer",,foreign,,100,USDA FNDDS (nguồn chính thức),"USDA FoodData Central (FNDDS/WWEIA Survey Foods), fdcId:2707981"
FNDDS-2707982,,"Cookie, vanilla wafer, reduced fat",,foreign,,100,USDA FNDDS (nguồn chính thức),"USDA FoodData Central (FNDDS/WWEIA Survey Foods), fdcId:2707982"
FNDDS-2707983,,"Cookie, vanilla with caramel, coconut, and chocolate coating",,foreign,,100,USDA FNDDS (nguồn chính thức),"USDA FoodData Central (FNDDS/WWEIA Survey Foods), fdcId:2707983"
FNDDS-2707984,,"Cookie, rugelach",,foreign,,100,USDA FNDDS (nguồn chính thức),"USDA FoodData Central (FNDDS/WWEIA Survey Foods), fdcId:2707984"
FNDDS-2707985,,"Cookie, chocolate chip, reduced sugar",,foreign,,100,USDA FNDDS (nguồn chính thức),"USDA FoodData Central (FNDDS/WWEIA Survey Foods), fdcId:2707985"
FNDDS-2707986,,"Cookie, oatmeal, reduced sugar",,foreign,,100,USDA FNDDS (nguồn chính thức),"USDA FoodData Central (FNDDS/WWEIA Survey Foods), fdcId:2707986"
FNDDS-2707987,,"Cookie, sandwich, reduced sugar",,foreign,,100,USDA FNDDS (nguồn chính thức),"USDA FoodData Central (FNDDS/WWEIA Survey Foods), fdcId:2707987"
FNDDS-2707988,,"Cookie, sugar or plain, sugar free",,foreign,,100,USDA FNDDS (nguồn chính thức),"USDA FoodData Central (FNDDS/WWEIA Survey Foods), fdcId:2707988"
FNDDS-2707990,,"Cookie, peanut butter, sugar free",,foreign,,100,USDA FNDDS (nguồn chính thức),"USDA FoodData Central (FNDDS/WWEIA Survey Foods), fdcId:2707990"
FNDDS-2707991,,"Cookie, gluten free",,foreign,,100,USDA FNDDS (nguồn chính thức),"USDA FoodData Central (FNDDS/WWEIA Survey Foods), fdcId:2707991"
FNDDS-2707992,,"Cookies, Puerto Rican style",,foreign,,224.5,USDA FNDDS (nguồn chính thức),"USDA FoodData Central (FNDDS/WWEIA Survey Foods), fdcId:2707992"
FNDDS-2707994,,"Tart, all types",,foreign,,100,USDA FNDDS (nguồn chính thức),"USDA FoodData Central (FNDDS/WWEIA Survey Foods), fdcId:2707994"
FNDDS-2707996,,"Pie, apple, fast food",,foreign,,100,USDA FNDDS (nguồn chính thức),"USDA FoodData Central (FNDDS/WWEIA Survey Foods), fdcId:2707996"
FNDDS-2708000,,"Pie, lemon",,foreign,,100,USDA FNDDS (nguồn chính thức),"USDA FoodData Central (FNDDS/WWEIA Survey Foods), fdcId:2708000"
FNDDS-2708001,,"Pie, key lime",,foreign,,1311.3,USDA FNDDS (nguồn chính thức),"USDA FoodData Central (FNDDS/WWEIA Survey Foods), fdcId:2708001"
FNDDS-2708003,,"Pie, strawberry",,foreign,,100,USDA FNDDS (nguồn chính thức),"USDA FoodData Central (FNDDS/WWEIA Survey Foods), fdcId:2708003"
FNDDS-2708004,,"Pie, banana cream",,foreign,,100,USDA FNDDS (nguồn chính thức),"USDA FoodData Central (FNDDS/WWEIA Survey Foods), fdcId:2708004"
FNDDS-2708005,,"Pie, chocolate cream",,foreign,,100,USDA FNDDS (nguồn chính thức),"USDA FoodData Central (FNDDS/WWEIA Survey Foods), fdcId:2708005"
FNDDS-2708006,,"Pie, coconut cream",,foreign,,100,USDA FNDDS (nguồn chính thức),"USDA FoodData Central (FNDDS/WWEIA Survey Foods), fdcId:2708006"
FNDDS-2708007,,"Pie, custard",,foreign,,100,USDA FNDDS (nguồn chính thức),"USDA FoodData Central (FNDDS/WWEIA Survey Foods), fdcId:2708007"
FNDDS-2708009,,"Pie, peanut butter cream",,foreign,,100.2,USDA FNDDS (nguồn chính thức),"USDA FoodData Central (FNDDS/WWEIA Survey Foods), fdcId:2708009"
FNDDS-2708010,,"Pie, pineapple cream",,foreign,,105,USDA FNDDS (nguồn chính thức),"USDA FoodData Central (FNDDS/WWEIA Survey Foods), fdcId:2708010"
FNDDS-2708011,,"Pie, pumpkin",,foreign,,1168.5,USDA FNDDS (nguồn chính thức),"USDA FoodData Central (FNDDS/WWEIA Survey Foods), fdcId:2708011"
FNDDS-2708012,,"Pie, sweet potato",,foreign,,1168.5,USDA FNDDS (nguồn chính thức),"USDA FoodData Central (FNDDS/WWEIA Survey Foods), fdcId:2708012"
FNDDS-2708013,,"Pie, vanilla cream",,foreign,,100,USDA FNDDS (nguồn chính thức),"USDA FoodData Central (FNDDS/WWEIA Survey Foods), fdcId:2708013"
FNDDS-2708014,,"Pie, lemon meringue",,foreign,,520,USDA FNDDS (nguồn chính thức),"USDA FoodData Central (FNDDS/WWEIA Survey Foods), fdcId:2708014"
FNDDS-2708015,,"Pie, pecan",,foreign,,516.6,USDA FNDDS (nguồn chính thức),"USDA FoodData Central (FNDDS/WWEIA Survey Foods), fdcId:2708015"
FNDDS-2708016,,"Pie, oatmeal",,foreign,,491.6,USDA FNDDS (nguồn chính thức),"USDA FoodData Central (FNDDS/WWEIA Survey Foods), fdcId:2708016"
FNDDS-2708017,,Pie shell,,foreign,,100,USDA FNDDS (nguồn chính thức),"USDA FoodData Central (FNDDS/WWEIA Survey Foods), fdcId:2708017"
FNDDS-2708018,,"Pie shell, graham cracker",,foreign,,100,USDA FNDDS (nguồn chính thức),"USDA FoodData Central (FNDDS/WWEIA Survey Foods), fdcId:2708018"
FNDDS-2708019,,"Cobbler, apple",,foreign,,100.1,USDA FNDDS (nguồn chính thức),"USDA FoodData Central (FNDDS/WWEIA Survey Foods), fdcId:2708019"
FNDDS-2708020,,"Cobbler, berry",,foreign,,100.1,USDA FNDDS (nguồn chính thức),"USDA FoodData Central (FNDDS/WWEIA Survey Foods), fdcId:2708020"
FNDDS-2708023,,"Crisp, apple",,foreign,,100.3,USDA FNDDS (nguồn chính thức),"USDA FoodData Central (FNDDS/WWEIA Survey Foods), fdcId:2708023"
FNDDS-2708026,,"Crisp, berry",,foreign,,100.3,USDA FNDDS (nguồn chính thức),"USDA FoodData Central (FNDDS/WWEIA Survey Foods), fdcId:2708026"
FNDDS-2708029,,"Cream puff, eclair, custard or cream filled, NS as to icing",,foreign,,584.5,USDA FNDDS (nguồn chính thức),"USDA FoodData Central (FNDDS/WWEIA Survey Foods), fdcId:2708029"
FNDDS-2708030,,"Cream puff, eclair, custard or cream filled, not iced",,foreign,,930,USDA FNDDS (nguồn chính thức),"USDA FoodData Central (FNDDS/WWEIA Survey Foods), fdcId:2708030"
FNDDS-2708031,,"Cream puff, eclair, custard or cream filled, iced",,foreign,,100,USDA FNDDS (nguồn chính thức),"USDA FoodData Central (FNDDS/WWEIA Survey Foods), fdcId:2708031"
FNDDS-2708033,,"Cream puff, no filling or icing",,foreign,,100,USDA FNDDS (nguồn chính thức),"USDA FoodData Central (FNDDS/WWEIA Survey Foods), fdcId:2708033"
FNDDS-2708046,,"Turnover, fruit",,foreign,,100,USDA FNDDS (nguồn chính thức),"USDA FoodData Central (FNDDS/WWEIA Survey Foods), fdcId:2708046"
FNDDS-2708048,,"Pastry, made with bean or lotus seed paste filling, baked",,foreign,,915.925,USDA FNDDS (nguồn chính thức),"USDA FoodData Central (FNDDS/WWEIA Survey Foods), fdcId:2708048"
FNDDS-2708049,,"Pastry, made with bean paste and salted egg yolk filling, baked",,foreign,,1097.92,USDA FNDDS (nguồn chính thức),"USDA FoodData Central (FNDDS/WWEIA Survey Foods), fdcId:2708049"
FNDDS-2708050,,"Pastry, Chinese, made with rice flour",,foreign,,1771.9,USDA FNDDS (nguồn chính thức),"USDA FoodData Central (FNDDS/WWEIA Survey Foods), fdcId:2708050"
FNDDS-2708053,,"Pastry, puff",,foreign,,100,USDA FNDDS (nguồn chính thức),"USDA FoodData Central (FNDDS/WWEIA Survey Foods), fdcId:2708053"
FNDDS-2708057,,"Empanada, fruit",,foreign,,100,USDA FNDDS (nguồn chính thức),"USDA FoodData Central (FNDDS/WWEIA Survey Foods), fdcId:2708057"
FNDDS-2708058,,"Breakfast pastry, NFS",,foreign,,100,USDA FNDDS (nguồn chính thức),"USDA FoodData Central (FNDDS/WWEIA Survey Foods), fdcId:2708058"
FNDDS-2708059,,"Danish pastry, plain or spice",,foreign,,100,USDA FNDDS (nguồn chính thức),"USDA FoodData Central (FNDDS/WWEIA Survey Foods), fdcId:2708059"
FNDDS-2708060,,"Danish pastry, with fruit",,foreign,,100,USDA FNDDS (nguồn chính thức),"USDA FoodData Central (FNDDS/WWEIA Survey Foods), fdcId:2708060"
FNDDS-2708061,,"Danish pastry, with cheese",,foreign,,100,USDA FNDDS (nguồn chính thức),"USDA FoodData Central (FNDDS/WWEIA Survey Foods), fdcId:2708061"
FNDDS-2708063,,"Doughnut, cake type, plain",,foreign,,100,USDA FNDDS (nguồn chính thức),"USDA FoodData Central (FNDDS/WWEIA Survey Foods), fdcId:2708063"
FNDDS-2708065,,"Doughnut, cake type, powdered sugar",,foreign,,65,USDA FNDDS (nguồn chính thức),"USDA FoodData Central (FNDDS/WWEIA Survey Foods), fdcId:2708065"
FNDDS-2708066,,"Doughnut, cake type, with icing",,foreign,,75,USDA FNDDS (nguồn chính thức),"USDA FoodData Central (FNDDS/WWEIA Survey Foods), fdcId:2708066"
FNDDS-2708067,,"Doughnut, cake type, chocolate icing",,foreign,,75,USDA FNDDS (nguồn chính thức),"USDA FoodData Central (FNDDS/WWEIA Survey Foods), fdcId:2708067"
FNDDS-2708071,,Beignet,,foreign,,45,USDA FNDDS (nguồn chính thức),"USDA FoodData Central (FNDDS/WWEIA Survey Foods), fdcId:2708071"
FNDDS-2708072,,"Doughnut, yeast type",,foreign,,100,USDA FNDDS (nguồn chính thức),"USDA FoodData Central (FNDDS/WWEIA Survey Foods), fdcId:2708072"
FNDDS-2708073,,"Doughnut, yeast type, with chocolate icing",,foreign,,75,USDA FNDDS (nguồn chính thức),"USDA FoodData Central (FNDDS/WWEIA Survey Foods), fdcId:2708073"
FNDDS-2708074,,"Doughnut, jelly",,foreign,,75,USDA FNDDS (nguồn chính thức),"USDA FoodData Central (FNDDS/WWEIA Survey Foods), fdcId:2708074"
FNDDS-2708075,,"Doughnut, custard-filled",,foreign,,75,USDA FNDDS (nguồn chính thức),"USDA FoodData Central (FNDDS/WWEIA Survey Foods), fdcId:2708075"
FNDDS-2708076,,"Doughnut, custard-filled, with icing",,foreign,,90,USDA FNDDS (nguồn chính thức),"USDA FoodData Central (FNDDS/WWEIA Survey Foods), fdcId:2708076"
FNDDS-2708077,,Breakfast tart,,foreign,,100,USDA FNDDS (nguồn chính thức),"USDA FoodData Central (FNDDS/WWEIA Survey Foods), fdcId:2708077"
FNDDS-2708078,,"Breakfast tart, lowfat",,foreign,,100,USDA FNDDS (nguồn chính thức),"USDA FoodData Central (FNDDS/WWEIA Survey Foods), fdcId:2708078"
FNDDS-2708083,,Cereal or granola bar (Kellogg's Nutri-Grain Cereal Bar),,foreign,,100,USDA FNDDS (nguồn chính thức),"USDA FoodData Central (FNDDS/WWEIA Survey Foods), fdcId:2708083"
FNDDS-2708084,,Cereal or granola bar (Kellogg's Nutri-Grain Yogurt Bar),,foreign,,100,USDA FNDDS (nguồn chính thức),"USDA FoodData Central (FNDDS/WWEIA Survey Foods), fdcId:2708084"
FNDDS-2708085,,Cereal or granola bar (Kellogg's Nutri-Grain Fruit and Nut Bar),,foreign,,100,USDA FNDDS (nguồn chính thức),"USDA FoodData Central (FNDDS/WWEIA Survey Foods), fdcId:2708085"
FNDDS-2708086,,Milk 'n Cereal bar,,foreign,,100,USDA FNDDS (nguồn chính thức),"USDA FoodData Central (FNDDS/WWEIA Survey Foods), fdcId:2708086"
FNDDS-2708087,,Cereal or granola bar (Kellogg's Special K bar),,foreign,,100,USDA FNDDS (nguồn chính thức),"USDA FoodData Central (FNDDS/WWEIA Survey Foods), fdcId:2708087"
FNDDS-2708088,,Cereal or granola bar (Kashi Chewy),,foreign,,100,USDA FNDDS (nguồn chính thức),"USDA FoodData Central (FNDDS/WWEIA Survey Foods), fdcId:2708088"
FNDDS-2708089,,Cereal or granola bar (Kashi Crunchy),,foreign,,100,USDA FNDDS (nguồn chính thức),"USDA FoodData Central (FNDDS/WWEIA Survey Foods), fdcId:2708089"
FNDDS-2708091,,Cereal or granola bar (General Mills Nature Valley Chewy Trail Mix),,foreign,,100,USDA FNDDS (nguồn chính thức),"USDA FoodData Central (FNDDS/WWEIA Survey Foods), fdcId:2708091"
FNDDS-2708092,,"Cereal or granola bar, with yogurt coating (General Mills Nature Valley Chewy Granola Bar)",,foreign,,100,USDA FNDDS (nguồn chính thức),"USDA FoodData Central (FNDDS/WWEIA Survey Foods), fdcId:2708092"
FNDDS-2708093,,Cereal or granola bar (General Mills Nature Valley Sweet and Salty Granola Bar),,foreign,,100,USDA FNDDS (nguồn chính thức),"USDA FoodData Central (FNDDS/WWEIA Survey Foods), fdcId:2708093"
FNDDS-2708094,,Cereal or granola bar (General Mills Nature Valley Crunchy Granola Bar),,foreign,,100,USDA FNDDS (nguồn chính thức),"USDA FoodData Central (FNDDS/WWEIA Survey Foods), fdcId:2708094"
FNDDS-2708095,,Cereal or granola bar (Quaker Chewy Granola Bar),,foreign,,100,USDA FNDDS (nguồn chính thức),"USDA FoodData Central (FNDDS/WWEIA Survey Foods), fdcId:2708095"
FNDDS-2708096,,Cereal or granola bar (Quaker Chewy 90 Calorie Granola Bar),,foreign,,100,USDA FNDDS (nguồn chính thức),"USDA FoodData Central (FNDDS/WWEIA Survey Foods), fdcId:2708096"
FNDDS-2708097,,Cereal or granola bar (Quaker Chewy 25% Less Sugar Granola Bar),,foreign,,100,USDA FNDDS (nguồn chính thức),"USDA FoodData Central (FNDDS/WWEIA Survey Foods), fdcId:2708097"
FNDDS-2708098,,Cereal or granola bar (Quaker Chewy Dipps Granola Bar),,foreign,,100,USDA FNDDS (nguồn chính thức),"USDA FoodData Central (FNDDS/WWEIA Survey Foods), fdcId:2708098"
FNDDS-2708099,,Cereal or granola bar (Quaker Granola Bites),,foreign,,100,USDA FNDDS (nguồn chính thức),"USDA FoodData Central (FNDDS/WWEIA Survey Foods), fdcId:2708099"
FNDDS-2708100,,"Snack bar, oatmeal",,foreign,,100,USDA FNDDS (nguồn chính thức),"USDA FoodData Central (FNDDS/WWEIA Survey Foods), fdcId:2708100"
FNDDS-2708101,,"Cereal or Granola bar, NFS",,foreign,,100,USDA FNDDS (nguồn chính thức),"USDA FoodData Central (FNDDS/WWEIA Survey Foods), fdcId:2708101"
FNDDS-2708102,,"Cereal or granola bar, lowfat, NFS",,foreign,,100,USDA FNDDS (nguồn chính thức),"USDA FoodData Central (FNDDS/WWEIA Survey Foods), fdcId:2708102"
FNDDS-2708103,,"Cereal or granola bar, nonfat",,foreign,,100,USDA FNDDS (nguồn chính thức),"USDA FoodData Central (FNDDS/WWEIA Survey Foods), fdcId:2708103"
FNDDS-2708104,,"Cereal or granola bar, reduced sugar, NFS",,foreign,,100,USDA FNDDS (nguồn chính thức),"USDA FoodData Central (FNDDS/WWEIA Survey Foods), fdcId:2708104"
FNDDS-2708106,,"Cereal or granola bar, peanuts , oats, sugar, wheat germ",,foreign,,100,USDA FNDDS (nguồn chính thức),"USDA FoodData Central (FNDDS/WWEIA Survey Foods), fdcId:2708106"
FNDDS-2708107,,"Cereal or granola bar, chocolate coated, NFS",,foreign,,100,USDA FNDDS (nguồn chính thức),"USDA FoodData Central (FNDDS/WWEIA Survey Foods), fdcId:2708107"
FNDDS-2708108,,"Cereal or granola bar, with coconut, chocolate coated",,foreign,,100,USDA FNDDS (nguồn chính thức),"USDA FoodData Central (FNDDS/WWEIA Survey Foods), fdcId:2708108"
FNDDS-2708109,,"Cereal or granola bar with nuts, chocolate coated",,foreign,,100,USDA FNDDS (nguồn chính thức),"USDA FoodData Central (FNDDS/WWEIA Survey Foods), fdcId:2708109"
FNDDS-2708110,,"Cereal or granola bar, oats, nuts, coated with non-chocolate coating",,foreign,,100,USDA FNDDS (nguồn chính thức),"USDA FoodData Central (FNDDS/WWEIA Survey Foods), fdcId:2708110"
FNDDS-2708111,,"Cereal or granola bar, coated with non-chocolate coating",,foreign,,100,USDA FNDDS (nguồn chính thức),"USDA FoodData Central (FNDDS/WWEIA Survey Foods), fdcId:2708111"
FNDDS-2708113,,"Cereal or granola bar, with rice cereal",,foreign,,100,USDA FNDDS (nguồn chính thức),"USDA FoodData Central (FNDDS/WWEIA Survey Foods), fdcId:2708113"
FNDDS-2708114,,"Breakfast bar, NFS",,foreign,,100,USDA FNDDS (nguồn chính thức),"USDA FoodData Central (FNDDS/WWEIA Survey Foods), fdcId:2708114"
FNDDS-2708115,,"Breakfast bar, date, with yogurt coating",,foreign,,100,USDA FNDDS (nguồn chính thức),"USDA FoodData Central (FNDDS/WWEIA Survey Foods), fdcId:2708115"
FNDDS-2708116,,"Breakfast bar, cereal crust with fruit filling, lowfat",,foreign,,100,USDA FNDDS (nguồn chính thức),"USDA FoodData Central (FNDDS/WWEIA Survey Foods), fdcId:2708116"
FNDDS-2708117,,Nutrition bar (Balance Original Bar),,foreign,,100,USDA FNDDS (nguồn chính thức),"USDA FoodData Central (FNDDS/WWEIA Survey Foods), fdcId:2708117"
FNDDS-2708118,,Nutrition bar (Clif Bar),,foreign,,100,USDA FNDDS (nguồn chính thức),"USDA FoodData Central (FNDDS/WWEIA Survey Foods), fdcId:2708118"
FNDDS-2708119,,Nutrition bar (Clif Kids Organic Zbar),,foreign,,100,USDA FNDDS (nguồn chính thức),"USDA FoodData Central (FNDDS/WWEIA Survey Foods), fdcId:2708119"
FNDDS-2708120,,Nutrition bar (PowerBar),,foreign,,100,USDA FNDDS (nguồn chính thức),"USDA FoodData Central (FNDDS/WWEIA Survey Foods), fdcId:2708120"
FNDDS-2708121,,Nutrition bar (Slim Fast Original Meal Bar),,foreign,,100,USDA FNDDS (nguồn chính thức),"USDA FoodData Central (FNDDS/WWEIA Survey Foods), fdcId:2708121"
FNDDS-2708122,,Nutrition bar (Snickers Marathon Protein Bar),,foreign,,100,USDA FNDDS (nguồn chính thức),"USDA FoodData Central (FNDDS/WWEIA Survey Foods), fdcId:2708122"
FNDDS-2708123,,Nutrition bar (South Beach Living Meal Bar),,foreign,,100,USDA FNDDS (nguồn chính thức),"USDA FoodData Central (FNDDS/WWEIA Survey Foods), fdcId:2708123"
FNDDS-2708124,,Nutrition bar (South Beach Living High Protein Bar),,foreign,,100,USDA FNDDS (nguồn chính thức),"USDA FoodData Central (FNDDS/WWEIA Survey Foods), fdcId:2708124"
FNDDS-2708125,,Nutrition bar (Tiger's Milk),,foreign,,100,USDA FNDDS (nguồn chính thức),"USDA FoodData Central (FNDDS/WWEIA Survey Foods), fdcId:2708125"
FNDDS-2708126,,Nutrition bar (Zone Perfect Classic Crunch),,foreign,,100,USDA FNDDS (nguồn chính thức),"USDA FoodData Central (FNDDS/WWEIA Survey Foods), fdcId:2708126"
FNDDS-2708127,,"Nutrition bar or meal replacement bar, NFS",,foreign,,100,USDA FNDDS (nguồn chính thức),"USDA FoodData Central (FNDDS/WWEIA Survey Foods), fdcId:2708127"
FNDDS-2708129,,Baby Toddler bar,,foreign,,100,USDA FNDDS (nguồn chính thức),"USDA FoodData Central (FNDDS/WWEIA Survey Foods), fdcId:2708129"
FNDDS-2708130,,Baby Toddler cookie,,foreign,,100,USDA FNDDS (nguồn chính thức),"USDA FoodData Central (FNDDS/WWEIA Survey Foods), fdcId:2708130"
FNDDS-2708131,,Baby Toddler biscuit,,foreign,,100,USDA FNDDS (nguồn chính thức),"USDA FoodData Central (FNDDS/WWEIA Survey Foods), fdcId:2708131"
FNDDS-2708132,,"Crackers, NFS",,foreign,,100,USDA FNDDS (nguồn chính thức),"USDA FoodData Central (FNDDS/WWEIA Survey Foods), fdcId:2708132"
FNDDS-2708133,,Graham crackers,,foreign,,100,USDA FNDDS (nguồn chính thức),"USDA FoodData Central (FNDDS/WWEIA Survey Foods), fdcId:2708133"
FNDDS-2708134,,Graham crackers (Teddy Grahams),,foreign,,100,USDA FNDDS (nguồn chính thức),"USDA FoodData Central (FNDDS/WWEIA Survey Foods), fdcId:2708134"
FNDDS-2708135,,"Graham crackers, chocolate covered",,foreign,,100,USDA FNDDS (nguồn chính thức),"USDA FoodData Central (FNDDS/WWEIA Survey Foods), fdcId:2708135"
FNDDS-2708136,,"Crackers, oatmeal",,foreign,,100,USDA FNDDS (nguồn chính thức),"USDA FoodData Central (FNDDS/WWEIA Survey Foods), fdcId:2708136"
FNDDS-2708137,,"Crackers, Cuban",,foreign,,100,USDA FNDDS (nguồn chính thức),"USDA FoodData Central (FNDDS/WWEIA Survey Foods), fdcId:2708137"
FNDDS-2708138,,"Graham crackers, reduced fat",,foreign,,100,USDA FNDDS (nguồn chính thức),"USDA FoodData Central (FNDDS/WWEIA Survey Foods), fdcId:2708138"
FNDDS-2708139,,"Graham crackers, sandwich, with filling",,foreign,,100,USDA FNDDS (nguồn chính thức),"USDA FoodData Central (FNDDS/WWEIA Survey Foods), fdcId:2708139"
FNDDS-2708142,,"Crackers, matzo, reduced sodium",,foreign,,100,USDA FNDDS (nguồn chính thức),"USDA FoodData Central (FNDDS/WWEIA Survey Foods), fdcId:2708142"
FNDDS-2708143,,"Crackers, saltine, reduced sodium",,foreign,,86,USDA FNDDS (nguồn chính thức),"USDA FoodData Central (FNDDS/WWEIA Survey Foods), fdcId:2708143"
FNDDS-2708146,,"Crackers, butter, plain",,foreign,,100,USDA FNDDS (nguồn chính thức),"USDA FoodData Central (FNDDS/WWEIA Survey Foods), fdcId:2708146"
FNDDS-2708147,,"Crackers, butter, flavored",,foreign,,100,USDA FNDDS (nguồn chính thức),"USDA FoodData Central (FNDDS/WWEIA Survey Foods), fdcId:2708147"
FNDDS-2708148,,"Crackers, butter (Ritz)",,foreign,,100,USDA FNDDS (nguồn chính thức),"USDA FoodData Central (FNDDS/WWEIA Survey Foods), fdcId:2708148"
FNDDS-2708149,,"Crackers, butter, reduced fat",,foreign,,100,USDA FNDDS (nguồn chính thức),"USDA FoodData Central (FNDDS/WWEIA Survey Foods), fdcId:2708149"
FNDDS-2708150,,"Crackers, cheese",,foreign,,100,USDA FNDDS (nguồn chính thức),"USDA FoodData Central (FNDDS/WWEIA Survey Foods), fdcId:2708150"
FNDDS-2708151,,"Crackers, cheese (Cheez-It)",,foreign,,100,USDA FNDDS (nguồn chính thức),"USDA FoodData Central (FNDDS/WWEIA Survey Foods), fdcId:2708151"
FNDDS-2708152,,"Crackers, cheese (Goldfish)",,foreign,,100,USDA FNDDS (nguồn chính thức),"USDA FoodData Central (FNDDS/WWEIA Survey Foods), fdcId:2708152"
FNDDS-2708153,,"Crackers, cheese, reduced fat",,foreign,,100,USDA FNDDS (nguồn chính thức),"USDA FoodData Central (FNDDS/WWEIA Survey Foods), fdcId:2708153"
FNDDS-2708154,,"Crackers, cheese, reduced sodium",,foreign,,100,USDA FNDDS (nguồn chính thức),"USDA FoodData Central (FNDDS/WWEIA Survey Foods), fdcId:2708154"
FNDDS-2708155,,"Crackers, cheese, whole grain",,foreign,,100,USDA FNDDS (nguồn chính thức),"USDA FoodData Central (FNDDS/WWEIA Survey Foods), fdcId:2708155"
FNDDS-2708158,,"Crackers, matzo",,foreign,,100,USDA FNDDS (nguồn chính thức),"USDA FoodData Central (FNDDS/WWEIA Survey Foods), fdcId:2708158"
FNDDS-2708159,,"Crackers, milk",,foreign,,100,USDA FNDDS (nguồn chính thức),"USDA FoodData Central (FNDDS/WWEIA Survey Foods), fdcId:2708159"
FNDDS-2708160,,"Crackers, oyster",,foreign,,100,USDA FNDDS (nguồn chính thức),"USDA FoodData Central (FNDDS/WWEIA Survey Foods), fdcId:2708160"
FNDDS-2708161,,"Chips, rice",,foreign,,100,USDA FNDDS (nguồn chính thức),"USDA FoodData Central (FNDDS/WWEIA Survey Foods), fdcId:2708161"
FNDDS-2708162,,Rice cake,,foreign,,100,USDA FNDDS (nguồn chính thức),"USDA FoodData Central (FNDDS/WWEIA Survey Foods), fdcId:2708162"
FNDDS-2708163,,"Crackers, rice",,foreign,,100,USDA FNDDS (nguồn chính thức),"USDA FoodData Central (FNDDS/WWEIA Survey Foods), fdcId:2708163"
FNDDS-2708165,,Popcorn cake,,foreign,,100,USDA FNDDS (nguồn chính thức),"USDA FoodData Central (FNDDS/WWEIA Survey Foods), fdcId:2708165"
FNDDS-2708166,,Rice paper,,foreign,,100,USDA FNDDS (nguồn chính thức),"USDA FoodData Central (FNDDS/WWEIA Survey Foods), fdcId:2708166"
FNDDS-2708167,,"Crackers, saltine",,foreign,,100,USDA FNDDS (nguồn chính thức),"USDA FoodData Central (FNDDS/WWEIA Survey Foods), fdcId:2708167"
FNDDS-2708168,,"Crackers, saltine, reduced fat",,foreign,,100,USDA FNDDS (nguồn chính thức),"USDA FoodData Central (FNDDS/WWEIA Survey Foods), fdcId:2708168"
FNDDS-2708169,,"Crackers, saltine, multigrain",,foreign,,100,USDA FNDDS (nguồn chính thức),"USDA FoodData Central (FNDDS/WWEIA Survey Foods), fdcId:2708169"
FNDDS-2708170,,"Crackers, multigrain",,foreign,,100,USDA FNDDS (nguồn chính thức),"USDA FoodData Central (FNDDS/WWEIA Survey Foods), fdcId:2708170"
FNDDS-2708171,,"Crackers, sandwich",,foreign,,100,USDA FNDDS (nguồn chính thức),"USDA FoodData Central (FNDDS/WWEIA Survey Foods), fdcId:2708171"
FNDDS-2708172,,"Crackers, sandwich, peanut butter filled",,foreign,,100,USDA FNDDS (nguồn chính thức),"USDA FoodData Central (FNDDS/WWEIA Survey Foods), fdcId:2708172"
FNDDS-2708173,,"Crackers, sandwich, peanut butter filled (Ritz)",,foreign,,100,USDA FNDDS (nguồn chính thức),"USDA FoodData Central (FNDDS/WWEIA Survey Foods), fdcId:2708173"
FNDDS-2708174,,"Crackers, sandwich, reduced fat, peanut butter filled",,foreign,,100,USDA FNDDS (nguồn chính thức),"USDA FoodData Central (FNDDS/WWEIA Survey Foods), fdcId:2708174"
FNDDS-2708175,,"Crackers, whole grain, sandwich, peanut butter filled",,foreign,,100,USDA FNDDS (nguồn chính thức),"USDA FoodData Central (FNDDS/WWEIA Survey Foods), fdcId:2708175"
FNDDS-2708176,,"Crackers, sandwich, cheese filled",,foreign,,100,USDA FNDDS (nguồn chính thức),"USDA FoodData Central (FNDDS/WWEIA Survey Foods), fdcId:2708176"
FNDDS-2708177,,"Crackers, sandwich, cheese filled (Ritz)",,foreign,,100,USDA FNDDS (nguồn chính thức),"USDA FoodData Central (FNDDS/WWEIA Survey Foods), fdcId:2708177"
FNDDS-2708178,,"Crackers, water",,foreign,,100,USDA FNDDS (nguồn chính thức),"USDA FoodData Central (FNDDS/WWEIA Survey Foods), fdcId:2708178"
FNDDS-2708179,,"Crackers, wonton",,foreign,,100,USDA FNDDS (nguồn chính thức),"USDA FoodData Central (FNDDS/WWEIA Survey Foods), fdcId:2708179"
FNDDS-2708180,,"Crackers, woven wheat",,foreign,,100,USDA FNDDS (nguồn chính thức),"USDA FoodData Central (FNDDS/WWEIA Survey Foods), fdcId:2708180"
FNDDS-2708181,,"Crackers, woven wheat, plain (Triscuit)",,foreign,,100,USDA FNDDS (nguồn chính thức),"USDA FoodData Central (FNDDS/WWEIA Survey Foods), fdcId:2708181"
FNDDS-2708182,,"Crackers, woven wheat, flavored (Triscuit)",,foreign,,100,USDA FNDDS (nguồn chính thức),"USDA FoodData Central (FNDDS/WWEIA Survey Foods), fdcId:2708182"
FNDDS-2708184,,"Crackers, wheat",,foreign,,100,USDA FNDDS (nguồn chính thức),"USDA FoodData Central (FNDDS/WWEIA Survey Foods), fdcId:2708184"
FNDDS-2708185,,"Crackers, wheat, plain (Wheat Thins)",,foreign,,100,USDA FNDDS (nguồn chính thức),"USDA FoodData Central (FNDDS/WWEIA Survey Foods), fdcId:2708185"
FNDDS-2708186,,"Crackers, wheat, flavored (Wheat Thins)",,foreign,,100,USDA FNDDS (nguồn chính thức),"USDA FoodData Central (FNDDS/WWEIA Survey Foods), fdcId:2708186"
FNDDS-2708187,,"Crackers, wheat, reduced fat",,foreign,,100,USDA FNDDS (nguồn chính thức),"USDA FoodData Central (FNDDS/WWEIA Survey Foods), fdcId:2708187"
FNDDS-2708188,,"Crackers, gluten free, plain",,foreign,,100,USDA FNDDS (nguồn chính thức),"USDA FoodData Central (FNDDS/WWEIA Survey Foods), fdcId:2708188"
FNDDS-2708189,,"Crackers, gluten free, flavored",,foreign,,100,USDA FNDDS (nguồn chính thức),"USDA FoodData Central (FNDDS/WWEIA Survey Foods), fdcId:2708189"
FNDDS-2708190,,Baby Toddler crackers,,foreign,,100,USDA FNDDS (nguồn chính thức),"USDA FoodData Central (FNDDS/WWEIA Survey Foods), fdcId:2708190"
FNDDS-2708191,,"Baby Toddler puffs, fruit",,foreign,,100,USDA FNDDS (nguồn chính thức),"USDA FoodData Central (FNDDS/WWEIA Survey Foods), fdcId:2708191"
FNDDS-2708192,,"Baby Toddler puffs, vegetable",,foreign,,100,USDA FNDDS (nguồn chính thức),"USDA FoodData Central (FNDDS/WWEIA Survey Foods), fdcId:2708192"
FNDDS-2708193,,Baby Toddler crunchies,,foreign,,100,USDA FNDDS (nguồn chính thức),"USDA FoodData Central (FNDDS/WWEIA Survey Foods), fdcId:2708193"
FNDDS-2708194,,Baby Toddler wheels,,foreign,,100,USDA FNDDS (nguồn chính thức),"USDA FoodData Central (FNDDS/WWEIA Survey Foods), fdcId:2708194"
FNDDS-2708195,,Corn nuts,,foreign,,100,USDA FNDDS (nguồn chính thức),"USDA FoodData Central (FNDDS/WWEIA Survey Foods), fdcId:2708195"
FNDDS-2708196,,"Corn chips, plain",,foreign,,100.8,USDA FNDDS (nguồn chính thức),"USDA FoodData Central (FNDDS/WWEIA Survey Foods), fdcId:2708196"
FNDDS-2708197,,"Corn chips, flavored",,foreign,,101,USDA FNDDS (nguồn chính thức),"USDA FoodData Central (FNDDS/WWEIA Survey Foods), fdcId:2708197"
FNDDS-2708198,,"Corn chips, plain (Fritos)",,foreign,,100,USDA FNDDS (nguồn chính thức),"USDA FoodData Central (FNDDS/WWEIA Survey Foods), fdcId:2708198"
FNDDS-2708199,,"Corn chips, flavored (Fritos)",,foreign,,100.5,USDA FNDDS (nguồn chính thức),"USDA FoodData Central (FNDDS/WWEIA Survey Foods), fdcId:2708199"
FNDDS-2708200,,Cheese flavored corn snacks,,foreign,,100,USDA FNDDS (nguồn chính thức),"USDA FoodData Central (FNDDS/WWEIA Survey Foods), fdcId:2708200"
FNDDS-2708201,,"Cheese flavored corn snacks, reduced fat",,foreign,,100,USDA FNDDS (nguồn chính thức),"USDA FoodData Central (FNDDS/WWEIA Survey Foods), fdcId:2708201"
FNDDS-2708202,,"Tortilla chips, plain",,foreign,,100,USDA FNDDS (nguồn chính thức),"USDA FoodData Central (FNDDS/WWEIA Survey Foods), fdcId:2708202"
FNDDS-2708203,,Cheese flavored corn snacks (Cheetos),,foreign,,100,USDA FNDDS (nguồn chính thức),"USDA FoodData Central (FNDDS/WWEIA Survey Foods), fdcId:2708203"
FNDDS-2708204,,"Tortilla chips, flavored",,foreign,,100,USDA FNDDS (nguồn chính thức),"USDA FoodData Central (FNDDS/WWEIA Survey Foods), fdcId:2708204"
FNDDS-2708205,,"Corn chips, reduced sodium",,foreign,,115,USDA FNDDS (nguồn chính thức),"USDA FoodData Central (FNDDS/WWEIA Survey Foods), fdcId:2708205"
FNDDS-2708206,,"Tortilla chips, nacho cheese flavor (Doritos)",,foreign,,100,USDA FNDDS (nguồn chính thức),"USDA FoodData Central (FNDDS/WWEIA Survey Foods), fdcId:2708206"
FNDDS-2708207,,"Tortilla chips, cool ranch flavor (Doritos)",,foreign,,100.5,USDA FNDDS (nguồn chính thức),"USDA FoodData Central (FNDDS/WWEIA Survey Foods), fdcId:2708207"
FNDDS-2708208,,"Tortilla chips, other flavors (Doritos)",,foreign,,100,USDA FNDDS (nguồn chính thức),"USDA FoodData Central (FNDDS/WWEIA Survey Foods), fdcId:2708208"
FNDDS-2708209,,"Tortilla chips, reduced fat, plain",,foreign,,101.3,USDA FNDDS (nguồn chính thức),"USDA FoodData Central (FNDDS/WWEIA Survey Foods), fdcId:2708209"
FNDDS-2708210,,"Tortilla chips, reduced fat, flavored",,foreign,,101.3,USDA FNDDS (nguồn chính thức),"USDA FoodData Central (FNDDS/WWEIA Survey Foods), fdcId:2708210"
FNDDS-2708211,,"Tortilla chips, low fat, unsalted",,foreign,,100,USDA FNDDS (nguồn chính thức),"USDA FoodData Central (FNDDS/WWEIA Survey Foods), fdcId:2708211"
FNDDS-2708212,,"Tortilla chips, reduced sodium",,foreign,,100,USDA FNDDS (nguồn chính thức),"USDA FoodData Central (FNDDS/WWEIA Survey Foods), fdcId:2708212"
FNDDS-2708213,,Snack mix,,foreign,,345,USDA FNDDS (nguồn chính thức),"USDA FoodData Central (FNDDS/WWEIA Survey Foods), fdcId:2708213"
FNDDS-2708214,,"Potato chips, restructured, multigrain",,foreign,,100,USDA FNDDS (nguồn chính thức),"USDA FoodData Central (FNDDS/WWEIA Survey Foods), fdcId:2708214"
FNDDS-2708215,,Pita chips,,foreign,,100,USDA FNDDS (nguồn chính thức),"USDA FoodData Central (FNDDS/WWEIA Survey Foods), fdcId:2708215"
FNDDS-2708236,,"Popcorn, ready-to-eat, cheese flavored",,foreign,,100,USDA FNDDS (nguồn chính thức),"USDA FoodData Central (FNDDS/WWEIA Survey Foods), fdcId:2708236"
FNDDS-2708239,,"Popcorn, caramel coated",,foreign,,100.8,USDA FNDDS (nguồn chính thức),"USDA FoodData Central (FNDDS/WWEIA Survey Foods), fdcId:2708239"
FNDDS-2708240,,"Popcorn, caramel coated, with nuts",,foreign,,100.8,USDA FNDDS (nguồn chính thức),"USDA FoodData Central (FNDDS/WWEIA Survey Foods), fdcId:2708240"
FNDDS-2708242,,"Popcorn chips, plain",,foreign,,101.5,USDA FNDDS (nguồn chính thức),"USDA FoodData Central (FNDDS/WWEIA Survey Foods), fdcId:2708242"
FNDDS-2708243,,"Popcorn chips, other flavors",,foreign,,101.5,USDA FNDDS (nguồn chính thức),"USDA FoodData Central (FNDDS/WWEIA Survey Foods), fdcId:2708243"
FNDDS-2708244,,"Popcorn chips, sweet flavors",,foreign,,100.6,USDA FNDDS (nguồn chính thức),"USDA FoodData Central (FNDDS/WWEIA Survey Foods), fdcId:2708244"
FNDDS-2708245,,Onion flavored rings,,foreign,,100,USDA FNDDS (nguồn chính thức),"USDA FoodData Central (FNDDS/WWEIA Survey Foods), fdcId:2708245"
FNDDS-2708246,,Shrimp chips,,foreign,,100,USDA FNDDS (nguồn chính thức),"USDA FoodData Central (FNDDS/WWEIA Survey Foods), fdcId:2708246"
FNDDS-2708247,,"Pretzels, NFS",,foreign,,100,USDA FNDDS (nguồn chính thức),"USDA FoodData Central (FNDDS/WWEIA Survey Foods), fdcId:2708247"
FNDDS-2708248,,"Pretzels, hard, NFS",,foreign,,100,USDA FNDDS (nguồn chính thức),"USDA FoodData Central (FNDDS/WWEIA Survey Foods), fdcId:2708248"
FNDDS-2708249,,"Pretzels, hard, plain, salted",,foreign,,100,USDA FNDDS (nguồn chính thức),"USDA FoodData Central (FNDDS/WWEIA Survey Foods), fdcId:2708249"
FNDDS-2708250,,"Pretzels, hard, plain, lightly salted",,foreign,,100,USDA FNDDS (nguồn chính thức),"USDA FoodData Central (FNDDS/WWEIA Survey Foods), fdcId:2708250"
FNDDS-2708251,,"Pretzels, hard, plain, unsalted",,foreign,,100,USDA FNDDS (nguồn chính thức),"USDA FoodData Central (FNDDS/WWEIA Survey Foods), fdcId:2708251"
FNDDS-2708254,,"Pretzels, hard, plain, gluten free",,foreign,,100,USDA FNDDS (nguồn chính thức),"USDA FoodData Central (FNDDS/WWEIA Survey Foods), fdcId:2708254"
FNDDS-2708256,,"Pretzel chips, hard, plain",,foreign,,102.5,USDA FNDDS (nguồn chính thức),"USDA FoodData Central (FNDDS/WWEIA Survey Foods), fdcId:2708256"
FNDDS-2708257,,"Pretzel chips, hard, flavored",,foreign,,103.7,USDA FNDDS (nguồn chính thức),"USDA FoodData Central (FNDDS/WWEIA Survey Foods), fdcId:2708257"
FNDDS-2708258,,"Pretzel chips, hard, gluten free",,foreign,,102.5,USDA FNDDS (nguồn chính thức),"USDA FoodData Central (FNDDS/WWEIA Survey Foods), fdcId:2708258"
FNDDS-2708259,,"Pretzels, hard, coated, NFS",,foreign,,100,USDA FNDDS (nguồn chính thức),"USDA FoodData Central (FNDDS/WWEIA Survey Foods), fdcId:2708259"
FNDDS-2708260,,"Pretzels, hard, chocolate coated",,foreign,,100,USDA FNDDS (nguồn chính thức),"USDA FoodData Central (FNDDS/WWEIA Survey Foods), fdcId:2708260"
FNDDS-2708261,,"Pretzels, hard, white chocolate coated",,foreign,,252,USDA FNDDS (nguồn chính thức),"USDA FoodData Central (FNDDS/WWEIA Survey Foods), fdcId:2708261"
FNDDS-2708262,,"Pretzels, hard, yogurt coated",,foreign,,252,USDA FNDDS (nguồn chính thức),"USDA FoodData Central (FNDDS/WWEIA Survey Foods), fdcId:2708262"
FNDDS-2708263,,"Pretzels, hard, coated, gluten free",,foreign,,250,USDA FNDDS (nguồn chính thức),"USDA FoodData Central (FNDDS/WWEIA Survey Foods), fdcId:2708263"
FNDDS-2708264,,"Pretzels, hard, filled, NFS",,foreign,,100,USDA FNDDS (nguồn chính thức),"USDA FoodData Central (FNDDS/WWEIA Survey Foods), fdcId:2708264"
FNDDS-2708265,,"Pretzels, hard, cheese filled",,foreign,,100,USDA FNDDS (nguồn chính thức),"USDA FoodData Central (FNDDS/WWEIA Survey Foods), fdcId:2708265"
FNDDS-2708266,,"Pretzels, hard, peanut butter filled",,foreign,,150.6,USDA FNDDS (nguồn chính thức),"USDA FoodData Central (FNDDS/WWEIA Survey Foods), fdcId:2708266"
FNDDS-2708269,,"Pretzels, soft, ready-to-eat, salted, buttered",,foreign,,102.4,USDA FNDDS (nguồn chính thức),"USDA FoodData Central (FNDDS/WWEIA Survey Foods), fdcId:2708269"
FNDDS-2708270,,"Pretzels, soft, ready-to-eat, unsalted, buttered",,foreign,,101,USDA FNDDS (nguồn chính thức),"USDA FoodData Central (FNDDS/WWEIA Survey Foods), fdcId:2708270"
FNDDS-2708271,,"Pretzels, soft, ready-to-eat, salted, no butter",,foreign,,101.4,USDA FNDDS (nguồn chính thức),"USDA FoodData Central (FNDDS/WWEIA Survey Foods), fdcId:2708271"
FNDDS-2708272,,"Pretzels, soft, ready-to-eat, unsalted, no butter",,foreign,,100,USDA FNDDS (nguồn chính thức),"USDA FoodData Central (FNDDS/WWEIA Survey Foods), fdcId:2708272"
FNDDS-2708274,,"Pretzels, soft, ready-to-eat, coated or flavored",,foreign,,107.8,USDA FNDDS (nguồn chính thức),"USDA FoodData Central (FNDDS/WWEIA Survey Foods), fdcId:2708274"
FNDDS-2708275,,"Pretzels, soft, ready-to-eat, topped with meat",,foreign,,135,USDA FNDDS (nguồn chính thức),"USDA FoodData Central (FNDDS/WWEIA Survey Foods), fdcId:2708275"
FNDDS-2708276,,"Pretzels, soft, ready-to-eat, topped with cheese",,foreign,,115,USDA FNDDS (nguồn chính thức),"USDA FoodData Central (FNDDS/WWEIA Survey Foods), fdcId:2708276"
FNDDS-2708278,,"Pretzels, soft, from frozen, salted",,foreign,,101.4,USDA FNDDS (nguồn chính thức),"USDA FoodData Central (FNDDS/WWEIA Survey Foods), fdcId:2708278"
FNDDS-2708279,,"Pretzels, soft, from frozen, unsalted",,foreign,,100,USDA FNDDS (nguồn chính thức),"USDA FoodData Central (FNDDS/WWEIA Survey Foods), fdcId:2708279"
FNDDS-2708281,,"Pretzels, soft, from frozen, coated or flavored",,foreign,,107.8,USDA FNDDS (nguồn chính thức),"USDA FoodData Central (FNDDS/WWEIA Survey Foods), fdcId:2708281"
FNDDS-2708282,,"Pretzels, soft, from frozen, topped with meat",,foreign,,135,USDA FNDDS (nguồn chính thức),"USDA FoodData Central (FNDDS/WWEIA Survey Foods), fdcId:2708282"
FNDDS-2708283,,"Pretzels, soft, from frozen, topped with cheese",,foreign,,115,USDA FNDDS (nguồn chính thức),"USDA FoodData Central (FNDDS/WWEIA Survey Foods), fdcId:2708283"
FNDDS-2708284,,"Pretzels, soft, filled with cheese",,foreign,,115,USDA FNDDS (nguồn chính thức),"USDA FoodData Central (FNDDS/WWEIA Survey Foods), fdcId:2708284"
FNDDS-2708287,,"Pretzels, soft, gluten free",,foreign,,100,USDA FNDDS (nguồn chính thức),"USDA FoodData Central (FNDDS/WWEIA Survey Foods), fdcId:2708287"
FNDDS-2708289,,"Pretzels, soft, gluten free, coated or flavored",,foreign,,106,USDA FNDDS (nguồn chính thức),"USDA FoodData Central (FNDDS/WWEIA Survey Foods), fdcId:2708289"
FNDDS-2708292,,Bagel chips,,foreign,,100,USDA FNDDS (nguồn chính thức),"USDA FoodData Central (FNDDS/WWEIA Survey Foods), fdcId:2708292"
FNDDS-2708295,,"Pancakes, plain, frozen",,foreign,,100,USDA FNDDS (nguồn chính thức),"USDA FoodData Central (FNDDS/WWEIA Survey Foods), fdcId:2708295"
FNDDS-2708296,,"Pancakes, fruit, frozen",,foreign,,100,USDA FNDDS (nguồn chính thức),"USDA FoodData Central (FNDDS/WWEIA Survey Foods), fdcId:2708296"
FNDDS-2708297,,"Pancakes, chocolate, frozen",,foreign,,100,USDA FNDDS (nguồn chính thức),"USDA FoodData Central (FNDDS/WWEIA Survey Foods), fdcId:2708297"
FNDDS-2708311,,"Pancakes, gluten free",,foreign,,100,USDA FNDDS (nguồn chính thức),"USDA FoodData Central (FNDDS/WWEIA Survey Foods), fdcId:2708311"
FNDDS-2708313,,"Waffle, plain, frozen",,foreign,,100,USDA FNDDS (nguồn chính thức),"USDA FoodData Central (FNDDS/WWEIA Survey Foods), fdcId:2708313"
FNDDS-2708315,,"Waffle, fruit, frozen",,foreign,,100,USDA FNDDS (nguồn chính thức),"USDA FoodData Central (FNDDS/WWEIA Survey Foods), fdcId:2708315"
FNDDS-2708316,,"Waffle, chocolate, frozen",,foreign,,100,USDA FNDDS (nguồn chính thức),"USDA FoodData Central (FNDDS/WWEIA Survey Foods), fdcId:2708316"
FNDDS-2708318,,"Waffle, whole grain, reduced fat",,foreign,,100,USDA FNDDS (nguồn chính thức),"USDA FoodData Central (FNDDS/WWEIA Survey Foods), fdcId:2708318"
FNDDS-2708324,,"Waffle, school",,foreign,,100,USDA FNDDS (nguồn chính thức),"USDA FoodData Central (FNDDS/WWEIA Survey Foods), fdcId:2708324"
FNDDS-2708330,,"Waffle, gluten free",,foreign,,100,USDA FNDDS (nguồn chính thức),"USDA FoodData Central (FNDDS/WWEIA Survey Foods), fdcId:2708330"
FNDDS-2708334,,"French toast, school",,foreign,,275,USDA FNDDS (nguồn chính thức),"USDA FoodData Central (FNDDS/WWEIA Survey Foods), fdcId:2708334"
FNDDS-2708339,,"French toast sticks, fast food / restaurant",,foreign,,10,USDA FNDDS (nguồn chính thức),"USDA FoodData Central (FNDDS/WWEIA Survey Foods), fdcId:2708339"
FNDDS-2708340,,"French toast sticks, school",,foreign,,275,USDA FNDDS (nguồn chính thức),"USDA FoodData Central (FNDDS/WWEIA Survey Foods), fdcId:2708340"
FNDDS-2708343,,Chinese pancake,,foreign,,176.2,USDA FNDDS (nguồn chính thức),"USDA FoodData Central (FNDDS/WWEIA Survey Foods), fdcId:2708343"
FNDDS-2708346,,Idli,,foreign,,186,USDA FNDDS (nguồn chính thức),"USDA FoodData Central (FNDDS/WWEIA Survey Foods), fdcId:2708346"
FNDDS-2708348,,Cake made with glutinous rice and dried beans,,foreign,,1037.5,USDA FNDDS (nguồn chính thức),"USDA FoodData Central (FNDDS/WWEIA Survey Foods), fdcId:2708348"
FNDDS-2708351,,"Pasta, vegetable, cooked",,foreign,,100.24,USDA FNDDS (nguồn chính thức),"USDA FoodData Central (FNDDS/WWEIA Survey Foods), fdcId:2708351"
FNDDS-2708352,,"Noodles, cooked",,foreign,,100.6,USDA FNDDS (nguồn chính thức),"USDA FoodData Central (FNDDS/WWEIA Survey Foods), fdcId:2708352"
FNDDS-2708353,,"Noodles, whole grain, cooked",,foreign,,140.75,USDA FNDDS (nguồn chính thức),"USDA FoodData Central (FNDDS/WWEIA Survey Foods), fdcId:2708353"
FNDDS-2708354,,"Noodles, chow mein",,foreign,,100,USDA FNDDS (nguồn chính thức),"USDA FoodData Central (FNDDS/WWEIA Survey Foods), fdcId:2708354"
FNDDS-2708355,,"Long rice noodles, made from mung beans, cooked",,foreign,,100,USDA FNDDS (nguồn chính thức),"USDA FoodData Central (FNDDS/WWEIA Survey Foods), fdcId:2708355"
FNDDS-2708356,,"Rice noodles, cooked",,foreign,,100.6,USDA FNDDS (nguồn chính thức),"USDA FoodData Central (FNDDS/WWEIA Survey Foods), fdcId:2708356"
FNDDS-2708357,,"Pasta, cooked",,foreign,,100.6,USDA FNDDS (nguồn chính thức),"USDA FoodData Central (FNDDS/WWEIA Survey Foods), fdcId:2708357"
FNDDS-2708358,,"Pasta, whole grain, cooked",,foreign,,100.6,USDA FNDDS (nguồn chính thức),"USDA FoodData Central (FNDDS/WWEIA Survey Foods), fdcId:2708358"
FNDDS-2708359,,"Pasta, gluten free",,foreign,,100,USDA FNDDS (nguồn chính thức),"USDA FoodData Central (FNDDS/WWEIA Survey Foods), fdcId:2708359"
FNDDS-2708365,,"Grits, regular or quick, made with water, no added fat",,foreign,,277.4,USDA FNDDS (nguồn chính thức),"USDA FoodData Central (FNDDS/WWEIA Survey Foods), fdcId:2708365"
FNDDS-2708368,,"Grits, with cheese, no added fat",,foreign,,305.4,USDA FNDDS (nguồn chính thức),"USDA FoodData Central (FNDDS/WWEIA Survey Foods), fdcId:2708368"
FNDDS-2708370,,"Grits, instant, made with water, no added fat",,foreign,,148,USDA FNDDS (nguồn chính thức),"USDA FoodData Central (FNDDS/WWEIA Survey Foods), fdcId:2708370"
FNDDS-2708374,,"Cornmeal mush, no added fat",,foreign,,277.4,USDA FNDDS (nguồn chính thức),"USDA FoodData Central (FNDDS/WWEIA Survey Foods), fdcId:2708374"
FNDDS-2708376,,"Masa harina, cooked",,foreign,,1065,USDA FNDDS (nguồn chính thức),"USDA FoodData Central (FNDDS/WWEIA Survey Foods), fdcId:2708376"
FNDDS-2708377,,Millet,,foreign,,174.75,USDA FNDDS (nguồn chính thức),"USDA FoodData Central (FNDDS/WWEIA Survey Foods), fdcId:2708377"
FNDDS-2708378,,"Oatmeal, fast food, plain",,foreign,,280.5,USDA FNDDS (nguồn chính thức),"USDA FoodData Central (FNDDS/WWEIA Survey Foods), fdcId:2708378"
FNDDS-2708379,,"Oatmeal, fast food, flavored",,foreign,,306,USDA FNDDS (nguồn chính thức),"USDA FoodData Central (FNDDS/WWEIA Survey Foods), fdcId:2708379"
FNDDS-2708381,,"Oatmeal, regular or quick, made with water, no added fat",,foreign,,280.4,USDA FNDDS (nguồn chính thức),"USDA FoodData Central (FNDDS/WWEIA Survey Foods), fdcId:2708381"
FNDDS-2708387,,"Oatmeal, instant, plain, made with water, no added fat",,foreign,,148,USDA FNDDS (nguồn chính thức),"USDA FoodData Central (FNDDS/WWEIA Survey Foods), fdcId:2708387"
FNDDS-2708393,,"Oatmeal, instant, maple flavored, no added fat",,foreign,,163,USDA FNDDS (nguồn chính thức),"USDA FoodData Central (FNDDS/WWEIA Survey Foods), fdcId:2708393"
FNDDS-2708395,,"Oatmeal, instant, fruit flavored, no added fat",,foreign,,163,USDA FNDDS (nguồn chính thức),"USDA FoodData Central (FNDDS/WWEIA Survey Foods), fdcId:2708395"
FNDDS-2708397,,"Oatmeal, reduced sugar",,foreign,,155,USDA FNDDS (nguồn chính thức),"USDA FoodData Central (FNDDS/WWEIA Survey Foods), fdcId:2708397"
FNDDS-2708398,,"Oatmeal, multigrain",,foreign,,280.4,USDA FNDDS (nguồn chính thức),"USDA FoodData Central (FNDDS/WWEIA Survey Foods), fdcId:2708398"
FNDDS-2708400,,"Quinoa, no added fat",,foreign,,185.75,USDA FNDDS (nguồn chính thức),"USDA FoodData Central (FNDDS/WWEIA Survey Foods), fdcId:2708400"
FNDDS-2708403,,"Rice, white, cooked, NS as to fat",,foreign,,159,USDA FNDDS (nguồn chính thức),"USDA FoodData Central (FNDDS/WWEIA Survey Foods), fdcId:2708403"
FNDDS-2708405,,"Rice, white, cooked, made with butter",,foreign,,163.669,USDA FNDDS (nguồn chính thức),"USDA FoodData Central (FNDDS/WWEIA Survey Foods), fdcId:2708405"
FNDDS-2708408,,"Rice, white, cooked, no added fat",,foreign,,159.002,USDA FNDDS (nguồn chính thức),"USDA FoodData Central (FNDDS/WWEIA Survey Foods), fdcId:2708408"
FNDDS-2708415,,Cream of rice,,foreign,,285.4,USDA FNDDS (nguồn chính thức),"USDA FoodData Central (FNDDS/WWEIA Survey Foods), fdcId:2708415"
FNDDS-2708417,,"Rice, sweet, cooked with honey",,foreign,,169.5,USDA FNDDS (nguồn chính thức),"USDA FoodData Central (FNDDS/WWEIA Survey Foods), fdcId:2708417"
FNDDS-2708418,,Congee,,foreign,,100.6,USDA FNDDS (nguồn chính thức),"USDA FoodData Central (FNDDS/WWEIA Survey Foods), fdcId:2708418"
FNDDS-2708419,,"Yellow rice, cooked, NS as to fat",,foreign,,615.75,USDA FNDDS (nguồn chính thức),"USDA FoodData Central (FNDDS/WWEIA Survey Foods), fdcId:2708419"
FNDDS-2708420,,"Yellow rice, cooked, no added fat",,foreign,,615.75,USDA FNDDS (nguồn chính thức),"USDA FoodData Central (FNDDS/WWEIA Survey Foods), fdcId:2708420"
FNDDS-2708422,,"Rice, white, cooked, glutinous",,foreign,,175.002,USDA FNDDS (nguồn chính thức),"USDA FoodData Central (FNDDS/WWEIA Survey Foods), fdcId:2708422"
FNDDS-2708424,,"Rice, wild, 100%, cooked, no added fat",,foreign,,165.002,USDA FNDDS (nguồn chính thức),"USDA FoodData Central (FNDDS/WWEIA Survey Foods), fdcId:2708424"
FNDDS-2708426,,"Rice, white and wild, cooked, no added fat",,foreign,,712.3,USDA FNDDS (nguồn chính thức),"USDA FoodData Central (FNDDS/WWEIA Survey Foods), fdcId:2708426"
FNDDS-2708427,,"Rice, brown and wild, cooked, no added fat",,foreign,,191.352,USDA FNDDS (nguồn chính thức),"USDA FoodData Central (FNDDS/WWEIA Survey Foods), fdcId:2708427"
FNDDS-2708434,,"Cream of wheat, regular or quick, made with water, no added fat",,foreign,,272.4,USDA FNDDS (nguồn chính thức),"USDA FoodData Central (FNDDS/WWEIA Survey Foods), fdcId:2708434"
FNDDS-2708436,,"Cream of wheat, instant, made with water, no added fat",,foreign,,195,USDA FNDDS (nguồn chính thức),"USDA FoodData Central (FNDDS/WWEIA Survey Foods), fdcId:2708436"
FNDDS-2708438,,"Bulgur, no added fat",,foreign,,135.75,USDA FNDDS (nguồn chính thức),"USDA FoodData Central (FNDDS/WWEIA Survey Foods), fdcId:2708438"
FNDDS-2708440,,"Bulgur, NS as to fat",,foreign,,135.75,USDA FNDDS (nguồn chính thức),"USDA FoodData Central (FNDDS/WWEIA Survey Foods), fdcId:2708440"
FNDDS-2708441,,"Couscous, plain, cooked",,foreign,,157.75,USDA FNDDS (nguồn chính thức),"USDA FoodData Central (FNDDS/WWEIA Survey Foods), fdcId:2708441"
FNDDS-2708442,,"Whole wheat cereal, cooked",,foreign,,272.4,USDA FNDDS (nguồn chính thức),"USDA FoodData Central (FNDDS/WWEIA Survey Foods), fdcId:2708442"
FNDDS-2708477,,Wheat germ,,foreign,,100,USDA FNDDS (nguồn chính thức),"USDA FoodData Central (FNDDS/WWEIA Survey Foods), fdcId:2708477"
FNDDS-2708489,,"Oats, raw",,foreign,,100,USDA FNDDS (nguồn chính thức),"USDA FoodData Central (FNDDS/WWEIA Survey Foods), fdcId:2708489"
FNDDS-2708491,,"Baby Toddler cereal, barley, dry",,foreign,,100,USDA FNDDS (nguồn chính thức),"USDA FoodData Central (FNDDS/WWEIA Survey Foods), fdcId:2708491"
FNDDS-2708492,,"Baby Toddler cereal, oatmeal, dry",,foreign,,100,USDA FNDDS (nguồn chính thức),"USDA FoodData Central (FNDDS/WWEIA Survey Foods), fdcId:2708492"
FNDDS-2708493,,"Baby Toddler cereal, rice, dry",,foreign,,100,USDA FNDDS (nguồn chính thức),"USDA FoodData Central (FNDDS/WWEIA Survey Foods), fdcId:2708493"
FNDDS-2708494,,"Baby Toddler cereal, rice with fruit, dry",,foreign,,100,USDA FNDDS (nguồn chính thức),"USDA FoodData Central (FNDDS/WWEIA Survey Foods), fdcId:2708494"
FNDDS-2708495,,"Baby Toddler cereal, multigrain with fruit, dry",,foreign,,100,USDA FNDDS (nguồn chính thức),"USDA FoodData Central (FNDDS/WWEIA Survey Foods), fdcId:2708495"
FNDDS-2708496,,"Baby Toddler cereal, multigrain, dry",,foreign,,100,USDA FNDDS (nguồn chính thức),"USDA FoodData Central (FNDDS/WWEIA Survey Foods), fdcId:2708496"
FNDDS-2708497,,"Baby Toddler cereal, oatmeal with fruit, dry",,foreign,,100,USDA FNDDS (nguồn chính thức),"USDA FoodData Central (FNDDS/WWEIA Survey Foods), fdcId:2708497"
FNDDS-2708499,,"Baby Toddler cereal, rice, ready-to-eat",,foreign,,75,USDA FNDDS (nguồn chính thức),"USDA FoodData Central (FNDDS/WWEIA Survey Foods), fdcId:2708499"
FNDDS-2708500,,"Baby Toddler cereal, oatmeal, ready-to-eat",,foreign,,75,USDA FNDDS (nguồn chính thức),"USDA FoodData Central (FNDDS/WWEIA Survey Foods), fdcId:2708500"
FNDDS-2708501,,"Baby Toddler cereal, multigrain, ready-to-eat",,foreign,,75,USDA FNDDS (nguồn chính thức),"USDA FoodData Central (FNDDS/WWEIA Survey Foods), fdcId:2708501"
FNDDS-2708547,,"Burrito, with beans, no cheese",,foreign,,100.3,USDA FNDDS (nguồn chính thức),"USDA FoodData Central (FNDDS/WWEIA Survey Foods), fdcId:2708547"
FNDDS-2708570,,"Tamale, NFS",,foreign,,100,USDA FNDDS (nguồn chính thức),"USDA FoodData Central (FNDDS/WWEIA Survey Foods), fdcId:2708570"
FNDDS-2708571,,"Tamale, beef",,foreign,,100,USDA FNDDS (nguồn chính thức),"USDA FoodData Central (FNDDS/WWEIA Survey Foods), fdcId:2708571"
FNDDS-2708572,,"Tamale, pork",,foreign,,100,USDA FNDDS (nguồn chính thức),"USDA FoodData Central (FNDDS/WWEIA Survey Foods), fdcId:2708572"
FNDDS-2708573,,"Tamale, chicken",,foreign,,100,USDA FNDDS (nguồn chính thức),"USDA FoodData Central (FNDDS/WWEIA Survey Foods), fdcId:2708573"
FNDDS-2708574,,"Tamale, no meat",,foreign,,100,USDA FNDDS (nguồn chính thức),"USDA FoodData Central (FNDDS/WWEIA Survey Foods), fdcId:2708574"
FNDDS-2708575,,Tamale casserole with meat,,foreign,,100,USDA FNDDS (nguồn chính thức),"USDA FoodData Central (FNDDS/WWEIA Survey Foods), fdcId:2708575"
FNDDS-2708608,,"Pupusa, cheese only",,foreign,,100,USDA FNDDS (nguồn chính thức),"USDA FoodData Central (FNDDS/WWEIA Survey Foods), fdcId:2708608"
FNDDS-2708609,,"Pupusa, with beans",,foreign,,100,USDA FNDDS (nguồn chính thức),"USDA FoodData Central (FNDDS/WWEIA Survey Foods), fdcId:2708609"
FNDDS-2708610,,"Pupusa, meat",,foreign,,100,USDA FNDDS (nguồn chính thức),"USDA FoodData Central (FNDDS/WWEIA Survey Foods), fdcId:2708610"
FNDDS-2708611,,"Pupusa, meat, with beans",,foreign,,100,USDA FNDDS (nguồn chính thức),"USDA FoodData Central (FNDDS/WWEIA Survey Foods), fdcId:2708611"
FNDDS-2708612,,"Pizza, cheese, from frozen, thin crust",,foreign,,100,USDA FNDDS (nguồn chính thức),"USDA FoodData Central (FNDDS/WWEIA Survey Foods), fdcId:2708612"
FNDDS-2708613,,"Pizza, cheese, from frozen, thick crust",,foreign,,100,USDA FNDDS (nguồn chính thức),"USDA FoodData Central (FNDDS/WWEIA Survey Foods), fdcId:2708613"
FNDDS-2708614,,"Pizza, cheese, from restaurant or fast food, NS as to type of crust",,foreign,,100,USDA FNDDS (nguồn chính thức),"USDA FoodData Central (FNDDS/WWEIA Survey Foods), fdcId:2708614"
FNDDS-2708615,,"Pizza, cheese, from restaurant or fast food, thin crust",,foreign,,100,USDA FNDDS (nguồn chính thức),"USDA FoodData Central (FNDDS/WWEIA Survey Foods), fdcId:2708615"
FNDDS-2708616,,"Pizza, cheese, from restaurant or fast food, medium crust",,foreign,,100,USDA FNDDS (nguồn chính thức),"USDA FoodData Central (FNDDS/WWEIA Survey Foods), fdcId:2708616"
FNDDS-2708617,,"Pizza, cheese, from restaurant or fast food, thick crust",,foreign,,100,USDA FNDDS (nguồn chính thức),"USDA FoodData Central (FNDDS/WWEIA Survey Foods), fdcId:2708617"
FNDDS-2708618,,"Pizza, cheese, stuffed crust",,foreign,,100,USDA FNDDS (nguồn chính thức),"USDA FoodData Central (FNDDS/WWEIA Survey Foods), fdcId:2708618"
FNDDS-2708619,,"Pizza, cheese, from school lunch, medium crust",,foreign,,100,USDA FNDDS (nguồn chính thức),"USDA FoodData Central (FNDDS/WWEIA Survey Foods), fdcId:2708619"
FNDDS-2708620,,"Pizza, cheese, from school lunch, thin crust",,foreign,,100,USDA FNDDS (nguồn chính thức),"USDA FoodData Central (FNDDS/WWEIA Survey Foods), fdcId:2708620"
FNDDS-2708621,,"Pizza, cheese, from school lunch, thick crust",,foreign,,100,USDA FNDDS (nguồn chính thức),"USDA FoodData Central (FNDDS/WWEIA Survey Foods), fdcId:2708621"
FNDDS-2708622,,"Pizza, extra cheese, thin crust",,foreign,,732,USDA FNDDS (nguồn chính thức),"USDA FoodData Central (FNDDS/WWEIA Survey Foods), fdcId:2708622"
FNDDS-2708623,,"Pizza, extra cheese, thick crust",,foreign,,1112,USDA FNDDS (nguồn chính thức),"USDA FoodData Central (FNDDS/WWEIA Survey Foods), fdcId:2708623"
FNDDS-2708624,,"Pizza, cheese, with vegetables, from frozen, thin crust",,foreign,,1167,USDA FNDDS (nguồn chính thức),"USDA FoodData Central (FNDDS/WWEIA Survey Foods), fdcId:2708624"
FNDDS-2708625,,"Pizza, cheese with vegetables, from frozen, thick crust",,foreign,,1528,USDA FNDDS (nguồn chính thức),"USDA FoodData Central (FNDDS/WWEIA Survey Foods), fdcId:2708625"
FNDDS-2708626,,"Pizza, cheese, with vegetables, from restaurant or fast food, thin crust",,foreign,,803,USDA FNDDS (nguồn chính thức),"USDA FoodData Central (FNDDS/WWEIA Survey Foods), fdcId:2708626"
FNDDS-2708627,,"Pizza, cheese, with vegetables, from restaurant or fast food, medium crust",,foreign,,1066,USDA FNDDS (nguồn chính thức),"USDA FoodData Central (FNDDS/WWEIA Survey Foods), fdcId:2708627"
FNDDS-2708628,,"Pizza, cheese, with vegetables, from restaurant or fast food, thick crust",,foreign,,1192,USDA FNDDS (nguồn chính thức),"USDA FoodData Central (FNDDS/WWEIA Survey Foods), fdcId:2708628"
FNDDS-2708632,,"Pizza, cheese, with fruit, thin crust",,foreign,,835,USDA FNDDS (nguồn chính thức),"USDA FoodData Central (FNDDS/WWEIA Survey Foods), fdcId:2708632"
FNDDS-2708633,,"Pizza, cheese, with fruit, medium crust",,foreign,,1098,USDA FNDDS (nguồn chính thức),"USDA FoodData Central (FNDDS/WWEIA Survey Foods), fdcId:2708633"
FNDDS-2708634,,"Pizza, cheese, with fruit, thick crust",,foreign,,1204,USDA FNDDS (nguồn chính thức),"USDA FoodData Central (FNDDS/WWEIA Survey Foods), fdcId:2708634"
FNDDS-2708635,,"Pizza with pepperoni, from frozen, thin crust",,foreign,,1075,USDA FNDDS (nguồn chính thức),"USDA FoodData Central (FNDDS/WWEIA Survey Foods), fdcId:2708635"
FNDDS-2708637,,"Pizza with pepperoni, from frozen, thick crust",,foreign,,1475,USDA FNDDS (nguồn chính thức),"USDA FoodData Central (FNDDS/WWEIA Survey Foods), fdcId:2708637"
FNDDS-2708638,,"Pizza with pepperoni, from restaurant or fast food, NS as to type of crust",,foreign,,100,USDA FNDDS (nguồn chính thức),"USDA FoodData Central (FNDDS/WWEIA Survey Foods), fdcId:2708638"
FNDDS-2708639,,"Pizza with pepperoni, from restaurant or fast food, thin crust",,foreign,,100,USDA FNDDS (nguồn chính thức),"USDA FoodData Central (FNDDS/WWEIA Survey Foods), fdcId:2708639"
FNDDS-2708640,,"Pizza with pepperoni, from restaurant or fast food,  medium crust",,foreign,,100,USDA FNDDS (nguồn chính thức),"USDA FoodData Central (FNDDS/WWEIA Survey Foods), fdcId:2708640"
FNDDS-2708641,,"Pizza with pepperoni, from restaurant or fast food, thick crust",,foreign,,100,USDA FNDDS (nguồn chính thức),"USDA FoodData Central (FNDDS/WWEIA Survey Foods), fdcId:2708641"
FNDDS-2708642,,"Pizza with pepperoni, stuffed crust",,foreign,,1312,USDA FNDDS (nguồn chính thức),"USDA FoodData Central (FNDDS/WWEIA Survey Foods), fdcId:2708642"
FNDDS-2708643,,"Pizza with pepperoni, from school lunch, thin crust",,foreign,,100,USDA FNDDS (nguồn chính thức),"USDA FoodData Central (FNDDS/WWEIA Survey Foods), fdcId:2708643"
FNDDS-2708644,,"Pizza, with pepperoni, from school lunch, medium crust",,foreign,,100,USDA FNDDS (nguồn chính thức),"USDA FoodData Central (FNDDS/WWEIA Survey Foods), fdcId:2708644"
FNDDS-2708645,,"Pizza with pepperoni, from school lunch, thick crust",,foreign,,100,USDA FNDDS (nguồn chính thức),"USDA FoodData Central (FNDDS/WWEIA Survey Foods), fdcId:2708645"
FNDDS-2708646,,"Pizza with meat other than pepperoni, from frozen, thin crust",,foreign,,1100,USDA FNDDS (nguồn chính thức),"USDA FoodData Central (FNDDS/WWEIA Survey Foods), fdcId:2708646"
FNDDS-2708648,,"Pizza with meat other than pepperoni, from frozen, thick crust",,foreign,,1500,USDA FNDDS (nguồn chính thức),"USDA FoodData Central (FNDDS/WWEIA Survey Foods), fdcId:2708648"
FNDDS-2708649,,"Pizza with meat other than pepperoni, from restaurant or fast food, NS as to type of crust",,foreign,,100,USDA FNDDS (nguồn chính thức),"USDA FoodData Central (FNDDS/WWEIA Survey Foods), fdcId:2708649"
FNDDS-2708650,,"Pizza with meat other than pepperoni, from restaurant or fast food, thin crust",,foreign,,100,USDA FNDDS (nguồn chính thức),"USDA FoodData Central (FNDDS/WWEIA Survey Foods), fdcId:2708650"
FNDDS-2708651,,"Pizza with meat other than pepperoni, from restaurant or fast food, medium crust",,foreign,,100,USDA FNDDS (nguồn chính thức),"USDA FoodData Central (FNDDS/WWEIA Survey Foods), fdcId:2708651"
FNDDS-2708652,,"Pizza with meat other than pepperoni, from restaurant or fast food, thick crust",,foreign,,100,USDA FNDDS (nguồn chính thức),"USDA FoodData Central (FNDDS/WWEIA Survey Foods), fdcId:2708652"
FNDDS-2708653,,"Pizza, with meat other than pepperoni, stuffed crust",,foreign,,1312,USDA FNDDS (nguồn chính thức),"USDA FoodData Central (FNDDS/WWEIA Survey Foods), fdcId:2708653"
FNDDS-2708654,,"Pizza, with meat other than pepperoni, from school lunch, medium crust",,foreign,,100,USDA FNDDS (nguồn chính thức),"USDA FoodData Central (FNDDS/WWEIA Survey Foods), fdcId:2708654"
FNDDS-2708655,,"Pizza, with meat other than pepperoni, from school lunch, thin crust",,foreign,,100,USDA FNDDS (nguồn chính thức),"USDA FoodData Central (FNDDS/WWEIA Survey Foods), fdcId:2708655"
FNDDS-2708656,,"Pizza, with meat other than pepperoni, from school lunch, thick crust",,foreign,,100,USDA FNDDS (nguồn chính thức),"USDA FoodData Central (FNDDS/WWEIA Survey Foods), fdcId:2708656"
FNDDS-2708657,,"Pizza with extra meat, thin crust",,foreign,,959,USDA FNDDS (nguồn chính thức),"USDA FoodData Central (FNDDS/WWEIA Survey Foods), fdcId:2708657"
FNDDS-2708658,,"Pizza with extra meat, medium crust",,foreign,,1202,USDA FNDDS (nguồn chính thức),"USDA FoodData Central (FNDDS/WWEIA Survey Foods), fdcId:2708658"
FNDDS-2708659,,"Pizza with extra meat, thick crust",,foreign,,1328,USDA FNDDS (nguồn chính thức),"USDA FoodData Central (FNDDS/WWEIA Survey Foods), fdcId:2708659"
FNDDS-2708660,,"Pizza with meat and vegetables, from frozen, thin crust",,foreign,,100,USDA FNDDS (nguồn chính thức),"USDA FoodData Central (FNDDS/WWEIA Survey Foods), fdcId:2708660"
FNDDS-2708661,,"Pizza with meat and vegetables, from frozen, medium crust",,foreign,,100,USDA FNDDS (nguồn chính thức),"USDA FoodData Central (FNDDS/WWEIA Survey Foods), fdcId:2708661"
FNDDS-2708662,,"Pizza with meat and vegetables, from frozen, thick crust",,foreign,,100,USDA FNDDS (nguồn chính thức),"USDA FoodData Central (FNDDS/WWEIA Survey Foods), fdcId:2708662"
FNDDS-2708663,,"Pizza with meat and vegetables, from restaurant or fast food, thin crust",,foreign,,903,USDA FNDDS (nguồn chính thức),"USDA FoodData Central (FNDDS/WWEIA Survey Foods), fdcId:2708663"
FNDDS-2708664,,"Pizza with meat and vegetables, from restaurant or fast food, medium crust",,foreign,,1154,USDA FNDDS (nguồn chính thức),"USDA FoodData Central (FNDDS/WWEIA Survey Foods), fdcId:2708664"
FNDDS-2708665,,"Pizza with meat and vegetables, from restaurant or fast food, thick crust",,foreign,,1188,USDA FNDDS (nguồn chính thức),"USDA FoodData Central (FNDDS/WWEIA Survey Foods), fdcId:2708665"
FNDDS-2708669,,"Pizza with meat and fruit, thin crust",,foreign,,923,USDA FNDDS (nguồn chính thức),"USDA FoodData Central (FNDDS/WWEIA Survey Foods), fdcId:2708669"
FNDDS-2708670,,"Pizza with meat and fruit, medium crust",,foreign,,1198,USDA FNDDS (nguồn chính thức),"USDA FoodData Central (FNDDS/WWEIA Survey Foods), fdcId:2708670"
FNDDS-2708671,,"Pizza with meat and fruit, thick crust",,foreign,,1264,USDA FNDDS (nguồn chính thức),"USDA FoodData Central (FNDDS/WWEIA Survey Foods), fdcId:2708671"
FNDDS-2708686,,Pizza rolls,,foreign,,100,USDA FNDDS (nguồn chính thức),"USDA FoodData Central (FNDDS/WWEIA Survey Foods), fdcId:2708686"
FNDDS-2708708,,"Wonton, dumpling or pot sticker, steamed",,foreign,,100,USDA FNDDS (nguồn chính thức),"USDA FoodData Central (FNDDS/WWEIA Survey Foods), fdcId:2708708"
FNDDS-2708716,,"Kibby, Puerto Rican style",,foreign,,785.2,USDA FNDDS (nguồn chính thức),"USDA FoodData Central (FNDDS/WWEIA Survey Foods), fdcId:2708716"
FNDDS-2708720,,Pierogi,,foreign,,100,USDA FNDDS (nguồn chính thức),"USDA FoodData Central (FNDDS/WWEIA Survey Foods), fdcId:2708720"
FNDDS-2708726,,"Pastry, cheese-filled",,foreign,,1230.3,USDA FNDDS (nguồn chính thức),"USDA FoodData Central (FNDDS/WWEIA Survey Foods), fdcId:2708726"
FNDDS-2708738,,"Turnover or hot pocket, pizza pocket, meat",,foreign,,80,USDA FNDDS (nguồn chính thức),"USDA FoodData Central (FNDDS/WWEIA Survey Foods), fdcId:2708738"
FNDDS-2708739,,"Turnover or hot pocket, pizza pocket",,foreign,,75,USDA FNDDS (nguồn chính thức),"USDA FoodData Central (FNDDS/WWEIA Survey Foods), fdcId:2708739"
FNDDS-2708744,,Biscuit with gravy,,foreign,,100,USDA FNDDS (nguồn chính thức),"USDA FoodData Central (FNDDS/WWEIA Survey Foods), fdcId:2708744"
FNDDS-2708750,,Lasagna with meat,,foreign,,100,USDA FNDDS (nguồn chính thức),"USDA FoodData Central (FNDDS/WWEIA Survey Foods), fdcId:2708750"
FNDDS-2708751,,"Lasagna with meat, canned",,foreign,,100,USDA FNDDS (nguồn chính thức),"USDA FoodData Central (FNDDS/WWEIA Survey Foods), fdcId:2708751"
FNDDS-2708752,,"Lasagna with meat, from restaurant",,foreign,,100,USDA FNDDS (nguồn chính thức),"USDA FoodData Central (FNDDS/WWEIA Survey Foods), fdcId:2708752"
FNDDS-2708754,,"Lasagna with meat, frozen",,foreign,,100,USDA FNDDS (nguồn chính thức),"USDA FoodData Central (FNDDS/WWEIA Survey Foods), fdcId:2708754"
FNDDS-2708758,,"Lasagna, meatless",,foreign,,100,USDA FNDDS (nguồn chính thức),"USDA FoodData Central (FNDDS/WWEIA Survey Foods), fdcId:2708758"
FNDDS-2708765,,"Ravioli, meat-filled, with tomato sauce or meat sauce, canned",,foreign,,100,USDA FNDDS (nguồn chính thức),"USDA FoodData Central (FNDDS/WWEIA Survey Foods), fdcId:2708765"
FNDDS-2708767,,"Ravioli, cheese-filled, no sauce",,foreign,,387.978,USDA FNDDS (nguồn chính thức),"USDA FoodData Central (FNDDS/WWEIA Survey Foods), fdcId:2708767"
FNDDS-2708768,,"Ravioli, cheese-filled, with tomato sauce",,foreign,,100,USDA FNDDS (nguồn chính thức),"USDA FoodData Central (FNDDS/WWEIA Survey Foods), fdcId:2708768"
FNDDS-2708769,,"Ravioli, cheese-filled, with tomato sauce, canned",,foreign,,100,USDA FNDDS (nguồn chính thức),"USDA FoodData Central (FNDDS/WWEIA Survey Foods), fdcId:2708769"
FNDDS-2708789,,"Tortellini, cheese-filled, meatless, with vinaigrette dressing",,foreign,,528.832,USDA FNDDS (nguồn chính thức),"USDA FoodData Central (FNDDS/WWEIA Survey Foods), fdcId:2708789"
FNDDS-2708792,,"Tortellini, cheese-filled, no sauce",,foreign,,100,USDA FNDDS (nguồn chính thức),"USDA FoodData Central (FNDDS/WWEIA Survey Foods), fdcId:2708792"
FNDDS-2708796,,Chow fun noodles with meat and vegetables,,foreign,,1637.4,USDA FNDDS (nguồn chính thức),"USDA FoodData Central (FNDDS/WWEIA Survey Foods), fdcId:2708796"
FNDDS-2708797,,"Chow fun noodles with vegetables, meatless",,foreign,,1302.4,USDA FNDDS (nguồn chính thức),"USDA FoodData Central (FNDDS/WWEIA Survey Foods), fdcId:2708797"
FNDDS-2708798,,"Lo mein, NFS",,foreign,,100,USDA FNDDS (nguồn chính thức),"USDA FoodData Central (FNDDS/WWEIA Survey Foods), fdcId:2708798"
FNDDS-2708799,,"Lo mein, meatless",,foreign,,100,USDA FNDDS (nguồn chính thức),"USDA FoodData Central (FNDDS/WWEIA Survey Foods), fdcId:2708799"
FNDDS-2708800,,"Lo mein, with shrimp",,foreign,,1723.8,USDA FNDDS (nguồn chính thức),"USDA FoodData Central (FNDDS/WWEIA Survey Foods), fdcId:2708800"
FNDDS-2708801,,"Lo mein, with pork",,foreign,,1695.8,USDA FNDDS (nguồn chính thức),"USDA FoodData Central (FNDDS/WWEIA Survey Foods), fdcId:2708801"
FNDDS-2708802,,"Lo mein, with beef",,foreign,,1695.8,USDA FNDDS (nguồn chính thức),"USDA FoodData Central (FNDDS/WWEIA Survey Foods), fdcId:2708802"
FNDDS-2708812,,"Macaroni or noodles with cheese, from restaurant",,foreign,,100,USDA FNDDS (nguồn chính thức),"USDA FoodData Central (FNDDS/WWEIA Survey Foods), fdcId:2708812"
FNDDS-2708814,,"Macaroni or noodles with cheese, canned",,foreign,,100,USDA FNDDS (nguồn chính thức),"USDA FoodData Central (FNDDS/WWEIA Survey Foods), fdcId:2708814"
FNDDS-2708815,,"Macaroni or noodles with cheese, Easy Mac type",,foreign,,218.961,USDA FNDDS (nguồn chính thức),"USDA FoodData Central (FNDDS/WWEIA Survey Foods), fdcId:2708815"
FNDDS-2708829,,"Pasta with sauce, meatless, school lunch",,foreign,,270.5,USDA FNDDS (nguồn chính thức),"USDA FoodData Central (FNDDS/WWEIA Survey Foods), fdcId:2708829"
FNDDS-2708932,,"Macaroni or pasta salad, made with mayonnaise",,foreign,,1523.75,USDA FNDDS (nguồn chính thức),"USDA FoodData Central (FNDDS/WWEIA Survey Foods), fdcId:2708932"
FNDDS-2708933,,"Macaroni or pasta salad, made with light mayonnaise",,foreign,,1543.75,USDA FNDDS (nguồn chính thức),"USDA FoodData Central (FNDDS/WWEIA Survey Foods), fdcId:2708933"
FNDDS-2708934,,"Macaroni or pasta salad, made with mayonnaise-type salad dressing",,foreign,,1538.75,USDA FNDDS (nguồn chính thức),"USDA FoodData Central (FNDDS/WWEIA Survey Foods), fdcId:2708934"
FNDDS-2708935,,"Macaroni or pasta salad, made with light mayonnaise-type salad dressing",,foreign,,1543.75,USDA FNDDS (nguồn chính thức),"USDA FoodData Central (FNDDS/WWEIA Survey Foods), fdcId:2708935"
FNDDS-2708936,,"Macaroni or pasta salad, made with Italian dressing",,foreign,,980.3,USDA FNDDS (nguồn chính thức),"USDA FoodData Central (FNDDS/WWEIA Survey Foods), fdcId:2708936"
FNDDS-2708937,,"Macaroni or pasta salad, made with light Italian dressing",,foreign,,982.8,USDA FNDDS (nguồn chính thức),"USDA FoodData Central (FNDDS/WWEIA Survey Foods), fdcId:2708937"
FNDDS-2708938,,"Macaroni or pasta salad, made with creamy dressing",,foreign,,982.8,USDA FNDDS (nguồn chính thức),"USDA FoodData Central (FNDDS/WWEIA Survey Foods), fdcId:2708938"
FNDDS-2708939,,"Macaroni or pasta salad, made with light creamy dressing",,foreign,,985.3,USDA FNDDS (nguồn chính thức),"USDA FoodData Central (FNDDS/WWEIA Survey Foods), fdcId:2708939"
FNDDS-2708940,,"Macaroni or pasta salad, made with any type of fat free dressing",,foreign,,1559.75,USDA FNDDS (nguồn chính thức),"USDA FoodData Central (FNDDS/WWEIA Survey Foods), fdcId:2708940"
FNDDS-2708941,,Macaroni or pasta salad with egg,,foreign,,1673.75,USDA FNDDS (nguồn chính thức),"USDA FoodData Central (FNDDS/WWEIA Survey Foods), fdcId:2708941"
FNDDS-2708942,,Macaroni or pasta salad with tuna,,foreign,,1799.75,USDA FNDDS (nguồn chính thức),"USDA FoodData Central (FNDDS/WWEIA Survey Foods), fdcId:2708942"
FNDDS-2708943,,Macaroni or pasta salad with crab meat,,foreign,,1793.75,USDA FNDDS (nguồn chính thức),"USDA FoodData Central (FNDDS/WWEIA Survey Foods), fdcId:2708943"
FNDDS-2708944,,Macaroni or pasta salad with shrimp,,foreign,,1793.75,USDA FNDDS (nguồn chính thức),"USDA FoodData Central (FNDDS/WWEIA Survey Foods), fdcId:2708944"
FNDDS-2708945,,Macaroni or pasta salad with tuna and egg,,foreign,,1949.75,USDA FNDDS (nguồn chính thức),"USDA FoodData Central (FNDDS/WWEIA Survey Foods), fdcId:2708945"
FNDDS-2708947,,Macaroni or pasta salad with cheese,,foreign,,1749.75,USDA FNDDS (nguồn chính thức),"USDA FoodData Central (FNDDS/WWEIA Survey Foods), fdcId:2708947"
FNDDS-2708948,,Macaroni or pasta salad with meat,,foreign,,1803.75,USDA FNDDS (nguồn chính thức),"USDA FoodData Central (FNDDS/WWEIA Survey Foods), fdcId:2708948"
FNDDS-2708951,,"Rice, fried, meatless",,foreign,,100,USDA FNDDS (nguồn chính thức),"USDA FoodData Central (FNDDS/WWEIA Survey Foods), fdcId:2708951"
FNDDS-2708952,,"Rice, fried, NFS",,foreign,,100,USDA FNDDS (nguồn chính thức),"USDA FoodData Central (FNDDS/WWEIA Survey Foods), fdcId:2708952"
FNDDS-2708954,,"Rice, fried, with pork",,foreign,,100,USDA FNDDS (nguồn chính thức),"USDA FoodData Central (FNDDS/WWEIA Survey Foods), fdcId:2708954"
FNDDS-2708955,,"Rice, fried, with beef",,foreign,,100,USDA FNDDS (nguồn chính thức),"USDA FoodData Central (FNDDS/WWEIA Survey Foods), fdcId:2708955"
FNDDS-2708956,,"Rice, fried, with shrimp",,foreign,,100,USDA FNDDS (nguồn chính thức),"USDA FoodData Central (FNDDS/WWEIA Survey Foods), fdcId:2708956"
FNDDS-2708959,,"Sushi, NFS",,foreign,,426.108,USDA FNDDS (nguồn chính thức),"USDA FoodData Central (FNDDS/WWEIA Survey Foods), fdcId:2708959"
FNDDS-2708960,,"Sushi roll, avocado",,foreign,,392.108,USDA FNDDS (nguồn chính thức),"USDA FoodData Central (FNDDS/WWEIA Survey Foods), fdcId:2708960"
FNDDS-2708961,,"Sushi roll, California",,foreign,,426.108,USDA FNDDS (nguồn chính thức),"USDA FoodData Central (FNDDS/WWEIA Survey Foods), fdcId:2708961"
FNDDS-2708962,,"Sushi roll, eel",,foreign,,426.108,USDA FNDDS (nguồn chính thức),"USDA FoodData Central (FNDDS/WWEIA Survey Foods), fdcId:2708962"
FNDDS-2708963,,"Sushi roll, salmon",,foreign,,426.108,USDA FNDDS (nguồn chính thức),"USDA FoodData Central (FNDDS/WWEIA Survey Foods), fdcId:2708963"
FNDDS-2708964,,"Sushi roll, shrimp",,foreign,,426.108,USDA FNDDS (nguồn chính thức),"USDA FoodData Central (FNDDS/WWEIA Survey Foods), fdcId:2708964"
FNDDS-2708965,,Sushi roll tuna,,foreign,,426.108,USDA FNDDS (nguồn chính thức),"USDA FoodData Central (FNDDS/WWEIA Survey Foods), fdcId:2708965"
FNDDS-2708966,,"Sushi roll, vegetable",,foreign,,392.108,USDA FNDDS (nguồn chính thức),"USDA FoodData Central (FNDDS/WWEIA Survey Foods), fdcId:2708966"
FNDDS-2708967,,"Sushi, topped with crab",,foreign,,484.908,USDA FNDDS (nguồn chính thức),"USDA FoodData Central (FNDDS/WWEIA Survey Foods), fdcId:2708967"
FNDDS-2708968,,"Sushi, topped with eel",,foreign,,484.908,USDA FNDDS (nguồn chính thức),"USDA FoodData Central (FNDDS/WWEIA Survey Foods), fdcId:2708968"
FNDDS-2708969,,"Sushi, topped with salmon",,foreign,,484.908,USDA FNDDS (nguồn chính thức),"USDA FoodData Central (FNDDS/WWEIA Survey Foods), fdcId:2708969"
FNDDS-2708970,,"Sushi, topped with shrimp",,foreign,,484.908,USDA FNDDS (nguồn chính thức),"USDA FoodData Central (FNDDS/WWEIA Survey Foods), fdcId:2708970"
FNDDS-2708971,,"Sushi, topped with tuna",,foreign,,484.908,USDA FNDDS (nguồn chính thức),"USDA FoodData Central (FNDDS/WWEIA Survey Foods), fdcId:2708971"
FNDDS-2708997,,"Rice, white, with corn, no added fat",,foreign,,214.002,USDA FNDDS (nguồn chính thức),"USDA FoodData Central (FNDDS/WWEIA Survey Foods), fdcId:2708997"
FNDDS-2709000,,"Rice, white, with peas, no added fat",,foreign,,212.002,USDA FNDDS (nguồn chính thức),"USDA FoodData Central (FNDDS/WWEIA Survey Foods), fdcId:2709000"
FNDDS-2709003,,"Rice, white, with carrots, no added fat",,foreign,,210.684,USDA FNDDS (nguồn chính thức),"USDA FoodData Central (FNDDS/WWEIA Survey Foods), fdcId:2709003"
FNDDS-2709009,,"Rice, white, with tomatoes and/or tomato-based sauce, no added fat",,foreign,,238.922,USDA FNDDS (nguồn chính thức),"USDA FoodData Central (FNDDS/WWEIA Survey Foods), fdcId:2709009"
FNDDS-2709015,,"Rice, white, with carrots and tomatoes and/or tomato-based sauce, no added fat",,foreign,,225.056,USDA FNDDS (nguồn chính thức),"USDA FoodData Central (FNDDS/WWEIA Survey Foods), fdcId:2709015"
FNDDS-2709032,,"Rice, cooked with coconut milk",,foreign,,1364.5,USDA FNDDS (nguồn chính thức),"USDA FoodData Central (FNDDS/WWEIA Survey Foods), fdcId:2709032"
FNDDS-2709038,,"Rice, brown, with corn, no added fat",,foreign,,251.002,USDA FNDDS (nguồn chính thức),"USDA FoodData Central (FNDDS/WWEIA Survey Foods), fdcId:2709038"
FNDDS-2709041,,"Rice, brown, with peas, no added fat",,foreign,,249.002,USDA FNDDS (nguồn chính thức),"USDA FoodData Central (FNDDS/WWEIA Survey Foods), fdcId:2709041"
FNDDS-2709044,,"Rice, brown, with carrots, no added fat",,foreign,,248.028,USDA FNDDS (nguồn chính thức),"USDA FoodData Central (FNDDS/WWEIA Survey Foods), fdcId:2709044"
FNDDS-2709050,,"Rice, brown, with tomatoes and/or tomato based sauce, no added fat",,foreign,,275.922,USDA FNDDS (nguồn chính thức),"USDA FoodData Central (FNDDS/WWEIA Survey Foods), fdcId:2709050"
FNDDS-2709056,,"Rice, brown, with carrots and tomatoes and/or tomato-based sauce, no added fat",,foreign,,262.056,USDA FNDDS (nguồn chính thức),"USDA FoodData Central (FNDDS/WWEIA Survey Foods), fdcId:2709056"
FNDDS-2709071,,Rice croquette,,foreign,,564.325,USDA FNDDS (nguồn chính thức),"USDA FoodData Central (FNDDS/WWEIA Survey Foods), fdcId:2709071"
FNDDS-2709080,,Flavored rice mixture with cheese,,foreign,,167,USDA FNDDS (nguồn chính thức),"USDA FoodData Central (FNDDS/WWEIA Survey Foods), fdcId:2709080"
FNDDS-2709084,,"Spanish rice, from restaurant",,foreign,,100,USDA FNDDS (nguồn chính thức),"USDA FoodData Central (FNDDS/WWEIA Survey Foods), fdcId:2709084"
FNDDS-2709091,,Rice dessert or salad with fruit,,foreign,,1189.8,USDA FNDDS (nguồn chính thức),"USDA FoodData Central (FNDDS/WWEIA Survey Foods), fdcId:2709091"
FNDDS-2709093,,"Rice, white, with cheese and/or cream based sauce, no added fat",,foreign,,239.992,USDA FNDDS (nguồn chính thức),"USDA FoodData Central (FNDDS/WWEIA Survey Foods), fdcId:2709093"
FNDDS-2709096,,"Rice, white, with gravy, no added fat",,foreign,,238.922,USDA FNDDS (nguồn chính thức),"USDA FoodData Central (FNDDS/WWEIA Survey Foods), fdcId:2709096"
FNDDS-2709102,,"Rice, brown, with cheese and/or cream based sauce, no added fat",,foreign,,276.992,USDA FNDDS (nguồn chính thức),"USDA FoodData Central (FNDDS/WWEIA Survey Foods), fdcId:2709102"
FNDDS-2709105,,"Rice, brown, with gravy, no added fat",,foreign,,275.922,USDA FNDDS (nguồn chính thức),"USDA FoodData Central (FNDDS/WWEIA Survey Foods), fdcId:2709105"
FNDDS-2709111,,"Rice, white, with vegetables, cheese and/or cream based sauce, no added fat",,foreign,,300.689,USDA FNDDS (nguồn chính thức),"USDA FoodData Central (FNDDS/WWEIA Survey Foods), fdcId:2709111"
FNDDS-2709114,,"Rice, white, with vegetables and gravy, no added fat",,foreign,,299.619,USDA FNDDS (nguồn chính thức),"USDA FoodData Central (FNDDS/WWEIA Survey Foods), fdcId:2709114"
FNDDS-2709120,,"Rice, brown, with vegetables, cheese and/or cream based sauce, no added fat",,foreign,,337.689,USDA FNDDS (nguồn chính thức),"USDA FoodData Central (FNDDS/WWEIA Survey Foods), fdcId:2709120"
FNDDS-2709123,,"Rice, brown, with vegetables and gravy, no added fat",,foreign,,336.619,USDA FNDDS (nguồn chính thức),"USDA FoodData Central (FNDDS/WWEIA Survey Foods), fdcId:2709123"
FNDDS-2709137,,"Jelly sandwich, NFS",,foreign,,100,USDA FNDDS (nguồn chính thức),"USDA FoodData Central (FNDDS/WWEIA Survey Foods), fdcId:2709137"
FNDDS-2709138,,"Jelly sandwich, on white bread",,foreign,,100,USDA FNDDS (nguồn chính thức),"USDA FoodData Central (FNDDS/WWEIA Survey Foods), fdcId:2709138"
FNDDS-2709143,,"Pancakes and sausage, frozen meal",,foreign,,169.3,USDA FNDDS (nguồn chính thức),"USDA FoodData Central (FNDDS/WWEIA Survey Foods), fdcId:2709143"
FNDDS-2709152,,"Soup, ramen noodles, water added",,foreign,,100,USDA FNDDS (nguồn chính thức),"USDA FoodData Central (FNDDS/WWEIA Survey Foods), fdcId:2709152"
FNDDS-2709164,,"Clementine, raw",,foreign,,100,USDA FNDDS (nguồn chính thức),"USDA FoodData Central (FNDDS/WWEIA Survey Foods), fdcId:2709164"
FNDDS-2709165,,"Grapefruit, raw",,foreign,,100,USDA FNDDS (nguồn chính thức),"USDA FoodData Central (FNDDS/WWEIA Survey Foods), fdcId:2709165"
FNDDS-2709166,,"Grapefruit, canned",,foreign,,100,USDA FNDDS (nguồn chính thức),"USDA FoodData Central (FNDDS/WWEIA Survey Foods), fdcId:2709166"
FNDDS-2709167,,"Kumquat, raw",,foreign,,100,USDA FNDDS (nguồn chính thức),"USDA FoodData Central (FNDDS/WWEIA Survey Foods), fdcId:2709167"
FNDDS-2709168,,"Lemon, raw",,foreign,,100,USDA FNDDS (nguồn chính thức),"USDA FoodData Central (FNDDS/WWEIA Survey Foods), fdcId:2709168"
FNDDS-2709170,,"Lime, raw",,foreign,,100,USDA FNDDS (nguồn chính thức),"USDA FoodData Central (FNDDS/WWEIA Survey Foods), fdcId:2709170"
FNDDS-2709171,,"Orange, raw",,foreign,,100,USDA FNDDS (nguồn chính thức),"USDA FoodData Central (FNDDS/WWEIA Survey Foods), fdcId:2709171"
FNDDS-2709173,,"Orange, canned, juice pack",,foreign,,100,USDA FNDDS (nguồn chính thức),"USDA FoodData Central (FNDDS/WWEIA Survey Foods), fdcId:2709173"
FNDDS-2709174,,"Orange, canned, in syrup",,foreign,,100,USDA FNDDS (nguồn chính thức),"USDA FoodData Central (FNDDS/WWEIA Survey Foods), fdcId:2709174"
FNDDS-2709175,,"Tangerine, raw",,foreign,,100,USDA FNDDS (nguồn chính thức),"USDA FoodData Central (FNDDS/WWEIA Survey Foods), fdcId:2709175"
FNDDS-2709176,,"Grapefruit juice, 100%, freshly squeezed",,foreign,,100,USDA FNDDS (nguồn chính thức),"USDA FoodData Central (FNDDS/WWEIA Survey Foods), fdcId:2709176"
FNDDS-2709179,,"Grapefruit juice, 100%, with calcium added",,foreign,,100,USDA FNDDS (nguồn chính thức),"USDA FoodData Central (FNDDS/WWEIA Survey Foods), fdcId:2709179"
FNDDS-2709180,,"Lemon juice, 100%, NS as to form",,foreign,,100,USDA FNDDS (nguồn chính thức),"USDA FoodData Central (FNDDS/WWEIA Survey Foods), fdcId:2709180"
FNDDS-2709181,,"Lemon juice, 100%, freshly squeezed",,foreign,,100,USDA FNDDS (nguồn chính thức),"USDA FoodData Central (FNDDS/WWEIA Survey Foods), fdcId:2709181"
FNDDS-2709182,,"Lemon juice, 100%, canned or bottled",,foreign,,100,USDA FNDDS (nguồn chính thức),"USDA FoodData Central (FNDDS/WWEIA Survey Foods), fdcId:2709182"
FNDDS-2709183,,"Lime juice, 100%, NS as to form",,foreign,,100,USDA FNDDS (nguồn chính thức),"USDA FoodData Central (FNDDS/WWEIA Survey Foods), fdcId:2709183"
FNDDS-2709184,,"Lime juice, 100%, freshly squeezed",,foreign,,100,USDA FNDDS (nguồn chính thức),"USDA FoodData Central (FNDDS/WWEIA Survey Foods), fdcId:2709184"
FNDDS-2709185,,"Lime juice, 100%, canned or bottled",,foreign,,100,USDA FNDDS (nguồn chính thức),"USDA FoodData Central (FNDDS/WWEIA Survey Foods), fdcId:2709185"
FNDDS-2709187,,"Orange juice, 100%,  freshly squeezed",,foreign,,100,USDA FNDDS (nguồn chính thức),"USDA FoodData Central (FNDDS/WWEIA Survey Foods), fdcId:2709187"
FNDDS-2709188,,"Orange juice, 100%, canned, bottled or in a carton",,foreign,,100,USDA FNDDS (nguồn chính thức),"USDA FoodData Central (FNDDS/WWEIA Survey Foods), fdcId:2709188"
FNDDS-2709190,,"Orange juice, 100%, frozen, reconstituted",,foreign,,1492.5,USDA FNDDS (nguồn chính thức),"USDA FoodData Central (FNDDS/WWEIA Survey Foods), fdcId:2709190"
FNDDS-2709191,,"Orange juice, 100%, frozen, not reconstituted",,foreign,,100,USDA FNDDS (nguồn chính thức),"USDA FoodData Central (FNDDS/WWEIA Survey Foods), fdcId:2709191"
FNDDS-2709192,,"Orange juice, 100%, with calcium added, frozen, reconstituted",,foreign,,1491.6,USDA FNDDS (nguồn chính thức),"USDA FoodData Central (FNDDS/WWEIA Survey Foods), fdcId:2709192"
FNDDS-2709193,,"Tangerine juice, 100%",,foreign,,100,USDA FNDDS (nguồn chính thức),"USDA FoodData Central (FNDDS/WWEIA Survey Foods), fdcId:2709193"
FNDDS-2709195,,"Dried, fruit, NFS",,foreign,,100,USDA FNDDS (nguồn chính thức),"USDA FoodData Central (FNDDS/WWEIA Survey Foods), fdcId:2709195"
FNDDS-2709196,,"Apple, dried",,foreign,,100,USDA FNDDS (nguồn chính thức),"USDA FoodData Central (FNDDS/WWEIA Survey Foods), fdcId:2709196"
FNDDS-2709197,,"Apricot, dried",,foreign,,100,USDA FNDDS (nguồn chính thức),"USDA FoodData Central (FNDDS/WWEIA Survey Foods), fdcId:2709197"
FNDDS-2709198,,"Blueberries, dried",,foreign,,100,USDA FNDDS (nguồn chính thức),"USDA FoodData Central (FNDDS/WWEIA Survey Foods), fdcId:2709198"
FNDDS-2709199,,"Cherries, dried",,foreign,,100,USDA FNDDS (nguồn chính thức),"USDA FoodData Central (FNDDS/WWEIA Survey Foods), fdcId:2709199"
FNDDS-2709200,,Banana chips,,foreign,,100,USDA FNDDS (nguồn chính thức),"USDA FoodData Central (FNDDS/WWEIA Survey Foods), fdcId:2709200"
FNDDS-2709201,,"Currants, dried",,foreign,,100,USDA FNDDS (nguồn chính thức),"USDA FoodData Central (FNDDS/WWEIA Survey Foods), fdcId:2709201"
FNDDS-2709202,,"Cranberries, dried",,foreign,,100,USDA FNDDS (nguồn chính thức),"USDA FoodData Central (FNDDS/WWEIA Survey Foods), fdcId:2709202"
FNDDS-2709203,,Date,,foreign,,100,USDA FNDDS (nguồn chính thức),"USDA FoodData Central (FNDDS/WWEIA Survey Foods), fdcId:2709203"
FNDDS-2709204,,"Fig, dried",,foreign,,100,USDA FNDDS (nguồn chính thức),"USDA FoodData Central (FNDDS/WWEIA Survey Foods), fdcId:2709204"
FNDDS-2709205,,"Mango, dried",,foreign,,100,USDA FNDDS (nguồn chính thức),"USDA FoodData Central (FNDDS/WWEIA Survey Foods), fdcId:2709205"
FNDDS-2709206,,"Papaya, dried",,foreign,,100,USDA FNDDS (nguồn chính thức),"USDA FoodData Central (FNDDS/WWEIA Survey Foods), fdcId:2709206"
FNDDS-2709207,,"Peach, dried",,foreign,,100,USDA FNDDS (nguồn chính thức),"USDA FoodData Central (FNDDS/WWEIA Survey Foods), fdcId:2709207"
FNDDS-2709208,,"Pear, dried",,foreign,,100,USDA FNDDS (nguồn chính thức),"USDA FoodData Central (FNDDS/WWEIA Survey Foods), fdcId:2709208"
FNDDS-2709209,,"Persimmon, dried",,foreign,,100,USDA FNDDS (nguồn chính thức),"USDA FoodData Central (FNDDS/WWEIA Survey Foods), fdcId:2709209"
FNDDS-2709210,,"Pineapple, dried",,foreign,,100,USDA FNDDS (nguồn chính thức),"USDA FoodData Central (FNDDS/WWEIA Survey Foods), fdcId:2709210"
FNDDS-2709211,,"Prune, dried",,foreign,,100,USDA FNDDS (nguồn chính thức),"USDA FoodData Central (FNDDS/WWEIA Survey Foods), fdcId:2709211"
FNDDS-2709212,,Raisins,,foreign,,100,USDA FNDDS (nguồn chính thức),"USDA FoodData Central (FNDDS/WWEIA Survey Foods), fdcId:2709212"
FNDDS-2709214,,"Fruit, pickled",,foreign,,101.5,USDA FNDDS (nguồn chính thức),"USDA FoodData Central (FNDDS/WWEIA Survey Foods), fdcId:2709214"
FNDDS-2709215,,"Apple, raw",,foreign,,100,USDA FNDDS (nguồn chính thức),"USDA FoodData Central (FNDDS/WWEIA Survey Foods), fdcId:2709215"
FNDDS-2709216,,"Applesauce, regular",,foreign,,107,USDA FNDDS (nguồn chính thức),"USDA FoodData Central (FNDDS/WWEIA Survey Foods), fdcId:2709216"
FNDDS-2709217,,"Applesauce, unsweetened",,foreign,,100,USDA FNDDS (nguồn chính thức),"USDA FoodData Central (FNDDS/WWEIA Survey Foods), fdcId:2709217"
FNDDS-2709218,,"Applesauce, flavored",,foreign,,107,USDA FNDDS (nguồn chính thức),"USDA FoodData Central (FNDDS/WWEIA Survey Foods), fdcId:2709218"
FNDDS-2709219,,Apple pie filling,,foreign,,100,USDA FNDDS (nguồn chính thức),"USDA FoodData Central (FNDDS/WWEIA Survey Foods), fdcId:2709219"
FNDDS-2709220,,"Apple, baked",,foreign,,100,USDA FNDDS (nguồn chính thức),"USDA FoodData Central (FNDDS/WWEIA Survey Foods), fdcId:2709220"
FNDDS-2709221,,"Apricot, raw",,foreign,,100,USDA FNDDS (nguồn chính thức),"USDA FoodData Central (FNDDS/WWEIA Survey Foods), fdcId:2709221"
FNDDS-2709222,,"Apricot, canned",,foreign,,100,USDA FNDDS (nguồn chính thức),"USDA FoodData Central (FNDDS/WWEIA Survey Foods), fdcId:2709222"
FNDDS-2709223,,"Avocado, raw",,foreign,,100,USDA FNDDS (nguồn chính thức),"USDA FoodData Central (FNDDS/WWEIA Survey Foods), fdcId:2709223"
FNDDS-2709225,,"Banana, baked",,foreign,,100,USDA FNDDS (nguồn chính thức),"USDA FoodData Central (FNDDS/WWEIA Survey Foods), fdcId:2709225"
FNDDS-2709226,,"Cantaloupe, raw",,foreign,,100,USDA FNDDS (nguồn chính thức),"USDA FoodData Central (FNDDS/WWEIA Survey Foods), fdcId:2709226"
FNDDS-2709227,,"Melon, frozen",,foreign,,99,USDA FNDDS (nguồn chính thức),"USDA FoodData Central (FNDDS/WWEIA Survey Foods), fdcId:2709227"
FNDDS-2709228,,"Starfruit, raw",,foreign,,100,USDA FNDDS (nguồn chính thức),"USDA FoodData Central (FNDDS/WWEIA Survey Foods), fdcId:2709228"
FNDDS-2709229,,"Cherries, maraschino",,foreign,,100,USDA FNDDS (nguồn chính thức),"USDA FoodData Central (FNDDS/WWEIA Survey Foods), fdcId:2709229"
FNDDS-2709230,,Cherry pie filling,,foreign,,740.138,USDA FNDDS (nguồn chính thức),"USDA FoodData Central (FNDDS/WWEIA Survey Foods), fdcId:2709230"
FNDDS-2709231,,"Cherries, raw",,foreign,,100,USDA FNDDS (nguồn chính thức),"USDA FoodData Central (FNDDS/WWEIA Survey Foods), fdcId:2709231"
FNDDS-2709232,,"Cherries, canned",,foreign,,100,USDA FNDDS (nguồn chính thức),"USDA FoodData Central (FNDDS/WWEIA Survey Foods), fdcId:2709232"
FNDDS-2709233,,"Cherries, frozen",,foreign,,100,USDA FNDDS (nguồn chính thức),"USDA FoodData Central (FNDDS/WWEIA Survey Foods), fdcId:2709233"
FNDDS-2709235,,"Fig, raw",,foreign,,100,USDA FNDDS (nguồn chính thức),"USDA FoodData Central (FNDDS/WWEIA Survey Foods), fdcId:2709235"
FNDDS-2709236,,"Fig, canned",,foreign,,100,USDA FNDDS (nguồn chính thức),"USDA FoodData Central (FNDDS/WWEIA Survey Foods), fdcId:2709236"
FNDDS-2709238,,"Guava, raw",,foreign,,100,USDA FNDDS (nguồn chính thức),"USDA FoodData Central (FNDDS/WWEIA Survey Foods), fdcId:2709238"
FNDDS-2709239,,"Kiwi fruit, raw",,foreign,,100,USDA FNDDS (nguồn chính thức),"USDA FoodData Central (FNDDS/WWEIA Survey Foods), fdcId:2709239"
FNDDS-2709240,,Lychee,,foreign,,100,USDA FNDDS (nguồn chính thức),"USDA FoodData Central (FNDDS/WWEIA Survey Foods), fdcId:2709240"
FNDDS-2709241,,"Honeydew melon, raw",,foreign,,100,USDA FNDDS (nguồn chính thức),"USDA FoodData Central (FNDDS/WWEIA Survey Foods), fdcId:2709241"
FNDDS-2709242,,"Mango, raw",,foreign,,100,USDA FNDDS (nguồn chính thức),"USDA FoodData Central (FNDDS/WWEIA Survey Foods), fdcId:2709242"
FNDDS-2709243,,"Mango, canned",,foreign,,100,USDA FNDDS (nguồn chính thức),"USDA FoodData Central (FNDDS/WWEIA Survey Foods), fdcId:2709243"
FNDDS-2709244,,"Mango, frozen",,foreign,,100,USDA FNDDS (nguồn chính thức),"USDA FoodData Central (FNDDS/WWEIA Survey Foods), fdcId:2709244"
FNDDS-2709245,,"Nectarine, raw",,foreign,,100,USDA FNDDS (nguồn chính thức),"USDA FoodData Central (FNDDS/WWEIA Survey Foods), fdcId:2709245"
FNDDS-2709246,,"Papaya, raw",,foreign,,100,USDA FNDDS (nguồn chính thức),"USDA FoodData Central (FNDDS/WWEIA Survey Foods), fdcId:2709246"
FNDDS-2709247,,"Papaya, canned",,foreign,,100,USDA FNDDS (nguồn chính thức),"USDA FoodData Central (FNDDS/WWEIA Survey Foods), fdcId:2709247"
FNDDS-2709248,,"Passion fruit, raw",,foreign,,100,USDA FNDDS (nguồn chính thức),"USDA FoodData Central (FNDDS/WWEIA Survey Foods), fdcId:2709248"
FNDDS-2709249,,"Peach, raw",,foreign,,100,USDA FNDDS (nguồn chính thức),"USDA FoodData Central (FNDDS/WWEIA Survey Foods), fdcId:2709249"
FNDDS-2709251,,"Peach, canned, in syrup",,foreign,,100,USDA FNDDS (nguồn chính thức),"USDA FoodData Central (FNDDS/WWEIA Survey Foods), fdcId:2709251"
FNDDS-2709252,,"Peach, canned, juice pack",,foreign,,100,USDA FNDDS (nguồn chính thức),"USDA FoodData Central (FNDDS/WWEIA Survey Foods), fdcId:2709252"
FNDDS-2709253,,"Peach, frozen",,foreign,,100,USDA FNDDS (nguồn chính thức),"USDA FoodData Central (FNDDS/WWEIA Survey Foods), fdcId:2709253"
FNDDS-2709254,,"Pear, raw",,foreign,,100,USDA FNDDS (nguồn chính thức),"USDA FoodData Central (FNDDS/WWEIA Survey Foods), fdcId:2709254"
FNDDS-2709255,,"Pear, Asian, raw",,foreign,,100,USDA FNDDS (nguồn chính thức),"USDA FoodData Central (FNDDS/WWEIA Survey Foods), fdcId:2709255"
FNDDS-2709257,,"Pear, canned, in syrup",,foreign,,100,USDA FNDDS (nguồn chính thức),"USDA FoodData Central (FNDDS/WWEIA Survey Foods), fdcId:2709257"
FNDDS-2709258,,"Pear, canned, juice pack",,foreign,,100,USDA FNDDS (nguồn chính thức),"USDA FoodData Central (FNDDS/WWEIA Survey Foods), fdcId:2709258"
FNDDS-2709259,,"Persimmon, raw",,foreign,,100,USDA FNDDS (nguồn chính thức),"USDA FoodData Central (FNDDS/WWEIA Survey Foods), fdcId:2709259"
FNDDS-2709260,,"Pineapple, raw",,foreign,,100,USDA FNDDS (nguồn chính thức),"USDA FoodData Central (FNDDS/WWEIA Survey Foods), fdcId:2709260"
FNDDS-2709262,,"Pineapple, canned, in syrup",,foreign,,100,USDA FNDDS (nguồn chính thức),"USDA FoodData Central (FNDDS/WWEIA Survey Foods), fdcId:2709262"
FNDDS-2709263,,"Pineapple, canned, juice pack",,foreign,,100,USDA FNDDS (nguồn chính thức),"USDA FoodData Central (FNDDS/WWEIA Survey Foods), fdcId:2709263"
FNDDS-2709264,,"Pineapple, frozen",,foreign,,100,USDA FNDDS (nguồn chính thức),"USDA FoodData Central (FNDDS/WWEIA Survey Foods), fdcId:2709264"
FNDDS-2709265,,"Plum, raw",,foreign,,100,USDA FNDDS (nguồn chính thức),"USDA FoodData Central (FNDDS/WWEIA Survey Foods), fdcId:2709265"
FNDDS-2709266,,"Plum, canned",,foreign,,100,USDA FNDDS (nguồn chính thức),"USDA FoodData Central (FNDDS/WWEIA Survey Foods), fdcId:2709266"
FNDDS-2709267,,"Pomegranate, raw",,foreign,,100,USDA FNDDS (nguồn chính thức),"USDA FoodData Central (FNDDS/WWEIA Survey Foods), fdcId:2709267"
FNDDS-2709268,,Rhubarb,,foreign,,120,USDA FNDDS (nguồn chính thức),"USDA FoodData Central (FNDDS/WWEIA Survey Foods), fdcId:2709268"
FNDDS-2709269,,Tamarind,,foreign,,100,USDA FNDDS (nguồn chính thức),"USDA FoodData Central (FNDDS/WWEIA Survey Foods), fdcId:2709269"
FNDDS-2709270,,"Watermelon, raw",,foreign,,100,USDA FNDDS (nguồn chính thức),"USDA FoodData Central (FNDDS/WWEIA Survey Foods), fdcId:2709270"
FNDDS-2709271,,"Berries, NFS",,foreign,,100,USDA FNDDS (nguồn chính thức),"USDA FoodData Central (FNDDS/WWEIA Survey Foods), fdcId:2709271"
FNDDS-2709272,,"Berries, frozen",,foreign,,100,USDA FNDDS (nguồn chính thức),"USDA FoodData Central (FNDDS/WWEIA Survey Foods), fdcId:2709272"
FNDDS-2709273,,"Blackberries, raw",,foreign,,100,USDA FNDDS (nguồn chính thức),"USDA FoodData Central (FNDDS/WWEIA Survey Foods), fdcId:2709273"
FNDDS-2709274,,"Blackberries, frozen",,foreign,,100,USDA FNDDS (nguồn chính thức),"USDA FoodData Central (FNDDS/WWEIA Survey Foods), fdcId:2709274"
FNDDS-2709275,,"Blueberries, raw",,foreign,,100,USDA FNDDS (nguồn chính thức),"USDA FoodData Central (FNDDS/WWEIA Survey Foods), fdcId:2709275"
FNDDS-2709276,,"Bluberries, canned",,foreign,,100,USDA FNDDS (nguồn chính thức),"USDA FoodData Central (FNDDS/WWEIA Survey Foods), fdcId:2709276"
FNDDS-2709277,,"Blueberries, frozen",,foreign,,100,USDA FNDDS (nguồn chính thức),"USDA FoodData Central (FNDDS/WWEIA Survey Foods), fdcId:2709277"
FNDDS-2709278,,Blueberry pie filling,,foreign,,100,USDA FNDDS (nguồn chính thức),"USDA FoodData Central (FNDDS/WWEIA Survey Foods), fdcId:2709278"
FNDDS-2709279,,"Cranberries, raw",,foreign,,100,USDA FNDDS (nguồn chính thức),"USDA FoodData Central (FNDDS/WWEIA Survey Foods), fdcId:2709279"
FNDDS-2709280,,Cranberry sauce,,foreign,,100,USDA FNDDS (nguồn chính thức),"USDA FoodData Central (FNDDS/WWEIA Survey Foods), fdcId:2709280"
FNDDS-2709281,,"Raspberries, raw",,foreign,,100,USDA FNDDS (nguồn chính thức),"USDA FoodData Central (FNDDS/WWEIA Survey Foods), fdcId:2709281"
FNDDS-2709282,,"Raspberries, frozen",,foreign,,100,USDA FNDDS (nguồn chính thức),"USDA FoodData Central (FNDDS/WWEIA Survey Foods), fdcId:2709282"
FNDDS-2709283,,"Strawberries, raw",,foreign,,100,USDA FNDDS (nguồn chính thức),"USDA FoodData Central (FNDDS/WWEIA Survey Foods), fdcId:2709283"
FNDDS-2709284,,"Strawberries, canned",,foreign,,100,USDA FNDDS (nguồn chính thức),"USDA FoodData Central (FNDDS/WWEIA Survey Foods), fdcId:2709284"
FNDDS-2709285,,"Strawberries, frozen",,foreign,,100,USDA FNDDS (nguồn chính thức),"USDA FoodData Central (FNDDS/WWEIA Survey Foods), fdcId:2709285"
FNDDS-2709286,,Ambrosia,,foreign,,1662.5,USDA FNDDS (nguồn chính thức),"USDA FoodData Central (FNDDS/WWEIA Survey Foods), fdcId:2709286"
FNDDS-2709290,,"Fruit cocktail, canned, in syrup",,foreign,,100,USDA FNDDS (nguồn chính thức),"USDA FoodData Central (FNDDS/WWEIA Survey Foods), fdcId:2709290"
FNDDS-2709291,,"Fruit cocktail, canned, juice pack",,foreign,,100,USDA FNDDS (nguồn chính thức),"USDA FoodData Central (FNDDS/WWEIA Survey Foods), fdcId:2709291"
FNDDS-2709292,,"Fruit mixture, frozen",,foreign,,100,USDA FNDDS (nguồn chính thức),"USDA FoodData Central (FNDDS/WWEIA Survey Foods), fdcId:2709292"
FNDDS-2709294,,"Apple, candied",,foreign,,100,USDA FNDDS (nguồn chính thức),"USDA FoodData Central (FNDDS/WWEIA Survey Foods), fdcId:2709294"
FNDDS-2709295,,"Fruit, chocolate covered",,foreign,,579.6,USDA FNDDS (nguồn chính thức),"USDA FoodData Central (FNDDS/WWEIA Survey Foods), fdcId:2709295"
FNDDS-2709306,,Lime souffle,,foreign,,513.5,USDA FNDDS (nguồn chính thức),"USDA FoodData Central (FNDDS/WWEIA Survey Foods), fdcId:2709306"
FNDDS-2709307,,"Guacamole, NFS",,foreign,,413.6,USDA FNDDS (nguồn chính thức),"USDA FoodData Central (FNDDS/WWEIA Survey Foods), fdcId:2709307"
FNDDS-2709308,,Guacamole with tomatoes,,foreign,,448.6,USDA FNDDS (nguồn chính thức),"USDA FoodData Central (FNDDS/WWEIA Survey Foods), fdcId:2709308"
FNDDS-2709309,,Chutney,,foreign,,100,USDA FNDDS (nguồn chính thức),"USDA FoodData Central (FNDDS/WWEIA Survey Foods), fdcId:2709309"
FNDDS-2709310,,Pineapple salad with dressing,,foreign,,183.75,USDA FNDDS (nguồn chính thức),"USDA FoodData Central (FNDDS/WWEIA Survey Foods), fdcId:2709310"
FNDDS-2709312,,Frozen fruit juice bar,,foreign,,105,USDA FNDDS (nguồn chính thức),"USDA FoodData Central (FNDDS/WWEIA Survey Foods), fdcId:2709312"
FNDDS-2709313,,"Frozen fruit juice bar, no sugar added",,foreign,,100,USDA FNDDS (nguồn chính thức),"USDA FoodData Central (FNDDS/WWEIA Survey Foods), fdcId:2709313"
FNDDS-2709314,,Sorbet,,foreign,,101,USDA FNDDS (nguồn chính thức),"USDA FoodData Central (FNDDS/WWEIA Survey Foods), fdcId:2709314"
FNDDS-2709316,,"Fruit juice blend, 100% juice",,foreign,,100,USDA FNDDS (nguồn chính thức),"USDA FoodData Central (FNDDS/WWEIA Survey Foods), fdcId:2709316"
FNDDS-2709317,,"Cranberry juice blend, 100% juice",,foreign,,100,USDA FNDDS (nguồn chính thức),"USDA FoodData Central (FNDDS/WWEIA Survey Foods), fdcId:2709317"
FNDDS-2709318,,"Cranberry juice blend, 100% juice, with calcium added",,foreign,,100,USDA FNDDS (nguồn chính thức),"USDA FoodData Central (FNDDS/WWEIA Survey Foods), fdcId:2709318"
FNDDS-2709319,,Apple cider,,foreign,,100,USDA FNDDS (nguồn chính thức),"USDA FoodData Central (FNDDS/WWEIA Survey Foods), fdcId:2709319"
FNDDS-2709320,,"Apple juice, 100%",,foreign,,100,USDA FNDDS (nguồn chính thức),"USDA FoodData Central (FNDDS/WWEIA Survey Foods), fdcId:2709320"
FNDDS-2709321,,"Apple juice, 100%, with calcium added",,foreign,,100,USDA FNDDS (nguồn chính thức),"USDA FoodData Central (FNDDS/WWEIA Survey Foods), fdcId:2709321"
FNDDS-2709322,,"Blackberry juice, 100%",,foreign,,100,USDA FNDDS (nguồn chính thức),"USDA FoodData Central (FNDDS/WWEIA Survey Foods), fdcId:2709322"
FNDDS-2709323,,Blueberry juice,,foreign,,100,USDA FNDDS (nguồn chính thức),"USDA FoodData Central (FNDDS/WWEIA Survey Foods), fdcId:2709323"
FNDDS-2709324,,"Cranberry juice, 100%, not a blend",,foreign,,100,USDA FNDDS (nguồn chính thức),"USDA FoodData Central (FNDDS/WWEIA Survey Foods), fdcId:2709324"
FNDDS-2709326,,"Grape juice, 100%, with calcium added",,foreign,,100,USDA FNDDS (nguồn chính thức),"USDA FoodData Central (FNDDS/WWEIA Survey Foods), fdcId:2709326"
FNDDS-2709327,,"Papaya juice, 100%",,foreign,,100,USDA FNDDS (nguồn chính thức),"USDA FoodData Central (FNDDS/WWEIA Survey Foods), fdcId:2709327"
FNDDS-2709328,,"Passion fruit juice, 100%",,foreign,,100,USDA FNDDS (nguồn chính thức),"USDA FoodData Central (FNDDS/WWEIA Survey Foods), fdcId:2709328"
FNDDS-2709329,,"Pineapple juice, 100%",,foreign,,100,USDA FNDDS (nguồn chính thức),"USDA FoodData Central (FNDDS/WWEIA Survey Foods), fdcId:2709329"
FNDDS-2709330,,"Pomegranate juice, 100%",,foreign,,100,USDA FNDDS (nguồn chính thức),"USDA FoodData Central (FNDDS/WWEIA Survey Foods), fdcId:2709330"
FNDDS-2709331,,"Prune juice, 100%",,foreign,,100,USDA FNDDS (nguồn chính thức),"USDA FoodData Central (FNDDS/WWEIA Survey Foods), fdcId:2709331"
FNDDS-2709332,,"Strawberry juice, 100%",,foreign,,100,USDA FNDDS (nguồn chính thức),"USDA FoodData Central (FNDDS/WWEIA Survey Foods), fdcId:2709332"
FNDDS-2709333,,"Watermelon juice, 100%",,foreign,,100,USDA FNDDS (nguồn chính thức),"USDA FoodData Central (FNDDS/WWEIA Survey Foods), fdcId:2709333"
FNDDS-2709338,,"Fruit smoothie, light",,foreign,,915,USDA FNDDS (nguồn chính thức),"USDA FoodData Central (FNDDS/WWEIA Survey Foods), fdcId:2709338"
FNDDS-2709339,,"Fruit smoothie, bottled",,foreign,,100,USDA FNDDS (nguồn chính thức),"USDA FoodData Central (FNDDS/WWEIA Survey Foods), fdcId:2709339"
FNDDS-2709340,,"Fruit nectar, NFS",,foreign,,100,USDA FNDDS (nguồn chính thức),"USDA FoodData Central (FNDDS/WWEIA Survey Foods), fdcId:2709340"
FNDDS-2709341,,Apricot nectar,,foreign,,100,USDA FNDDS (nguồn chính thức),"USDA FoodData Central (FNDDS/WWEIA Survey Foods), fdcId:2709341"
FNDDS-2709342,,Banana nectar,,foreign,,100,USDA FNDDS (nguồn chính thức),"USDA FoodData Central (FNDDS/WWEIA Survey Foods), fdcId:2709342"
FNDDS-2709343,,Cantaloupe nectar,,foreign,,100.5,USDA FNDDS (nguồn chính thức),"USDA FoodData Central (FNDDS/WWEIA Survey Foods), fdcId:2709343"
FNDDS-2709344,,Guava nectar,,foreign,,100,USDA FNDDS (nguồn chính thức),"USDA FoodData Central (FNDDS/WWEIA Survey Foods), fdcId:2709344"
FNDDS-2709345,,Mango nectar,,foreign,,100,USDA FNDDS (nguồn chính thức),"USDA FoodData Central (FNDDS/WWEIA Survey Foods), fdcId:2709345"
FNDDS-2709346,,Peach nectar,,foreign,,100,USDA FNDDS (nguồn chính thức),"USDA FoodData Central (FNDDS/WWEIA Survey Foods), fdcId:2709346"
FNDDS-2709347,,Papaya nectar,,foreign,,100,USDA FNDDS (nguồn chính thức),"USDA FoodData Central (FNDDS/WWEIA Survey Foods), fdcId:2709347"
FNDDS-2709348,,Passion fruit nectar,,foreign,,100,USDA FNDDS (nguồn chính thức),"USDA FoodData Central (FNDDS/WWEIA Survey Foods), fdcId:2709348"
FNDDS-2709349,,Pear nectar,,foreign,,100,USDA FNDDS (nguồn chính thức),"USDA FoodData Central (FNDDS/WWEIA Survey Foods), fdcId:2709349"
FNDDS-2709350,,"Soursop, nectar",,foreign,,100,USDA FNDDS (nguồn chính thức),"USDA FoodData Central (FNDDS/WWEIA Survey Foods), fdcId:2709350"
FNDDS-2709351,,Vinegar,,foreign,,100,USDA FNDDS (nguồn chính thức),"USDA FoodData Central (FNDDS/WWEIA Survey Foods), fdcId:2709351"
FNDDS-2709352,,"Baby Toddler fruit, NFS",,foreign,,100,USDA FNDDS (nguồn chính thức),"USDA FoodData Central (FNDDS/WWEIA Survey Foods), fdcId:2709352"
FNDDS-2709363,,"Baby Toddler apples, Stage 1",,foreign,,100,USDA FNDDS (nguồn chính thức),"USDA FoodData Central (FNDDS/WWEIA Survey Foods), fdcId:2709363"
FNDDS-2709364,,"Baby Toddler apples, Stage 2",,foreign,,100,USDA FNDDS (nguồn chính thức),"USDA FoodData Central (FNDDS/WWEIA Survey Foods), fdcId:2709364"
FNDDS-2709365,,"Baby Toddler bananas, Stage 1",,foreign,,100,USDA FNDDS (nguồn chính thức),"USDA FoodData Central (FNDDS/WWEIA Survey Foods), fdcId:2709365"
FNDDS-2709366,,"Baby Toddler bananas, Stage 2",,foreign,,100,USDA FNDDS (nguồn chính thức),"USDA FoodData Central (FNDDS/WWEIA Survey Foods), fdcId:2709366"
FNDDS-2709367,,"Baby Toddler peaches, Stage 1",,foreign,,100,USDA FNDDS (nguồn chính thức),"USDA FoodData Central (FNDDS/WWEIA Survey Foods), fdcId:2709367"
FNDDS-2709368,,"Baby Toddler peaches, Stage 2",,foreign,,100,USDA FNDDS (nguồn chính thức),"USDA FoodData Central (FNDDS/WWEIA Survey Foods), fdcId:2709368"
FNDDS-2709369,,"Baby Toddler pears, Stage 1",,foreign,,100,USDA FNDDS (nguồn chính thức),"USDA FoodData Central (FNDDS/WWEIA Survey Foods), fdcId:2709369"
FNDDS-2709370,,"Baby Toddler pears, Stage 2",,foreign,,100,USDA FNDDS (nguồn chính thức),"USDA FoodData Central (FNDDS/WWEIA Survey Foods), fdcId:2709370"
FNDDS-2709371,,Baby Toddler prunes,,foreign,,100,USDA FNDDS (nguồn chính thức),"USDA FoodData Central (FNDDS/WWEIA Survey Foods), fdcId:2709371"
FNDDS-2709372,,Baby Toddler mangoes,,foreign,,100,USDA FNDDS (nguồn chính thức),"USDA FoodData Central (FNDDS/WWEIA Survey Foods), fdcId:2709372"
FNDDS-2709374,,"Baby Toddler juice, apple",,foreign,,100,USDA FNDDS (nguồn chính thức),"USDA FoodData Central (FNDDS/WWEIA Survey Foods), fdcId:2709374"
FNDDS-2709375,,"Baby Toddler juice, grape",,foreign,,100,USDA FNDDS (nguồn chính thức),"USDA FoodData Central (FNDDS/WWEIA Survey Foods), fdcId:2709375"
FNDDS-2709377,,"Baby Toddler juice, pear",,foreign,,100,USDA FNDDS (nguồn chính thức),"USDA FoodData Central (FNDDS/WWEIA Survey Foods), fdcId:2709377"
FNDDS-2709378,,"Baby Toddler juice, fruit and vegetable",,foreign,,100,USDA FNDDS (nguồn chính thức),"USDA FoodData Central (FNDDS/WWEIA Survey Foods), fdcId:2709378"
FNDDS-2709380,,Baby Toddler pudding,,foreign,,100,USDA FNDDS (nguồn chính thức),"USDA FoodData Central (FNDDS/WWEIA Survey Foods), fdcId:2709380"
FNDDS-2709381,,Baby Toddler yogurt melts,,foreign,,100,USDA FNDDS (nguồn chính thức),"USDA FoodData Central (FNDDS/WWEIA Survey Foods), fdcId:2709381"
FNDDS-2709384,,"Potato, baked, peel not eaten",,foreign,,286.3,USDA FNDDS (nguồn chính thức),"USDA FoodData Central (FNDDS/WWEIA Survey Foods), fdcId:2709384"
FNDDS-2709388,,"Potato, boiled, from fresh, peel not eaten, no added fat",,foreign,,100.4,USDA FNDDS (nguồn chính thức),"USDA FoodData Central (FNDDS/WWEIA Survey Foods), fdcId:2709388"
FNDDS-2709391,,"Potato, boiled, from fresh, peel not eaten, made with butter",,foreign,,105.4,USDA FNDDS (nguồn chính thức),"USDA FoodData Central (FNDDS/WWEIA Survey Foods), fdcId:2709391"
FNDDS-2709395,,"Potato, boiled, from fresh,  peel eaten, no added fat",,foreign,,100.4,USDA FNDDS (nguồn chính thức),"USDA FoodData Central (FNDDS/WWEIA Survey Foods), fdcId:2709395"
FNDDS-2709397,,"Potato, boiled, from fresh, peel eaten, made with butter",,foreign,,105.4,USDA FNDDS (nguồn chính thức),"USDA FoodData Central (FNDDS/WWEIA Survey Foods), fdcId:2709397"
FNDDS-2709401,,"Potato, canned, no added fat",,foreign,,100.4,USDA FNDDS (nguồn chính thức),"USDA FoodData Central (FNDDS/WWEIA Survey Foods), fdcId:2709401"
FNDDS-2709404,,"Potato, roasted, from fresh, peel eaten, no added fat",,foreign,,100.4,USDA FNDDS (nguồn chính thức),"USDA FoodData Central (FNDDS/WWEIA Survey Foods), fdcId:2709404"
FNDDS-2709407,,"Potato, roasted, from fresh, peel eaten, made with butter",,foreign,,105.4,USDA FNDDS (nguồn chính thức),"USDA FoodData Central (FNDDS/WWEIA Survey Foods), fdcId:2709407"
FNDDS-2709411,,"Potato, roasted, from fresh, peel not eaten, no added fat",,foreign,,100.4,USDA FNDDS (nguồn chính thức),"USDA FoodData Central (FNDDS/WWEIA Survey Foods), fdcId:2709411"
FNDDS-2709413,,"Potato, roasted, from fresh, peel not eaten, made with butter",,foreign,,105.4,USDA FNDDS (nguồn chính thức),"USDA FoodData Central (FNDDS/WWEIA Survey Foods), fdcId:2709413"
FNDDS-2709417,,"Potato only from Puerto Rican mixed dishes, gravy and other components reported separately",,foreign,,156.96,USDA FNDDS (nguồn chính thức),"USDA FoodData Central (FNDDS/WWEIA Survey Foods), fdcId:2709417"
FNDDS-2709418,,"Potato from Puerto Rican style stuffed pot roast, with gravy",,foreign,,246,USDA FNDDS (nguồn chính thức),"USDA FoodData Central (FNDDS/WWEIA Survey Foods), fdcId:2709418"
FNDDS-2709419,,"Potato from Puerto Rican beef stew, with gravy",,foreign,,246,USDA FNDDS (nguồn chính thức),"USDA FoodData Central (FNDDS/WWEIA Survey Foods), fdcId:2709419"
FNDDS-2709420,,"Potato from Puerto Rican chicken fricassee, with sauce",,foreign,,246,USDA FNDDS (nguồn chính thức),"USDA FoodData Central (FNDDS/WWEIA Survey Foods), fdcId:2709420"
FNDDS-2709422,,"Potato chips, plain",,foreign,,100,USDA FNDDS (nguồn chính thức),"USDA FoodData Central (FNDDS/WWEIA Survey Foods), fdcId:2709422"
FNDDS-2709423,,"Potato chips, barbecue flavored",,foreign,,100,USDA FNDDS (nguồn chính thức),"USDA FoodData Central (FNDDS/WWEIA Survey Foods), fdcId:2709423"
FNDDS-2709424,,"Potato chips, sour cream and onion flavored",,foreign,,100,USDA FNDDS (nguồn chính thức),"USDA FoodData Central (FNDDS/WWEIA Survey Foods), fdcId:2709424"
FNDDS-2709425,,"Potato chips, cheese flavored",,foreign,,100,USDA FNDDS (nguồn chính thức),"USDA FoodData Central (FNDDS/WWEIA Survey Foods), fdcId:2709425"
FNDDS-2709426,,"Potato chips, other flavored",,foreign,,100,USDA FNDDS (nguồn chính thức),"USDA FoodData Central (FNDDS/WWEIA Survey Foods), fdcId:2709426"
FNDDS-2709427,,"Potato chips, ruffled, plain",,foreign,,100,USDA FNDDS (nguồn chính thức),"USDA FoodData Central (FNDDS/WWEIA Survey Foods), fdcId:2709427"
FNDDS-2709428,,"Potato chips, ruffled, barbecue flavored",,foreign,,100,USDA FNDDS (nguồn chính thức),"USDA FoodData Central (FNDDS/WWEIA Survey Foods), fdcId:2709428"
FNDDS-2709429,,"Potato chips, ruffled, sour cream and onion flavored",,foreign,,100,USDA FNDDS (nguồn chính thức),"USDA FoodData Central (FNDDS/WWEIA Survey Foods), fdcId:2709429"
FNDDS-2709430,,"Potato chips, ruffled, cheese flavored",,foreign,,100,USDA FNDDS (nguồn chính thức),"USDA FoodData Central (FNDDS/WWEIA Survey Foods), fdcId:2709430"
FNDDS-2709431,,"Potato chips, ruffled, other flavored",,foreign,,100,USDA FNDDS (nguồn chính thức),"USDA FoodData Central (FNDDS/WWEIA Survey Foods), fdcId:2709431"
FNDDS-2709432,,"Potato chips, restructured, plain",,foreign,,100.3,USDA FNDDS (nguồn chính thức),"USDA FoodData Central (FNDDS/WWEIA Survey Foods), fdcId:2709432"
FNDDS-2709433,,"Potato chips, restructured, flavored",,foreign,,100.6,USDA FNDDS (nguồn chính thức),"USDA FoodData Central (FNDDS/WWEIA Survey Foods), fdcId:2709433"
FNDDS-2709434,,"Potato chips, baked, plain",,foreign,,100,USDA FNDDS (nguồn chính thức),"USDA FoodData Central (FNDDS/WWEIA Survey Foods), fdcId:2709434"
FNDDS-2709435,,"Potato chips, baked, flavored",,foreign,,100.5,USDA FNDDS (nguồn chính thức),"USDA FoodData Central (FNDDS/WWEIA Survey Foods), fdcId:2709435"
FNDDS-2709436,,"Potato chips, reduced fat",,foreign,,101,USDA FNDDS (nguồn chính thức),"USDA FoodData Central (FNDDS/WWEIA Survey Foods), fdcId:2709436"
FNDDS-2709437,,"Potato chips, restructured, reduced fat, lightly salted",,foreign,,100,USDA FNDDS (nguồn chính thức),"USDA FoodData Central (FNDDS/WWEIA Survey Foods), fdcId:2709437"
FNDDS-2709438,,"Potato chips, unsalted",,foreign,,100,USDA FNDDS (nguồn chính thức),"USDA FoodData Central (FNDDS/WWEIA Survey Foods), fdcId:2709438"
FNDDS-2709439,,"Potato chips, lightly salted",,foreign,,100.2,USDA FNDDS (nguồn chính thức),"USDA FoodData Central (FNDDS/WWEIA Survey Foods), fdcId:2709439"
FNDDS-2709440,,"Potato chips, restructured, lightly salted",,foreign,,100.2,USDA FNDDS (nguồn chính thức),"USDA FoodData Central (FNDDS/WWEIA Survey Foods), fdcId:2709440"
FNDDS-2709441,,"Potato chips, popped, plain",,foreign,,100,USDA FNDDS (nguồn chính thức),"USDA FoodData Central (FNDDS/WWEIA Survey Foods), fdcId:2709441"
FNDDS-2709442,,"Potato chips, popped, flavored",,foreign,,100.5,USDA FNDDS (nguồn chính thức),"USDA FoodData Central (FNDDS/WWEIA Survey Foods), fdcId:2709442"
FNDDS-2709444,,"Potato sticks, plain",,foreign,,100,USDA FNDDS (nguồn chính thức),"USDA FoodData Central (FNDDS/WWEIA Survey Foods), fdcId:2709444"
FNDDS-2709445,,"Potato sticks, flavored",,foreign,,101,USDA FNDDS (nguồn chính thức),"USDA FoodData Central (FNDDS/WWEIA Survey Foods), fdcId:2709445"
FNDDS-2709446,,"Potato sticks, fry shaped",,foreign,,101,USDA FNDDS (nguồn chính thức),"USDA FoodData Central (FNDDS/WWEIA Survey Foods), fdcId:2709446"
FNDDS-2709447,,Vegetable chips,,foreign,,100,USDA FNDDS (nguồn chính thức),"USDA FoodData Central (FNDDS/WWEIA Survey Foods), fdcId:2709447"
FNDDS-2709460,,"Potato, french fries, from frozen, baked",,foreign,,100,USDA FNDDS (nguồn chính thức),"USDA FoodData Central (FNDDS/WWEIA Survey Foods), fdcId:2709460"
FNDDS-2709461,,"Potato, french fries, fast food",,foreign,,100,USDA FNDDS (nguồn chính thức),"USDA FoodData Central (FNDDS/WWEIA Survey Foods), fdcId:2709461"
FNDDS-2709462,,"Potato, french fries, restaurant",,foreign,,100,USDA FNDDS (nguồn chính thức),"USDA FoodData Central (FNDDS/WWEIA Survey Foods), fdcId:2709462"
FNDDS-2709478,,"Potato, hash brown, from fast food",,foreign,,100,USDA FNDDS (nguồn chính thức),"USDA FoodData Central (FNDDS/WWEIA Survey Foods), fdcId:2709478"
FNDDS-2709479,,"Potato, hash brown, from fast food, with cheese",,foreign,,120,USDA FNDDS (nguồn chính thức),"USDA FoodData Central (FNDDS/WWEIA Survey Foods), fdcId:2709479"
FNDDS-2709480,,"Potato, hash brown, from restaurant",,foreign,,100,USDA FNDDS (nguồn chính thức),"USDA FoodData Central (FNDDS/WWEIA Survey Foods), fdcId:2709480"
FNDDS-2709481,,"Potato, hash brown, from restaurant, with cheese",,foreign,,120,USDA FNDDS (nguồn chính thức),"USDA FoodData Central (FNDDS/WWEIA Survey Foods), fdcId:2709481"
FNDDS-2709482,,"Potato, hash brown, from school lunch",,foreign,,100.4,USDA FNDDS (nguồn chính thức),"USDA FoodData Central (FNDDS/WWEIA Survey Foods), fdcId:2709482"
FNDDS-2709485,,"Potato, hash brown, from dry mix",,foreign,,101,USDA FNDDS (nguồn chính thức),"USDA FoodData Central (FNDDS/WWEIA Survey Foods), fdcId:2709485"
FNDDS-2709486,,"Potato, hash brown, ready-to-heat",,foreign,,101,USDA FNDDS (nguồn chính thức),"USDA FoodData Central (FNDDS/WWEIA Survey Foods), fdcId:2709486"
FNDDS-2709487,,"Potato, hash brown, ready-to-heat, with cheese",,foreign,,121,USDA FNDDS (nguồn chính thức),"USDA FoodData Central (FNDDS/WWEIA Survey Foods), fdcId:2709487"
FNDDS-2709493,,"Potato, mashed, from fast food",,foreign,,100,USDA FNDDS (nguồn chính thức),"USDA FoodData Central (FNDDS/WWEIA Survey Foods), fdcId:2709493"
FNDDS-2709494,,"Potato, mashed, from fast food, with gravy",,foreign,,125,USDA FNDDS (nguồn chính thức),"USDA FoodData Central (FNDDS/WWEIA Survey Foods), fdcId:2709494"
FNDDS-2709495,,"Potato, mashed, ready-to-heat",,foreign,,100,USDA FNDDS (nguồn chính thức),"USDA FoodData Central (FNDDS/WWEIA Survey Foods), fdcId:2709495"
FNDDS-2709507,,"Potato, mashed, ready-to-heat, NFS",,foreign,,100,USDA FNDDS (nguồn chính thức),"USDA FoodData Central (FNDDS/WWEIA Survey Foods), fdcId:2709507"
FNDDS-2709508,,"Potato, mashed, ready-to-heat, with cheese",,foreign,,112,USDA FNDDS (nguồn chính thức),"USDA FoodData Central (FNDDS/WWEIA Survey Foods), fdcId:2709508"
FNDDS-2709509,,"Potato, mashed, ready-to-heat, with gravy",,foreign,,125,USDA FNDDS (nguồn chính thức),"USDA FoodData Central (FNDDS/WWEIA Survey Foods), fdcId:2709509"
FNDDS-2709515,,"Potato tots, frozen, baked",,foreign,,100,USDA FNDDS (nguồn chính thức),"USDA FoodData Central (FNDDS/WWEIA Survey Foods), fdcId:2709515"
FNDDS-2709518,,"Potato, baked, peel not eaten, with butter",,foreign,,301.3,USDA FNDDS (nguồn chính thức),"USDA FoodData Central (FNDDS/WWEIA Survey Foods), fdcId:2709518"
FNDDS-2709519,,"Potato, baked, peel not eaten, with sour cream",,foreign,,331.3,USDA FNDDS (nguồn chính thức),"USDA FoodData Central (FNDDS/WWEIA Survey Foods), fdcId:2709519"
FNDDS-2709520,,"Potato, baked, peel not eaten, with cheese",,foreign,,359.3,USDA FNDDS (nguồn chính thức),"USDA FoodData Central (FNDDS/WWEIA Survey Foods), fdcId:2709520"
FNDDS-2709521,,"Potato, baked, peel not eaten, with meat",,foreign,,367.3,USDA FNDDS (nguồn chính thức),"USDA FoodData Central (FNDDS/WWEIA Survey Foods), fdcId:2709521"
FNDDS-2709523,,"Potato, baked, peel not eaten, with vegetables",,foreign,,349.3,USDA FNDDS (nguồn chính thức),"USDA FoodData Central (FNDDS/WWEIA Survey Foods), fdcId:2709523"
FNDDS-2709524,,"Potato, baked, peel eaten",,foreign,,286.3,USDA FNDDS (nguồn chính thức),"USDA FoodData Central (FNDDS/WWEIA Survey Foods), fdcId:2709524"
FNDDS-2709525,,"Potato, baked, peel eaten, with butter",,foreign,,301.3,USDA FNDDS (nguồn chính thức),"USDA FoodData Central (FNDDS/WWEIA Survey Foods), fdcId:2709525"
FNDDS-2709526,,"Potato, baked, peel eaten, with sour cream",,foreign,,331.3,USDA FNDDS (nguồn chính thức),"USDA FoodData Central (FNDDS/WWEIA Survey Foods), fdcId:2709526"
FNDDS-2709527,,"Potato, baked, peel eaten, with cheese",,foreign,,359.3,USDA FNDDS (nguồn chính thức),"USDA FoodData Central (FNDDS/WWEIA Survey Foods), fdcId:2709527"
FNDDS-2709528,,"Potato, baked, peel eaten, with meat",,foreign,,367.3,USDA FNDDS (nguồn chính thức),"USDA FoodData Central (FNDDS/WWEIA Survey Foods), fdcId:2709528"
FNDDS-2709530,,"Potato, baked, peel eaten, with vegetables",,foreign,,349.3,USDA FNDDS (nguồn chính thức),"USDA FoodData Central (FNDDS/WWEIA Survey Foods), fdcId:2709530"
FNDDS-2709531,,"Potato salad with egg, from restaurant",,foreign,,1241.54,USDA FNDDS (nguồn chính thức),"USDA FoodData Central (FNDDS/WWEIA Survey Foods), fdcId:2709531"
FNDDS-2709532,,"Potato salad with egg, made with mayonnaise",,foreign,,100,USDA FNDDS (nguồn chính thức),"USDA FoodData Central (FNDDS/WWEIA Survey Foods), fdcId:2709532"
FNDDS-2709533,,"Potato salad with egg, made with light mayonnaise",,foreign,,1287.44,USDA FNDDS (nguồn chính thức),"USDA FoodData Central (FNDDS/WWEIA Survey Foods), fdcId:2709533"
FNDDS-2709534,,"Potato salad with egg, made with mayonnaise-type salad dressing",,foreign,,1283.69,USDA FNDDS (nguồn chính thức),"USDA FoodData Central (FNDDS/WWEIA Survey Foods), fdcId:2709534"
FNDDS-2709535,,"Potato salad with egg, made with light mayonnaise-type salad dressing",,foreign,,1287.44,USDA FNDDS (nguồn chính thức),"USDA FoodData Central (FNDDS/WWEIA Survey Foods), fdcId:2709535"
FNDDS-2709536,,"Potato salad with egg, made with creamy dressing",,foreign,,1226.5,USDA FNDDS (nguồn chính thức),"USDA FoodData Central (FNDDS/WWEIA Survey Foods), fdcId:2709536"
FNDDS-2709537,,"Potato salad with egg, made with light creamy dressing",,foreign,,1230.25,USDA FNDDS (nguồn chính thức),"USDA FoodData Central (FNDDS/WWEIA Survey Foods), fdcId:2709537"
FNDDS-2709538,,"Potato salad with egg, made with Italian dressing",,foreign,,1222.75,USDA FNDDS (nguồn chính thức),"USDA FoodData Central (FNDDS/WWEIA Survey Foods), fdcId:2709538"
FNDDS-2709539,,"Potato salad with egg, made with light Italian dressing",,foreign,,1226.5,USDA FNDDS (nguồn chính thức),"USDA FoodData Central (FNDDS/WWEIA Survey Foods), fdcId:2709539"
FNDDS-2709540,,"Potato salad with egg, made with any type of fat free dressing",,foreign,,1299.44,USDA FNDDS (nguồn chính thức),"USDA FoodData Central (FNDDS/WWEIA Survey Foods), fdcId:2709540"
FNDDS-2709542,,"Potato salad, from restaurant",,foreign,,1091.54,USDA FNDDS (nguồn chính thức),"USDA FoodData Central (FNDDS/WWEIA Survey Foods), fdcId:2709542"
FNDDS-2709543,,"Potato salad, made with mayonnaise",,foreign,,1122.44,USDA FNDDS (nguồn chính thức),"USDA FoodData Central (FNDDS/WWEIA Survey Foods), fdcId:2709543"
FNDDS-2709544,,"Potato salad, made with light mayonnaise",,foreign,,1137.44,USDA FNDDS (nguồn chính thức),"USDA FoodData Central (FNDDS/WWEIA Survey Foods), fdcId:2709544"
FNDDS-2709545,,"Potato salad, made with mayonnaise-type salad dressing",,foreign,,1133.69,USDA FNDDS (nguồn chính thức),"USDA FoodData Central (FNDDS/WWEIA Survey Foods), fdcId:2709545"
FNDDS-2709546,,"Potato salad, made with light mayonnaise-type salad dressing",,foreign,,1137.44,USDA FNDDS (nguồn chính thức),"USDA FoodData Central (FNDDS/WWEIA Survey Foods), fdcId:2709546"
FNDDS-2709547,,"Potato salad, made with creamy dressing",,foreign,,1076.5,USDA FNDDS (nguồn chính thức),"USDA FoodData Central (FNDDS/WWEIA Survey Foods), fdcId:2709547"
FNDDS-2709548,,"Potato salad, made with light creamy dressing",,foreign,,1080.25,USDA FNDDS (nguồn chính thức),"USDA FoodData Central (FNDDS/WWEIA Survey Foods), fdcId:2709548"
FNDDS-2709549,,"Potato salad, made with Italian dressing",,foreign,,1072.75,USDA FNDDS (nguồn chính thức),"USDA FoodData Central (FNDDS/WWEIA Survey Foods), fdcId:2709549"
FNDDS-2709550,,"Potato salad, made with light Italian dressing",,foreign,,1076.5,USDA FNDDS (nguồn chính thức),"USDA FoodData Central (FNDDS/WWEIA Survey Foods), fdcId:2709550"
FNDDS-2709551,,"Potato salad, made with any type of fat free dressing",,foreign,,1149.44,USDA FNDDS (nguồn chính thức),"USDA FoodData Central (FNDDS/WWEIA Survey Foods), fdcId:2709551"
FNDDS-2709558,,"Plantain, cooked, no added fat",,foreign,,100.3,USDA FNDDS (nguồn chính thức),"USDA FoodData Central (FNDDS/WWEIA Survey Foods), fdcId:2709558"
FNDDS-2709560,,"Plantain, raw",,foreign,,100,USDA FNDDS (nguồn chính thức),"USDA FoodData Central (FNDDS/WWEIA Survey Foods), fdcId:2709560"
FNDDS-2709563,,Plantain chips,,foreign,,100,USDA FNDDS (nguồn chính thức),"USDA FoodData Central (FNDDS/WWEIA Survey Foods), fdcId:2709563"
FNDDS-2709566,,"Casabe, cassava bread",,foreign,,381,USDA FNDDS (nguồn chính thức),"USDA FoodData Central (FNDDS/WWEIA Survey Foods), fdcId:2709566"
FNDDS-2709569,,Taro chips,,foreign,,100,USDA FNDDS (nguồn chính thức),"USDA FoodData Central (FNDDS/WWEIA Survey Foods), fdcId:2709569"
FNDDS-2709570,,"Beet greens, raw",,foreign,,100,USDA FNDDS (nguồn chính thức),"USDA FoodData Central (FNDDS/WWEIA Survey Foods), fdcId:2709570"
FNDDS-2709572,,"Broccoli raab, raw",,foreign,,100,USDA FNDDS (nguồn chính thức),"USDA FoodData Central (FNDDS/WWEIA Survey Foods), fdcId:2709572"
FNDDS-2709574,,"Chard, raw",,foreign,,100,USDA FNDDS (nguồn chính thức),"USDA FoodData Central (FNDDS/WWEIA Survey Foods), fdcId:2709574"
FNDDS-2709576,,"Collards, raw",,foreign,,100,USDA FNDDS (nguồn chính thức),"USDA FoodData Central (FNDDS/WWEIA Survey Foods), fdcId:2709576"
FNDDS-2709577,,"Collards, fresh, cooked, no added fat",,foreign,,100.3,USDA FNDDS (nguồn chính thức),"USDA FoodData Central (FNDDS/WWEIA Survey Foods), fdcId:2709577"
FNDDS-2709578,,"Collards, frozen, cooked, no added fat",,foreign,,100.3,USDA FNDDS (nguồn chính thức),"USDA FoodData Central (FNDDS/WWEIA Survey Foods), fdcId:2709578"
FNDDS-2709586,,"Cress, raw",,foreign,,100,USDA FNDDS (nguồn chính thức),"USDA FoodData Central (FNDDS/WWEIA Survey Foods), fdcId:2709586"
FNDDS-2709588,,"Dandelion greens, raw",,foreign,,100,USDA FNDDS (nguồn chính thức),"USDA FoodData Central (FNDDS/WWEIA Survey Foods), fdcId:2709588"
FNDDS-2709594,,"Greens, frozen, cooked, no added fat",,foreign,,100.3,USDA FNDDS (nguồn chính thức),"USDA FoodData Central (FNDDS/WWEIA Survey Foods), fdcId:2709594"
FNDDS-2709599,,"Kale, raw",,foreign,,100,USDA FNDDS (nguồn chính thức),"USDA FoodData Central (FNDDS/WWEIA Survey Foods), fdcId:2709599"
FNDDS-2709600,,"Kale, fresh, cooked, no added fat",,foreign,,100.3,USDA FNDDS (nguồn chính thức),"USDA FoodData Central (FNDDS/WWEIA Survey Foods), fdcId:2709600"
FNDDS-2709601,,"Kale, frozen, cooked, no added fat",,foreign,,100.3,USDA FNDDS (nguồn chính thức),"USDA FoodData Central (FNDDS/WWEIA Survey Foods), fdcId:2709601"
FNDDS-2709606,,"Mustard greens, raw",,foreign,,100,USDA FNDDS (nguồn chính thức),"USDA FoodData Central (FNDDS/WWEIA Survey Foods), fdcId:2709606"
FNDDS-2709607,,"Mustard greens, fresh, cooked, no added fat",,foreign,,100.3,USDA FNDDS (nguồn chính thức),"USDA FoodData Central (FNDDS/WWEIA Survey Foods), fdcId:2709607"
FNDDS-2709608,,"Mustard greens, frozen, cooked, no added fat",,foreign,,100.3,USDA FNDDS (nguồn chính thức),"USDA FoodData Central (FNDDS/WWEIA Survey Foods), fdcId:2709608"
FNDDS-2709613,,"Radicchio, raw",,foreign,,100,USDA FNDDS (nguồn chính thức),"USDA FoodData Central (FNDDS/WWEIA Survey Foods), fdcId:2709613"
FNDDS-2709615,,"Spinach, fresh, cooked, no added fat",,foreign,,100.3,USDA FNDDS (nguồn chính thức),"USDA FoodData Central (FNDDS/WWEIA Survey Foods), fdcId:2709615"
FNDDS-2709616,,"Spinach, frozen, cooked, no added fat",,foreign,,100.3,USDA FNDDS (nguồn chính thức),"USDA FoodData Central (FNDDS/WWEIA Survey Foods), fdcId:2709616"
FNDDS-2709617,,"Spinach, canned, cooked, no added fat",,foreign,,100,USDA FNDDS (nguồn chính thức),"USDA FoodData Central (FNDDS/WWEIA Survey Foods), fdcId:2709617"
FNDDS-2709634,,"Turnip greens, fresh, cooked, no added fat",,foreign,,100.3,USDA FNDDS (nguồn chính thức),"USDA FoodData Central (FNDDS/WWEIA Survey Foods), fdcId:2709634"
FNDDS-2709635,,"Turnip greens, frozen, cooked, no added fat",,foreign,,100.3,USDA FNDDS (nguồn chính thức),"USDA FoodData Central (FNDDS/WWEIA Survey Foods), fdcId:2709635"
FNDDS-2709639,,"Watercress, raw",,foreign,,100,USDA FNDDS (nguồn chính thức),"USDA FoodData Central (FNDDS/WWEIA Survey Foods), fdcId:2709639"
FNDDS-2709643,,"Broccoli, raw",,foreign,,100,USDA FNDDS (nguồn chính thức),"USDA FoodData Central (FNDDS/WWEIA Survey Foods), fdcId:2709643"
FNDDS-2709645,,"Broccoli, fresh, cooked, no added fat",,foreign,,100.3,USDA FNDDS (nguồn chính thức),"USDA FoodData Central (FNDDS/WWEIA Survey Foods), fdcId:2709645"
FNDDS-2709646,,"Broccoli, frozen, cooked, no added fat",,foreign,,100.3,USDA FNDDS (nguồn chính thức),"USDA FoodData Central (FNDDS/WWEIA Survey Foods), fdcId:2709646"
FNDDS-2709657,,"Broccoli, chinese, raw",,foreign,,100,USDA FNDDS (nguồn chính thức),"USDA FoodData Central (FNDDS/WWEIA Survey Foods), fdcId:2709657"
FNDDS-2709660,,"Carrots, raw",,foreign,,100,USDA FNDDS (nguồn chính thức),"USDA FoodData Central (FNDDS/WWEIA Survey Foods), fdcId:2709660"
FNDDS-2709661,,"Carrots, raw, salad",,foreign,,532,USDA FNDDS (nguồn chính thức),"USDA FoodData Central (FNDDS/WWEIA Survey Foods), fdcId:2709661"
FNDDS-2709662,,"Carrots, raw, salad with apples",,foreign,,522,USDA FNDDS (nguồn chính thức),"USDA FoodData Central (FNDDS/WWEIA Survey Foods), fdcId:2709662"
FNDDS-2709664,,"Carrots, fresh, cooked, no added fat",,foreign,,100.3,USDA FNDDS (nguồn chính thức),"USDA FoodData Central (FNDDS/WWEIA Survey Foods), fdcId:2709664"
FNDDS-2709665,,"Carrots, frozen, cooked, no added fat",,foreign,,100.3,USDA FNDDS (nguồn chính thức),"USDA FoodData Central (FNDDS/WWEIA Survey Foods), fdcId:2709665"
FNDDS-2709666,,"Carrots, canned, cooked, no added fat",,foreign,,100,USDA FNDDS (nguồn chính thức),"USDA FoodData Central (FNDDS/WWEIA Survey Foods), fdcId:2709666"
FNDDS-2709678,,"Carrots, canned, reduced sodium, cooked, no added fat",,foreign,,100,USDA FNDDS (nguồn chính thức),"USDA FoodData Central (FNDDS/WWEIA Survey Foods), fdcId:2709678"
FNDDS-2709682,,Beet juice,,foreign,,100,USDA FNDDS (nguồn chính thức),"USDA FoodData Central (FNDDS/WWEIA Survey Foods), fdcId:2709682"
FNDDS-2709683,,"Carrot juice, 100%",,foreign,,100,USDA FNDDS (nguồn chính thức),"USDA FoodData Central (FNDDS/WWEIA Survey Foods), fdcId:2709683"
FNDDS-2709684,,"Peas and carrots, fresh, cooked, no added fat",,foreign,,100.3,USDA FNDDS (nguồn chính thức),"USDA FoodData Central (FNDDS/WWEIA Survey Foods), fdcId:2709684"
FNDDS-2709685,,"Peas and carrots, frozen, cooked, no added fat",,foreign,,100.3,USDA FNDDS (nguồn chính thức),"USDA FoodData Central (FNDDS/WWEIA Survey Foods), fdcId:2709685"
FNDDS-2709686,,"Peas and carrots, canned, cooked, no added fat",,foreign,,100,USDA FNDDS (nguồn chính thức),"USDA FoodData Central (FNDDS/WWEIA Survey Foods), fdcId:2709686"
FNDDS-2709693,,"Winter squash, raw",,foreign,,100,USDA FNDDS (nguồn chính thức),"USDA FoodData Central (FNDDS/WWEIA Survey Foods), fdcId:2709693"
FNDDS-2709694,,"Winter squash, cooked, no added fat",,foreign,,100.3,USDA FNDDS (nguồn chính thức),"USDA FoodData Central (FNDDS/WWEIA Survey Foods), fdcId:2709694"
FNDDS-2709706,,"Sweet potato, canned, no added fat",,foreign,,100.4,USDA FNDDS (nguồn chính thức),"USDA FoodData Central (FNDDS/WWEIA Survey Foods), fdcId:2709706"
FNDDS-2709710,,Sweet potato chips,,foreign,,100.5,USDA FNDDS (nguồn chính thức),"USDA FoodData Central (FNDDS/WWEIA Survey Foods), fdcId:2709710"
FNDDS-2709711,,"Sweet potato fries, frozen",,foreign,,100,USDA FNDDS (nguồn chính thức),"USDA FoodData Central (FNDDS/WWEIA Survey Foods), fdcId:2709711"
FNDDS-2709714,,"Sweet potato fries, school",,foreign,,100,USDA FNDDS (nguồn chính thức),"USDA FoodData Central (FNDDS/WWEIA Survey Foods), fdcId:2709714"
FNDDS-2709715,,Sweet potato tots,,foreign,,100.4,USDA FNDDS (nguồn chính thức),"USDA FoodData Central (FNDDS/WWEIA Survey Foods), fdcId:2709715"
FNDDS-2709717,,"Sweet potato tots, school",,foreign,,100,USDA FNDDS (nguồn chính thức),"USDA FoodData Central (FNDDS/WWEIA Survey Foods), fdcId:2709717"
FNDDS-2709726,,"Tomato, green, pickled",,foreign,,102.5,USDA FNDDS (nguồn chính thức),"USDA FoodData Central (FNDDS/WWEIA Survey Foods), fdcId:2709726"
FNDDS-2709727,,Sun-dried tomatoes,,foreign,,100,USDA FNDDS (nguồn chính thức),"USDA FoodData Central (FNDDS/WWEIA Survey Foods), fdcId:2709727"
FNDDS-2709728,,"Tomato juice, 100%",,foreign,,100,USDA FNDDS (nguồn chính thức),"USDA FoodData Central (FNDDS/WWEIA Survey Foods), fdcId:2709728"
FNDDS-2709730,,Tomato juice cocktail,,foreign,,100,USDA FNDDS (nguồn chính thức),"USDA FoodData Central (FNDDS/WWEIA Survey Foods), fdcId:2709730"
FNDDS-2709731,,"Tomato and vegetable juice, 100%",,foreign,,100,USDA FNDDS (nguồn chính thức),"USDA FoodData Central (FNDDS/WWEIA Survey Foods), fdcId:2709731"
FNDDS-2709732,,"Tomato and vegetable juice, 100%, low sodium",,foreign,,100,USDA FNDDS (nguồn chính thức),"USDA FoodData Central (FNDDS/WWEIA Survey Foods), fdcId:2709732"
FNDDS-2709734,,"Ketchup, reduced sodium",,foreign,,100,USDA FNDDS (nguồn chính thức),"USDA FoodData Central (FNDDS/WWEIA Survey Foods), fdcId:2709734"
FNDDS-2709735,,Tomato chili sauce,,foreign,,100,USDA FNDDS (nguồn chính thức),"USDA FoodData Central (FNDDS/WWEIA Survey Foods), fdcId:2709735"
FNDDS-2709737,,"Salsa, pico de gallo",,foreign,,265.221,USDA FNDDS (nguồn chính thức),"USDA FoodData Central (FNDDS/WWEIA Survey Foods), fdcId:2709737"
FNDDS-2709738,,"Salsa, red",,foreign,,100,USDA FNDDS (nguồn chính thức),"USDA FoodData Central (FNDDS/WWEIA Survey Foods), fdcId:2709738"
FNDDS-2709739,,"Salsa, red, homemade",,foreign,,100,USDA FNDDS (nguồn chính thức),"USDA FoodData Central (FNDDS/WWEIA Survey Foods), fdcId:2709739"
FNDDS-2709740,,Taco sauce,,foreign,,100,USDA FNDDS (nguồn chính thức),"USDA FoodData Central (FNDDS/WWEIA Survey Foods), fdcId:2709740"
FNDDS-2709741,,"Enchilada sauce, red",,foreign,,100,USDA FNDDS (nguồn chính thức),"USDA FoodData Central (FNDDS/WWEIA Survey Foods), fdcId:2709741"
FNDDS-2709742,,"Enchilada sauce, green",,foreign,,100,USDA FNDDS (nguồn chính thức),"USDA FoodData Central (FNDDS/WWEIA Survey Foods), fdcId:2709742"
FNDDS-2709743,,"Salsa verde or salsa, green",,foreign,,100,USDA FNDDS (nguồn chính thức),"USDA FoodData Central (FNDDS/WWEIA Survey Foods), fdcId:2709743"
FNDDS-2709744,,Hot Thai sauce,,foreign,,100,USDA FNDDS (nguồn chính thức),"USDA FoodData Central (FNDDS/WWEIA Survey Foods), fdcId:2709744"
FNDDS-2709745,,Spaghetti sauce,,foreign,,100,USDA FNDDS (nguồn chính thức),"USDA FoodData Central (FNDDS/WWEIA Survey Foods), fdcId:2709745"
FNDDS-2709747,,"Spaghetti sauce, reduced sodium",,foreign,,100,USDA FNDDS (nguồn chính thức),"USDA FoodData Central (FNDDS/WWEIA Survey Foods), fdcId:2709747"
FNDDS-2709748,,"Spaghetti sauce, fat free",,foreign,,100,USDA FNDDS (nguồn chính thức),"USDA FoodData Central (FNDDS/WWEIA Survey Foods), fdcId:2709748"
FNDDS-2709750,,Barbecue sauce,,foreign,,100,USDA FNDDS (nguồn chính thức),"USDA FoodData Central (FNDDS/WWEIA Survey Foods), fdcId:2709750"
FNDDS-2709751,,Buffalo sauce,,foreign,,100,USDA FNDDS (nguồn chính thức),"USDA FoodData Central (FNDDS/WWEIA Survey Foods), fdcId:2709751"
FNDDS-2709752,,Steak sauce,,foreign,,100,USDA FNDDS (nguồn chính thức),"USDA FoodData Central (FNDDS/WWEIA Survey Foods), fdcId:2709752"
FNDDS-2709753,,Cocktail sauce,,foreign,,100,USDA FNDDS (nguồn chính thức),"USDA FoodData Central (FNDDS/WWEIA Survey Foods), fdcId:2709753"
FNDDS-2709764,,"Sprouts, NFS",,foreign,,100,USDA FNDDS (nguồn chính thức),"USDA FoodData Central (FNDDS/WWEIA Survey Foods), fdcId:2709764"
FNDDS-2709765,,"Alfalfa sprouts, raw",,foreign,,100,USDA FNDDS (nguồn chính thức),"USDA FoodData Central (FNDDS/WWEIA Survey Foods), fdcId:2709765"
FNDDS-2709766,,Artichoke,,foreign,,100,USDA FNDDS (nguồn chính thức),"USDA FoodData Central (FNDDS/WWEIA Survey Foods), fdcId:2709766"
FNDDS-2709767,,"Asparagus, raw",,foreign,,100,USDA FNDDS (nguồn chính thức),"USDA FoodData Central (FNDDS/WWEIA Survey Foods), fdcId:2709767"
FNDDS-2709768,,"Bean sprouts, raw",,foreign,,100,USDA FNDDS (nguồn chính thức),"USDA FoodData Central (FNDDS/WWEIA Survey Foods), fdcId:2709768"
FNDDS-2709769,,"Green beans, raw",,foreign,,100,USDA FNDDS (nguồn chính thức),"USDA FoodData Central (FNDDS/WWEIA Survey Foods), fdcId:2709769"
FNDDS-2709770,,"Beets, raw",,foreign,,100,USDA FNDDS (nguồn chính thức),"USDA FoodData Central (FNDDS/WWEIA Survey Foods), fdcId:2709770"
FNDDS-2709771,,"Broccoflower, raw",,foreign,,100,USDA FNDDS (nguồn chính thức),"USDA FoodData Central (FNDDS/WWEIA Survey Foods), fdcId:2709771"
FNDDS-2709772,,"Brussels sprouts, raw",,foreign,,100,USDA FNDDS (nguồn chính thức),"USDA FoodData Central (FNDDS/WWEIA Survey Foods), fdcId:2709772"
FNDDS-2709773,,"Cabbage, green, raw",,foreign,,100,USDA FNDDS (nguồn chính thức),"USDA FoodData Central (FNDDS/WWEIA Survey Foods), fdcId:2709773"
FNDDS-2709774,,"Cabbage, Chinese, raw",,foreign,,100,USDA FNDDS (nguồn chính thức),"USDA FoodData Central (FNDDS/WWEIA Survey Foods), fdcId:2709774"
FNDDS-2709775,,"Cabbage, red, raw",,foreign,,100,USDA FNDDS (nguồn chính thức),"USDA FoodData Central (FNDDS/WWEIA Survey Foods), fdcId:2709775"
FNDDS-2709776,,"Cactus, raw",,foreign,,100,USDA FNDDS (nguồn chính thức),"USDA FoodData Central (FNDDS/WWEIA Survey Foods), fdcId:2709776"
FNDDS-2709777,,"Cauliflower, raw",,foreign,,100,USDA FNDDS (nguồn chính thức),"USDA FoodData Central (FNDDS/WWEIA Survey Foods), fdcId:2709777"
FNDDS-2709778,,"Celery, raw",,foreign,,100,USDA FNDDS (nguồn chính thức),"USDA FoodData Central (FNDDS/WWEIA Survey Foods), fdcId:2709778"
FNDDS-2709779,,"Fennel bulb, raw",,foreign,,100,USDA FNDDS (nguồn chính thức),"USDA FoodData Central (FNDDS/WWEIA Survey Foods), fdcId:2709779"
FNDDS-2709780,,"Basil, raw",,foreign,,100,USDA FNDDS (nguồn chính thức),"USDA FoodData Central (FNDDS/WWEIA Survey Foods), fdcId:2709780"
FNDDS-2709781,,"Chives, raw",,foreign,,100,USDA FNDDS (nguồn chính thức),"USDA FoodData Central (FNDDS/WWEIA Survey Foods), fdcId:2709781"
FNDDS-2709782,,"Cilantro, raw",,foreign,,100,USDA FNDDS (nguồn chính thức),"USDA FoodData Central (FNDDS/WWEIA Survey Foods), fdcId:2709782"
FNDDS-2709783,,"Corn, raw",,foreign,,100,USDA FNDDS (nguồn chính thức),"USDA FoodData Central (FNDDS/WWEIA Survey Foods), fdcId:2709783"
FNDDS-2709784,,"Cucumber, raw",,foreign,,100,USDA FNDDS (nguồn chính thức),"USDA FoodData Central (FNDDS/WWEIA Survey Foods), fdcId:2709784"
FNDDS-2709785,,"Eggplant, raw",,foreign,,100,USDA FNDDS (nguồn chính thức),"USDA FoodData Central (FNDDS/WWEIA Survey Foods), fdcId:2709785"
FNDDS-2709786,,"Garlic, raw",,foreign,,3,USDA FNDDS (nguồn chính thức),"USDA FoodData Central (FNDDS/WWEIA Survey Foods), fdcId:2709786"
FNDDS-2709787,,"Jicama, raw",,foreign,,100,USDA FNDDS (nguồn chính thức),"USDA FoodData Central (FNDDS/WWEIA Survey Foods), fdcId:2709787"
FNDDS-2709788,,"Kohlrabi, raw",,foreign,,100,USDA FNDDS (nguồn chính thức),"USDA FoodData Central (FNDDS/WWEIA Survey Foods), fdcId:2709788"
FNDDS-2709790,,"Lettuce, Boston, raw",,foreign,,100,USDA FNDDS (nguồn chính thức),"USDA FoodData Central (FNDDS/WWEIA Survey Foods), fdcId:2709790"
FNDDS-2709791,,"Lettuce, arugula, raw",,foreign,,100,USDA FNDDS (nguồn chính thức),"USDA FoodData Central (FNDDS/WWEIA Survey Foods), fdcId:2709791"
FNDDS-2709793,,"Mushrooms, raw",,foreign,,100,USDA FNDDS (nguồn chính thức),"USDA FoodData Central (FNDDS/WWEIA Survey Foods), fdcId:2709793"
FNDDS-2709794,,"Onions, green, raw",,foreign,,100,USDA FNDDS (nguồn chính thức),"USDA FoodData Central (FNDDS/WWEIA Survey Foods), fdcId:2709794"
FNDDS-2709796,,"Parsley, raw",,foreign,,100,USDA FNDDS (nguồn chính thức),"USDA FoodData Central (FNDDS/WWEIA Survey Foods), fdcId:2709796"
FNDDS-2709797,,"Green peas, raw",,foreign,,100,USDA FNDDS (nguồn chính thức),"USDA FoodData Central (FNDDS/WWEIA Survey Foods), fdcId:2709797"
FNDDS-2709798,,"Peppers, hot, raw",,foreign,,100,USDA FNDDS (nguồn chính thức),"USDA FoodData Central (FNDDS/WWEIA Survey Foods), fdcId:2709798"
FNDDS-2709799,,"Peppers, raw, NFS",,foreign,,100,USDA FNDDS (nguồn chính thức),"USDA FoodData Central (FNDDS/WWEIA Survey Foods), fdcId:2709799"
FNDDS-2709800,,"Peppers, sweet, green, raw",,foreign,,100,USDA FNDDS (nguồn chính thức),"USDA FoodData Central (FNDDS/WWEIA Survey Foods), fdcId:2709800"
FNDDS-2709801,,"Peppers, sweet, red, raw",,foreign,,100,USDA FNDDS (nguồn chính thức),"USDA FoodData Central (FNDDS/WWEIA Survey Foods), fdcId:2709801"
FNDDS-2709802,,"Peppers, banana, raw",,foreign,,100,USDA FNDDS (nguồn chính thức),"USDA FoodData Central (FNDDS/WWEIA Survey Foods), fdcId:2709802"
FNDDS-2709803,,Radish,,foreign,,100,USDA FNDDS (nguồn chính thức),"USDA FoodData Central (FNDDS/WWEIA Survey Foods), fdcId:2709803"
FNDDS-2709804,,"Rutabaga, raw",,foreign,,100,USDA FNDDS (nguồn chính thức),"USDA FoodData Central (FNDDS/WWEIA Survey Foods), fdcId:2709804"
FNDDS-2709805,,"Seaweed, raw",,foreign,,99,USDA FNDDS (nguồn chính thức),"USDA FoodData Central (FNDDS/WWEIA Survey Foods), fdcId:2709805"
FNDDS-2709806,,"Snowpeas, raw",,foreign,,100,USDA FNDDS (nguồn chính thức),"USDA FoodData Central (FNDDS/WWEIA Survey Foods), fdcId:2709806"
FNDDS-2709807,,"Summer squash, yellow, raw",,foreign,,100,USDA FNDDS (nguồn chính thức),"USDA FoodData Central (FNDDS/WWEIA Survey Foods), fdcId:2709807"
FNDDS-2709808,,"Summer squash, green, raw",,foreign,,100,USDA FNDDS (nguồn chính thức),"USDA FoodData Central (FNDDS/WWEIA Survey Foods), fdcId:2709808"
FNDDS-2709809,,"Turnip, raw",,foreign,,100,USDA FNDDS (nguồn chính thức),"USDA FoodData Central (FNDDS/WWEIA Survey Foods), fdcId:2709809"
FNDDS-2709810,,Mixed vegetable juice,,foreign,,100,USDA FNDDS (nguồn chính thức),"USDA FoodData Central (FNDDS/WWEIA Survey Foods), fdcId:2709810"
FNDDS-2709811,,Celery juice,,foreign,,100,USDA FNDDS (nguồn chính thức),"USDA FoodData Central (FNDDS/WWEIA Survey Foods), fdcId:2709811"
FNDDS-2709812,,"Broccoli salad with cauliflower, cheese, bacon bits, and dressing",,foreign,,960,USDA FNDDS (nguồn chính thức),"USDA FoodData Central (FNDDS/WWEIA Survey Foods), fdcId:2709812"
FNDDS-2709813,,Broccoli slaw salad,,foreign,,824,USDA FNDDS (nguồn chính thức),"USDA FoodData Central (FNDDS/WWEIA Survey Foods), fdcId:2709813"
FNDDS-2709814,,"Coleslaw, fast food / restaurant",,foreign,,100,USDA FNDDS (nguồn chính thức),"USDA FoodData Central (FNDDS/WWEIA Survey Foods), fdcId:2709814"
FNDDS-2709815,,Coleslaw,,foreign,,830,USDA FNDDS (nguồn chính thức),"USDA FoodData Central (FNDDS/WWEIA Survey Foods), fdcId:2709815"
FNDDS-2709816,,"Cabbage salad, NFS",,foreign,,834.5,USDA FNDDS (nguồn chính thức),"USDA FoodData Central (FNDDS/WWEIA Survey Foods), fdcId:2709816"
FNDDS-2709817,,"Coleslaw, with fruit",,foreign,,1052,USDA FNDDS (nguồn chính thức),"USDA FoodData Central (FNDDS/WWEIA Survey Foods), fdcId:2709817"
FNDDS-2709818,,Cucumber and vegetable namasu,,foreign,,537.5,USDA FNDDS (nguồn chính thức),"USDA FoodData Central (FNDDS/WWEIA Survey Foods), fdcId:2709818"
FNDDS-2709819,,"Cucumber salad, made with sour cream dressing",,foreign,,570.008,USDA FNDDS (nguồn chính thức),"USDA FoodData Central (FNDDS/WWEIA Survey Foods), fdcId:2709819"
FNDDS-2709821,,Cucumber salad made with cucumber and vinegar,,foreign,,497.75,USDA FNDDS (nguồn chính thức),"USDA FoodData Central (FNDDS/WWEIA Survey Foods), fdcId:2709821"
FNDDS-2709828,,"Lettuce, wilted, with bacon dressing",,foreign,,570,USDA FNDDS (nguồn chính thức),"USDA FoodData Central (FNDDS/WWEIA Survey Foods), fdcId:2709828"
FNDDS-2709829,,"Seven-layer salad, lettuce salad made with a combination of onion, celery, green pepper, peas, mayonnaise, cheese, eggs, and/or bacon",,foreign,,1969.4,USDA FNDDS (nguồn chính thức),"USDA FoodData Central (FNDDS/WWEIA Survey Foods), fdcId:2709829"
FNDDS-2709833,,Aloe vera juice drink,,foreign,,100,USDA FNDDS (nguồn chính thức),"USDA FoodData Central (FNDDS/WWEIA Survey Foods), fdcId:2709833"
FNDDS-2709834,,"Asparagus, fresh, cooked, no added fat",,foreign,,100.3,USDA FNDDS (nguồn chính thức),"USDA FoodData Central (FNDDS/WWEIA Survey Foods), fdcId:2709834"
FNDDS-2709835,,"Asparagus, frozen, cooked, no added fat",,foreign,,100.3,USDA FNDDS (nguồn chính thức),"USDA FoodData Central (FNDDS/WWEIA Survey Foods), fdcId:2709835"
FNDDS-2709836,,"Asparagus, canned, cooked, no added fat",,foreign,,100,USDA FNDDS (nguồn chính thức),"USDA FoodData Central (FNDDS/WWEIA Survey Foods), fdcId:2709836"
FNDDS-2709848,,"Lima beans, from frozen, no added fat",,foreign,,100.3,USDA FNDDS (nguồn chính thức),"USDA FoodData Central (FNDDS/WWEIA Survey Foods), fdcId:2709848"
FNDDS-2709852,,"Green beans, fresh, cooked, no added fat",,foreign,,100.3,USDA FNDDS (nguồn chính thức),"USDA FoodData Central (FNDDS/WWEIA Survey Foods), fdcId:2709852"
FNDDS-2709853,,"Green beans, frozen, cooked, no added fat",,foreign,,100.3,USDA FNDDS (nguồn chính thức),"USDA FoodData Central (FNDDS/WWEIA Survey Foods), fdcId:2709853"
FNDDS-2709854,,"Green beans, canned, cooked, no added fat",,foreign,,100,USDA FNDDS (nguồn chính thức),"USDA FoodData Central (FNDDS/WWEIA Survey Foods), fdcId:2709854"
FNDDS-2709865,,"Green beans, canned, reduced sodium, cooked, no added fat",,foreign,,100,USDA FNDDS (nguồn chính thức),"USDA FoodData Central (FNDDS/WWEIA Survey Foods), fdcId:2709865"
FNDDS-2709872,,"Beets, fresh, cooked, no added fat",,foreign,,100.3,USDA FNDDS (nguồn chính thức),"USDA FoodData Central (FNDDS/WWEIA Survey Foods), fdcId:2709872"
FNDDS-2709873,,"Beets, canned, cooked, no added fat",,foreign,,100,USDA FNDDS (nguồn chính thức),"USDA FoodData Central (FNDDS/WWEIA Survey Foods), fdcId:2709873"
FNDDS-2709881,,"Brussels sprouts, fresh, cooked, no added fat",,foreign,,100.3,USDA FNDDS (nguồn chính thức),"USDA FoodData Central (FNDDS/WWEIA Survey Foods), fdcId:2709881"
FNDDS-2709882,,"Brussels sprouts, frozen, cooked, no added fat",,foreign,,100.3,USDA FNDDS (nguồn chính thức),"USDA FoodData Central (FNDDS/WWEIA Survey Foods), fdcId:2709882"
FNDDS-2709887,,"Cabbage, Chinese, cooked, no added fat",,foreign,,100.3,USDA FNDDS (nguồn chính thức),"USDA FoodData Central (FNDDS/WWEIA Survey Foods), fdcId:2709887"
FNDDS-2709889,,"Cabbage, green, cooked, no added fat",,foreign,,100.3,USDA FNDDS (nguồn chính thức),"USDA FoodData Central (FNDDS/WWEIA Survey Foods), fdcId:2709889"
FNDDS-2709895,,"Cactus, cooked, no added fat",,foreign,,100.3,USDA FNDDS (nguồn chính thức),"USDA FoodData Central (FNDDS/WWEIA Survey Foods), fdcId:2709895"
FNDDS-2709897,,"Cauliflower, fresh, cooked, no added fat",,foreign,,100.3,USDA FNDDS (nguồn chính thức),"USDA FoodData Central (FNDDS/WWEIA Survey Foods), fdcId:2709897"
FNDDS-2709898,,"Cauliflower, frozen, cooked, no added fat",,foreign,,100.3,USDA FNDDS (nguồn chính thức),"USDA FoodData Central (FNDDS/WWEIA Survey Foods), fdcId:2709898"
FNDDS-2709910,,"Corn, fresh, cooked, no added fat",,foreign,,100.3,USDA FNDDS (nguồn chính thức),"USDA FoodData Central (FNDDS/WWEIA Survey Foods), fdcId:2709910"
FNDDS-2709911,,"Corn, frozen, cooked, no added fat",,foreign,,100.3,USDA FNDDS (nguồn chính thức),"USDA FoodData Central (FNDDS/WWEIA Survey Foods), fdcId:2709911"
FNDDS-2709912,,"Corn, canned, cooked, no added fat",,foreign,,100,USDA FNDDS (nguồn chính thức),"USDA FoodData Central (FNDDS/WWEIA Survey Foods), fdcId:2709912"
FNDDS-2709923,,"Corn, creamed",,foreign,,100,USDA FNDDS (nguồn chính thức),"USDA FoodData Central (FNDDS/WWEIA Survey Foods), fdcId:2709923"
FNDDS-2709924,,"Corn, canned, reduced sodium, cooked, no added fat",,foreign,,100,USDA FNDDS (nguồn chính thức),"USDA FoodData Central (FNDDS/WWEIA Survey Foods), fdcId:2709924"
FNDDS-2709929,,"Eggplant, cooked, no added fat",,foreign,,100.3,USDA FNDDS (nguồn chính thức),"USDA FoodData Central (FNDDS/WWEIA Survey Foods), fdcId:2709929"
FNDDS-2709932,,"Garlic, cooked",,foreign,,100.6,USDA FNDDS (nguồn chính thức),"USDA FoodData Central (FNDDS/WWEIA Survey Foods), fdcId:2709932"
FNDDS-2709943,,"Mushroom, Asian, cooked, from dried",,foreign,,100.3,USDA FNDDS (nguồn chính thức),"USDA FoodData Central (FNDDS/WWEIA Survey Foods), fdcId:2709943"
FNDDS-2709944,,"Okra, fresh, cooked, no added fat",,foreign,,100.3,USDA FNDDS (nguồn chính thức),"USDA FoodData Central (FNDDS/WWEIA Survey Foods), fdcId:2709944"
FNDDS-2709945,,"Okra, frozen, cooked, no added fat",,foreign,,100.3,USDA FNDDS (nguồn chính thức),"USDA FoodData Central (FNDDS/WWEIA Survey Foods), fdcId:2709945"
FNDDS-2709950,,"Onions, cooked, no added fat",,foreign,,100.3,USDA FNDDS (nguồn chính thức),"USDA FoodData Central (FNDDS/WWEIA Survey Foods), fdcId:2709950"
FNDDS-2709959,,"Green peas, fresh, cooked, no added fat",,foreign,,100.3,USDA FNDDS (nguồn chính thức),"USDA FoodData Central (FNDDS/WWEIA Survey Foods), fdcId:2709959"
FNDDS-2709960,,"Green peas, frozen, cooked, no added fat",,foreign,,100.3,USDA FNDDS (nguồn chính thức),"USDA FoodData Central (FNDDS/WWEIA Survey Foods), fdcId:2709960"
FNDDS-2709961,,"Green peas, canned, cooked, no added fat",,foreign,,100,USDA FNDDS (nguồn chính thức),"USDA FoodData Central (FNDDS/WWEIA Survey Foods), fdcId:2709961"
FNDDS-2709972,,"Green peas, canned, reduced sodium, cooked, no added fat",,foreign,,100,USDA FNDDS (nguồn chính thức),"USDA FoodData Central (FNDDS/WWEIA Survey Foods), fdcId:2709972"
FNDDS-2709979,,Pimiento,,foreign,,100,USDA FNDDS (nguồn chính thức),"USDA FoodData Central (FNDDS/WWEIA Survey Foods), fdcId:2709979"
FNDDS-2709983,,"Snowpeas, fresh, cooked, no added fat",,foreign,,100.3,USDA FNDDS (nguồn chính thức),"USDA FoodData Central (FNDDS/WWEIA Survey Foods), fdcId:2709983"
FNDDS-2709984,,"Snowpeas, frozen, cooked, no added fat",,foreign,,100.3,USDA FNDDS (nguồn chính thức),"USDA FoodData Central (FNDDS/WWEIA Survey Foods), fdcId:2709984"
FNDDS-2709988,,"Seaweed, dried",,foreign,,100,USDA FNDDS (nguồn chính thức),"USDA FoodData Central (FNDDS/WWEIA Survey Foods), fdcId:2709988"
FNDDS-2709989,,"Seaweed, cooked, no added fat",,foreign,,99,USDA FNDDS (nguồn chính thức),"USDA FoodData Central (FNDDS/WWEIA Survey Foods), fdcId:2709989"
FNDDS-2709991,,"Summer squash, yellow or green, fresh, cooked, no added fat",,foreign,,100.3,USDA FNDDS (nguồn chính thức),"USDA FoodData Central (FNDDS/WWEIA Survey Foods), fdcId:2709991"
FNDDS-2709992,,"Summer squash, yellow or green, frozen, cooked, no added fat",,foreign,,100.3,USDA FNDDS (nguồn chính thức),"USDA FoodData Central (FNDDS/WWEIA Survey Foods), fdcId:2709992"
FNDDS-2710003,,Water Chesnut,,foreign,,100,USDA FNDDS (nguồn chính thức),"USDA FoodData Central (FNDDS/WWEIA Survey Foods), fdcId:2710003"
FNDDS-2710006,,Yeast extract spread,,foreign,,100,USDA FNDDS (nguồn chính thức),"USDA FoodData Central (FNDDS/WWEIA Survey Foods), fdcId:2710006"
FNDDS-2710007,,"Lima beans and corn, cooked, no added fat",,foreign,,100.3,USDA FNDDS (nguồn chính thức),"USDA FoodData Central (FNDDS/WWEIA Survey Foods), fdcId:2710007"
FNDDS-2710009,,"Bean salad, yellow and/or green string beans",,foreign,,1049.5,USDA FNDDS (nguồn chính thức),"USDA FoodData Central (FNDDS/WWEIA Survey Foods), fdcId:2710009"
FNDDS-2710013,,"Classic mixed vegetables, frozen, cooked, no added fat",,foreign,,100.3,USDA FNDDS (nguồn chính thức),"USDA FoodData Central (FNDDS/WWEIA Survey Foods), fdcId:2710013"
FNDDS-2710026,,"Peas and corn, cooked, no added fat",,foreign,,100.3,USDA FNDDS (nguồn chính thức),"USDA FoodData Central (FNDDS/WWEIA Survey Foods), fdcId:2710026"
FNDDS-2710031,,"Broccoli and cauliflower, cooked, no added fat",,foreign,,100.3,USDA FNDDS (nguồn chính thức),"USDA FoodData Central (FNDDS/WWEIA Survey Foods), fdcId:2710031"
FNDDS-2710033,,"Broccoli, cauliflower and carrots, cooked, no added fat",,foreign,,99.3,USDA FNDDS (nguồn chính thức),"USDA FoodData Central (FNDDS/WWEIA Survey Foods), fdcId:2710033"
FNDDS-2710055,,Fried onion rings,,foreign,,100,USDA FNDDS (nguồn chính thức),"USDA FoodData Central (FNDDS/WWEIA Survey Foods), fdcId:2710055"
FNDDS-2710056,,Pea salad,,foreign,,894.412,USDA FNDDS (nguồn chính thức),"USDA FoodData Central (FNDDS/WWEIA Survey Foods), fdcId:2710056"
FNDDS-2710057,,Pea salad with cheese,,foreign,,993.412,USDA FNDDS (nguồn chính thức),"USDA FoodData Central (FNDDS/WWEIA Survey Foods), fdcId:2710057"
FNDDS-2710064,,"Chow mein or chop suey, meatless, no noodles",,foreign,,100,USDA FNDDS (nguồn chính thức),"USDA FoodData Central (FNDDS/WWEIA Survey Foods), fdcId:2710064"
FNDDS-2710069,,"Chow mein or chop suey, meatless, with noodles",,foreign,,822.15,USDA FNDDS (nguồn chính thức),"USDA FoodData Central (FNDDS/WWEIA Survey Foods), fdcId:2710069"
FNDDS-2710070,,"Green beans, pickled",,foreign,,102.5,USDA FNDDS (nguồn chính thức),"USDA FoodData Central (FNDDS/WWEIA Survey Foods), fdcId:2710070"
FNDDS-2710071,,"Beets, pickled",,foreign,,100,USDA FNDDS (nguồn chính thức),"USDA FoodData Central (FNDDS/WWEIA Survey Foods), fdcId:2710071"
FNDDS-2710072,,"Celery, pickled",,foreign,,102.5,USDA FNDDS (nguồn chính thức),"USDA FoodData Central (FNDDS/WWEIA Survey Foods), fdcId:2710072"
FNDDS-2710073,,"Relish, corn",,foreign,,100.5,USDA FNDDS (nguồn chính thức),"USDA FoodData Central (FNDDS/WWEIA Survey Foods), fdcId:2710073"
FNDDS-2710074,,"Cauliflower, pickled",,foreign,,102.5,USDA FNDDS (nguồn chính thức),"USDA FoodData Central (FNDDS/WWEIA Survey Foods), fdcId:2710074"
FNDDS-2710075,,"Cabbage, green, pickled",,foreign,,102.5,USDA FNDDS (nguồn chính thức),"USDA FoodData Central (FNDDS/WWEIA Survey Foods), fdcId:2710075"
FNDDS-2710076,,"Cabbage, red, pickled",,foreign,,102.5,USDA FNDDS (nguồn chính thức),"USDA FoodData Central (FNDDS/WWEIA Survey Foods), fdcId:2710076"
FNDDS-2710077,,Kimchi,,foreign,,100,USDA FNDDS (nguồn chính thức),"USDA FoodData Central (FNDDS/WWEIA Survey Foods), fdcId:2710077"
FNDDS-2710078,,"Pickles, dill",,foreign,,100,USDA FNDDS (nguồn chính thức),"USDA FoodData Central (FNDDS/WWEIA Survey Foods), fdcId:2710078"
FNDDS-2710079,,"Relish, pickle",,foreign,,100,USDA FNDDS (nguồn chính thức),"USDA FoodData Central (FNDDS/WWEIA Survey Foods), fdcId:2710079"
FNDDS-2710080,,"Pickles, sweet",,foreign,,100,USDA FNDDS (nguồn chính thức),"USDA FoodData Central (FNDDS/WWEIA Survey Foods), fdcId:2710080"
FNDDS-2710081,,"Eggplant, pickled",,foreign,,102.5,USDA FNDDS (nguồn chính thức),"USDA FoodData Central (FNDDS/WWEIA Survey Foods), fdcId:2710081"
FNDDS-2710082,,"Ginger root, pickled",,foreign,,100,USDA FNDDS (nguồn chính thức),"USDA FoodData Central (FNDDS/WWEIA Survey Foods), fdcId:2710082"
FNDDS-2710083,,Horseradish,,foreign,,100,USDA FNDDS (nguồn chính thức),"USDA FoodData Central (FNDDS/WWEIA Survey Foods), fdcId:2710083"
FNDDS-2710085,,Mustard,,foreign,,100,USDA FNDDS (nguồn chính thức),"USDA FoodData Central (FNDDS/WWEIA Survey Foods), fdcId:2710085"
FNDDS-2710087,,"Okra, pickled",,foreign,,102.5,USDA FNDDS (nguồn chính thức),"USDA FoodData Central (FNDDS/WWEIA Survey Foods), fdcId:2710087"
FNDDS-2710088,,"Olives, NFS",,foreign,,100,USDA FNDDS (nguồn chính thức),"USDA FoodData Central (FNDDS/WWEIA Survey Foods), fdcId:2710088"
FNDDS-2710089,,"Olives, green",,foreign,,100,USDA FNDDS (nguồn chính thức),"USDA FoodData Central (FNDDS/WWEIA Survey Foods), fdcId:2710089"
FNDDS-2710090,,"Olives, black",,foreign,,100,USDA FNDDS (nguồn chính thức),"USDA FoodData Central (FNDDS/WWEIA Survey Foods), fdcId:2710090"
FNDDS-2710093,,Hot pepper sauce,,foreign,,100,USDA FNDDS (nguồn chính thức),"USDA FoodData Central (FNDDS/WWEIA Survey Foods), fdcId:2710093"
FNDDS-2710095,,"Peppers, hot, pickled",,foreign,,100,USDA FNDDS (nguồn chính thức),"USDA FoodData Central (FNDDS/WWEIA Survey Foods), fdcId:2710095"
FNDDS-2710096,,"Peppers, jalapenos",,foreign,,100,USDA FNDDS (nguồn chính thức),"USDA FoodData Central (FNDDS/WWEIA Survey Foods), fdcId:2710096"
FNDDS-2710099,,"Radishes, pickled",,foreign,,102.5,USDA FNDDS (nguồn chính thức),"USDA FoodData Central (FNDDS/WWEIA Survey Foods), fdcId:2710099"
FNDDS-2710101,,"Vegetables, pickled",,foreign,,102.5,USDA FNDDS (nguồn chính thức),"USDA FoodData Central (FNDDS/WWEIA Survey Foods), fdcId:2710101"
FNDDS-2710102,,"Turnip, pickled",,foreign,,102.5,USDA FNDDS (nguồn chính thức),"USDA FoodData Central (FNDDS/WWEIA Survey Foods), fdcId:2710102"
FNDDS-2710103,,Wasabi paste,,foreign,,100,USDA FNDDS (nguồn chính thức),"USDA FoodData Central (FNDDS/WWEIA Survey Foods), fdcId:2710103"
FNDDS-2710104,,"Zucchini, pickled",,foreign,,102.5,USDA FNDDS (nguồn chính thức),"USDA FoodData Central (FNDDS/WWEIA Survey Foods), fdcId:2710104"
FNDDS-2710117,,"Baby Toddler vegetable, NFS",,foreign,,100,USDA FNDDS (nguồn chính thức),"USDA FoodData Central (FNDDS/WWEIA Survey Foods), fdcId:2710117"
FNDDS-2710118,,"Baby Toddler carrots, Stage 1",,foreign,,100,USDA FNDDS (nguồn chính thức),"USDA FoodData Central (FNDDS/WWEIA Survey Foods), fdcId:2710118"
FNDDS-2710119,,"Baby Toddler carrots, Stage 2",,foreign,,100,USDA FNDDS (nguồn chính thức),"USDA FoodData Central (FNDDS/WWEIA Survey Foods), fdcId:2710119"
FNDDS-2710120,,"Baby Toddler squash, Stage 1",,foreign,,100,USDA FNDDS (nguồn chính thức),"USDA FoodData Central (FNDDS/WWEIA Survey Foods), fdcId:2710120"
FNDDS-2710121,,"Baby Toddler squash, Stage 2",,foreign,,100,USDA FNDDS (nguồn chính thức),"USDA FoodData Central (FNDDS/WWEIA Survey Foods), fdcId:2710121"
FNDDS-2710122,,"Baby Toddler sweet potatoes, Stage 1",,foreign,,100,USDA FNDDS (nguồn chính thức),"USDA FoodData Central (FNDDS/WWEIA Survey Foods), fdcId:2710122"
FNDDS-2710123,,"Baby Toddler sweet potatoes, Stage 2",,foreign,,100,USDA FNDDS (nguồn chính thức),"USDA FoodData Central (FNDDS/WWEIA Survey Foods), fdcId:2710123"
FNDDS-2710124,,"Baby Toddler green beans, Stage 1",,foreign,,100,USDA FNDDS (nguồn chính thức),"USDA FoodData Central (FNDDS/WWEIA Survey Foods), fdcId:2710124"
FNDDS-2710125,,"Baby Toddler green beans, Stage 2",,foreign,,100,USDA FNDDS (nguồn chính thức),"USDA FoodData Central (FNDDS/WWEIA Survey Foods), fdcId:2710125"
FNDDS-2710126,,Baby Toddler beets,,foreign,,100,USDA FNDDS (nguồn chính thức),"USDA FoodData Central (FNDDS/WWEIA Survey Foods), fdcId:2710126"
FNDDS-2710131,,"Baby Toddler peas, Stage 1",,foreign,,100,USDA FNDDS (nguồn chính thức),"USDA FoodData Central (FNDDS/WWEIA Survey Foods), fdcId:2710131"
FNDDS-2710132,,"Baby Toddler peas, Stage 2",,foreign,,100,USDA FNDDS (nguồn chính thức),"USDA FoodData Central (FNDDS/WWEIA Survey Foods), fdcId:2710132"
FNDDS-2710136,,"Toddler meal, pasta",,foreign,,100,USDA FNDDS (nguồn chính thức),"USDA FoodData Central (FNDDS/WWEIA Survey Foods), fdcId:2710136"
FNDDS-2710145,,"Vegetable and fruit juice, 100% juice, with high vitamin C",,foreign,,100,USDA FNDDS (nguồn chính thức),"USDA FoodData Central (FNDDS/WWEIA Survey Foods), fdcId:2710145"
FNDDS-2710150,,"Fruit and vegetable smoothie, bottled",,foreign,,100,USDA FNDDS (nguồn chính thức),"USDA FoodData Central (FNDDS/WWEIA Survey Foods), fdcId:2710150"
FNDDS-2710155,,"Butter, stick",,foreign,,100,USDA FNDDS (nguồn chính thức),"USDA FoodData Central (FNDDS/WWEIA Survey Foods), fdcId:2710155"
FNDDS-2710156,,"Butter, tub",,foreign,,100,USDA FNDDS (nguồn chính thức),"USDA FoodData Central (FNDDS/WWEIA Survey Foods), fdcId:2710156"
FNDDS-2710157,,"Butter, light",,foreign,,100,USDA FNDDS (nguồn chính thức),"USDA FoodData Central (FNDDS/WWEIA Survey Foods), fdcId:2710157"
FNDDS-2710159,,"Margarine, stick",,foreign,,100,USDA FNDDS (nguồn chính thức),"USDA FoodData Central (FNDDS/WWEIA Survey Foods), fdcId:2710159"
FNDDS-2710160,,"Margarine, tub",,foreign,,100,USDA FNDDS (nguồn chính thức),"USDA FoodData Central (FNDDS/WWEIA Survey Foods), fdcId:2710160"
FNDDS-2710161,,"Butter replacement, liquid",,foreign,,100,USDA FNDDS (nguồn chính thức),"USDA FoodData Central (FNDDS/WWEIA Survey Foods), fdcId:2710161"
FNDDS-2710162,,"Margarine, light",,foreign,,100,USDA FNDDS (nguồn chính thức),"USDA FoodData Central (FNDDS/WWEIA Survey Foods), fdcId:2710162"
FNDDS-2710163,,"Butter replacement, powder",,foreign,,100,USDA FNDDS (nguồn chính thức),"USDA FoodData Central (FNDDS/WWEIA Survey Foods), fdcId:2710163"
FNDDS-2710165,,Animal fat or drippings,,foreign,,100.4,USDA FNDDS (nguồn chính thức),"USDA FoodData Central (FNDDS/WWEIA Survey Foods), fdcId:2710165"
FNDDS-2710166,,Lard,,foreign,,100,USDA FNDDS (nguồn chính thức),"USDA FoodData Central (FNDDS/WWEIA Survey Foods), fdcId:2710166"
FNDDS-2710167,,"Shortening, NS as to vegetable or animal",,foreign,,100,USDA FNDDS (nguồn chính thức),"USDA FoodData Central (FNDDS/WWEIA Survey Foods), fdcId:2710167"
FNDDS-2710168,,"Ghee, clarified butter",,foreign,,100,USDA FNDDS (nguồn chính thức),"USDA FoodData Central (FNDDS/WWEIA Survey Foods), fdcId:2710168"
FNDDS-2710169,,Garlic sauce,,foreign,,100,USDA FNDDS (nguồn chính thức),"USDA FoodData Central (FNDDS/WWEIA Survey Foods), fdcId:2710169"
FNDDS-2710170,,Lemon-butter sauce,,foreign,,100,USDA FNDDS (nguồn chính thức),"USDA FoodData Central (FNDDS/WWEIA Survey Foods), fdcId:2710170"
FNDDS-2710171,,Hollandaise sauce,,foreign,,100,USDA FNDDS (nguồn chính thức),"USDA FoodData Central (FNDDS/WWEIA Survey Foods), fdcId:2710171"
FNDDS-2710172,,Sandwich spread,,foreign,,100,USDA FNDDS (nguồn chính thức),"USDA FoodData Central (FNDDS/WWEIA Survey Foods), fdcId:2710172"
FNDDS-2710173,,Tartar sauce,,foreign,,100,USDA FNDDS (nguồn chính thức),"USDA FoodData Central (FNDDS/WWEIA Survey Foods), fdcId:2710173"
FNDDS-2710174,,Horseradish sauce,,foreign,,100,USDA FNDDS (nguồn chính thức),"USDA FoodData Central (FNDDS/WWEIA Survey Foods), fdcId:2710174"
FNDDS-2710176,,Fry sauce,,foreign,,100,USDA FNDDS (nguồn chính thức),"USDA FoodData Central (FNDDS/WWEIA Survey Foods), fdcId:2710176"
FNDDS-2710179,,Honey butter,,foreign,,136,USDA FNDDS (nguồn chính thức),"USDA FoodData Central (FNDDS/WWEIA Survey Foods), fdcId:2710179"
FNDDS-2710181,,Almond oil,,foreign,,100,USDA FNDDS (nguồn chính thức),"USDA FoodData Central (FNDDS/WWEIA Survey Foods), fdcId:2710181"
FNDDS-2710182,,Coconut oil,,foreign,,100,USDA FNDDS (nguồn chính thức),"USDA FoodData Central (FNDDS/WWEIA Survey Foods), fdcId:2710182"
FNDDS-2710183,,Corn oil,,foreign,,100,USDA FNDDS (nguồn chính thức),"USDA FoodData Central (FNDDS/WWEIA Survey Foods), fdcId:2710183"
FNDDS-2710184,,Cottonseed oil,,foreign,,100,USDA FNDDS (nguồn chính thức),"USDA FoodData Central (FNDDS/WWEIA Survey Foods), fdcId:2710184"
FNDDS-2710185,,Flaxseed oil,,foreign,,100,USDA FNDDS (nguồn chính thức),"USDA FoodData Central (FNDDS/WWEIA Survey Foods), fdcId:2710185"
FNDDS-2710187,,Peanut oil,,foreign,,100,USDA FNDDS (nguồn chính thức),"USDA FoodData Central (FNDDS/WWEIA Survey Foods), fdcId:2710187"
FNDDS-2710188,,Canola oil,,foreign,,100,USDA FNDDS (nguồn chính thức),"USDA FoodData Central (FNDDS/WWEIA Survey Foods), fdcId:2710188"
FNDDS-2710189,,Safflower oil,,foreign,,100,USDA FNDDS (nguồn chính thức),"USDA FoodData Central (FNDDS/WWEIA Survey Foods), fdcId:2710189"
FNDDS-2710190,,Sesame oil,,foreign,,100,USDA FNDDS (nguồn chính thức),"USDA FoodData Central (FNDDS/WWEIA Survey Foods), fdcId:2710190"
FNDDS-2710191,,Soybean oil,,foreign,,100,USDA FNDDS (nguồn chính thức),"USDA FoodData Central (FNDDS/WWEIA Survey Foods), fdcId:2710191"
FNDDS-2710193,,Walnut oil,,foreign,,100,USDA FNDDS (nguồn chính thức),"USDA FoodData Central (FNDDS/WWEIA Survey Foods), fdcId:2710193"
FNDDS-2710194,,Wheat germ oil,,foreign,,100,USDA FNDDS (nguồn chính thức),"USDA FoodData Central (FNDDS/WWEIA Survey Foods), fdcId:2710194"
FNDDS-2710195,,"Salad dressing, NFS, for salads",,foreign,,100,USDA FNDDS (nguồn chính thức),"USDA FoodData Central (FNDDS/WWEIA Survey Foods), fdcId:2710195"
FNDDS-2710196,,"Salad dressing, NFS, for sandwiches",,foreign,,100,USDA FNDDS (nguồn chính thức),"USDA FoodData Central (FNDDS/WWEIA Survey Foods), fdcId:2710196"
FNDDS-2710197,,Blue or roquefort cheese dressing,,foreign,,100,USDA FNDDS (nguồn chính thức),"USDA FoodData Central (FNDDS/WWEIA Survey Foods), fdcId:2710197"
FNDDS-2710198,,Bacon and tomato dressing,,foreign,,100,USDA FNDDS (nguồn chính thức),"USDA FoodData Central (FNDDS/WWEIA Survey Foods), fdcId:2710198"
FNDDS-2710199,,Caesar dressing,,foreign,,100,USDA FNDDS (nguồn chính thức),"USDA FoodData Central (FNDDS/WWEIA Survey Foods), fdcId:2710199"
FNDDS-2710200,,Coleslaw dressing,,foreign,,100,USDA FNDDS (nguồn chính thức),"USDA FoodData Central (FNDDS/WWEIA Survey Foods), fdcId:2710200"
FNDDS-2710201,,French or Catalina dressing,,foreign,,100,USDA FNDDS (nguồn chính thức),"USDA FoodData Central (FNDDS/WWEIA Survey Foods), fdcId:2710201"
FNDDS-2710202,,Honey mustard dressing,,foreign,,100,USDA FNDDS (nguồn chính thức),"USDA FoodData Central (FNDDS/WWEIA Survey Foods), fdcId:2710202"
FNDDS-2710203,,"Italian dressing, made with vinegar and oil",,foreign,,100,USDA FNDDS (nguồn chính thức),"USDA FoodData Central (FNDDS/WWEIA Survey Foods), fdcId:2710203"
FNDDS-2710204,,"Mayonnaise, regular",,foreign,,100,USDA FNDDS (nguồn chính thức),"USDA FoodData Central (FNDDS/WWEIA Survey Foods), fdcId:2710204"
FNDDS-2710205,,Vegan mayonnaise,,foreign,,100,USDA FNDDS (nguồn chính thức),"USDA FoodData Central (FNDDS/WWEIA Survey Foods), fdcId:2710205"
FNDDS-2710206,,Russian dressing,,foreign,,100,USDA FNDDS (nguồn chính thức),"USDA FoodData Central (FNDDS/WWEIA Survey Foods), fdcId:2710206"
FNDDS-2710207,,Mayonnaise-type salad dressing,,foreign,,100,USDA FNDDS (nguồn chính thức),"USDA FoodData Central (FNDDS/WWEIA Survey Foods), fdcId:2710207"
FNDDS-2710208,,Avocado dressing,,foreign,,100,USDA FNDDS (nguồn chính thức),"USDA FoodData Central (FNDDS/WWEIA Survey Foods), fdcId:2710208"
FNDDS-2710209,,Creamy Italian dressing,,foreign,,100,USDA FNDDS (nguồn chính thức),"USDA FoodData Central (FNDDS/WWEIA Survey Foods), fdcId:2710209"
FNDDS-2710210,,Poppy seed dressing,,foreign,,100,USDA FNDDS (nguồn chính thức),"USDA FoodData Central (FNDDS/WWEIA Survey Foods), fdcId:2710210"
FNDDS-2710211,,Sesame dressing,,foreign,,100,USDA FNDDS (nguồn chính thức),"USDA FoodData Central (FNDDS/WWEIA Survey Foods), fdcId:2710211"
FNDDS-2710212,,Ranch dressing,,foreign,,100,USDA FNDDS (nguồn chính thức),"USDA FoodData Central (FNDDS/WWEIA Survey Foods), fdcId:2710212"
FNDDS-2710213,,Thousand Island dressing,,foreign,,100,USDA FNDDS (nguồn chính thức),"USDA FoodData Central (FNDDS/WWEIA Survey Foods), fdcId:2710213"
FNDDS-2710215,,"Salad dressing, light, NFS",,foreign,,100,USDA FNDDS (nguồn chính thức),"USDA FoodData Central (FNDDS/WWEIA Survey Foods), fdcId:2710215"
FNDDS-2710216,,"Blue or roquefort cheese dressing, light",,foreign,,100,USDA FNDDS (nguồn chính thức),"USDA FoodData Central (FNDDS/WWEIA Survey Foods), fdcId:2710216"
FNDDS-2710217,,"Creamy Italian dressing, light",,foreign,,100,USDA FNDDS (nguồn chính thức),"USDA FoodData Central (FNDDS/WWEIA Survey Foods), fdcId:2710217"
FNDDS-2710218,,"French or Catalina dressing, light",,foreign,,100,USDA FNDDS (nguồn chính thức),"USDA FoodData Central (FNDDS/WWEIA Survey Foods), fdcId:2710218"
FNDDS-2710219,,"Caesar dressing, light",,foreign,,100,USDA FNDDS (nguồn chính thức),"USDA FoodData Central (FNDDS/WWEIA Survey Foods), fdcId:2710219"
FNDDS-2710220,,"Mayonnaise, light",,foreign,,100,USDA FNDDS (nguồn chính thức),"USDA FoodData Central (FNDDS/WWEIA Survey Foods), fdcId:2710220"
FNDDS-2710221,,"Mayonnaise, reduced fat,  with olive oil",,foreign,,100,USDA FNDDS (nguồn chính thức),"USDA FoodData Central (FNDDS/WWEIA Survey Foods), fdcId:2710221"
FNDDS-2710222,,"Mayonnaise-type salad dressing, light",,foreign,,100,USDA FNDDS (nguồn chính thức),"USDA FoodData Central (FNDDS/WWEIA Survey Foods), fdcId:2710222"
FNDDS-2710223,,"Honey mustard dressing, light",,foreign,,100,USDA FNDDS (nguồn chính thức),"USDA FoodData Central (FNDDS/WWEIA Survey Foods), fdcId:2710223"
FNDDS-2710224,,"Italian dressing, light",,foreign,,100,USDA FNDDS (nguồn chính thức),"USDA FoodData Central (FNDDS/WWEIA Survey Foods), fdcId:2710224"
FNDDS-2710225,,"Ranch dressing, light",,foreign,,100,USDA FNDDS (nguồn chính thức),"USDA FoodData Central (FNDDS/WWEIA Survey Foods), fdcId:2710225"
FNDDS-2710226,,"Sesame dressing, light",,foreign,,100,USDA FNDDS (nguồn chính thức),"USDA FoodData Central (FNDDS/WWEIA Survey Foods), fdcId:2710226"
FNDDS-2710227,,"Thousand Island dressing, light",,foreign,,100,USDA FNDDS (nguồn chính thức),"USDA FoodData Central (FNDDS/WWEIA Survey Foods), fdcId:2710227"
FNDDS-2710229,,"Blue or roquefort cheese dressing, fat free",,foreign,,100,USDA FNDDS (nguồn chính thức),"USDA FoodData Central (FNDDS/WWEIA Survey Foods), fdcId:2710229"
FNDDS-2710230,,"Caesar dressing, fat free",,foreign,,100,USDA FNDDS (nguồn chính thức),"USDA FoodData Central (FNDDS/WWEIA Survey Foods), fdcId:2710230"
FNDDS-2710231,,"Creamy Italian dressing, fat free",,foreign,,100,USDA FNDDS (nguồn chính thức),"USDA FoodData Central (FNDDS/WWEIA Survey Foods), fdcId:2710231"
FNDDS-2710232,,"French or Catalina dressing, fat free",,foreign,,100,USDA FNDDS (nguồn chính thức),"USDA FoodData Central (FNDDS/WWEIA Survey Foods), fdcId:2710232"
FNDDS-2710233,,"Honey mustard dressing, fat free",,foreign,,100,USDA FNDDS (nguồn chính thức),"USDA FoodData Central (FNDDS/WWEIA Survey Foods), fdcId:2710233"
FNDDS-2710234,,"Italian dressing, fat free",,foreign,,100,USDA FNDDS (nguồn chính thức),"USDA FoodData Central (FNDDS/WWEIA Survey Foods), fdcId:2710234"
FNDDS-2710235,,"Mayonnaise, fat free",,foreign,,100,USDA FNDDS (nguồn chính thức),"USDA FoodData Central (FNDDS/WWEIA Survey Foods), fdcId:2710235"
FNDDS-2710236,,"Ranch dressing, fat free",,foreign,,100,USDA FNDDS (nguồn chính thức),"USDA FoodData Central (FNDDS/WWEIA Survey Foods), fdcId:2710236"
FNDDS-2710237,,"Salad dressing, fat free, NFS",,foreign,,100,USDA FNDDS (nguồn chính thức),"USDA FoodData Central (FNDDS/WWEIA Survey Foods), fdcId:2710237"
FNDDS-2710238,,"Thousand Island dressing, fat free",,foreign,,100,USDA FNDDS (nguồn chính thức),"USDA FoodData Central (FNDDS/WWEIA Survey Foods), fdcId:2710238"
FNDDS-2710239,,"Bacon, for use with vegetables",,foreign,,100,USDA FNDDS (nguồn chính thức),"USDA FoodData Central (FNDDS/WWEIA Survey Foods), fdcId:2710239"
FNDDS-2710240,,"Ham, for use with vegetables",,foreign,,100,USDA FNDDS (nguồn chính thức),"USDA FoodData Central (FNDDS/WWEIA Survey Foods), fdcId:2710240"
FNDDS-2710241,,"Beef, for use with vegetables",,foreign,,100,USDA FNDDS (nguồn chính thức),"USDA FoodData Central (FNDDS/WWEIA Survey Foods), fdcId:2710241"
FNDDS-2710243,,"Cream sauce, for use with vegetables",,foreign,,100.4,USDA FNDDS (nguồn chính thức),"USDA FoodData Central (FNDDS/WWEIA Survey Foods), fdcId:2710243"
FNDDS-2710244,,"Cheese sauce, for use with vegetables",,foreign,,100,USDA FNDDS (nguồn chính thức),"USDA FoodData Central (FNDDS/WWEIA Survey Foods), fdcId:2710244"
FNDDS-2710245,,"Gravy, for use with vegetables",,foreign,,100,USDA FNDDS (nguồn chính thức),"USDA FoodData Central (FNDDS/WWEIA Survey Foods), fdcId:2710245"
FNDDS-2710246,,"Soy based sauce, for use with vegetables",,foreign,,100,USDA FNDDS (nguồn chính thức),"USDA FoodData Central (FNDDS/WWEIA Survey Foods), fdcId:2710246"
FNDDS-2710257,,"Sugar, NFS",,foreign,,100,USDA FNDDS (nguồn chính thức),"USDA FoodData Central (FNDDS/WWEIA Survey Foods), fdcId:2710257"
FNDDS-2710258,,"Sugar, white, granulated or lump",,foreign,,100,USDA FNDDS (nguồn chính thức),"USDA FoodData Central (FNDDS/WWEIA Survey Foods), fdcId:2710258"
FNDDS-2710259,,"Sugar, white, confectioner's, powdered",,foreign,,100,USDA FNDDS (nguồn chính thức),"USDA FoodData Central (FNDDS/WWEIA Survey Foods), fdcId:2710259"
FNDDS-2710260,,"Sugar, brown",,foreign,,100,USDA FNDDS (nguồn chính thức),"USDA FoodData Central (FNDDS/WWEIA Survey Foods), fdcId:2710260"
FNDDS-2710262,,Sugar substitute and sugar blend,,foreign,,100,USDA FNDDS (nguồn chính thức),"USDA FoodData Central (FNDDS/WWEIA Survey Foods), fdcId:2710262"
FNDDS-2710263,,"Sugar substitute, sucralose, powder",,foreign,,100,USDA FNDDS (nguồn chính thức),"USDA FoodData Central (FNDDS/WWEIA Survey Foods), fdcId:2710263"
FNDDS-2710264,,"Sugar substitute, stevia, powder",,foreign,,100,USDA FNDDS (nguồn chính thức),"USDA FoodData Central (FNDDS/WWEIA Survey Foods), fdcId:2710264"
FNDDS-2710265,,"Sugar substitute, stevia, liquid",,foreign,,100,USDA FNDDS (nguồn chính thức),"USDA FoodData Central (FNDDS/WWEIA Survey Foods), fdcId:2710265"
FNDDS-2710266,,"Sugar substitute, monk fruit, powder",,foreign,,100,USDA FNDDS (nguồn chính thức),"USDA FoodData Central (FNDDS/WWEIA Survey Foods), fdcId:2710266"
FNDDS-2710267,,"Sugar substitute, powder, NFS",,foreign,,100,USDA FNDDS (nguồn chính thức),"USDA FoodData Central (FNDDS/WWEIA Survey Foods), fdcId:2710267"
FNDDS-2710268,,"Sugar substitute, liquid, NFS",,foreign,,100,USDA FNDDS (nguồn chính thức),"USDA FoodData Central (FNDDS/WWEIA Survey Foods), fdcId:2710268"
FNDDS-2710269,,"Sugar substitute, saccharin, powder",,foreign,,100,USDA FNDDS (nguồn chính thức),"USDA FoodData Central (FNDDS/WWEIA Survey Foods), fdcId:2710269"
FNDDS-2710270,,"Sugar substitute, saccharin, liquid",,foreign,,99.9,USDA FNDDS (nguồn chính thức),"USDA FoodData Central (FNDDS/WWEIA Survey Foods), fdcId:2710270"
FNDDS-2710271,,"Sugar substitute, aspartame, powder",,foreign,,100,USDA FNDDS (nguồn chính thức),"USDA FoodData Central (FNDDS/WWEIA Survey Foods), fdcId:2710271"
FNDDS-2710273,,Pancake syrup,,foreign,,100,USDA FNDDS (nguồn chính thức),"USDA FoodData Central (FNDDS/WWEIA Survey Foods), fdcId:2710273"
FNDDS-2710274,,Corn syrup,,foreign,,100,USDA FNDDS (nguồn chính thức),"USDA FoodData Central (FNDDS/WWEIA Survey Foods), fdcId:2710274"
FNDDS-2710275,,Blueberry syrup,,foreign,,100,USDA FNDDS (nguồn chính thức),"USDA FoodData Central (FNDDS/WWEIA Survey Foods), fdcId:2710275"
FNDDS-2710276,,Chocolate syrup,,foreign,,100,USDA FNDDS (nguồn chính thức),"USDA FoodData Central (FNDDS/WWEIA Survey Foods), fdcId:2710276"
FNDDS-2710277,,"Chocolate syrup, light",,foreign,,100,USDA FNDDS (nguồn chính thức),"USDA FoodData Central (FNDDS/WWEIA Survey Foods), fdcId:2710277"
FNDDS-2710278,,Simple syrup,,foreign,,437,USDA FNDDS (nguồn chính thức),"USDA FoodData Central (FNDDS/WWEIA Survey Foods), fdcId:2710278"
FNDDS-2710279,,Strawberry drink syrup,,foreign,,100,USDA FNDDS (nguồn chính thức),"USDA FoodData Central (FNDDS/WWEIA Survey Foods), fdcId:2710279"
FNDDS-2710280,,"Pancake syrup, light",,foreign,,100,USDA FNDDS (nguồn chính thức),"USDA FoodData Central (FNDDS/WWEIA Survey Foods), fdcId:2710280"
FNDDS-2710281,,Honey,,foreign,,100,USDA FNDDS (nguồn chính thức),"USDA FoodData Central (FNDDS/WWEIA Survey Foods), fdcId:2710281"
FNDDS-2710282,,Agave liquid sweetener,,foreign,,100,USDA FNDDS (nguồn chính thức),"USDA FoodData Central (FNDDS/WWEIA Survey Foods), fdcId:2710282"
FNDDS-2710283,,Molasses,,foreign,,100,USDA FNDDS (nguồn chính thức),"USDA FoodData Central (FNDDS/WWEIA Survey Foods), fdcId:2710283"
FNDDS-2710284,,"Topping, butterscotch or caramel",,foreign,,100,USDA FNDDS (nguồn chính thức),"USDA FoodData Central (FNDDS/WWEIA Survey Foods), fdcId:2710284"
FNDDS-2710285,,"Topping, chocolate",,foreign,,100,USDA FNDDS (nguồn chính thức),"USDA FoodData Central (FNDDS/WWEIA Survey Foods), fdcId:2710285"
FNDDS-2710286,,"Topping, fruit",,foreign,,100,USDA FNDDS (nguồn chính thức),"USDA FoodData Central (FNDDS/WWEIA Survey Foods), fdcId:2710286"
FNDDS-2710287,,"Topping, marshmallow",,foreign,,100,USDA FNDDS (nguồn chính thức),"USDA FoodData Central (FNDDS/WWEIA Survey Foods), fdcId:2710287"
FNDDS-2710288,,"Topping, nuts and syrup",,foreign,,100,USDA FNDDS (nguồn chính thức),"USDA FoodData Central (FNDDS/WWEIA Survey Foods), fdcId:2710288"
FNDDS-2710289,,Chocolate hazelnut spread,,foreign,,100,USDA FNDDS (nguồn chính thức),"USDA FoodData Central (FNDDS/WWEIA Survey Foods), fdcId:2710289"
FNDDS-2710290,,"Icing, chocolate",,foreign,,100,USDA FNDDS (nguồn chính thức),"USDA FoodData Central (FNDDS/WWEIA Survey Foods), fdcId:2710290"
FNDDS-2710291,,"Icing, white",,foreign,,100,USDA FNDDS (nguồn chính thức),"USDA FoodData Central (FNDDS/WWEIA Survey Foods), fdcId:2710291"
FNDDS-2710292,,"Caramel dip, regular",,foreign,,100,USDA FNDDS (nguồn chính thức),"USDA FoodData Central (FNDDS/WWEIA Survey Foods), fdcId:2710292"
FNDDS-2710293,,"Caramel dip, light",,foreign,,100,USDA FNDDS (nguồn chính thức),"USDA FoodData Central (FNDDS/WWEIA Survey Foods), fdcId:2710293"
FNDDS-2710294,,Chocolate dip,,foreign,,120,USDA FNDDS (nguồn chính thức),"USDA FoodData Central (FNDDS/WWEIA Survey Foods), fdcId:2710294"
FNDDS-2710295,,Dessert dip,,foreign,,120,USDA FNDDS (nguồn chính thức),"USDA FoodData Central (FNDDS/WWEIA Survey Foods), fdcId:2710295"
FNDDS-2710296,,Sweet and sour sauce,,foreign,,100,USDA FNDDS (nguồn chính thức),"USDA FoodData Central (FNDDS/WWEIA Survey Foods), fdcId:2710296"
FNDDS-2710297,,Dessert sauce,,foreign,,328.458,USDA FNDDS (nguồn chính thức),"USDA FoodData Central (FNDDS/WWEIA Survey Foods), fdcId:2710297"
FNDDS-2710298,,Duck sauce,,foreign,,100,USDA FNDDS (nguồn chính thức),"USDA FoodData Central (FNDDS/WWEIA Survey Foods), fdcId:2710298"
FNDDS-2710300,,Jelly,,foreign,,100,USDA FNDDS (nguồn chính thức),"USDA FoodData Central (FNDDS/WWEIA Survey Foods), fdcId:2710300"
FNDDS-2710301,,Jam,,foreign,,100,USDA FNDDS (nguồn chính thức),"USDA FoodData Central (FNDDS/WWEIA Survey Foods), fdcId:2710301"
FNDDS-2710302,,Fruit butter,,foreign,,100,USDA FNDDS (nguồn chính thức),"USDA FoodData Central (FNDDS/WWEIA Survey Foods), fdcId:2710302"
FNDDS-2710303,,Marmalade,,foreign,,100,USDA FNDDS (nguồn chính thức),"USDA FoodData Central (FNDDS/WWEIA Survey Foods), fdcId:2710303"
FNDDS-2710304,,"Jam or jelly, sugar free",,foreign,,100,USDA FNDDS (nguồn chính thức),"USDA FoodData Central (FNDDS/WWEIA Survey Foods), fdcId:2710304"
FNDDS-2710305,,"Jam or jelly, reduced sugar",,foreign,,100,USDA FNDDS (nguồn chính thức),"USDA FoodData Central (FNDDS/WWEIA Survey Foods), fdcId:2710305"
FNDDS-2710306,,"Jam or jelly, fruit juice sweetened",,foreign,,100,USDA FNDDS (nguồn chính thức),"USDA FoodData Central (FNDDS/WWEIA Survey Foods), fdcId:2710306"
FNDDS-2710307,,Guava paste,,foreign,,100,USDA FNDDS (nguồn chính thức),"USDA FoodData Central (FNDDS/WWEIA Survey Foods), fdcId:2710307"
FNDDS-2710309,,"Bean paste, sweetened",,foreign,,100.3,USDA FNDDS (nguồn chính thức),"USDA FoodData Central (FNDDS/WWEIA Survey Foods), fdcId:2710309"
FNDDS-2710310,,Gelatin dessert,,foreign,,100,USDA FNDDS (nguồn chính thức),"USDA FoodData Central (FNDDS/WWEIA Survey Foods), fdcId:2710310"
FNDDS-2710311,,Gelatin dessert with fruit,,foreign,,100,USDA FNDDS (nguồn chính thức),"USDA FoodData Central (FNDDS/WWEIA Survey Foods), fdcId:2710311"
FNDDS-2710312,,Gelatin salad with vegetables,,foreign,,100,USDA FNDDS (nguồn chính thức),"USDA FoodData Central (FNDDS/WWEIA Survey Foods), fdcId:2710312"
FNDDS-2710313,,"Gelatin dessert, sugar free",,foreign,,100,USDA FNDDS (nguồn chính thức),"USDA FoodData Central (FNDDS/WWEIA Survey Foods), fdcId:2710313"
FNDDS-2710314,,"Gelatin dessert, sugar free, with fruit",,foreign,,100,USDA FNDDS (nguồn chính thức),"USDA FoodData Central (FNDDS/WWEIA Survey Foods), fdcId:2710314"
FNDDS-2710315,,Yokan,,foreign,,880.25,USDA FNDDS (nguồn chính thức),"USDA FoodData Central (FNDDS/WWEIA Survey Foods), fdcId:2710315"
FNDDS-2710316,,Haupia,,foreign,,885.5,USDA FNDDS (nguồn chính thức),"USDA FoodData Central (FNDDS/WWEIA Survey Foods), fdcId:2710316"
FNDDS-2710317,,Italian Ice,,foreign,,100,USDA FNDDS (nguồn chính thức),"USDA FoodData Central (FNDDS/WWEIA Survey Foods), fdcId:2710317"
FNDDS-2710318,,"Italian Ice, no sugar added",,foreign,,100,USDA FNDDS (nguồn chính thức),"USDA FoodData Central (FNDDS/WWEIA Survey Foods), fdcId:2710318"
FNDDS-2710319,,"Popsicle, NFS",,foreign,,100,USDA FNDDS (nguồn chính thức),"USDA FoodData Central (FNDDS/WWEIA Survey Foods), fdcId:2710319"
FNDDS-2710320,,Popsicle,,foreign,,100,USDA FNDDS (nguồn chính thức),"USDA FoodData Central (FNDDS/WWEIA Survey Foods), fdcId:2710320"
FNDDS-2710321,,"Popsicle, no sugar added",,foreign,,100,USDA FNDDS (nguồn chính thức),"USDA FoodData Central (FNDDS/WWEIA Survey Foods), fdcId:2710321"
FNDDS-2710322,,Freezer pop,,foreign,,100,USDA FNDDS (nguồn chính thức),"USDA FoodData Central (FNDDS/WWEIA Survey Foods), fdcId:2710322"
FNDDS-2710323,,Snow cone,,foreign,,100,USDA FNDDS (nguồn chính thức),"USDA FoodData Central (FNDDS/WWEIA Survey Foods), fdcId:2710323"
FNDDS-2710324,,"Snow cone, no sugar added",,foreign,,100,USDA FNDDS (nguồn chính thức),"USDA FoodData Central (FNDDS/WWEIA Survey Foods), fdcId:2710324"
FNDDS-2710328,,Chocolate candy,,foreign,,100,USDA FNDDS (nguồn chính thức),"USDA FoodData Central (FNDDS/WWEIA Survey Foods), fdcId:2710328"
FNDDS-2710330,,Chocolate candy with nuts,,foreign,,100,USDA FNDDS (nguồn chính thức),"USDA FoodData Central (FNDDS/WWEIA Survey Foods), fdcId:2710330"
FNDDS-2710331,,Chocolate candy with cereal,,foreign,,100,USDA FNDDS (nguồn chính thức),"USDA FoodData Central (FNDDS/WWEIA Survey Foods), fdcId:2710331"
FNDDS-2710332,,"Chocolate candy, cookie filled",,foreign,,100,USDA FNDDS (nguồn chính thức),"USDA FoodData Central (FNDDS/WWEIA Survey Foods), fdcId:2710332"
FNDDS-2710333,,Chocolate chips,,foreign,,100,USDA FNDDS (nguồn chính thức),"USDA FoodData Central (FNDDS/WWEIA Survey Foods), fdcId:2710333"
FNDDS-2710334,,"Candy, sprinkles",,foreign,,100,USDA FNDDS (nguồn chính thức),"USDA FoodData Central (FNDDS/WWEIA Survey Foods), fdcId:2710334"
FNDDS-2710336,,Dark chocolate candy,,foreign,,100,USDA FNDDS (nguồn chính thức),"USDA FoodData Central (FNDDS/WWEIA Survey Foods), fdcId:2710336"
FNDDS-2710339,,White chocolate candy,,foreign,,100,USDA FNDDS (nguồn chính thức),"USDA FoodData Central (FNDDS/WWEIA Survey Foods), fdcId:2710339"
FNDDS-2710340,,"Chocolate candy, fudge",,foreign,,100,USDA FNDDS (nguồn chính thức),"USDA FoodData Central (FNDDS/WWEIA Survey Foods), fdcId:2710340"
FNDDS-2710341,,"Chocolate candy, caramel filled",,foreign,,100,USDA FNDDS (nguồn chính thức),"USDA FoodData Central (FNDDS/WWEIA Survey Foods), fdcId:2710341"
FNDDS-2710342,,"Chocolate candy, caramel filled with nuts",,foreign,,100,USDA FNDDS (nguồn chính thức),"USDA FoodData Central (FNDDS/WWEIA Survey Foods), fdcId:2710342"
FNDDS-2710344,,"Chocolate candy, cream filled",,foreign,,100,USDA FNDDS (nguồn chính thức),"USDA FoodData Central (FNDDS/WWEIA Survey Foods), fdcId:2710344"
FNDDS-2710345,,"Chocolate candy, nougat filled",,foreign,,100,USDA FNDDS (nguồn chính thức),"USDA FoodData Central (FNDDS/WWEIA Survey Foods), fdcId:2710345"
FNDDS-2710346,,"Chocolate candy, nougat filled with nuts",,foreign,,100,USDA FNDDS (nguồn chính thức),"USDA FoodData Central (FNDDS/WWEIA Survey Foods), fdcId:2710346"
FNDDS-2710347,,"Chocolate candy, peanut butter filled",,foreign,,100,USDA FNDDS (nguồn chính thức),"USDA FoodData Central (FNDDS/WWEIA Survey Foods), fdcId:2710347"
FNDDS-2710348,,Chocolate candy with dried fruit,,foreign,,100,USDA FNDDS (nguồn chính thức),"USDA FoodData Central (FNDDS/WWEIA Survey Foods), fdcId:2710348"
FNDDS-2710349,,"Chocolate candy, sugar free",,foreign,,100,USDA FNDDS (nguồn chính thức),"USDA FoodData Central (FNDDS/WWEIA Survey Foods), fdcId:2710349"
FNDDS-2710351,,"Ladoo, round ball",,foreign,,763.075,USDA FNDDS (nguồn chính thức),"USDA FoodData Central (FNDDS/WWEIA Survey Foods), fdcId:2710351"
FNDDS-2710352,,"Candy, licorice",,foreign,,100,USDA FNDDS (nguồn chính thức),"USDA FoodData Central (FNDDS/WWEIA Survey Foods), fdcId:2710352"
FNDDS-2710353,,"Candy, marshmallow",,foreign,,100,USDA FNDDS (nguồn chính thức),"USDA FoodData Central (FNDDS/WWEIA Survey Foods), fdcId:2710353"
FNDDS-2710354,,"Candy, caramel",,foreign,,100,USDA FNDDS (nguồn chính thức),"USDA FoodData Central (FNDDS/WWEIA Survey Foods), fdcId:2710354"
FNDDS-2710355,,"Candy, nougat with nuts",,foreign,,100,USDA FNDDS (nguồn chính thức),"USDA FoodData Central (FNDDS/WWEIA Survey Foods), fdcId:2710355"
FNDDS-2710356,,"Peanuts, chocolate covered candy",,foreign,,100,USDA FNDDS (nguồn chính thức),"USDA FoodData Central (FNDDS/WWEIA Survey Foods), fdcId:2710356"
FNDDS-2710357,,"Candy, peanut brittle",,foreign,,100,USDA FNDDS (nguồn chính thức),"USDA FoodData Central (FNDDS/WWEIA Survey Foods), fdcId:2710357"
FNDDS-2710358,,"Candy, mint",,foreign,,100,USDA FNDDS (nguồn chính thức),"USDA FoodData Central (FNDDS/WWEIA Survey Foods), fdcId:2710358"
FNDDS-2710359,,"Candy, gummy",,foreign,,100,USDA FNDDS (nguồn chính thức),"USDA FoodData Central (FNDDS/WWEIA Survey Foods), fdcId:2710359"
FNDDS-2710360,,"Candy, hard",,foreign,,100,USDA FNDDS (nguồn chính thức),"USDA FoodData Central (FNDDS/WWEIA Survey Foods), fdcId:2710360"
FNDDS-2710361,,"Candy, lollipop",,foreign,,100,USDA FNDDS (nguồn chính thức),"USDA FoodData Central (FNDDS/WWEIA Survey Foods), fdcId:2710361"
FNDDS-2710362,,Cough drops,,foreign,,100,USDA FNDDS (nguồn chính thức),"USDA FoodData Central (FNDDS/WWEIA Survey Foods), fdcId:2710362"
FNDDS-2710363,,"Candy, cotton",,foreign,,100,USDA FNDDS (nguồn chính thức),"USDA FoodData Central (FNDDS/WWEIA Survey Foods), fdcId:2710363"
FNDDS-2710364,,"Candy, fruit flavored pieces",,foreign,,100,USDA FNDDS (nguồn chính thức),"USDA FoodData Central (FNDDS/WWEIA Survey Foods), fdcId:2710364"
FNDDS-2710365,,"Chocolate candy, candy shell",,foreign,,100,USDA FNDDS (nguồn chính thức),"USDA FoodData Central (FNDDS/WWEIA Survey Foods), fdcId:2710365"
FNDDS-2710366,,"Chocolate candy, candy shell with nuts",,foreign,,100,USDA FNDDS (nguồn chính thức),"USDA FoodData Central (FNDDS/WWEIA Survey Foods), fdcId:2710366"
FNDDS-2710367,,"Candy, fruit snacks",,foreign,,100,USDA FNDDS (nguồn chính thức),"USDA FoodData Central (FNDDS/WWEIA Survey Foods), fdcId:2710367"
FNDDS-2710368,,"Candy, fruit leather",,foreign,,100,USDA FNDDS (nguồn chính thức),"USDA FoodData Central (FNDDS/WWEIA Survey Foods), fdcId:2710368"
FNDDS-2710369,,"Candy, taffy",,foreign,,100,USDA FNDDS (nguồn chính thức),"USDA FoodData Central (FNDDS/WWEIA Survey Foods), fdcId:2710369"
FNDDS-2710370,,"Candy, non chocolate, sugar free",,foreign,,100,USDA FNDDS (nguồn chính thức),"USDA FoodData Central (FNDDS/WWEIA Survey Foods), fdcId:2710370"
FNDDS-2710371,,Chewing gum,,foreign,,100,USDA FNDDS (nguồn chính thức),"USDA FoodData Central (FNDDS/WWEIA Survey Foods), fdcId:2710371"
FNDDS-2710372,,"Chewing gum, sugar free",,foreign,,100,USDA FNDDS (nguồn chính thức),"USDA FoodData Central (FNDDS/WWEIA Survey Foods), fdcId:2710372"
FNDDS-2710373,,"Coffee, NS as to type",,foreign,,100,USDA FNDDS (nguồn chính thức),"USDA FoodData Central (FNDDS/WWEIA Survey Foods), fdcId:2710373"
FNDDS-2710374,,"Coffee, NS as to brewed or instant",,foreign,,100,USDA FNDDS (nguồn chính thức),"USDA FoodData Central (FNDDS/WWEIA Survey Foods), fdcId:2710374"
FNDDS-2710375,,"Coffee, brewed",,foreign,,100,USDA FNDDS (nguồn chính thức),"USDA FoodData Central (FNDDS/WWEIA Survey Foods), fdcId:2710375"
FNDDS-2710376,,"Coffee, brewed, blend of regular and decaffeinated",,foreign,,100,USDA FNDDS (nguồn chính thức),"USDA FoodData Central (FNDDS/WWEIA Survey Foods), fdcId:2710376"
FNDDS-2710377,,"Coffee, Turkish",,foreign,,128.333,USDA FNDDS (nguồn chính thức),"USDA FoodData Central (FNDDS/WWEIA Survey Foods), fdcId:2710377"
FNDDS-2710378,,"Coffee, espresso",,foreign,,100,USDA FNDDS (nguồn chính thức),"USDA FoodData Central (FNDDS/WWEIA Survey Foods), fdcId:2710378"
FNDDS-2710379,,"Coffee, espresso, decaffeinated",,foreign,,100,USDA FNDDS (nguồn chính thức),"USDA FoodData Central (FNDDS/WWEIA Survey Foods), fdcId:2710379"
FNDDS-2710380,,"Coffee, brewed, flavored",,foreign,,100,USDA FNDDS (nguồn chính thức),"USDA FoodData Central (FNDDS/WWEIA Survey Foods), fdcId:2710380"
FNDDS-2710381,,"Coffee, Cuban",,foreign,,66.167,USDA FNDDS (nguồn chính thức),"USDA FoodData Central (FNDDS/WWEIA Survey Foods), fdcId:2710381"
FNDDS-2710386,,"Coffee, Latte",,foreign,,367,USDA FNDDS (nguồn chính thức),"USDA FoodData Central (FNDDS/WWEIA Survey Foods), fdcId:2710386"
FNDDS-2710387,,"Coffee, Latte, nonfat",,foreign,,367,USDA FNDDS (nguồn chính thức),"USDA FoodData Central (FNDDS/WWEIA Survey Foods), fdcId:2710387"
FNDDS-2710389,,"Coffee, Latte, flavored",,foreign,,379.5,USDA FNDDS (nguồn chính thức),"USDA FoodData Central (FNDDS/WWEIA Survey Foods), fdcId:2710389"
FNDDS-2710390,,"Coffee, Latte, nonfat, flavored",,foreign,,379.5,USDA FNDDS (nguồn chính thức),"USDA FoodData Central (FNDDS/WWEIA Survey Foods), fdcId:2710390"
FNDDS-2710392,,"Coffee, Latte, decaffeinated",,foreign,,365,USDA FNDDS (nguồn chính thức),"USDA FoodData Central (FNDDS/WWEIA Survey Foods), fdcId:2710392"
FNDDS-2710393,,"Coffee, Latte, decaffeinated, nonfat",,foreign,,365,USDA FNDDS (nguồn chính thức),"USDA FoodData Central (FNDDS/WWEIA Survey Foods), fdcId:2710393"
FNDDS-2710395,,"Coffee, Latte, decaffeinated, flavored",,foreign,,377.5,USDA FNDDS (nguồn chính thức),"USDA FoodData Central (FNDDS/WWEIA Survey Foods), fdcId:2710395"
FNDDS-2710396,,"Coffee, Latte, decaffeinated, nonfat, flavored",,foreign,,377.5,USDA FNDDS (nguồn chính thức),"USDA FoodData Central (FNDDS/WWEIA Survey Foods), fdcId:2710396"
FNDDS-2710398,,Frozen coffee drink,,foreign,,399.75,USDA FNDDS (nguồn chính thức),"USDA FoodData Central (FNDDS/WWEIA Survey Foods), fdcId:2710398"
FNDDS-2710399,,"Frozen coffee drink, nonfat",,foreign,,399.75,USDA FNDDS (nguồn chính thức),"USDA FoodData Central (FNDDS/WWEIA Survey Foods), fdcId:2710399"
FNDDS-2710401,,"Frozen coffee drink, with whipped cream",,foreign,,422.156,USDA FNDDS (nguồn chính thức),"USDA FoodData Central (FNDDS/WWEIA Survey Foods), fdcId:2710401"
FNDDS-2710402,,"Frozen coffee drink, nonfat, with whipped cream",,foreign,,422.156,USDA FNDDS (nguồn chính thức),"USDA FoodData Central (FNDDS/WWEIA Survey Foods), fdcId:2710402"
FNDDS-2710404,,"Frozen coffee drink, decaffeinated",,foreign,,397.75,USDA FNDDS (nguồn chính thức),"USDA FoodData Central (FNDDS/WWEIA Survey Foods), fdcId:2710404"
FNDDS-2710405,,"Frozen coffee drink, decaffeinated, nonfat",,foreign,,397.75,USDA FNDDS (nguồn chính thức),"USDA FoodData Central (FNDDS/WWEIA Survey Foods), fdcId:2710405"
FNDDS-2710407,,"Frozen coffee drink, decaffeinated, with whipped cream",,foreign,,420.156,USDA FNDDS (nguồn chính thức),"USDA FoodData Central (FNDDS/WWEIA Survey Foods), fdcId:2710407"
FNDDS-2710408,,"Frozen coffee drink, decaffeinated, nonfat, with whipped cream",,foreign,,420.156,USDA FNDDS (nguồn chính thức),"USDA FoodData Central (FNDDS/WWEIA Survey Foods), fdcId:2710408"
FNDDS-2710409,,"Frozen coffee drink, decaffeinated, with non-dairy milk and whipped cream",,foreign,,421.156,USDA FNDDS (nguồn chính thức),"USDA FoodData Central (FNDDS/WWEIA Survey Foods), fdcId:2710409"
FNDDS-2710411,,"Coffee, Cafe Mocha, nonfat",,foreign,,404.5,USDA FNDDS (nguồn chính thức),"USDA FoodData Central (FNDDS/WWEIA Survey Foods), fdcId:2710411"
FNDDS-2710413,,"Coffee, Cafe Mocha, decaffeinated",,foreign,,402.5,USDA FNDDS (nguồn chính thức),"USDA FoodData Central (FNDDS/WWEIA Survey Foods), fdcId:2710413"
FNDDS-2710414,,"Coffee, Cafe Mocha, decaffeinated, nonfat",,foreign,,402.5,USDA FNDDS (nguồn chính thức),"USDA FoodData Central (FNDDS/WWEIA Survey Foods), fdcId:2710414"
FNDDS-2710416,,Frozen mocha coffee drink,,foreign,,412.25,USDA FNDDS (nguồn chính thức),"USDA FoodData Central (FNDDS/WWEIA Survey Foods), fdcId:2710416"
FNDDS-2710417,,"Frozen mocha coffee drink, nonfat",,foreign,,412.25,USDA FNDDS (nguồn chính thức),"USDA FoodData Central (FNDDS/WWEIA Survey Foods), fdcId:2710417"
FNDDS-2710419,,"Frozen mocha coffee drink, with whipped cream",,foreign,,434.656,USDA FNDDS (nguồn chính thức),"USDA FoodData Central (FNDDS/WWEIA Survey Foods), fdcId:2710419"
FNDDS-2710420,,"Frozen mocha coffee drink, nonfat, with whipped cream",,foreign,,434.656,USDA FNDDS (nguồn chính thức),"USDA FoodData Central (FNDDS/WWEIA Survey Foods), fdcId:2710420"
FNDDS-2710422,,"Frozen mocha coffee drink, decaffeinated",,foreign,,410.25,USDA FNDDS (nguồn chính thức),"USDA FoodData Central (FNDDS/WWEIA Survey Foods), fdcId:2710422"
FNDDS-2710423,,"Frozen mocha coffee drink, decaffeinated, nonfat",,foreign,,410.25,USDA FNDDS (nguồn chính thức),"USDA FoodData Central (FNDDS/WWEIA Survey Foods), fdcId:2710423"
FNDDS-2710425,,"Frozen mocha coffee drink, decaffeinated, with whipped cream",,foreign,,432.656,USDA FNDDS (nguồn chính thức),"USDA FoodData Central (FNDDS/WWEIA Survey Foods), fdcId:2710425"
FNDDS-2710426,,"Frozen mocha coffee drink, decaffeinated, nonfat, with whipped cream",,foreign,,432.656,USDA FNDDS (nguồn chính thức),"USDA FoodData Central (FNDDS/WWEIA Survey Foods), fdcId:2710426"
FNDDS-2710428,,"Iced Coffee, brewed",,foreign,,471,USDA FNDDS (nguồn chính thức),"USDA FoodData Central (FNDDS/WWEIA Survey Foods), fdcId:2710428"
FNDDS-2710429,,"Iced Coffee, brewed, decaffeinated",,foreign,,471,USDA FNDDS (nguồn chính thức),"USDA FoodData Central (FNDDS/WWEIA Survey Foods), fdcId:2710429"
FNDDS-2710430,,"Iced Coffee, pre-lightened and pre-sweetened",,foreign,,526,USDA FNDDS (nguồn chính thức),"USDA FoodData Central (FNDDS/WWEIA Survey Foods), fdcId:2710430"
FNDDS-2710431,,"Coffee, Iced Latte",,foreign,,356,USDA FNDDS (nguồn chính thức),"USDA FoodData Central (FNDDS/WWEIA Survey Foods), fdcId:2710431"
FNDDS-2710432,,"Coffee, Iced Latte, nonfat",,foreign,,356,USDA FNDDS (nguồn chính thức),"USDA FoodData Central (FNDDS/WWEIA Survey Foods), fdcId:2710432"
FNDDS-2710433,,"Coffee, Iced Latte, with non-dairy milk",,foreign,,357,USDA FNDDS (nguồn chính thức),"USDA FoodData Central (FNDDS/WWEIA Survey Foods), fdcId:2710433"
FNDDS-2710434,,"Coffee, Iced Latte, flavored",,foreign,,368.5,USDA FNDDS (nguồn chính thức),"USDA FoodData Central (FNDDS/WWEIA Survey Foods), fdcId:2710434"
FNDDS-2710435,,"Coffee, Iced Latte, nonfat, flavored",,foreign,,368.5,USDA FNDDS (nguồn chính thức),"USDA FoodData Central (FNDDS/WWEIA Survey Foods), fdcId:2710435"
FNDDS-2710437,,"Coffee, Iced Latte, decaffeinated",,foreign,,354,USDA FNDDS (nguồn chính thức),"USDA FoodData Central (FNDDS/WWEIA Survey Foods), fdcId:2710437"
FNDDS-2710438,,"Coffee, Iced Latte, decaffeinated, nonfat",,foreign,,354,USDA FNDDS (nguồn chính thức),"USDA FoodData Central (FNDDS/WWEIA Survey Foods), fdcId:2710438"
FNDDS-2710440,,"Coffee, Iced Latte, decaffeinated, flavored",,foreign,,366.5,USDA FNDDS (nguồn chính thức),"USDA FoodData Central (FNDDS/WWEIA Survey Foods), fdcId:2710440"
FNDDS-2710441,,"Coffee, Iced Latte, decaffeinated, nonfat, flavored",,foreign,,366.5,USDA FNDDS (nguồn chính thức),"USDA FoodData Central (FNDDS/WWEIA Survey Foods), fdcId:2710441"
FNDDS-2710443,,"Coffee, Iced Cafe Mocha",,foreign,,393.5,USDA FNDDS (nguồn chính thức),"USDA FoodData Central (FNDDS/WWEIA Survey Foods), fdcId:2710443"
FNDDS-2710444,,"Coffee, Iced Cafe Mocha, nonfat",,foreign,,393.5,USDA FNDDS (nguồn chính thức),"USDA FoodData Central (FNDDS/WWEIA Survey Foods), fdcId:2710444"
FNDDS-2710446,,"Coffee, Iced Cafe Mocha, decaffeinated",,foreign,,391.5,USDA FNDDS (nguồn chính thức),"USDA FoodData Central (FNDDS/WWEIA Survey Foods), fdcId:2710446"
FNDDS-2710447,,"Coffee, Iced Cafe Mocha, decaffeinated, nonfat",,foreign,,391.5,USDA FNDDS (nguồn chính thức),"USDA FoodData Central (FNDDS/WWEIA Survey Foods), fdcId:2710447"
FNDDS-2710449,,"Coffee, instant, reconstituted",,foreign,,179.25,USDA FNDDS (nguồn chính thức),"USDA FoodData Central (FNDDS/WWEIA Survey Foods), fdcId:2710449"
FNDDS-2710450,,"Coffee, instant, 50% less caffeine, reconstituted",,foreign,,179.1,USDA FNDDS (nguồn chính thức),"USDA FoodData Central (FNDDS/WWEIA Survey Foods), fdcId:2710450"
FNDDS-2710451,,"Coffee, NS as to brewed or instant, decaffeinated",,foreign,,100,USDA FNDDS (nguồn chính thức),"USDA FoodData Central (FNDDS/WWEIA Survey Foods), fdcId:2710451"
FNDDS-2710452,,"Coffee, brewed, decaffeinated",,foreign,,100,USDA FNDDS (nguồn chính thức),"USDA FoodData Central (FNDDS/WWEIA Survey Foods), fdcId:2710452"
FNDDS-2710453,,"Coffee, instant, decaffeinated, reconstituted",,foreign,,179.25,USDA FNDDS (nguồn chính thức),"USDA FoodData Central (FNDDS/WWEIA Survey Foods), fdcId:2710453"
FNDDS-2710454,,"Coffee, instant, pre-lightened and pre-sweetened with sugar, reconstituted",,foreign,,189.417,USDA FNDDS (nguồn chính thức),"USDA FoodData Central (FNDDS/WWEIA Survey Foods), fdcId:2710454"
FNDDS-2710455,,"Coffee, instant, decaffeinated, pre-lightened and pre-sweetened with sugar, reconsitituted",,foreign,,189.417,USDA FNDDS (nguồn chính thức),"USDA FoodData Central (FNDDS/WWEIA Survey Foods), fdcId:2710455"
FNDDS-2710456,,"Coffee, instant, pre-sweetened with sugar, reconstituted",,foreign,,185.5,USDA FNDDS (nguồn chính thức),"USDA FoodData Central (FNDDS/WWEIA Survey Foods), fdcId:2710456"
FNDDS-2710457,,"Coffee, mocha, instant, pre-lightened and pre-sweetened with low calorie sweetener, reconstituted",,foreign,,183.93,USDA FNDDS (nguồn chính thức),"USDA FoodData Central (FNDDS/WWEIA Survey Foods), fdcId:2710457"
FNDDS-2710458,,"Coffee, instant, pre-lightened and pre-sweetened with low calorie sweetener, reconstituted",,foreign,,184.167,USDA FNDDS (nguồn chính thức),"USDA FoodData Central (FNDDS/WWEIA Survey Foods), fdcId:2710458"
FNDDS-2710459,,"Coffee, instant, decaffeinated, pre-lightened and pre-sweetened with low calorie sweetener, reconstituted",,foreign,,184.017,USDA FNDDS (nguồn chính thức),"USDA FoodData Central (FNDDS/WWEIA Survey Foods), fdcId:2710459"
FNDDS-2710460,,"Coffee, pre-lightened and pre-sweetened with sugar",,foreign,,189.417,USDA FNDDS (nguồn chính thức),"USDA FoodData Central (FNDDS/WWEIA Survey Foods), fdcId:2710460"
FNDDS-2710461,,"Coffee, decaffeinated, pre-lightened and pre-sweetened with sugar",,foreign,,189.417,USDA FNDDS (nguồn chính thức),"USDA FoodData Central (FNDDS/WWEIA Survey Foods), fdcId:2710461"
FNDDS-2710462,,"Coffee, pre-lightened and pre-sweetened with low calorie sweetener",,foreign,,184.167,USDA FNDDS (nguồn chính thức),"USDA FoodData Central (FNDDS/WWEIA Survey Foods), fdcId:2710462"
FNDDS-2710463,,"Coffee, decaffeinated, pre-lightened and pre-sweetened with low calorie sweetener",,foreign,,184.167,USDA FNDDS (nguồn chính thức),"USDA FoodData Central (FNDDS/WWEIA Survey Foods), fdcId:2710463"
FNDDS-2710464,,"Coffee, pre-lightened",,foreign,,183.167,USDA FNDDS (nguồn chính thức),"USDA FoodData Central (FNDDS/WWEIA Survey Foods), fdcId:2710464"
FNDDS-2710465,,"Coffee, decaffeinated, pre-lightened",,foreign,,183.017,USDA FNDDS (nguồn chính thức),"USDA FoodData Central (FNDDS/WWEIA Survey Foods), fdcId:2710465"
FNDDS-2710466,,"Coffee, pre-sweetened with sugar",,foreign,,185.5,USDA FNDDS (nguồn chính thức),"USDA FoodData Central (FNDDS/WWEIA Survey Foods), fdcId:2710466"
FNDDS-2710467,,"Coffee, decaffeinated, pre-sweetened with sugar",,foreign,,185.35,USDA FNDDS (nguồn chính thức),"USDA FoodData Central (FNDDS/WWEIA Survey Foods), fdcId:2710467"
FNDDS-2710468,,"Coffee, pre-sweetened with low calorie sweetener",,foreign,,180.1,USDA FNDDS (nguồn chính thức),"USDA FoodData Central (FNDDS/WWEIA Survey Foods), fdcId:2710468"
FNDDS-2710469,,"Coffee, decaffeinated, pre-sweetened with low calorie sweetener",,foreign,,180.1,USDA FNDDS (nguồn chính thức),"USDA FoodData Central (FNDDS/WWEIA Survey Foods), fdcId:2710469"
FNDDS-2710470,,"Coffee and chicory, brewed",,foreign,,100,USDA FNDDS (nguồn chính thức),"USDA FoodData Central (FNDDS/WWEIA Survey Foods), fdcId:2710470"
FNDDS-2710471,,"Coffee and chicory, brewed, decaffeinated",,foreign,,100,USDA FNDDS (nguồn chính thức),"USDA FoodData Central (FNDDS/WWEIA Survey Foods), fdcId:2710471"
FNDDS-2710472,,"Coffee, Cappuccino",,foreign,,363.5,USDA FNDDS (nguồn chính thức),"USDA FoodData Central (FNDDS/WWEIA Survey Foods), fdcId:2710472"
FNDDS-2710473,,"Coffee, Cappuccino, nonfat",,foreign,,363.5,USDA FNDDS (nguồn chính thức),"USDA FoodData Central (FNDDS/WWEIA Survey Foods), fdcId:2710473"
FNDDS-2710475,,"Coffee, Cappuccino, decaffeinated",,foreign,,361.5,USDA FNDDS (nguồn chính thức),"USDA FoodData Central (FNDDS/WWEIA Survey Foods), fdcId:2710475"
FNDDS-2710476,,"Coffee, Cappuccino, decaffeinated, nonfat",,foreign,,361.5,USDA FNDDS (nguồn chính thức),"USDA FoodData Central (FNDDS/WWEIA Survey Foods), fdcId:2710476"
FNDDS-2710478,,"Coffee, bottled/canned",,foreign,,100,USDA FNDDS (nguồn chính thức),"USDA FoodData Central (FNDDS/WWEIA Survey Foods), fdcId:2710478"
FNDDS-2710479,,"Coffee, bottled/canned, light",,foreign,,299.25,USDA FNDDS (nguồn chính thức),"USDA FoodData Central (FNDDS/WWEIA Survey Foods), fdcId:2710479"
FNDDS-2710480,,"Coffee, instant, not reconstituted",,foreign,,100,USDA FNDDS (nguồn chính thức),"USDA FoodData Central (FNDDS/WWEIA Survey Foods), fdcId:2710480"
FNDDS-2710481,,"Coffee, instant, decaffeinated, not reconstituted",,foreign,,100,USDA FNDDS (nguồn chính thức),"USDA FoodData Central (FNDDS/WWEIA Survey Foods), fdcId:2710481"
FNDDS-2710482,,"Coffee, instant, pre-sweetened with sugar, not reconstituted",,foreign,,7.75,USDA FNDDS (nguồn chính thức),"USDA FoodData Central (FNDDS/WWEIA Survey Foods), fdcId:2710482"
FNDDS-2710483,,"Coffee, instant, pre-lightened and pre-sweetened with sugar, not reconstituted",,foreign,,11.667,USDA FNDDS (nguồn chính thức),"USDA FoodData Central (FNDDS/WWEIA Survey Foods), fdcId:2710483"
FNDDS-2710484,,"Coffee, instant, decaffeinated, pre-lightened and pre-sweetened with sugar, not reconstituted",,foreign,,100,USDA FNDDS (nguồn chính thức),"USDA FoodData Central (FNDDS/WWEIA Survey Foods), fdcId:2710484"
FNDDS-2710485,,"Coffee, instant, decaffeinated, pre-lightened and pre-sweetened with low calorie sweetener, not reconstituted",,foreign,,6.417,USDA FNDDS (nguồn chính thức),"USDA FoodData Central (FNDDS/WWEIA Survey Foods), fdcId:2710485"
FNDDS-2710486,,Coffee substitute,,foreign,,100,USDA FNDDS (nguồn chính thức),"USDA FoodData Central (FNDDS/WWEIA Survey Foods), fdcId:2710486"
FNDDS-2710487,,Chicory beverage,,foreign,,241.3,USDA FNDDS (nguồn chính thức),"USDA FoodData Central (FNDDS/WWEIA Survey Foods), fdcId:2710487"
FNDDS-2710488,,"Tea, hot, leaf, black",,foreign,,100,USDA FNDDS (nguồn chính thức),"USDA FoodData Central (FNDDS/WWEIA Survey Foods), fdcId:2710488"
FNDDS-2710489,,"Tea, hot, leaf, black, decaffeinated",,foreign,,100,USDA FNDDS (nguồn chính thức),"USDA FoodData Central (FNDDS/WWEIA Survey Foods), fdcId:2710489"
FNDDS-2710490,,"Tea, hot, leaf, green",,foreign,,100,USDA FNDDS (nguồn chính thức),"USDA FoodData Central (FNDDS/WWEIA Survey Foods), fdcId:2710490"
FNDDS-2710491,,"Tea, hot, leaf, green, decaffeinated",,foreign,,100,USDA FNDDS (nguồn chính thức),"USDA FoodData Central (FNDDS/WWEIA Survey Foods), fdcId:2710491"
FNDDS-2710492,,"Tea, hot, leaf, oolong",,foreign,,100,USDA FNDDS (nguồn chính thức),"USDA FoodData Central (FNDDS/WWEIA Survey Foods), fdcId:2710492"
FNDDS-2710493,,"Tea, iced, instant, black, unsweetened",,foreign,,237.7,USDA FNDDS (nguồn chính thức),"USDA FoodData Central (FNDDS/WWEIA Survey Foods), fdcId:2710493"
FNDDS-2710494,,"Tea, iced, instant, black, pre-sweetened with sugar",,foreign,,256,USDA FNDDS (nguồn chính thức),"USDA FoodData Central (FNDDS/WWEIA Survey Foods), fdcId:2710494"
FNDDS-2710496,,"Tea, iced, instant, black, pre-sweetened with low calorie sweetener",,foreign,,100,USDA FNDDS (nguồn chính thức),"USDA FoodData Central (FNDDS/WWEIA Survey Foods), fdcId:2710496"
FNDDS-2710497,,"Tea, iced, instant, black, decaffeinated, pre-sweetened with low calorie sweetener",,foreign,,239,USDA FNDDS (nguồn chính thức),"USDA FoodData Central (FNDDS/WWEIA Survey Foods), fdcId:2710497"
FNDDS-2710499,,"Tea, iced, instant, green, unsweetened",,foreign,,100,USDA FNDDS (nguồn chính thức),"USDA FoodData Central (FNDDS/WWEIA Survey Foods), fdcId:2710499"
FNDDS-2710500,,"Tea, iced, instant, green, pre-sweetened with sugar",,foreign,,100,USDA FNDDS (nguồn chính thức),"USDA FoodData Central (FNDDS/WWEIA Survey Foods), fdcId:2710500"
FNDDS-2710501,,"Tea, iced, instant, green, pre-sweetened with low calorie sweetener",,foreign,,100,USDA FNDDS (nguồn chính thức),"USDA FoodData Central (FNDDS/WWEIA Survey Foods), fdcId:2710501"
FNDDS-2710502,,"Tea, hot, herbal",,foreign,,100,USDA FNDDS (nguồn chính thức),"USDA FoodData Central (FNDDS/WWEIA Survey Foods), fdcId:2710502"
FNDDS-2710503,,"Tea, hot, hibiscus",,foreign,,100,USDA FNDDS (nguồn chính thức),"USDA FoodData Central (FNDDS/WWEIA Survey Foods), fdcId:2710503"
FNDDS-2710504,,Corn beverage,,foreign,,1484,USDA FNDDS (nguồn chính thức),"USDA FoodData Central (FNDDS/WWEIA Survey Foods), fdcId:2710504"
FNDDS-2710505,,"Tea, hot, chamomile",,foreign,,100,USDA FNDDS (nguồn chính thức),"USDA FoodData Central (FNDDS/WWEIA Survey Foods), fdcId:2710505"
FNDDS-2710507,,"Tea, ginger",,foreign,,100,USDA FNDDS (nguồn chính thức),"USDA FoodData Central (FNDDS/WWEIA Survey Foods), fdcId:2710507"
FNDDS-2710509,,"Tea, kombucha",,foreign,,100,USDA FNDDS (nguồn chính thức),"USDA FoodData Central (FNDDS/WWEIA Survey Foods), fdcId:2710509"
FNDDS-2710511,,"Tea, iced, instant, black, pre-sweetened, dry",,foreign,,100,USDA FNDDS (nguồn chính thức),"USDA FoodData Central (FNDDS/WWEIA Survey Foods), fdcId:2710511"
FNDDS-2710512,,Iced Tea / Lemonade juice drink,,foreign,,420.5,USDA FNDDS (nguồn chính thức),"USDA FoodData Central (FNDDS/WWEIA Survey Foods), fdcId:2710512"
FNDDS-2710513,,"Iced Tea / Lemonade juice drink, light",,foreign,,438.417,USDA FNDDS (nguồn chính thức),"USDA FoodData Central (FNDDS/WWEIA Survey Foods), fdcId:2710513"
FNDDS-2710514,,"Iced Tea / Lemonade juice drink, diet",,foreign,,239.5,USDA FNDDS (nguồn chính thức),"USDA FoodData Central (FNDDS/WWEIA Survey Foods), fdcId:2710514"
FNDDS-2710515,,"Tea, iced, brewed, black, pre-sweetened with sugar",,foreign,,260,USDA FNDDS (nguồn chính thức),"USDA FoodData Central (FNDDS/WWEIA Survey Foods), fdcId:2710515"
FNDDS-2710516,,"Tea, iced, brewed, black, pre-sweetened with low calorie sweetener",,foreign,,241,USDA FNDDS (nguồn chính thức),"USDA FoodData Central (FNDDS/WWEIA Survey Foods), fdcId:2710516"
FNDDS-2710517,,"Tea, iced, brewed, black, unsweetened",,foreign,,100,USDA FNDDS (nguồn chính thức),"USDA FoodData Central (FNDDS/WWEIA Survey Foods), fdcId:2710517"
FNDDS-2710518,,"Tea, iced, brewed, black, decaffeinated, pre-sweetened with sugar",,foreign,,260,USDA FNDDS (nguồn chính thức),"USDA FoodData Central (FNDDS/WWEIA Survey Foods), fdcId:2710518"
FNDDS-2710519,,"Tea, iced, brewed, black, decaffeinated, pre-sweetened with low calorie sweetener",,foreign,,241,USDA FNDDS (nguồn chính thức),"USDA FoodData Central (FNDDS/WWEIA Survey Foods), fdcId:2710519"
FNDDS-2710520,,"Tea, iced, brewed, black, decaffeinated, unsweetened",,foreign,,100,USDA FNDDS (nguồn chính thức),"USDA FoodData Central (FNDDS/WWEIA Survey Foods), fdcId:2710520"
FNDDS-2710521,,"Tea, iced, brewed, green, pre-sweetened with sugar",,foreign,,260,USDA FNDDS (nguồn chính thức),"USDA FoodData Central (FNDDS/WWEIA Survey Foods), fdcId:2710521"
FNDDS-2710522,,"Tea, iced, brewed, green, pre-sweetened with low calorie sweetener",,foreign,,241,USDA FNDDS (nguồn chính thức),"USDA FoodData Central (FNDDS/WWEIA Survey Foods), fdcId:2710522"
FNDDS-2710523,,"Tea, iced, brewed, green, unsweetened",,foreign,,100,USDA FNDDS (nguồn chính thức),"USDA FoodData Central (FNDDS/WWEIA Survey Foods), fdcId:2710523"
FNDDS-2710524,,"Tea, iced, brewed, green, decaffeinated, pre-sweetened with sugar",,foreign,,260,USDA FNDDS (nguồn chính thức),"USDA FoodData Central (FNDDS/WWEIA Survey Foods), fdcId:2710524"
FNDDS-2710525,,"Tea, iced, brewed, green, decaffeinated, pre-sweetened with low calorie sweetener",,foreign,,241,USDA FNDDS (nguồn chính thức),"USDA FoodData Central (FNDDS/WWEIA Survey Foods), fdcId:2710525"
FNDDS-2710526,,"Tea, iced, brewed, green, decaffeinated, unsweetened",,foreign,,100,USDA FNDDS (nguồn chính thức),"USDA FoodData Central (FNDDS/WWEIA Survey Foods), fdcId:2710526"
FNDDS-2710527,,"Tea, iced, bottled, black",,foreign,,100,USDA FNDDS (nguồn chính thức),"USDA FoodData Central (FNDDS/WWEIA Survey Foods), fdcId:2710527"
FNDDS-2710528,,"Tea, iced, bottled, black, decaffeinated",,foreign,,100,USDA FNDDS (nguồn chính thức),"USDA FoodData Central (FNDDS/WWEIA Survey Foods), fdcId:2710528"
FNDDS-2710529,,"Tea, iced, bottled, black, diet",,foreign,,100,USDA FNDDS (nguồn chính thức),"USDA FoodData Central (FNDDS/WWEIA Survey Foods), fdcId:2710529"
FNDDS-2710530,,"Tea, iced, bottled, black, decaffeinated, diet",,foreign,,100,USDA FNDDS (nguồn chính thức),"USDA FoodData Central (FNDDS/WWEIA Survey Foods), fdcId:2710530"
FNDDS-2710531,,"Tea, iced, bottled, black, unsweetened",,foreign,,100,USDA FNDDS (nguồn chính thức),"USDA FoodData Central (FNDDS/WWEIA Survey Foods), fdcId:2710531"
FNDDS-2710532,,"Tea, iced, bottled, black, decaffeinated, unsweetened",,foreign,,100,USDA FNDDS (nguồn chính thức),"USDA FoodData Central (FNDDS/WWEIA Survey Foods), fdcId:2710532"
FNDDS-2710533,,"Tea, iced, bottled, green",,foreign,,100,USDA FNDDS (nguồn chính thức),"USDA FoodData Central (FNDDS/WWEIA Survey Foods), fdcId:2710533"
FNDDS-2710534,,"Tea, iced, bottled, green, diet",,foreign,,100,USDA FNDDS (nguồn chính thức),"USDA FoodData Central (FNDDS/WWEIA Survey Foods), fdcId:2710534"
FNDDS-2710535,,"Tea, iced, bottled, green, unsweetened",,foreign,,100,USDA FNDDS (nguồn chính thức),"USDA FoodData Central (FNDDS/WWEIA Survey Foods), fdcId:2710535"
FNDDS-2710536,,"Soft drink, NFS",,foreign,,100,USDA FNDDS (nguồn chính thức),"USDA FoodData Central (FNDDS/WWEIA Survey Foods), fdcId:2710536"
FNDDS-2710537,,"Soft drink, NFS, diet",,foreign,,100,USDA FNDDS (nguồn chính thức),"USDA FoodData Central (FNDDS/WWEIA Survey Foods), fdcId:2710537"
FNDDS-2710538,,"Water, tonic",,foreign,,100,USDA FNDDS (nguồn chính thức),"USDA FoodData Central (FNDDS/WWEIA Survey Foods), fdcId:2710538"
FNDDS-2710539,,"Water, carbonated, plain",,foreign,,100,USDA FNDDS (nguồn chính thức),"USDA FoodData Central (FNDDS/WWEIA Survey Foods), fdcId:2710539"
FNDDS-2710540,,"Water, carbonated, flavored",,foreign,,100,USDA FNDDS (nguồn chính thức),"USDA FoodData Central (FNDDS/WWEIA Survey Foods), fdcId:2710540"
FNDDS-2710541,,"Soft drink, cola",,foreign,,100,USDA FNDDS (nguồn chính thức),"USDA FoodData Central (FNDDS/WWEIA Survey Foods), fdcId:2710541"
FNDDS-2710542,,"Soft drink, cola, diet",,foreign,,100,USDA FNDDS (nguồn chính thức),"USDA FoodData Central (FNDDS/WWEIA Survey Foods), fdcId:2710542"
FNDDS-2710543,,"Soft drink, cola, decaffeinated",,foreign,,100,USDA FNDDS (nguồn chính thức),"USDA FoodData Central (FNDDS/WWEIA Survey Foods), fdcId:2710543"
FNDDS-2710544,,"Soft drink, cola, decaffeinated, diet",,foreign,,100,USDA FNDDS (nguồn chính thức),"USDA FoodData Central (FNDDS/WWEIA Survey Foods), fdcId:2710544"
FNDDS-2710545,,"Soft drink, pepper type",,foreign,,100,USDA FNDDS (nguồn chính thức),"USDA FoodData Central (FNDDS/WWEIA Survey Foods), fdcId:2710545"
FNDDS-2710546,,"Soft drink, pepper type, diet",,foreign,,100,USDA FNDDS (nguồn chính thức),"USDA FoodData Central (FNDDS/WWEIA Survey Foods), fdcId:2710546"
FNDDS-2710547,,"Soft drink, pepper type, decaffeinated",,foreign,,100,USDA FNDDS (nguồn chính thức),"USDA FoodData Central (FNDDS/WWEIA Survey Foods), fdcId:2710547"
FNDDS-2710548,,"Soft drink, pepper type, decaffeinated, diet",,foreign,,100,USDA FNDDS (nguồn chính thức),"USDA FoodData Central (FNDDS/WWEIA Survey Foods), fdcId:2710548"
FNDDS-2710549,,"Soft drink, cream soda",,foreign,,100,USDA FNDDS (nguồn chính thức),"USDA FoodData Central (FNDDS/WWEIA Survey Foods), fdcId:2710549"
FNDDS-2710550,,"Soft drink, cream soda, diet",,foreign,,100,USDA FNDDS (nguồn chính thức),"USDA FoodData Central (FNDDS/WWEIA Survey Foods), fdcId:2710550"
FNDDS-2710551,,"Soft drink, fruit flavored, caffeine free",,foreign,,100,USDA FNDDS (nguồn chính thức),"USDA FoodData Central (FNDDS/WWEIA Survey Foods), fdcId:2710551"
FNDDS-2710552,,"Soft drink, fruit flavored, diet, caffeine free",,foreign,,100,USDA FNDDS (nguồn chính thức),"USDA FoodData Central (FNDDS/WWEIA Survey Foods), fdcId:2710552"
FNDDS-2710553,,"Soft drink, fruit flavored, caffeine containing",,foreign,,100,USDA FNDDS (nguồn chính thức),"USDA FoodData Central (FNDDS/WWEIA Survey Foods), fdcId:2710553"
FNDDS-2710554,,"Soft drink, fruit flavored, caffeine containing, diet",,foreign,,100,USDA FNDDS (nguồn chính thức),"USDA FoodData Central (FNDDS/WWEIA Survey Foods), fdcId:2710554"
FNDDS-2710555,,"Soft drink, ginger ale",,foreign,,100,USDA FNDDS (nguồn chính thức),"USDA FoodData Central (FNDDS/WWEIA Survey Foods), fdcId:2710555"
FNDDS-2710556,,"Soft drink, ginger ale, diet",,foreign,,100,USDA FNDDS (nguồn chính thức),"USDA FoodData Central (FNDDS/WWEIA Survey Foods), fdcId:2710556"
FNDDS-2710557,,"Soft drink, root beer",,foreign,,100,USDA FNDDS (nguồn chính thức),"USDA FoodData Central (FNDDS/WWEIA Survey Foods), fdcId:2710557"
FNDDS-2710558,,"Soft drink, root beer, diet",,foreign,,100,USDA FNDDS (nguồn chính thức),"USDA FoodData Central (FNDDS/WWEIA Survey Foods), fdcId:2710558"
FNDDS-2710559,,"Soft drink, chocolate flavored",,foreign,,100,USDA FNDDS (nguồn chính thức),"USDA FoodData Central (FNDDS/WWEIA Survey Foods), fdcId:2710559"
FNDDS-2710560,,"Soft drink, chocolate flavored, diet",,foreign,,100,USDA FNDDS (nguồn chính thức),"USDA FoodData Central (FNDDS/WWEIA Survey Foods), fdcId:2710560"
FNDDS-2710561,,"Soft drink, cola, fruit or vanilla flavored",,foreign,,100,USDA FNDDS (nguồn chính thức),"USDA FoodData Central (FNDDS/WWEIA Survey Foods), fdcId:2710561"
FNDDS-2710562,,"Soft drink, cola, chocolate flavored",,foreign,,100,USDA FNDDS (nguồn chính thức),"USDA FoodData Central (FNDDS/WWEIA Survey Foods), fdcId:2710562"
FNDDS-2710563,,"Soft drink, cola, fruit or vanilla flavored, diet",,foreign,,100,USDA FNDDS (nguồn chính thức),"USDA FoodData Central (FNDDS/WWEIA Survey Foods), fdcId:2710563"
FNDDS-2710564,,"Soft drink, cola, chocolate flavored, diet",,foreign,,100,USDA FNDDS (nguồn chính thức),"USDA FoodData Central (FNDDS/WWEIA Survey Foods), fdcId:2710564"
FNDDS-2710567,,Fruit juice drink,,foreign,,100,USDA FNDDS (nguồn chính thức),"USDA FoodData Central (FNDDS/WWEIA Survey Foods), fdcId:2710567"
FNDDS-2710568,,Tamarind drink,,foreign,,1488.2,USDA FNDDS (nguồn chính thức),"USDA FoodData Central (FNDDS/WWEIA Survey Foods), fdcId:2710568"
FNDDS-2710569,,"Fruit punch, made with fruit juice and soda",,foreign,,100,USDA FNDDS (nguồn chính thức),"USDA FoodData Central (FNDDS/WWEIA Survey Foods), fdcId:2710569"
FNDDS-2710570,,"Lemonade, fruit juice drink",,foreign,,100,USDA FNDDS (nguồn chính thức),"USDA FoodData Central (FNDDS/WWEIA Survey Foods), fdcId:2710570"
FNDDS-2710571,,"Lemonade, fruit flavored drink",,foreign,,254,USDA FNDDS (nguồn chính thức),"USDA FoodData Central (FNDDS/WWEIA Survey Foods), fdcId:2710571"
FNDDS-2710572,,"Lemonade, frozen concentrate, not reconstituted",,foreign,,100,USDA FNDDS (nguồn chính thức),"USDA FoodData Central (FNDDS/WWEIA Survey Foods), fdcId:2710572"
FNDDS-2710573,,Fruit flavored drink,,foreign,,100,USDA FNDDS (nguồn chính thức),"USDA FoodData Central (FNDDS/WWEIA Survey Foods), fdcId:2710573"
FNDDS-2710574,,"Pina Colada, nonalcoholic",,foreign,,183,USDA FNDDS (nguồn chính thức),"USDA FoodData Central (FNDDS/WWEIA Survey Foods), fdcId:2710574"
FNDDS-2710575,,"Margarita mix, nonalcoholic",,foreign,,100,USDA FNDDS (nguồn chính thức),"USDA FoodData Central (FNDDS/WWEIA Survey Foods), fdcId:2710575"
FNDDS-2710576,,Slush frozen drink,,foreign,,100,USDA FNDDS (nguồn chính thức),"USDA FoodData Central (FNDDS/WWEIA Survey Foods), fdcId:2710576"
FNDDS-2710577,,"Slush frozen drink, no sugar added",,foreign,,246.8,USDA FNDDS (nguồn chính thức),"USDA FoodData Central (FNDDS/WWEIA Survey Foods), fdcId:2710577"
FNDDS-2710578,,"Fruit flavored drink, with high vitamin C",,foreign,,100,USDA FNDDS (nguồn chính thức),"USDA FoodData Central (FNDDS/WWEIA Survey Foods), fdcId:2710578"
FNDDS-2710579,,"Cranberry juice drink, with high vitamin C",,foreign,,100,USDA FNDDS (nguồn chính thức),"USDA FoodData Central (FNDDS/WWEIA Survey Foods), fdcId:2710579"
FNDDS-2710580,,"Fruit juice drink, with high vitamin C",,foreign,,100,USDA FNDDS (nguồn chính thức),"USDA FoodData Central (FNDDS/WWEIA Survey Foods), fdcId:2710580"
FNDDS-2710581,,"Vegetable and fruit juice drink, with high vitamin C",,foreign,,100,USDA FNDDS (nguồn chính thức),"USDA FoodData Central (FNDDS/WWEIA Survey Foods), fdcId:2710581"
FNDDS-2710582,,Fruit juice drink (Sunny D),,foreign,,100,USDA FNDDS (nguồn chính thức),"USDA FoodData Central (FNDDS/WWEIA Survey Foods), fdcId:2710582"
FNDDS-2710583,,"Fruit flavored drink, powdered, reconstituted",,foreign,,254,USDA FNDDS (nguồn chính thức),"USDA FoodData Central (FNDDS/WWEIA Survey Foods), fdcId:2710583"
FNDDS-2710584,,"Fruit flavored drink, with high vitamin C, powdered, reconstituted",,foreign,,265,USDA FNDDS (nguồn chính thức),"USDA FoodData Central (FNDDS/WWEIA Survey Foods), fdcId:2710584"
FNDDS-2710585,,"Fruit juice drink, with high vitamin C, light",,foreign,,100,USDA FNDDS (nguồn chính thức),"USDA FoodData Central (FNDDS/WWEIA Survey Foods), fdcId:2710585"
FNDDS-2710586,,"Fruit juice drink, light",,foreign,,100,USDA FNDDS (nguồn chính thức),"USDA FoodData Central (FNDDS/WWEIA Survey Foods), fdcId:2710586"
FNDDS-2710587,,"Fruit juice drink, diet",,foreign,,297.85,USDA FNDDS (nguồn chính thức),"USDA FoodData Central (FNDDS/WWEIA Survey Foods), fdcId:2710587"
FNDDS-2710588,,"Cranberry juice drink, with high vitamin C, light",,foreign,,100,USDA FNDDS (nguồn chính thức),"USDA FoodData Central (FNDDS/WWEIA Survey Foods), fdcId:2710588"
FNDDS-2710590,,"Orange juice beverage, 40-50% juice, light",,foreign,,100,USDA FNDDS (nguồn chính thức),"USDA FoodData Central (FNDDS/WWEIA Survey Foods), fdcId:2710590"
FNDDS-2710591,,"Apple juice beverage, 40-50% juice, light",,foreign,,100,USDA FNDDS (nguồn chính thức),"USDA FoodData Central (FNDDS/WWEIA Survey Foods), fdcId:2710591"
FNDDS-2710592,,"Lemonade, fruit juice drink, light",,foreign,,100,USDA FNDDS (nguồn chính thức),"USDA FoodData Central (FNDDS/WWEIA Survey Foods), fdcId:2710592"
FNDDS-2710593,,"Pomegranate juice beverage, 40-50% juice, light",,foreign,,100,USDA FNDDS (nguồn chính thức),"USDA FoodData Central (FNDDS/WWEIA Survey Foods), fdcId:2710593"
FNDDS-2710594,,"Vegetable and fruit juice drink, with high vitamin C, diet",,foreign,,100,USDA FNDDS (nguồn chính thức),"USDA FoodData Central (FNDDS/WWEIA Survey Foods), fdcId:2710594"
FNDDS-2710595,,"Vegetable and fruit juice drink, with high vitamin C, light",,foreign,,100,USDA FNDDS (nguồn chính thức),"USDA FoodData Central (FNDDS/WWEIA Survey Foods), fdcId:2710595"
FNDDS-2710596,,"Fruit flavored drink, with high vitamin C, diet",,foreign,,100,USDA FNDDS (nguồn chính thức),"USDA FoodData Central (FNDDS/WWEIA Survey Foods), fdcId:2710596"
FNDDS-2710597,,"Fruit flavored drink, diet",,foreign,,240.8,USDA FNDDS (nguồn chính thức),"USDA FoodData Central (FNDDS/WWEIA Survey Foods), fdcId:2710597"
FNDDS-2710598,,"Fruit flavored drink, with high vitamin C, powdered, reconstituted, diet",,foreign,,100,USDA FNDDS (nguồn chính thức),"USDA FoodData Central (FNDDS/WWEIA Survey Foods), fdcId:2710598"
FNDDS-2710599,,"Fruit flavored drink, powdered, reconstituted, diet",,foreign,,478,USDA FNDDS (nguồn chính thức),"USDA FoodData Central (FNDDS/WWEIA Survey Foods), fdcId:2710599"
FNDDS-2710600,,Fruit juice drink (Capri Sun),,foreign,,100,USDA FNDDS (nguồn chính thức),"USDA FoodData Central (FNDDS/WWEIA Survey Foods), fdcId:2710600"
FNDDS-2710601,,"Fruit juice drink, added calcium (Sunny D)",,foreign,,100,USDA FNDDS (nguồn chính thức),"USDA FoodData Central (FNDDS/WWEIA Survey Foods), fdcId:2710601"
FNDDS-2710604,,Frescavena,,foreign,,1068,USDA FNDDS (nguồn chính thức),"USDA FoodData Central (FNDDS/WWEIA Survey Foods), fdcId:2710604"
FNDDS-2710605,,Atole de avena,,foreign,,1683,USDA FNDDS (nguồn chính thức),"USDA FoodData Central (FNDDS/WWEIA Survey Foods), fdcId:2710605"
FNDDS-2710606,,Sugar cane beverage,,foreign,,100,USDA FNDDS (nguồn chính thức),"USDA FoodData Central (FNDDS/WWEIA Survey Foods), fdcId:2710606"
FNDDS-2710607,,Atole,,foreign,,1700,USDA FNDDS (nguồn chính thức),"USDA FoodData Central (FNDDS/WWEIA Survey Foods), fdcId:2710607"
FNDDS-2710608,,Atole de chocolate,,foreign,,1712,USDA FNDDS (nguồn chính thức),"USDA FoodData Central (FNDDS/WWEIA Survey Foods), fdcId:2710608"
FNDDS-2710609,,"Wine, nonalcoholic",,foreign,,100,USDA FNDDS (nguồn chính thức),"USDA FoodData Central (FNDDS/WWEIA Survey Foods), fdcId:2710609"
FNDDS-2710610,,"Beer, nonalcoholic",,foreign,,100,USDA FNDDS (nguồn chính thức),"USDA FoodData Central (FNDDS/WWEIA Survey Foods), fdcId:2710610"
FNDDS-2710611,,Shirley Temple,,foreign,,241.3,USDA FNDDS (nguồn chính thức),"USDA FoodData Central (FNDDS/WWEIA Survey Foods), fdcId:2710611"
FNDDS-2710612,,"Fruit flavored drink, with high vitamin C, powdered, not reconstituted",,foreign,,100,USDA FNDDS (nguồn chính thức),"USDA FoodData Central (FNDDS/WWEIA Survey Foods), fdcId:2710612"
FNDDS-2710613,,"Fruit flavored drink, powdered, not reconstituted",,foreign,,100,USDA FNDDS (nguồn chính thức),"USDA FoodData Central (FNDDS/WWEIA Survey Foods), fdcId:2710613"
FNDDS-2710614,,"Fruit flavored drink, powdered, not reconstituted, diet",,foreign,,100,USDA FNDDS (nguồn chính thức),"USDA FoodData Central (FNDDS/WWEIA Survey Foods), fdcId:2710614"
FNDDS-2710615,,"Sports drink, dry concentrate, not reconstituted",,foreign,,100,USDA FNDDS (nguồn chính thức),"USDA FoodData Central (FNDDS/WWEIA Survey Foods), fdcId:2710615"
FNDDS-2710616,,Beer,,foreign,,100,USDA FNDDS (nguồn chính thức),"USDA FoodData Central (FNDDS/WWEIA Survey Foods), fdcId:2710616"
FNDDS-2710617,,"Beer, light",,foreign,,100,USDA FNDDS (nguồn chính thức),"USDA FoodData Central (FNDDS/WWEIA Survey Foods), fdcId:2710617"
FNDDS-2710618,,"Beer, higher alcohol",,foreign,,100,USDA FNDDS (nguồn chính thức),"USDA FoodData Central (FNDDS/WWEIA Survey Foods), fdcId:2710618"
FNDDS-2710619,,"Alcoholic malt beverage, sweetened",,foreign,,100,USDA FNDDS (nguồn chính thức),"USDA FoodData Central (FNDDS/WWEIA Survey Foods), fdcId:2710619"
FNDDS-2710620,,Alcoholic malt beverage,,foreign,,100,USDA FNDDS (nguồn chính thức),"USDA FoodData Central (FNDDS/WWEIA Survey Foods), fdcId:2710620"
FNDDS-2710621,,Hard cider,,foreign,,100,USDA FNDDS (nguồn chính thức),"USDA FoodData Central (FNDDS/WWEIA Survey Foods), fdcId:2710621"
FNDDS-2710622,,Hard seltzer,,foreign,,65,USDA FNDDS (nguồn chính thức),"USDA FoodData Central (FNDDS/WWEIA Survey Foods), fdcId:2710622"
FNDDS-2710623,,Liqueur,,foreign,,135,USDA FNDDS (nguồn chính thức),"USDA FoodData Central (FNDDS/WWEIA Survey Foods), fdcId:2710623"
FNDDS-2710624,,"Liqueur, cream",,foreign,,135,USDA FNDDS (nguồn chính thức),"USDA FoodData Central (FNDDS/WWEIA Survey Foods), fdcId:2710624"
FNDDS-2710625,,"Liqueur, coffee flavored",,foreign,,100,USDA FNDDS (nguồn chính thức),"USDA FoodData Central (FNDDS/WWEIA Survey Foods), fdcId:2710625"
FNDDS-2710626,,"Cocktail, NFS",,foreign,,226.5,USDA FNDDS (nguồn chính thức),"USDA FoodData Central (FNDDS/WWEIA Survey Foods), fdcId:2710626"
FNDDS-2710627,,Brandy Alexander,,foreign,,92.8,USDA FNDDS (nguồn chính thức),"USDA FoodData Central (FNDDS/WWEIA Survey Foods), fdcId:2710627"
FNDDS-2710628,,Bloody Mary,,foreign,,239.797,USDA FNDDS (nguồn chính thức),"USDA FoodData Central (FNDDS/WWEIA Survey Foods), fdcId:2710628"
FNDDS-2710629,,Cape Cod,,foreign,,226.5,USDA FNDDS (nguồn chính thức),"USDA FoodData Central (FNDDS/WWEIA Survey Foods), fdcId:2710629"
FNDDS-2710630,,Daiquiri,,foreign,,230.667,USDA FNDDS (nguồn chính thức),"USDA FoodData Central (FNDDS/WWEIA Survey Foods), fdcId:2710630"
FNDDS-2710631,,"Gelatin shot, alcoholic",,foreign,,430.75,USDA FNDDS (nguồn chính thức),"USDA FoodData Central (FNDDS/WWEIA Survey Foods), fdcId:2710631"
FNDDS-2710632,,Gimlet,,foreign,,133.167,USDA FNDDS (nguồn chính thức),"USDA FoodData Central (FNDDS/WWEIA Survey Foods), fdcId:2710632"
FNDDS-2710633,,Gin and tonic,,foreign,,221,USDA FNDDS (nguồn chính thức),"USDA FoodData Central (FNDDS/WWEIA Survey Foods), fdcId:2710633"
FNDDS-2710637,,Manhattan,,foreign,,113,USDA FNDDS (nguồn chính thức),"USDA FoodData Central (FNDDS/WWEIA Survey Foods), fdcId:2710637"
FNDDS-2710638,,Margarita,,foreign,,227.25,USDA FNDDS (nguồn chính thức),"USDA FoodData Central (FNDDS/WWEIA Survey Foods), fdcId:2710638"
FNDDS-2710639,,Martini,,foreign,,113,USDA FNDDS (nguồn chính thức),"USDA FoodData Central (FNDDS/WWEIA Survey Foods), fdcId:2710639"
FNDDS-2710641,,Michelada,,foreign,,102,USDA FNDDS (nguồn chính thức),"USDA FoodData Central (FNDDS/WWEIA Survey Foods), fdcId:2710641"
FNDDS-2710643,,Mint julep,,foreign,,118.167,USDA FNDDS (nguồn chính thức),"USDA FoodData Central (FNDDS/WWEIA Survey Foods), fdcId:2710643"
FNDDS-2710644,,Mojito,,foreign,,245.767,USDA FNDDS (nguồn chính thức),"USDA FoodData Central (FNDDS/WWEIA Survey Foods), fdcId:2710644"
FNDDS-2710645,,Moscow mule,,foreign,,226,USDA FNDDS (nguồn chính thức),"USDA FoodData Central (FNDDS/WWEIA Survey Foods), fdcId:2710645"
FNDDS-2710646,,Old fashioned,,foreign,,92.383,USDA FNDDS (nguồn chính thức),"USDA FoodData Central (FNDDS/WWEIA Survey Foods), fdcId:2710646"
FNDDS-2710648,,Rob Roy,,foreign,,57,USDA FNDDS (nguồn chính thức),"USDA FoodData Central (FNDDS/WWEIA Survey Foods), fdcId:2710648"
FNDDS-2710652,,Seven and Seven,,foreign,,226.5,USDA FNDDS (nguồn chính thức),"USDA FoodData Central (FNDDS/WWEIA Survey Foods), fdcId:2710652"
FNDDS-2710653,,Tom Collins,,foreign,,226.5,USDA FNDDS (nguồn chính thức),"USDA FoodData Central (FNDDS/WWEIA Survey Foods), fdcId:2710653"
FNDDS-2710654,,Whiskey sour,,foreign,,226.5,USDA FNDDS (nguồn chính thức),"USDA FoodData Central (FNDDS/WWEIA Survey Foods), fdcId:2710654"
FNDDS-2710655,,Whiskey and soda,,foreign,,221,USDA FNDDS (nguồn chính thức),"USDA FoodData Central (FNDDS/WWEIA Survey Foods), fdcId:2710655"
FNDDS-2710656,,Whiskey and water,,foreign,,218.938,USDA FNDDS (nguồn chính thức),"USDA FoodData Central (FNDDS/WWEIA Survey Foods), fdcId:2710656"
FNDDS-2710657,,Whiskey and cola,,foreign,,226.5,USDA FNDDS (nguồn chính thức),"USDA FoodData Central (FNDDS/WWEIA Survey Foods), fdcId:2710657"
FNDDS-2710658,,Whiskey and diet cola,,foreign,,221,USDA FNDDS (nguồn chính thức),"USDA FoodData Central (FNDDS/WWEIA Survey Foods), fdcId:2710658"
FNDDS-2710659,,Whiskey and ginger ale,,foreign,,226.5,USDA FNDDS (nguồn chính thức),"USDA FoodData Central (FNDDS/WWEIA Survey Foods), fdcId:2710659"
FNDDS-2710660,,Rum and cola,,foreign,,226.5,USDA FNDDS (nguồn chính thức),"USDA FoodData Central (FNDDS/WWEIA Survey Foods), fdcId:2710660"
FNDDS-2710661,,Rum and diet cola,,foreign,,221,USDA FNDDS (nguồn chính thức),"USDA FoodData Central (FNDDS/WWEIA Survey Foods), fdcId:2710661"
FNDDS-2710662,,Pina Colada,,foreign,,238,USDA FNDDS (nguồn chính thức),"USDA FoodData Central (FNDDS/WWEIA Survey Foods), fdcId:2710662"
FNDDS-2710663,,Brandy and cola,,foreign,,226.5,USDA FNDDS (nguồn chính thức),"USDA FoodData Central (FNDDS/WWEIA Survey Foods), fdcId:2710663"
FNDDS-2710664,,Vodka and soda,,foreign,,221,USDA FNDDS (nguồn chính thức),"USDA FoodData Central (FNDDS/WWEIA Survey Foods), fdcId:2710664"
FNDDS-2710665,,Vodka and lemonade,,foreign,,221,USDA FNDDS (nguồn chính thức),"USDA FoodData Central (FNDDS/WWEIA Survey Foods), fdcId:2710665"
FNDDS-2710666,,Vodka and cola,,foreign,,226.5,USDA FNDDS (nguồn chính thức),"USDA FoodData Central (FNDDS/WWEIA Survey Foods), fdcId:2710666"
FNDDS-2710667,,Vodka and diet cola,,foreign,,221,USDA FNDDS (nguồn chính thức),"USDA FoodData Central (FNDDS/WWEIA Survey Foods), fdcId:2710667"
FNDDS-2710668,,Vodka and energy drink,,foreign,,226,USDA FNDDS (nguồn chính thức),"USDA FoodData Central (FNDDS/WWEIA Survey Foods), fdcId:2710668"
FNDDS-2710669,,Vodka and water,,foreign,,218.938,USDA FNDDS (nguồn chính thức),"USDA FoodData Central (FNDDS/WWEIA Survey Foods), fdcId:2710669"
FNDDS-2710670,,Vodka and tonic,,foreign,,221,USDA FNDDS (nguồn chính thức),"USDA FoodData Central (FNDDS/WWEIA Survey Foods), fdcId:2710670"
FNDDS-2710671,,Sloe gin fizz,,foreign,,225.667,USDA FNDDS (nguồn chính thức),"USDA FoodData Central (FNDDS/WWEIA Survey Foods), fdcId:2710671"
FNDDS-2710672,,Black Russian,,foreign,,76.8,USDA FNDDS (nguồn chính thức),"USDA FoodData Central (FNDDS/WWEIA Survey Foods), fdcId:2710672"
FNDDS-2710673,,White Russian,,foreign,,197.8,USDA FNDDS (nguồn chính thức),"USDA FoodData Central (FNDDS/WWEIA Survey Foods), fdcId:2710673"
FNDDS-2710679,,Long Island iced tea,,foreign,,225,USDA FNDDS (nguồn chính thức),"USDA FoodData Central (FNDDS/WWEIA Survey Foods), fdcId:2710679"
FNDDS-2710681,,Alcoholic coffee drink,,foreign,,225.105,USDA FNDDS (nguồn chính thức),"USDA FoodData Central (FNDDS/WWEIA Survey Foods), fdcId:2710681"
FNDDS-2710682,,Frozen daiquiri,,foreign,,230.267,USDA FNDDS (nguồn chính thức),"USDA FoodData Central (FNDDS/WWEIA Survey Foods), fdcId:2710682"
FNDDS-2710683,,Frozen margarita,,foreign,,227.25,USDA FNDDS (nguồn chính thức),"USDA FoodData Central (FNDDS/WWEIA Survey Foods), fdcId:2710683"
FNDDS-2710684,,"Eggnog, alcoholic",,foreign,,237,USDA FNDDS (nguồn chính thức),"USDA FoodData Central (FNDDS/WWEIA Survey Foods), fdcId:2710684"
FNDDS-2710685,,Gin fizz,,foreign,,225.667,USDA FNDDS (nguồn chính thức),"USDA FoodData Central (FNDDS/WWEIA Survey Foods), fdcId:2710685"
FNDDS-2710687,,"Wine, sparkling",,foreign,,100,USDA FNDDS (nguồn chính thức),"USDA FoodData Central (FNDDS/WWEIA Survey Foods), fdcId:2710687"
FNDDS-2710688,,"Wine, red",,foreign,,100,USDA FNDDS (nguồn chính thức),"USDA FoodData Central (FNDDS/WWEIA Survey Foods), fdcId:2710688"
FNDDS-2710689,,"Wine, white",,foreign,,100,USDA FNDDS (nguồn chính thức),"USDA FoodData Central (FNDDS/WWEIA Survey Foods), fdcId:2710689"
FNDDS-2710690,,"Wine, rose",,foreign,,100,USDA FNDDS (nguồn chính thức),"USDA FoodData Central (FNDDS/WWEIA Survey Foods), fdcId:2710690"
FNDDS-2710691,,"Wine, rice",,foreign,,100,USDA FNDDS (nguồn chính thức),"USDA FoodData Central (FNDDS/WWEIA Survey Foods), fdcId:2710691"
FNDDS-2710692,,"Wine, dessert, sweet",,foreign,,100,USDA FNDDS (nguồn chính thức),"USDA FoodData Central (FNDDS/WWEIA Survey Foods), fdcId:2710692"
FNDDS-2710693,,"Wine, light",,foreign,,100,USDA FNDDS (nguồn chính thức),"USDA FoodData Central (FNDDS/WWEIA Survey Foods), fdcId:2710693"
FNDDS-2710694,,Wine cooler,,foreign,,100,USDA FNDDS (nguồn chính thức),"USDA FoodData Central (FNDDS/WWEIA Survey Foods), fdcId:2710694"
FNDDS-2710697,,Wine spritzer,,foreign,,148.5,USDA FNDDS (nguồn chính thức),"USDA FoodData Central (FNDDS/WWEIA Survey Foods), fdcId:2710697"
FNDDS-2710699,,Brandy,,foreign,,100,USDA FNDDS (nguồn chính thức),"USDA FoodData Central (FNDDS/WWEIA Survey Foods), fdcId:2710699"
FNDDS-2710700,,Whiskey,,foreign,,100,USDA FNDDS (nguồn chính thức),"USDA FoodData Central (FNDDS/WWEIA Survey Foods), fdcId:2710700"
FNDDS-2710701,,Scotch,,foreign,,100,USDA FNDDS (nguồn chính thức),"USDA FoodData Central (FNDDS/WWEIA Survey Foods), fdcId:2710701"
FNDDS-2710702,,Gin,,foreign,,100,USDA FNDDS (nguồn chính thức),"USDA FoodData Central (FNDDS/WWEIA Survey Foods), fdcId:2710702"
FNDDS-2710703,,Rum,,foreign,,100,USDA FNDDS (nguồn chính thức),"USDA FoodData Central (FNDDS/WWEIA Survey Foods), fdcId:2710703"
FNDDS-2710704,,Vodka,,foreign,,100,USDA FNDDS (nguồn chính thức),"USDA FoodData Central (FNDDS/WWEIA Survey Foods), fdcId:2710704"
FNDDS-2710705,,Tequila,,foreign,,100,USDA FNDDS (nguồn chính thức),"USDA FoodData Central (FNDDS/WWEIA Survey Foods), fdcId:2710705"
FNDDS-2710706,,"Water, NFS",,foreign,,100,USDA FNDDS (nguồn chính thức),"USDA FoodData Central (FNDDS/WWEIA Survey Foods), fdcId:2710706"
FNDDS-2710707,,"Water, tap",,foreign,,100,USDA FNDDS (nguồn chính thức),"USDA FoodData Central (FNDDS/WWEIA Survey Foods), fdcId:2710707"
FNDDS-2710708,,"Water, bottled, plain",,foreign,,100,USDA FNDDS (nguồn chính thức),"USDA FoodData Central (FNDDS/WWEIA Survey Foods), fdcId:2710708"
FNDDS-2710709,,"Water, non-carbonated, flavored",,foreign,,100,USDA FNDDS (nguồn chính thức),"USDA FoodData Central (FNDDS/WWEIA Survey Foods), fdcId:2710709"
FNDDS-2710710,,"Water beverage, fruit flavored",,foreign,,100,USDA FNDDS (nguồn chính thức),"USDA FoodData Central (FNDDS/WWEIA Survey Foods), fdcId:2710710"
FNDDS-2710711,,"Water, enhanced, regular",,foreign,,100,USDA FNDDS (nguồn chính thức),"USDA FoodData Central (FNDDS/WWEIA Survey Foods), fdcId:2710711"
FNDDS-2710712,,"Water, enhanced, diet",,foreign,,100,USDA FNDDS (nguồn chính thức),"USDA FoodData Central (FNDDS/WWEIA Survey Foods), fdcId:2710712"
FNDDS-2710713,,"Water, baby",,foreign,,100,USDA FNDDS (nguồn chính thức),"USDA FoodData Central (FNDDS/WWEIA Survey Foods), fdcId:2710713"
FNDDS-2710714,,"Nutritional drink or shake, ready-to-drink (Boost)",,foreign,,100,USDA FNDDS (nguồn chính thức),"USDA FoodData Central (FNDDS/WWEIA Survey Foods), fdcId:2710714"
FNDDS-2710715,,"Nutritional drink or shake, ready-to-drink (Boost Plus)",,foreign,,100,USDA FNDDS (nguồn chính thức),"USDA FoodData Central (FNDDS/WWEIA Survey Foods), fdcId:2710715"
FNDDS-2710717,,"Nutritional drink or shake, ready-to-drink (Ensure)",,foreign,,100,USDA FNDDS (nguồn chính thức),"USDA FoodData Central (FNDDS/WWEIA Survey Foods), fdcId:2710717"
FNDDS-2710718,,"Nutritional drink or shake, ready-to-drink (Ensure Plus)",,foreign,,100,USDA FNDDS (nguồn chính thức),"USDA FoodData Central (FNDDS/WWEIA Survey Foods), fdcId:2710718"
FNDDS-2710719,,"Nutritional drink or shake, ready-to-drink, sugar free (Glucerna)",,foreign,,100,USDA FNDDS (nguồn chính thức),"USDA FoodData Central (FNDDS/WWEIA Survey Foods), fdcId:2710719"
FNDDS-2710720,,"Nutritional drink or shake, ready-to-drink (Muscle Milk)",,foreign,,100,USDA FNDDS (nguồn chính thức),"USDA FoodData Central (FNDDS/WWEIA Survey Foods), fdcId:2710720"
FNDDS-2710721,,"Nutritional drink or shake, ready-to-drink, light (Muscle Milk)",,foreign,,523.6,USDA FNDDS (nguồn chính thức),"USDA FoodData Central (FNDDS/WWEIA Survey Foods), fdcId:2710721"
FNDDS-2710722,,"Nutritional drink or shake, ready-to-drink (Slim Fast)",,foreign,,100,USDA FNDDS (nguồn chính thức),"USDA FoodData Central (FNDDS/WWEIA Survey Foods), fdcId:2710722"
FNDDS-2710723,,"Nutritional drink or shake, ready-to-drink, sugar free (Slim Fast)",,foreign,,100,USDA FNDDS (nguồn chính thức),"USDA FoodData Central (FNDDS/WWEIA Survey Foods), fdcId:2710723"
FNDDS-2710724,,"Nutritional drink or shake, high protein, ready-to-drink (Slim Fast)",,foreign,,100,USDA FNDDS (nguồn chính thức),"USDA FoodData Central (FNDDS/WWEIA Survey Foods), fdcId:2710724"
FNDDS-2710725,,"Nutritional drink or shake, ready-to-drink, NFS",,foreign,,100,USDA FNDDS (nguồn chính thức),"USDA FoodData Central (FNDDS/WWEIA Survey Foods), fdcId:2710725"
FNDDS-2710726,,"Nutritional drink or shake, high protein, ready-to-drink, NFS",,foreign,,100,USDA FNDDS (nguồn chính thức),"USDA FoodData Central (FNDDS/WWEIA Survey Foods), fdcId:2710726"
FNDDS-2710727,,"Nutritional drink or shake, high protein, light, ready-to-drink, NFS",,foreign,,100,USDA FNDDS (nguồn chính thức),"USDA FoodData Central (FNDDS/WWEIA Survey Foods), fdcId:2710727"
FNDDS-2710728,,"Nutritional drink or shake, liquid, soy-based",,foreign,,100,USDA FNDDS (nguồn chính thức),"USDA FoodData Central (FNDDS/WWEIA Survey Foods), fdcId:2710728"
FNDDS-2710729,,Nutritional powder mix (Carnation Instant Breakfast),,foreign,,100,USDA FNDDS (nguồn chính thức),"USDA FoodData Central (FNDDS/WWEIA Survey Foods), fdcId:2710729"
FNDDS-2710730,,"Nutritional powder mix, sugar free (Carnation Instant Breakfast)",,foreign,,100,USDA FNDDS (nguồn chính thức),"USDA FoodData Central (FNDDS/WWEIA Survey Foods), fdcId:2710730"
FNDDS-2710731,,Nutritional powder mix (EAS Whey Protein Powder),,foreign,,100,USDA FNDDS (nguồn chính thức),"USDA FoodData Central (FNDDS/WWEIA Survey Foods), fdcId:2710731"
FNDDS-2710732,,Nutritional powder mix (EAS Soy Protein Powder),,foreign,,100,USDA FNDDS (nguồn chính thức),"USDA FoodData Central (FNDDS/WWEIA Survey Foods), fdcId:2710732"
FNDDS-2710733,,"Nutritional powder mix, high protein (Herbalife)",,foreign,,100,USDA FNDDS (nguồn chính thức),"USDA FoodData Central (FNDDS/WWEIA Survey Foods), fdcId:2710733"
FNDDS-2710734,,Nutritional powder mix (Isopure),,foreign,,100,USDA FNDDS (nguồn chính thức),"USDA FoodData Central (FNDDS/WWEIA Survey Foods), fdcId:2710734"
FNDDS-2710735,,Nutritional powder mix (Muscle Milk),,foreign,,100,USDA FNDDS (nguồn chính thức),"USDA FoodData Central (FNDDS/WWEIA Survey Foods), fdcId:2710735"
FNDDS-2710736,,"Nutritional powder mix, light (Muscle Milk)",,foreign,,100,USDA FNDDS (nguồn chính thức),"USDA FoodData Central (FNDDS/WWEIA Survey Foods), fdcId:2710736"
FNDDS-2710740,,"Nutritional powder mix, NFS",,foreign,,100,USDA FNDDS (nguồn chính thức),"USDA FoodData Central (FNDDS/WWEIA Survey Foods), fdcId:2710740"
FNDDS-2710741,,"Nutritional powder mix, high protein, NFS",,foreign,,100,USDA FNDDS (nguồn chính thức),"USDA FoodData Central (FNDDS/WWEIA Survey Foods), fdcId:2710741"
FNDDS-2710742,,"Nutritional powder mix, whey based, NFS",,foreign,,100,USDA FNDDS (nguồn chính thức),"USDA FoodData Central (FNDDS/WWEIA Survey Foods), fdcId:2710742"
FNDDS-2710743,,"Nutritional powder mix, protein, soy based, NFS",,foreign,,100,USDA FNDDS (nguồn chính thức),"USDA FoodData Central (FNDDS/WWEIA Survey Foods), fdcId:2710743"
FNDDS-2710744,,"Nutritional powder mix, protein, light, NFS",,foreign,,100,USDA FNDDS (nguồn chính thức),"USDA FoodData Central (FNDDS/WWEIA Survey Foods), fdcId:2710744"
FNDDS-2710745,,"Nutritional powder mix, protein, NFS",,foreign,,100,USDA FNDDS (nguồn chính thức),"USDA FoodData Central (FNDDS/WWEIA Survey Foods), fdcId:2710745"
FNDDS-2710746,,Energy drink (Full Throttle),,foreign,,100,USDA FNDDS (nguồn chính thức),"USDA FoodData Central (FNDDS/WWEIA Survey Foods), fdcId:2710746"
FNDDS-2710747,,Energy drink (Monster),,foreign,,100,USDA FNDDS (nguồn chính thức),"USDA FoodData Central (FNDDS/WWEIA Survey Foods), fdcId:2710747"
FNDDS-2710748,,Energy drink (Mountain Dew AMP),,foreign,,100,USDA FNDDS (nguồn chính thức),"USDA FoodData Central (FNDDS/WWEIA Survey Foods), fdcId:2710748"
FNDDS-2710749,,Energy drink (No Fear),,foreign,,100,USDA FNDDS (nguồn chính thức),"USDA FoodData Central (FNDDS/WWEIA Survey Foods), fdcId:2710749"
FNDDS-2710750,,Energy drink (No Fear Motherload),,foreign,,100,USDA FNDDS (nguồn chính thức),"USDA FoodData Central (FNDDS/WWEIA Survey Foods), fdcId:2710750"
FNDDS-2710751,,Energy drink (NOS),,foreign,,100,USDA FNDDS (nguồn chính thức),"USDA FoodData Central (FNDDS/WWEIA Survey Foods), fdcId:2710751"
FNDDS-2710752,,Energy drink (Red Bull),,foreign,,100,USDA FNDDS (nguồn chính thức),"USDA FoodData Central (FNDDS/WWEIA Survey Foods), fdcId:2710752"
FNDDS-2710753,,Energy drink (Rockstar),,foreign,,100,USDA FNDDS (nguồn chính thức),"USDA FoodData Central (FNDDS/WWEIA Survey Foods), fdcId:2710753"
FNDDS-2710754,,Energy drink (SoBe Energize Energy Juice Drink),,foreign,,100,USDA FNDDS (nguồn chính thức),"USDA FoodData Central (FNDDS/WWEIA Survey Foods), fdcId:2710754"
FNDDS-2710755,,Energy drink (Vault),,foreign,,100,USDA FNDDS (nguồn chính thức),"USDA FoodData Central (FNDDS/WWEIA Survey Foods), fdcId:2710755"
FNDDS-2710756,,Energy Drink,,foreign,,100,USDA FNDDS (nguồn chính thức),"USDA FoodData Central (FNDDS/WWEIA Survey Foods), fdcId:2710756"
FNDDS-2710757,,"Energy drink, low calorie (Monster)",,foreign,,100,USDA FNDDS (nguồn chính thức),"USDA FoodData Central (FNDDS/WWEIA Survey Foods), fdcId:2710757"
FNDDS-2710758,,"Energy drink, sugar free (Monster)",,foreign,,100,USDA FNDDS (nguồn chính thức),"USDA FoodData Central (FNDDS/WWEIA Survey Foods), fdcId:2710758"
FNDDS-2710759,,"Energy drink, sugar free (Mountain Dew AMP)",,foreign,,100,USDA FNDDS (nguồn chính thức),"USDA FoodData Central (FNDDS/WWEIA Survey Foods), fdcId:2710759"
FNDDS-2710760,,"Energy drink, sugar free (No Fear)",,foreign,,100,USDA FNDDS (nguồn chính thức),"USDA FoodData Central (FNDDS/WWEIA Survey Foods), fdcId:2710760"
FNDDS-2710761,,"Energy drink, sugar-free (NOS)",,foreign,,100,USDA FNDDS (nguồn chính thức),"USDA FoodData Central (FNDDS/WWEIA Survey Foods), fdcId:2710761"
FNDDS-2710762,,Energy drink (Ocean Spray Cran-Energy Juice Drink),,foreign,,100,USDA FNDDS (nguồn chính thức),"USDA FoodData Central (FNDDS/WWEIA Survey Foods), fdcId:2710762"
FNDDS-2710763,,"Energy drink, sugar-free (Red Bull)",,foreign,,100,USDA FNDDS (nguồn chính thức),"USDA FoodData Central (FNDDS/WWEIA Survey Foods), fdcId:2710763"
FNDDS-2710764,,"Energy drink, sugar free (Rockstar)",,foreign,,100,USDA FNDDS (nguồn chính thức),"USDA FoodData Central (FNDDS/WWEIA Survey Foods), fdcId:2710764"
FNDDS-2710765,,"Energy drink, sugar free (Vault)",,foreign,,100,USDA FNDDS (nguồn chính thức),"USDA FoodData Central (FNDDS/WWEIA Survey Foods), fdcId:2710765"
FNDDS-2710766,,Energy drink (XS),,foreign,,100,USDA FNDDS (nguồn chính thức),"USDA FoodData Central (FNDDS/WWEIA Survey Foods), fdcId:2710766"
FNDDS-2710767,,Energy drink (XS Gold Plus),,foreign,,100,USDA FNDDS (nguồn chính thức),"USDA FoodData Central (FNDDS/WWEIA Survey Foods), fdcId:2710767"
FNDDS-2710768,,"Energy drink, sugar free",,foreign,,100,USDA FNDDS (nguồn chính thức),"USDA FoodData Central (FNDDS/WWEIA Survey Foods), fdcId:2710768"
FNDDS-2710769,,Sports drink (Gatorade G),,foreign,,100,USDA FNDDS (nguồn chính thức),"USDA FoodData Central (FNDDS/WWEIA Survey Foods), fdcId:2710769"
FNDDS-2710770,,Sports drink (Powerade),,foreign,,100,USDA FNDDS (nguồn chính thức),"USDA FoodData Central (FNDDS/WWEIA Survey Foods), fdcId:2710770"
FNDDS-2710771,,"Sports drink, NFS",,foreign,,100,USDA FNDDS (nguồn chính thức),"USDA FoodData Central (FNDDS/WWEIA Survey Foods), fdcId:2710771"
FNDDS-2710772,,"Sports drink, low calorie (Gatorade G2)",,foreign,,100,USDA FNDDS (nguồn chính thức),"USDA FoodData Central (FNDDS/WWEIA Survey Foods), fdcId:2710772"
FNDDS-2710773,,"Sports drink, low calorie (Powerade Zero)",,foreign,,100,USDA FNDDS (nguồn chính thức),"USDA FoodData Central (FNDDS/WWEIA Survey Foods), fdcId:2710773"
FNDDS-2710774,,"Sports drink, low calorie",,foreign,,100,USDA FNDDS (nguồn chính thức),"USDA FoodData Central (FNDDS/WWEIA Survey Foods), fdcId:2710774"
FNDDS-2710775,,"Fluid replacement, electrolyte solution",,foreign,,100,USDA FNDDS (nguồn chính thức),"USDA FoodData Central (FNDDS/WWEIA Survey Foods), fdcId:2710775"
FNDDS-2710776,,"Fluid replacement, 5% glucose in water",,foreign,,100,USDA FNDDS (nguồn chính thức),"USDA FoodData Central (FNDDS/WWEIA Survey Foods), fdcId:2710776"
FNDDS-2710777,,"Fruit juice, acai blend",,foreign,,100,USDA FNDDS (nguồn chính thức),"USDA FoodData Central (FNDDS/WWEIA Survey Foods), fdcId:2710777"
FNDDS-2710780,,Beef as ingredient in recipes,,foreign,,100,USDA FNDDS (nguồn chính thức),"USDA FoodData Central (FNDDS/WWEIA Survey Foods), fdcId:2710780"
FNDDS-2710782,,Chicken as ingredient in recipes,,foreign,,100,USDA FNDDS (nguồn chính thức),"USDA FoodData Central (FNDDS/WWEIA Survey Foods), fdcId:2710782"
FNDDS-2710783,,"Fish, cooked, as ingredient",,foreign,,100,USDA FNDDS (nguồn chính thức),"USDA FoodData Central (FNDDS/WWEIA Survey Foods), fdcId:2710783"
FNDDS-2710786,,Wheat bread as ingredient in sandwiches,,foreign,,100,USDA FNDDS (nguồn chính thức),"USDA FoodData Central (FNDDS/WWEIA Survey Foods), fdcId:2710786"
FNDDS-2710787,,Wheat bun as ingredient in sandwiches,,foreign,,100,USDA FNDDS (nguồn chính thức),"USDA FoodData Central (FNDDS/WWEIA Survey Foods), fdcId:2710787"
FNDDS-2710789,,"Rice, brown, cooked, as ingredient",,foreign,,310,USDA FNDDS (nguồn chính thức),"USDA FoodData Central (FNDDS/WWEIA Survey Foods), fdcId:2710789"
FNDDS-2710791,,"Spinach, cooked, as ingredient",,foreign,,100,USDA FNDDS (nguồn chính thức),"USDA FoodData Central (FNDDS/WWEIA Survey Foods), fdcId:2710791"
FNDDS-2710792,,"Broccoli, cooked, as ingredient",,foreign,,100,USDA FNDDS (nguồn chính thức),"USDA FoodData Central (FNDDS/WWEIA Survey Foods), fdcId:2710792"
FNDDS-2710793,,"Carrots, cooked, as ingredient",,foreign,,100,USDA FNDDS (nguồn chính thức),"USDA FoodData Central (FNDDS/WWEIA Survey Foods), fdcId:2710793"
FNDDS-2710795,,"Tomatoes, cooked, as ingredient",,foreign,,100,USDA FNDDS (nguồn chính thức),"USDA FoodData Central (FNDDS/WWEIA Survey Foods), fdcId:2710795"
FNDDS-2710796,,"Onions, cooked, as ingredient",,foreign,,100,USDA FNDDS (nguồn chính thức),"USDA FoodData Central (FNDDS/WWEIA Survey Foods), fdcId:2710796"
FNDDS-2710798,,"Green pepper, cooked, as ingredient",,foreign,,100,USDA FNDDS (nguồn chính thức),"USDA FoodData Central (FNDDS/WWEIA Survey Foods), fdcId:2710798"
FNDDS-2710799,,"Red pepper, cooked, as ingredient",,foreign,,100,USDA FNDDS (nguồn chính thức),"USDA FoodData Central (FNDDS/WWEIA Survey Foods), fdcId:2710799"
FNDDS-2710800,,"Cabbage, cooked, as ingredient",,foreign,,100,USDA FNDDS (nguồn chính thức),"USDA FoodData Central (FNDDS/WWEIA Survey Foods), fdcId:2710800"
FNDDS-2710801,,"Cauliflower, cooked, as ingredient",,foreign,,100,USDA FNDDS (nguồn chính thức),"USDA FoodData Central (FNDDS/WWEIA Survey Foods), fdcId:2710801"
FNDDS-2710802,,"Eggplant, cooked, as ingredient",,foreign,,100,USDA FNDDS (nguồn chính thức),"USDA FoodData Central (FNDDS/WWEIA Survey Foods), fdcId:2710802"
FNDDS-2710803,,"Green beans, cooked, as ingredient",,foreign,,100,USDA FNDDS (nguồn chính thức),"USDA FoodData Central (FNDDS/WWEIA Survey Foods), fdcId:2710803"
FNDDS-2710804,,"Summer squash, cooked, as ingredient",,foreign,,100,USDA FNDDS (nguồn chính thức),"USDA FoodData Central (FNDDS/WWEIA Survey Foods), fdcId:2710804"
FNDDS-2710805,,"Celery, cooked, as ingredient",,foreign,,100,USDA FNDDS (nguồn chính thức),"USDA FoodData Central (FNDDS/WWEIA Survey Foods), fdcId:2710805"
FNDDS-2710813,,Sauce as ingredient in hamburgers,,foreign,,100,USDA FNDDS (nguồn chính thức),"USDA FoodData Central (FNDDS/WWEIA Survey Foods), fdcId:2710813"
FNDDS-2710814,,Industrial oil as ingredient in food,,foreign,,100,USDA FNDDS (nguồn chính thức),"USDA FoodData Central (FNDDS/WWEIA Survey Foods), fdcId:2710814"
