food_description_en,total_purine_mg_100g,n_samples,country_of_origin,year,source_group,source_code,source_citation
"Beef brain, raw",162.0,1,USA,1976,NAm,e,"Clifford, A.J., & Story, D.L. (1976). Levels of purines in foods and their metabolic effects in rats. The Journal of Nutrition, 106(3), 435-42. [USA, 1976]"
"Beef heart, raw",171.0,1,USA,1976,NAm,e,"Clifford, A.J., & Story, D.L. (1976). Levels of purines in foods and their metabolic effects in rats. The Journal of Nutrition, 106(3), 435-42. [USA, 1976]"
"Beef kidney, cooked",230.8,1,Canada,1976,NAm,a,"Brulé, D., et al. (1988). Purine content of selected Canadian food products. Journal of Food Composition and Analysis, 1(2),130-8. [Canada, 1988]"
"Beef kidney, raw",213.0,1,USA,1976,NAm,e,"Clifford, A.J., & Story, D.L. (1976). Levels of purines in foods and their metabolic effects in rats. The Journal of Nutrition, 106(3), 435-42. [USA, 1976]"
"Beef liver, raw",197.0,1,USA,1976,NAm,e,"Clifford, A.J., & Story, D.L. (1976). Levels of purines in foods and their metabolic effects in rats. The Journal of Nutrition, 106(3), 435-42. [USA, 1976]"
"Beef chuck roast, boneless, choice, raw",156.6,6,USA,2024,NAm,USDA,
"Beef flank steak, boneless, choice, raw",98.6,6,USA,2024,NAm,USDA,
"Beef, ground, 73% lean meat / 27% fat, raw",133.3,6,USA,2024,NAm,USDA,
"Beef, ground, 73% lean meat / 27% fat, cooked4",233.3,6,USA,2024,NAm,USDA,
"Beef, ground, 80% lean meat / 20% fat, raw",160.9,6,USA,2024,NAm,USDA,
"Beef, ground, 93% lean meat / 7% fat, raw",188.9,8,USA,2024,NAm,USDA,
"Beef, ground, 93% lean meat / 7% fat, cooked4",251.9,8,USA,2024,NAm,USDA,
"Beef, ground, cooked (unspecified)",89.9,1,Canada,1988,NAm,a,"Brulé, D., et al. (1988). Purine content of selected Canadian food products. Journal of Food Composition and Analysis, 1(2),130-8. [Canada, 1988]"
"Beef ribeye, steak, boneless, choice, raw",173.9,6,USA,2024,NAm,USDA,
"Beef roast, cooked (unspecified)",124.8,1,Canada,1988,NAm,a,"Brulé, D., et al. (1988). Purine content of selected Canadian food products. Journal of Food Composition and Analysis, 1(2),130-8. [Canada, 1988]"
"Beef shoulder roast, choice, boneless, raw",163.9,6,USA,2024,NAm,USDA,
"Beef shoulder roast, choice, boneless, cooked4",193.4,6,USA,2024,NAm,USDA,
"Beef, sirloin, raw",124.8,1,Canada,1988,NAm,a,"Brulé, D., et al. (1988). Purine content of selected Canadian food products. Journal of Food Composition and Analysis, 1(2),130-8. [Canada, 1988]"
"Bread, crusty (baguette)",15.7,1,Canada,1988,NAm,a,"Brulé, D., et al. (1988). Purine content of selected Canadian food products. Journal of Food Composition and Analysis, 1(2),130-8. [Canada, 1988]"
"Bread, white",12.2,1,Canada,1988,NAm,a,"Brulé, D., et al. (1988). Purine content of selected Canadian food products. Journal of Food Composition and Analysis, 1(2),130-8. [Canada, 1988]"
Corn cereal,1.0,1,Canada,1988,NAm,a,"Brulé, D., et al. (1988). Purine content of selected Canadian food products. Journal of Food Composition and Analysis, 1(2),130-8. [Canada, 1988]"
"Rice, white, cooked",5.9,1,Canada,1988,NAm,a,"Brulé, D., et al. (1988). Purine content of selected Canadian food products. Journal of Food Composition and Analysis, 1(2),130-8. [Canada, 1988]"
Whole-grain wheat flour,11.5,1,Canada,1988,NAm,a,"Brulé, D., et al. (1988). Purine content of selected Canadian food products. Journal of Food Composition and Analysis, 1(2),130-8. [Canada, 1988]"
"Cheese, American",7.0,8,USA,2024,NAm,USDA,
"Cheese, cottage",8.0,1,Canada,1988,NAm,a,"Brulé, D., et al. (1988). Purine content of selected Canadian food products. Journal of Food Composition and Analysis, 1(2),130-8. [Canada, 1988]"
"Cheese, Monterey Jack",9.1,8,USA,2024,NAm,USDA,
"Cheese, Provolone",12.55,8,USA,2024,NAm,USDA,
"Cheese, processed (unspecified)",2.0,1,Canada,1988,NAm,a,"Brulé, D., et al. (1988). Purine content of selected Canadian food products. Journal of Food Composition and Analysis, 1(2),130-8. [Canada, 1988]"
"Cheese, queso cotija",8.6,7,USA,2024,NAm,USDA,
"Cheese, queso fresco",0.67,8,USA,2024,NAm,USDA,
"Cheese, queso Oaxaca",7.91,8,USA,2024,NAm,USDA,
"Egg, white, boiled",0.73,4,USA,2024,NAm,USDA,
"Egg, yolk, boiled",0.53,4,USA,2024,NAm,USDA,
"Milk, 2% fat",0.6,6,USA,2024,NAm,USDA,
"Yogurt, regular, nonfat, plain",8.28,8,USA,2024,NAm,USDA,
"Yogurt, plain",7.0,1,Canada,1988,NAm,a,"Brulé, D., et al. (1988). Purine content of selected Canadian food products. Journal of Food Composition and Analysis, 1(2),130-8. [Canada, 1988]"
"Anchovy, canned",321.0,1,USA,1976,NAm,e,"Clifford, A.J., & Story, D.L. (1976). Levels of purines in foods and their metabolic effects in rats. The Journal of Nutrition, 106(3), 435-42. [USA, 1976]"
"Anchovy, raw",411.0,1,USA,1976,NAm,e,"Clifford, A.J., & Story, D.L. (1976). Levels of purines in foods and their metabolic effects in rats. The Journal of Nutrition, 106(3), 435-42. [USA, 1976]"
"Catfish, farmed, raw",205.2,7,USA,2024,NAm,USDA,
"Clams, canned",62.0,1,USA,1976,NAm,e,"Clifford, A.J., & Story, D.L. (1976). Levels of purines in foods and their metabolic effects in rats. The Journal of Nutrition, 106(3), 435-42. [USA, 1976]"
"Clams, raw",136.0,1,USA,1976,NAm,e,"Clifford, A.J., & Story, D.L. (1976). Levels of purines in foods and their metabolic effects in rats. The Journal of Nutrition, 106(3), 435-42. [USA, 1976]"
"Cod, Atlantic, wild, raw",110.3,8,USA,2024,NAm,USDA,
"Crab, blue, lump, pasteurized",147.7,8,USA,2024,NAm,USDA,
"Herring, canned",378.0,1,USA,1976,NAm,e,"Clifford, A.J., & Story, D.L. (1976). Levels of purines in foods and their metabolic effects in rats. The Journal of Nutrition, 106(3), 435-42. [USA, 1976]"
"Mackerel, canned",246.0,1,USA,1976,NAm,e,"Clifford, A.J., & Story, D.L. (1976). Levels of purines in foods and their metabolic effects in rats. The Journal of Nutrition, 106(3), 435-42. [USA, 1976]"
"Mackerel, raw (unspecified)",194.0,1,USA,1976,NAm,e,"Clifford, A.J., & Story, D.L. (1976). Levels of purines in foods and their metabolic effects in rats. The Journal of Nutrition, 106(3), 435-42. [USA, 1976]"
"Oysters, canned",107.0,1,USA,1976,NAm,e,"Clifford, A.J., & Story, D.L. (1976). Levels of purines in foods and their metabolic effects in rats. The Journal of Nutrition, 106(3), 435-42. [USA, 1976]"
"Salmon, Atlantic, farmed, raw",249.9,8,USA,2024,NAm,USDA,
"Salmon, canned",88.0,1,USA,1976,NAm,e,"Clifford, A.J., & Story, D.L. (1976). Levels of purines in foods and their metabolic effects in rats. The Journal of Nutrition, 106(3), 435-42. [USA, 1976]"
"Salmon, mixed species, raw",250.0,1,USA,1976,NAm,e,"Clifford, A.J., & Story, D.L. (1976). Levels of purines in foods and their metabolic effects in rats. The Journal of Nutrition, 106(3), 435-42. [USA, 1976]"
"Salmon, sockeye, wild, raw",259.8,8,USA,2024,NAm,USDA,
"Sardine, canned",399.0,1,USA,1976,NAm,e,"Clifford, A.J., & Story, D.L. (1976). Levels of purines in foods and their metabolic effects in rats. The Journal of Nutrition, 106(3), 435-42. [USA, 1976]"
"Sardine, raw",345.0,1,USA,1976,NAm,e,"Clifford, A.J., & Story, D.L. (1976). Levels of purines in foods and their metabolic effects in rats. The Journal of Nutrition, 106(3), 435-42. [USA, 1976]"
"Shrimp, mixed species, farmed, raw",182.4,7,USA,2024,NAm,USDA,
"Shrimp, raw, frozen (no further unspecified)",234.0,1,USA,1976,NAm,e,"Clifford, A.J., & Story, D.L. (1976). Levels of purines in foods and their metabolic effects in rats. The Journal of Nutrition, 106(3), 435-42. [USA, 1976]"
"Squid, raw (unspecified)",135.0,1,USA,1976,NAm,e,"Clifford, A.J., & Story, D.L. (1976). Levels of purines in foods and their metabolic effects in rats. The Journal of Nutrition, 106(3), 435-42. [USA, 1976]"
"Tilapia, farmed, raw",185.8,7,USA,2024,NAm,USDA,
"Tuna, canned",142.0,1,USA,1976,NAm,e,"Clifford, A.J., & Story, D.L. (1976). Levels of purines in foods and their metabolic effects in rats. The Journal of Nutrition, 106(3), 435-42. [USA, 1976]"
"Tuna, canned, drained solids",211.8,6,USA,2024,NAm,USDA,
"Whitefish, raw",122.25,2,Canada,1988,NAm,a,"Brulé, D., et al. (1988). Purine content of selected Canadian food products. Journal of Food Composition and Analysis, 1(2),130-8. [Canada, 1988]"
"Lamb heart, raw",171.0,1,USA,1976,NAm,e,"Clifford, A.J., & Story, D.L. (1976). Levels of purines in foods and their metabolic effects in rats. The Journal of Nutrition, 106(3), 435-42. [USA, 1976]"
"Lamb liver, raw",147.0,1,USA,1976,NAm,e,"Clifford, A.J., & Story, D.L. (1976). Levels of purines in foods and their metabolic effects in rats. The Journal of Nutrition, 106(3), 435-42. [USA, 1976]"
"Lamb chops and roast, raw",127.5,1,Canada,1988,NAm,a,"Brulé, D., et al. (1988). Purine content of selected Canadian food products. Journal of Food Composition and Analysis, 1(2),130-8. [Canada, 1988]"
"Veal cutlet, cooked",142.7,1,Canada,1988,NAm,a,"Brulé, D., et al. (1988). Purine content of selected Canadian food products. Journal of Food Composition and Analysis, 1(2),130-8. [Canada, 1988]"
"Beans, adzuki, dried, raw",162.0,1,USA,1976,NAm,e,"Clifford, A.J., & Story, D.L. (1976). Levels of purines in foods and their metabolic effects in rats. The Journal of Nutrition, 106(3), 435-42. [USA, 1976]"
"Beans, black, canned5",24.1,6,USA,2024,NAm,USDA,
"Beans, cranberry, dried, raw",75.0,1,USA,1976,NAm,e,"Clifford, A.J., & Story, D.L. (1976). Levels of purines in foods and their metabolic effects in rats. The Journal of Nutrition, 106(3), 435-42. [USA, 1976]"
"Beans, great northern, dried, raw",213.0,1,USA,1976,NAm,e,"Clifford, A.J., & Story, D.L. (1976). Levels of purines in foods and their metabolic effects in rats. The Journal of Nutrition, 106(3), 435-42. [USA, 1976]"
"Beans, kidney, dark red, canned5",23.4,6,USA,2024,NAm,USDA,
"Beans, navy, canned5",21.19,6,USA,2024,NAm,USDA,
"Beans, pinto, canned5",25.2,6,USA,2024,NAm,USDA,
"Beans, pinto, dried, raw",171.0,1,USA,1976,NAm,e,"Clifford, A.J., & Story, D.L. (1976). Levels of purines in foods and their metabolic effects in rats. The Journal of Nutrition, 106(3), 435-42. [USA, 1976]"
"Beans, small white, dried, raw",202.0,1,USA,1976,NAm,e,"Clifford, A.J., & Story, D.L. (1976). Levels of purines in foods and their metabolic effects in rats. The Journal of Nutrition, 106(3), 435-42. [USA, 1976]"
"Blackeye peas, canned5",34.8,6,USA,2024,NAm,USDA,
"Blackeye peas, dried, raw",230.0,1,USA,1976,NAm,e,"Clifford, A.J., & Story, D.L. (1976). Levels of purines in foods and their metabolic effects in rats. The Journal of Nutrition, 106(3), 435-42. [USA, 1976]"
"Chickpeas (garbanzo beans), canned5",21.6,6,USA,2024,NAm,USDA,
"Chickpeas (garbanzo beans), cooked",11.2,3,USA,2024,NAm,USDA,
"Chickpeas (garbanzo beans), dried, raw",56.0,1,USA,1976,NAm,e,"Clifford, A.J., & Story, D.L. (1976). Levels of purines in foods and their metabolic effects in rats. The Journal of Nutrition, 106(3), 435-42. [USA, 1976]"
"Lentils, dried, raw",222.0,1,USA,1976,NAm,e,"Clifford, A.J., & Story, D.L. (1976). Levels of purines in foods and their metabolic effects in rats. The Journal of Nutrition, 106(3), 435-42. [USA, 1976]"
"Lima beans, baby, dried, raw",144.0,1,USA,1976,NAm,e,"Clifford, A.J., & Story, D.L. (1976). Levels of purines in foods and their metabolic effects in rats. The Journal of Nutrition, 106(3), 435-42. [USA, 1976]"
"Lima beans, large, dried, raw",149.0,1,USA,1976,NAm,e,"Clifford, A.J., & Story, D.L. (1976). Levels of purines in foods and their metabolic effects in rats. The Journal of Nutrition, 106(3), 435-42. [USA, 1976]"
"Peas, green, sweet, canned5",72.4,6,USA,2024,NAm,USDA,
"Peas, split, dried, raw",195.0,1,USA,1976,NAm,e,"Clifford, A.J., & Story, D.L. (1976). Levels of purines in foods and their metabolic effects in rats. The Journal of Nutrition, 106(3), 435-42. [USA, 1976]"
"Pork, liver, raw",289.0,1,USA,1976,NAm,e,"Clifford, A.J., & Story, D.L. (1976). Levels of purines in foods and their metabolic effects in rats. The Journal of Nutrition, 106(3), 435-42. [USA, 1976]"
"Pork, cured, bacon, unprepared",140.7,6,USA,2024,NAm,USDA,
"Pork, cured, bacon, cooked4",428.8,6,USA,2024,NAm,USDA,
"Pork, ground, raw",183.1,5,USA,2024,NAm,USDA,
"Pork loin, boneless, skinless, raw",237.2,6,USA,2024,NAm,USDA,
"Pork loin, boneless, skinless, cooked4",333.5,6,USA,2024,NAm,USDA,
"Pork loin, tenderloin, boneless, raw",244.0,6,USA,2024,NAm,USDA,
"Pork roast and chops, cooked",119.8,1,Canada,1988,NAm,a,"Brulé, D., et al. (1988). Purine content of selected Canadian food products. Journal of Food Composition and Analysis, 1(2),130-8. [Canada, 1988]"
"Pork sausage, uncured, link/patty, raw",160.1,6,USA,2024,NAm,USDA,
"Pork sausage, uncured, link/patty, cooked4",213.2,6,USA,2024,NAm,USDA,
"Chicken gizzard, raw",130.5,12,USA,1980,NAm,i,"Young, L.L. Evaluation of four purine compounds in poultry products. (1980). Journal of Food Science, 45(4), 1064-5. [USA, 1980]"
"Chicken heart, raw",125.4,1,USA,1976,NAm,e,"Clifford, A.J., & Story, D.L. (1976). Levels of purines in foods and their metabolic effects in rats. The Journal of Nutrition, 106(3), 435-42. [USA, 1976]"
"Chicken liver, raw",243.0,1,USA,1976,NAm,e,"Clifford, A.J., & Story, D.L. (1976). Levels of purines in foods and their metabolic effects in rats. The Journal of Nutrition, 106(3), 435-42. [USA, 1976]"
"Chicken liver, raw",236.1,12,USA,1980,NAm,i,"Young, L.L. Evaluation of four purine compounds in poultry products. (1980). Journal of Food Science, 45(4), 1064-5. [USA, 1980]"
"Chicken breast, boneless, skinless, raw",289.0,6,USA,2024,NAm,USDA,
"Chicken breast, boneless, skinless, cooked4",368.6,6,USA,2024,NAm,USDA,
"Chicken breast, raw",174.9,36,USA,"1983, 1982",NAm,"h, j",
"Chicken breast, raw",130.7,25,USA,1980,NAm,i,"Young, L.L. Evaluation of four purine compounds in poultry products. (1980). Journal of Food Science, 45(4), 1064-5. [USA, 1980]"
"Chicken breast, roasted",178.5,12,USA,1982,NAm,j,"Young, L.L. Purine content of raw and roasted chicken broiler meat. (1982). Journal of Food Science, 47(4), 1374-5. [USA, 1982]"
"Chicken breast, stewed",183.5,24,USA,1983,NAm,h,"Young, L.L. Effect of stewing on purine content of broiler tissues. (1983). Journal of Food Science, 48(1), 315-6. [USA, 1983]"
"Chicken drumstick, raw",132.7,25,USA,1980,NAm,i,"Young, L.L. Evaluation of four purine compounds in poultry products. (1980). Journal of Food Science, 45(4), 1064-5. [USA, 1980]"
"Chicken neck, raw",122.9,10,USA,1980,NAm,i,"Young, L.L. Evaluation of four purine compounds in poultry products. (1980). Journal of Food Science, 45(4), 1064-5. [USA, 1980]"
"Chicken skin (from drumsticks and thighs), braised",93.8,24,USA,1983,NAm,h,"Young, L.L. Effect of stewing on purine content of broiler tissues. (1983). Journal of Food Science, 48(1), 315-6. [USA, 1983]"
"Chicken skin, raw",58.94,24,USA,1983,NAm,h,"Young, L.L. Effect of stewing on purine content of broiler tissues. (1983). Journal of Food Science, 48(1), 315-6. [USA, 1983]"
"Chicken skin, raw",106.3,25,USA,1980,NAm,i,"Young, L.L. Evaluation of four purine compounds in poultry products. (1980). Journal of Food Science, 45(4), 1064-5. [USA, 1980]"
"Chicken thigh, raw",141.7,65,USA,"1983, 1980, 1982",NAm,"h,i,j",
"Chicken thigh, roasted",148.9,16,USA,1982,NAm,j,"Young, L.L. Purine content of raw and roasted chicken broiler meat. (1982). Journal of Food Science, 47(4), 1374-5. [USA, 1982]"
"Chicken thigh, stewed",146.3,24,USA,1983,NAm,h,"Young, L.L. Effect of stewing on purine content of broiler tissues. (1983). Journal of Food Science, 48(1), 315-6. [USA, 1983]"
"Chicken, ground, raw",158.7,1,Canada,1985,NAm,g,"Sarwar, G., et al. (1985). Purine content and protein quality of mechanically separated poultry meat products produced in Canada. Canadian Institute of Food Science and Technology Journal, 18(3), 251-5. [Canada, 1985]"
"Chicken, ground, raw",235.6,6,USA,2024,NAm,USDA,
"Poultry, mechanically deboned, from backs and necks with skin, raw",93.6,10,USA,1980,NAm,i,"Young, L.L. Evaluation of four purine compounds in poultry products. (1980). Journal of Food Science, 45(4), 1064-5. [USA, 1980]"
"Poultry, mechanically deboned, from backs and necks with skin, raw",72.9,2,Canada,1985,NAm,g,"Sarwar, G., et al. (1985). Purine content and protein quality of mechanically separated poultry meat products produced in Canada. Canadian Institute of Food Science and Technology Journal, 18(3), 251-5. [Canada, 1985]"
"Poultry, mechanically deboned, from mature hens, raw",79.81,3,Canada,1985,NAm,g,"Sarwar, G., et al. (1985). Purine content and protein quality of mechanically separated poultry meat products produced in Canada. Canadian Institute of Food Science and Technology Journal, 18(3), 251-5. [Canada, 1985]"
"Turkey, ground, raw",96.0,1,Canada,1985,NAm,g,"Sarwar, G., et al. (1985). Purine content and protein quality of mechanically separated poultry meat products produced in Canada. Canadian Institute of Food Science and Technology Journal, 18(3), 251-5. [Canada, 1985]"
"Turkey, ground, raw",95.7,6,USA,2024,NAm,USDA,
"Turkey, mechanically deboned, from turkey frames, raw",79.08,1,Canada,1985,NAm,g,"Sarwar, G., et al. (1985). Purine content and protein quality of mechanically separated poultry meat products produced in Canada. Canadian Institute of Food Science and Technology Journal, 18(3), 251-5. [Canada, 1985]"
"Frankfurter, beef, unheated",114.9,6,USA,2024,NAm,USDA,
"Frankfurter, beef, heated4",115.2,6,USA,2024,NAm,USDA,
"Frankfurter, mixed meat, unheated",169.5,5,USA,2024,NAm,USDA,
"Frankfurter, mixed meat, heated4",159.3,5,USA,2024,NAm,USDA,
"Luncheon meat, ham, ready-to-eat",250.42,6,USA,2024,NAm,USDA,
"Luncheon meat, turkey, ready-to-eat",235.16,6,USA,2024,NAm,USDA,
Luncheon meat (unspecified),58.3,1,Canada,1988,NAm,a,"Brulé, D., et al. (1988). Purine content of selected Canadian food products. Journal of Food Composition and Analysis, 1(2),130-8. [Canada, 1988]"
"Salami, genoa, pork, beef",246.2,3,USA,2024,NAm,USDA,
"Salami, dry or hard, pork, beef",215.1,3,USA,2024,NAm,USDA,
"Brussels sprouts, raw",38.8,8,USA,2024,NAm,USDA,
"Cabbage, bok choy, raw",10.0,8,USA,2024,NAm,USDA,
"Cauliflower, raw",33.0,8,USA,2024,NAm,USDA,
"Collards, raw",26.1,8,USA,2024,NAm,USDA,
"Mushrooms (not further specified), raw",46.9,1,Canada,1988,NAm,a,"Brulé, D., et al. (1988). Purine content of selected Canadian food products. Journal of Food Composition and Analysis, 1(2),130-8. [Canada, 1988]"
"Mushrooms, canned",24.6,1,Canada,1988,NAm,a,"Brulé, D., et al. (1988). Purine content of selected Canadian food products. Journal of Food Composition and Analysis, 1(2),130-8. [Canada, 1988]"
"Squash, winter, butternut, raw",9.2,8,USA,2024,NAm,USDA,
"Beef heart, raw",184.9,1,Japan,2014,nonNAm,b,"Kaneko, K., et al. (2014). Total purine and purine base content of common foodstuffs for facilitating nutritional therapy for gout and hyperuricemia. Biological and Pharmaceutical Bulletin, 37(5), 709-21. [Japan, 2014]"
"Beef kidney, raw",174.3,1,Japan,2014,nonNAm,b,"Kaneko, K., et al. (2014). Total purine and purine base content of common foodstuffs for facilitating nutritional therapy for gout and hyperuricemia. Biological and Pharmaceutical Bulletin, 37(5), 709-21. [Japan, 2014]"
"Beef large intestine, raw",88.2,1,Japan,2014,nonNAm,b,"Kaneko, K., et al. (2014). Total purine and purine base content of common foodstuffs for facilitating nutritional therapy for gout and hyperuricemia. Biological and Pharmaceutical Bulletin, 37(5), 709-21. [Japan, 2014]"
"Beef liver, raw",219.8,1,Japan,2014,nonNAm,b,"Kaneko, K., et al. (2014). Total purine and purine base content of common foodstuffs for facilitating nutritional therapy for gout and hyperuricemia. Biological and Pharmaceutical Bulletin, 37(5), 709-21. [Japan, 2014]"
"Beef stomach, raw",84.0,1,Japan,2014,nonNAm,b,"Kaneko, K., et al. (2014). Total purine and purine base content of common foodstuffs for facilitating nutritional therapy for gout and hyperuricemia. Biological and Pharmaceutical Bulletin, 37(5), 709-21. [Japan, 2014]"
"Beef tongue, raw",90.4,1,Japan,2014,nonNAm,b,"Kaneko, K., et al. (2014). Total purine and purine base content of common foodstuffs for facilitating nutritional therapy for gout and hyperuricemia. Biological and Pharmaceutical Bulletin, 37(5), 709-21. [Japan, 2014]"
"Beef brisket, raw",79.2,1,Japan,2014,nonNAm,b,"Kaneko, K., et al. (2014). Total purine and purine base content of common foodstuffs for facilitating nutritional therapy for gout and hyperuricemia. Biological and Pharmaceutical Bulletin, 37(5), 709-21. [Japan, 2014]"
"Beef chuck ribs, raw",77.4,1,Japan,2014,nonNAm,b,"Kaneko, K., et al. (2014). Total purine and purine base content of common foodstuffs for facilitating nutritional therapy for gout and hyperuricemia. Biological and Pharmaceutical Bulletin, 37(5), 709-21. [Japan, 2014]"
"Beef clod (shoulder), raw",103.9,1,Japan,2014,nonNAm,b,"Kaneko, K., et al. (2014). Total purine and purine base content of common foodstuffs for facilitating nutritional therapy for gout and hyperuricemia. Biological and Pharmaceutical Bulletin, 37(5), 709-21. [Japan, 2014]"
"Beef front, raw (unspecified)",77.42,1,Czech Republic,2010,nonNAm,f,"Havlik, J.,et al. (2010). Dietary purines in vegetarian meat analogues. Journal of the Science of Food and Agriculture, 90(14), 2352-7. [Czech Republic, Vietnam, Great Britain, 2010]"
"Beef neck, raw",100.6,1,Japan,2014,nonNAm,b,"Kaneko, K., et al. (2014). Total purine and purine base content of common foodstuffs for facilitating nutritional therapy for gout and hyperuricemia. Biological and Pharmaceutical Bulletin, 37(5), 709-21. [Japan, 2014]"
"Beef rib loin, raw",74.3,1,Japan,2014,nonNAm,b,"Kaneko, K., et al. (2014). Total purine and purine base content of common foodstuffs for facilitating nutritional therapy for gout and hyperuricemia. Biological and Pharmaceutical Bulletin, 37(5), 709-21. [Japan, 2014]"
"Beef round (topside), cooked",143.4,1,Japan,2014,nonNAm,b,"Kaneko, K., et al. (2014). Total purine and purine base content of common foodstuffs for facilitating nutritional therapy for gout and hyperuricemia. Biological and Pharmaceutical Bulletin, 37(5), 709-21. [Japan, 2014]"
"Beef round (topside), raw",123.0,2,Japan,2014,nonNAm,b,"Kaneko, K., et al. (2014). Total purine and purine base content of common foodstuffs for facilitating nutritional therapy for gout and hyperuricemia. Biological and Pharmaceutical Bulletin, 37(5), 709-21. [Japan, 2014]"
"Beef shin, raw",106.4,1,Japan,2014,nonNAm,b,"Kaneko, K., et al. (2014). Total purine and purine base content of common foodstuffs for facilitating nutritional therapy for gout and hyperuricemia. Biological and Pharmaceutical Bulletin, 37(5), 709-21. [Japan, 2014]"
"Beef sirloin, raw",90.2,1,Japan,2014,nonNAm,b,"Kaneko, K., et al. (2014). Total purine and purine base content of common foodstuffs for facilitating nutritional therapy for gout and hyperuricemia. Biological and Pharmaceutical Bulletin, 37(5), 709-21. [Japan, 2014]"
"Beef, tenderloin, raw",98.4,1,Japan,2014,nonNAm,b,"Kaneko, K., et al. (2014). Total purine and purine base content of common foodstuffs for facilitating nutritional therapy for gout and hyperuricemia. Biological and Pharmaceutical Bulletin, 37(5), 709-21. [Japan, 2014]"
Amazake (fermented drink made from sake lees),6.21,1,Japan,2020,nonNAm,n,"Kaneko, K., et al. (2020). Determination of total purine and purine base content of 80 food products to aid nutritional therapy for gout and hyperuricemia. Nucleosides, Nucleotides, and Nucleic Acids, 39(10-12), 1449-57. [Japan, 2020]"
Fruit juice,1.06,1,Japan,2020,nonNAm,n,"Kaneko, K., et al. (2020). Determination of total purine and purine base content of 80 food products to aid nutritional therapy for gout and hyperuricemia. Nucleosides, Nucleotides, and Nucleic Acids, 39(10-12), 1449-57. [Japan, 2020]"
Green tea beverage,1.67,1,Japan,2020,nonNAm,n,"Kaneko, K., et al. (2020). Determination of total purine and purine base content of 80 food products to aid nutritional therapy for gout and hyperuricemia. Nucleosides, Nucleotides, and Nucleic Acids, 39(10-12), 1449-57. [Japan, 2020]"
"Green tea leaves, dried",204.3,1,Japan,2020,nonNAm,n,"Kaneko, K., et al. (2020). Determination of total purine and purine base content of 80 food products to aid nutritional therapy for gout and hyperuricemia. Nucleosides, Nucleotides, and Nucleic Acids, 39(10-12), 1449-57. [Japan, 2020]"
Vegetable juice,13.7,1,Japan,2020,nonNAm,n,"Kaneko, K., et al. (2020). Determination of total purine and purine base content of 80 food products to aid nutritional therapy for gout and hyperuricemia. Nucleosides, Nucleotides, and Nucleic Acids, 39(10-12), 1449-57. [Japan, 2020]"
"Barley, raw",44.3,1,Japan,2014,nonNAm,b,"Kaneko, K., et al. (2014). Total purine and purine base content of common foodstuffs for facilitating nutritional therapy for gout and hyperuricemia. Biological and Pharmaceutical Bulletin, 37(5), 709-21. [Japan, 2014]"
Bread (no further specified),4.4,1,Japan,2020,nonNAm,n,"Kaneko, K., et al. (2020). Determination of total purine and purine base content of 80 food products to aid nutritional therapy for gout and hyperuricemia. Nucleosides, Nucleotides, and Nucleic Acids, 39(10-12), 1449-57. [Japan, 2020]"
Bread flour,25.8,1,Japan,2014,nonNAm,b,"Kaneko, K., et al. (2014). Total purine and purine base content of common foodstuffs for facilitating nutritional therapy for gout and hyperuricemia. Biological and Pharmaceutical Bulletin, 37(5), 709-21. [Japan, 2014]"
Buckwheat flour,75.9,1,Japan,2014,nonNAm,b,"Kaneko, K., et al. (2014). Total purine and purine base content of common foodstuffs for facilitating nutritional therapy for gout and hyperuricemia. Biological and Pharmaceutical Bulletin, 37(5), 709-21. [Japan, 2014]"
Cake flour,15.7,1,Japan,2014,nonNAm,b,"Kaneko, K., et al. (2014). Total purine and purine base content of common foodstuffs for facilitating nutritional therapy for gout and hyperuricemia. Biological and Pharmaceutical Bulletin, 37(5), 709-21. [Japan, 2014]"
Gelatin noodle (dried),0.6,1,Japan,2020,nonNAm,n,"Kaneko, K., et al. (2020). Determination of total purine and purine base content of 80 food products to aid nutritional therapy for gout and hyperuricemia. Nucleosides, Nucleotides, and Nucleic Acids, 39(10-12), 1449-57. [Japan, 2020]"
Pastry flour,25.8,1,Japan,2014,nonNAm,b,"Kaneko, K., et al. (2014). Total purine and purine base content of common foodstuffs for facilitating nutritional therapy for gout and hyperuricemia. Biological and Pharmaceutical Bulletin, 37(5), 709-21. [Japan, 2014]"
"Ramen, noodle",21.6,1,Japan,2014,nonNAm,b,"Kaneko, K., et al. (2014). Total purine and purine base content of common foodstuffs for facilitating nutritional therapy for gout and hyperuricemia. Biological and Pharmaceutical Bulletin, 37(5), 709-21. [Japan, 2014]"
Rice bran,100.2,1,Japan,2014,nonNAm,b,"Kaneko, K., et al. (2014). Total purine and purine base content of common foodstuffs for facilitating nutritional therapy for gout and hyperuricemia. Biological and Pharmaceutical Bulletin, 37(5), 709-21. [Japan, 2014]"
Rice crackers,14.2,1,Japan,2014,nonNAm,b,"Kaneko, K., et al. (2014). Total purine and purine base content of common foodstuffs for facilitating nutritional therapy for gout and hyperuricemia. Biological and Pharmaceutical Bulletin, 37(5), 709-21. [Japan, 2014]"
"Rice, white, raw3",32.6,3,Japan,2014,nonNAm,b,"Kaneko, K., et al. (2014). Total purine and purine base content of common foodstuffs for facilitating nutritional therapy for gout and hyperuricemia. Biological and Pharmaceutical Bulletin, 37(5), 709-21. [Japan, 2014]"
Soba (buckwheat noodles),7.6,1,Japan,2020,nonNAm,n,"Kaneko, K., et al. (2020). Determination of total purine and purine base content of 80 food products to aid nutritional therapy for gout and hyperuricemia. Nucleosides, Nucleotides, and Nucleic Acids, 39(10-12), 1449-57. [Japan, 2020]"
Spaghetti,6.8,1,Japan,2020,nonNAm,n,"Kaneko, K., et al. (2020). Determination of total purine and purine base content of 80 food products to aid nutritional therapy for gout and hyperuricemia. Nucleosides, Nucleotides, and Nucleic Acids, 39(10-12), 1449-57. [Japan, 2020]"
Udon (wheat noodles),12.1,1,Japan,2020,nonNAm,n,"Kaneko, K., et al. (2020). Determination of total purine and purine base content of 80 food products to aid nutritional therapy for gout and hyperuricemia. Nucleosides, Nucleotides, and Nucleic Acids, 39(10-12), 1449-57. [Japan, 2020]"
"Cheese, grated",13.0,1,Japan,2014,nonNAm,b,"Kaneko, K., et al. (2014). Total purine and purine base content of common foodstuffs for facilitating nutritional therapy for gout and hyperuricemia. Biological and Pharmaceutical Bulletin, 37(5), 709-21. [Japan, 2014]"
"Cream, animal, fresh",0.2,1,Japan,2020,nonNAm,n,"Kaneko, K., et al. (2020). Determination of total purine and purine base content of 80 food products to aid nutritional therapy for gout and hyperuricemia. Nucleosides, Nucleotides, and Nucleic Acids, 39(10-12), 1449-57. [Japan, 2020]"
"Cream, vegetable, fresh",0.1,1,Japan,2020,nonNAm,n,"Kaneko, K., et al. (2020). Determination of total purine and purine base content of 80 food products to aid nutritional therapy for gout and hyperuricemia. Nucleosides, Nucleotides, and Nucleic Acids, 39(10-12), 1449-57. [Japan, 2020]"
"Egg, chicken, raw",0.0,1,Japan,2014,nonNAm,b,"Kaneko, K., et al. (2014). Total purine and purine base content of common foodstuffs for facilitating nutritional therapy for gout and hyperuricemia. Biological and Pharmaceutical Bulletin, 37(5), 709-21. [Japan, 2014]"
"Egg, quail, raw",0.0,1,Japan,2014,nonNAm,b,"Kaneko, K., et al. (2014). Total purine and purine base content of common foodstuffs for facilitating nutritional therapy for gout and hyperuricemia. Biological and Pharmaceutical Bulletin, 37(5), 709-21. [Japan, 2014]"
Milk,0.0,1,Japan,2014,nonNAm,b,"Kaneko, K., et al. (2014). Total purine and purine base content of common foodstuffs for facilitating nutritional therapy for gout and hyperuricemia. Biological and Pharmaceutical Bulletin, 37(5), 709-21. [Japan, 2014]"
Yogurt (not further specified),5.2,1,Japan,2014,nonNAm,b,"Kaneko, K., et al. (2014). Total purine and purine base content of common foodstuffs for facilitating nutritional therapy for gout and hyperuricemia. Biological and Pharmaceutical Bulletin, 37(5), 709-21. [Japan, 2014]"
"Yogurt, liquid",1.4,1,Japan,2020,nonNAm,n,"Kaneko, K., et al. (2020). Determination of total purine and purine base content of 80 food products to aid nutritional therapy for gout and hyperuricemia. Nucleosides, Nucleotides, and Nucleic Acids, 39(10-12), 1449-57. [Japan, 2020]"
"Anchovy, dried",1109.0,1,Japan,2014,nonNAm,b,"Kaneko, K., et al. (2014). Total purine and purine base content of common foodstuffs for facilitating nutritional therapy for gout and hyperuricemia. Biological and Pharmaceutical Bulletin, 37(5), 709-21. [Japan, 2014]"
"Anchovy, fresh",303.9,1,Japan,2020,nonNAm,n,"Kaneko, K., et al. (2020). Determination of total purine and purine base content of 80 food products to aid nutritional therapy for gout and hyperuricemia. Nucleosides, Nucleotides, and Nucleic Acids, 39(10-12), 1449-57. [Japan, 2020]"
"Arabesque greenling, raw",150.0,1,Japan,2014,nonNAm,b,"Kaneko, K., et al. (2014). Total purine and purine base content of common foodstuffs for facilitating nutritional therapy for gout and hyperuricemia. Biological and Pharmaceutical Bulletin, 37(5), 709-21. [Japan, 2014]"
"Ayu, raw",133.1,1,Japan,2014,nonNAm,b,"Kaneko, K., et al. (2014). Total purine and purine base content of common foodstuffs for facilitating nutritional therapy for gout and hyperuricemia. Biological and Pharmaceutical Bulletin, 37(5), 709-21. [Japan, 2014]"
"Barracuda, raw",147.9,1,Japan,2014,nonNAm,b,"Kaneko, K., et al. (2014). Total purine and purine base content of common foodstuffs for facilitating nutritional therapy for gout and hyperuricemia. Biological and Pharmaceutical Bulletin, 37(5), 709-21. [Japan, 2014]"
"Beltfish, raw",139.26,3,China,2017,nonNAm,c,"Qu, X., et al. (2017). Determination of four different purines and their content change in seafood by high‐performance liquid chromatography. Journal of the Science of Food and Agriculture, 97(2), 520-5. [China, 2017]"
"Bonito, dried",492.9,1,Japan,2014,nonNAm,b,"Kaneko, K., et al. (2014). Total purine and purine base content of common foodstuffs for facilitating nutritional therapy for gout and hyperuricemia. Biological and Pharmaceutical Bulletin, 37(5), 709-21. [Japan, 2014]"
"Carp, raw",103.2,1,Japan,2014,nonNAm,b,"Kaneko, K., et al. (2014). Total purine and purine base content of common foodstuffs for facilitating nutritional therapy for gout and hyperuricemia. Biological and Pharmaceutical Bulletin, 37(5), 709-21. [Japan, 2014]"
"Clams, raw",145.4,1,Japan,2014,nonNAm,b,"Kaneko, K., et al. (2014). Total purine and purine base content of common foodstuffs for facilitating nutritional therapy for gout and hyperuricemia. Biological and Pharmaceutical Bulletin, 37(5), 709-21. [Japan, 2014]"
"Clams, raw",110.2,3,China,2017,nonNAm,c,"Qu, X., et al. (2017). Determination of four different purines and their content change in seafood by high‐performance liquid chromatography. Journal of the Science of Food and Agriculture, 97(2), 520-5. [China, 2017]"
"Cod, fresh",97.9,1,Japan,2020,nonNAm,n,"Kaneko, K., et al. (2020). Determination of total purine and purine base content of 80 food products to aid nutritional therapy for gout and hyperuricemia. Nucleosides, Nucleotides, and Nucleic Acids, 39(10-12), 1449-57. [Japan, 2020]"
"Conger eel, fresh",95.4,1,Japan,2020,nonNAm,n,"Kaneko, K., et al. (2020). Determination of total purine and purine base content of 80 food products to aid nutritional therapy for gout and hyperuricemia. Nucleosides, Nucleotides, and Nucleic Acids, 39(10-12), 1449-57. [Japan, 2020]"
"Crab ovary, raw",152.4,1,Japan,2014,nonNAm,b,"Kaneko, K., et al. (2014). Total purine and purine base content of common foodstuffs for facilitating nutritional therapy for gout and hyperuricemia. Biological and Pharmaceutical Bulletin, 37(5), 709-21. [Japan, 2014]"
"Crab, red king, raw",99.5,1,Japan,2014,nonNAm,b,"Kaneko, K., et al. (2014). Total purine and purine base content of common foodstuffs for facilitating nutritional therapy for gout and hyperuricemia. Biological and Pharmaceutical Bulletin, 37(5), 709-21. [Japan, 2014]"
"Crab, snow, raw",136.5,1,Japan,2014,nonNAm,b,"Kaneko, K., et al. (2014). Total purine and purine base content of common foodstuffs for facilitating nutritional therapy for gout and hyperuricemia. Biological and Pharmaceutical Bulletin, 37(5), 709-21. [Japan, 2014]"
"Cutlassfish (hairtail), fresh",385.5,1,Japan,2020,nonNAm,n,"Kaneko, K., et al. (2020). Determination of total purine and purine base content of 80 food products to aid nutritional therapy for gout and hyperuricemia. Nucleosides, Nucleotides, and Nucleic Acids, 39(10-12), 1449-57. [Japan, 2020]"
"Eel, Japanese, raw",92.1,1,Japan,2014,nonNAm,b,"Kaneko, K., et al. (2014). Total purine and purine base content of common foodstuffs for facilitating nutritional therapy for gout and hyperuricemia. Biological and Pharmaceutical Bulletin, 37(5), 709-21. [Japan, 2014]"
Engawa (flesh of fish fins),19.0,1,Japan,2020,nonNAm,n,"Kaneko, K., et al. (2020). Determination of total purine and purine base content of 80 food products to aid nutritional therapy for gout and hyperuricemia. Nucleosides, Nucleotides, and Nucleic Acids, 39(10-12), 1449-57. [Japan, 2020]"
"Fat greenling, raw",129.2,1,Japan,2014,nonNAm,b,"Kaneko, K., et al. (2014). Total purine and purine base content of common foodstuffs for facilitating nutritional therapy for gout and hyperuricemia. Biological and Pharmaceutical Bulletin, 37(5), 709-21. [Japan, 2014]"
"Fish ball, processed",67.7,1,Japan,2014,nonNAm,b,"Kaneko, K., et al. (2014). Total purine and purine base content of common foodstuffs for facilitating nutritional therapy for gout and hyperuricemia. Biological and Pharmaceutical Bulletin, 37(5), 709-21. [Japan, 2014]"
"Fish product (hanpen), processed",12.5,1,Japan,2014,nonNAm,b,"Kaneko, K., et al. (2014). Total purine and purine base content of common foodstuffs for facilitating nutritional therapy for gout and hyperuricemia. Biological and Pharmaceutical Bulletin, 37(5), 709-21. [Japan, 2014]"
"Fish product (kamaboko), processed",26.4,1,Japan,2014,nonNAm,b,"Kaneko, K., et al. (2014). Total purine and purine base content of common foodstuffs for facilitating nutritional therapy for gout and hyperuricemia. Biological and Pharmaceutical Bulletin, 37(5), 709-21. [Japan, 2014]"
"Fish product (narutomaki), processed",32.4,1,Japan,2014,nonNAm,b,"Kaneko, K., et al. (2014). Total purine and purine base content of common foodstuffs for facilitating nutritional therapy for gout and hyperuricemia. Biological and Pharmaceutical Bulletin, 37(5), 709-21. [Japan, 2014]"
"Fish product (sasakamaboko), processed",47.8,1,Japan,2014,nonNAm,b,"Kaneko, K., et al. (2014). Total purine and purine base content of common foodstuffs for facilitating nutritional therapy for gout and hyperuricemia. Biological and Pharmaceutical Bulletin, 37(5), 709-21. [Japan, 2014]"
"Fish product (Satsuma age), processed",21.5,1,Japan,2014,nonNAm,b,"Kaneko, K., et al. (2014). Total purine and purine base content of common foodstuffs for facilitating nutritional therapy for gout and hyperuricemia. Biological and Pharmaceutical Bulletin, 37(5), 709-21. [Japan, 2014]"
"Fish sausage, processed",22.7,1,Japan,2014,nonNAm,b,"Kaneko, K., et al. (2014). Total purine and purine base content of common foodstuffs for facilitating nutritional therapy for gout and hyperuricemia. Biological and Pharmaceutical Bulletin, 37(5), 709-21. [Japan, 2014]"
"Fishcake tube, processed",47.7,1,Japan,2014,nonNAm,b,"Kaneko, K., et al. (2014). Total purine and purine base content of common foodstuffs for facilitating nutritional therapy for gout and hyperuricemia. Biological and Pharmaceutical Bulletin, 37(5), 709-21. [Japan, 2014]"
"Flounder, yellow striped, raw",113.0,1,Japan,2014,nonNAm,b,"Kaneko, K., et al. (2014). Total purine and purine base content of common foodstuffs for facilitating nutritional therapy for gout and hyperuricemia. Biological and Pharmaceutical Bulletin, 37(5), 709-21. [Japan, 2014]"
"Flying fish, raw",154.2,1,Japan,2014,nonNAm,b,"Kaneko, K., et al. (2014). Total purine and purine base content of common foodstuffs for facilitating nutritional therapy for gout and hyperuricemia. Biological and Pharmaceutical Bulletin, 37(5), 709-21. [Japan, 2014]"
"Gnomefish, meat, raw",150.7,1,Japan,2014,nonNAm,b,"Kaneko, K., et al. (2014). Total purine and purine base content of common foodstuffs for facilitating nutritional therapy for gout and hyperuricemia. Biological and Pharmaceutical Bulletin, 37(5), 709-21. [Japan, 2014]"
"Gnomefish, skin, raw",382.6,1,Japan,2014,nonNAm,b,"Kaneko, K., et al. (2014). Total purine and purine base content of common foodstuffs for facilitating nutritional therapy for gout and hyperuricemia. Biological and Pharmaceutical Bulletin, 37(5), 709-21. [Japan, 2014]"
"Halibut, bastard, raw",133.7,1,Japan,2014,nonNAm,b,"Kaneko, K., et al. (2014). Total purine and purine base content of common foodstuffs for facilitating nutritional therapy for gout and hyperuricemia. Biological and Pharmaceutical Bulletin, 37(5), 709-21. [Japan, 2014]"
"Herring, raw",139.2,1,Japan,2014,nonNAm,b,"Kaneko, K., et al. (2014). Total purine and purine base content of common foodstuffs for facilitating nutritional therapy for gout and hyperuricemia. Biological and Pharmaceutical Bulletin, 37(5), 709-21. [Japan, 2014]"
"Lobster, spiny, raw",102.2,1,Japan,2014,nonNAm,b,"Kaneko, K., et al. (2014). Total purine and purine base content of common foodstuffs for facilitating nutritional therapy for gout and hyperuricemia. Biological and Pharmaceutical Bulletin, 37(5), 709-21. [Japan, 2014]"
"Mackerel, fermented (Heshiko)",207.0,1,Japan,2020,nonNAm,n,"Kaneko, K., et al. (2020). Determination of total purine and purine base content of 80 food products to aid nutritional therapy for gout and hyperuricemia. Nucleosides, Nucleotides, and Nucleic Acids, 39(10-12), 1449-57. [Japan, 2020]"
"Mackerel, jack, half-dried",245.9,1,Japan,2014,nonNAm,b,"Kaneko, K., et al. (2014). Total purine and purine base content of common foodstuffs for facilitating nutritional therapy for gout and hyperuricemia. Biological and Pharmaceutical Bulletin, 37(5), 709-21. [Japan, 2014]"
"Mackerel, Japanese, skin, raw",1175.0,3,China,2017,nonNAm,c,"Qu, X., et al. (2017). Determination of four different purines and their content change in seafood by high‐performance liquid chromatography. Journal of the Science of Food and Agriculture, 97(2), 520-5. [China, 2017]"
"Mackerel, raw (unspecified)",204.8,2,Japan,2014,nonNAm,b,"Kaneko, K., et al. (2014). Total purine and purine base content of common foodstuffs for facilitating nutritional therapy for gout and hyperuricemia. Biological and Pharmaceutical Bulletin, 37(5), 709-21. [Japan, 2014]"
"Mackerel, Spanish, raw",161.95,4,"Japan, China","2014, 2017",nonNAm,"b,c",
"Milt, cod",559.9,1,Japan,2020,nonNAm,n,"Kaneko, K., et al. (2020). Determination of total purine and purine base content of 80 food products to aid nutritional therapy for gout and hyperuricemia. Nucleosides, Nucleotides, and Nucleic Acids, 39(10-12), 1449-57. [Japan, 2020]"
"Milt, globefish",375.4,1,Japan,2020,nonNAm,n,"Kaneko, K., et al. (2020). Determination of total purine and purine base content of 80 food products to aid nutritional therapy for gout and hyperuricemia. Nucleosides, Nucleotides, and Nucleic Acids, 39(10-12), 1449-57. [Japan, 2020]"
"Milt, pigfish, striped, raw",306.1,1,Japan,2014,nonNAm,b,"Kaneko, K., et al. (2014). Total purine and purine base content of common foodstuffs for facilitating nutritional therapy for gout and hyperuricemia. Biological and Pharmaceutical Bulletin, 37(5), 709-21. [Japan, 2014]"
"Monkfish liver, raw",104.2,1,Japan,2014,nonNAm,b,"Kaneko, K., et al. (2014). Total purine and purine base content of common foodstuffs for facilitating nutritional therapy for gout and hyperuricemia. Biological and Pharmaceutical Bulletin, 37(5), 709-21. [Japan, 2014]"
"Monkfish liver, steamed",398.7,1,Japan,2014,nonNAm,b,"Kaneko, K., et al. (2014). Total purine and purine base content of common foodstuffs for facilitating nutritional therapy for gout and hyperuricemia. Biological and Pharmaceutical Bulletin, 37(5), 709-21. [Japan, 2014]"
"Monkfish, raw",70.1,1,Japan,2014,nonNAm,b,"Kaneko, K., et al. (2014). Total purine and purine base content of common foodstuffs for facilitating nutritional therapy for gout and hyperuricemia. Biological and Pharmaceutical Bulletin, 37(5), 709-21. [Japan, 2014]"
"Octopus organs, raw",79.9,1,Japan,2014,nonNAm,b,"Kaneko, K., et al. (2014). Total purine and purine base content of common foodstuffs for facilitating nutritional therapy for gout and hyperuricemia. Biological and Pharmaceutical Bulletin, 37(5), 709-21. [Japan, 2014]"
"Octopus, raw",137.2,1,Japan,2014,nonNAm,b,"Kaneko, K., et al. (2014). Total purine and purine base content of common foodstuffs for facilitating nutritional therapy for gout and hyperuricemia. Biological and Pharmaceutical Bulletin, 37(5), 709-21. [Japan, 2014]"
"Okiami (krill), raw",225.6,1,Japan,2014,nonNAm,b,"Kaneko, K., et al. (2014). Total purine and purine base content of common foodstuffs for facilitating nutritional therapy for gout and hyperuricemia. Biological and Pharmaceutical Bulletin, 37(5), 709-21. [Japan, 2014]"
"Oysters, raw",122.0,4,"Japan, China","2014, 2017",nonNAm,"b,c",
"Pacific saury, half-dried",209.1,1,Japan,2014,nonNAm,b,"Kaneko, K., et al. (2014). Total purine and purine base content of common foodstuffs for facilitating nutritional therapy for gout and hyperuricemia. Biological and Pharmaceutical Bulletin, 37(5), 709-21. [Japan, 2014]"
"Pacific saury, raw",154.9,1,Japan,2014,nonNAm,b,"Kaneko, K., et al. (2014). Total purine and purine base content of common foodstuffs for facilitating nutritional therapy for gout and hyperuricemia. Biological and Pharmaceutical Bulletin, 37(5), 709-21. [Japan, 2014]"
"Pigfish, striped, raw",149.1,1,Japan,2014,nonNAm,b,"Kaneko, K., et al. (2014). Total purine and purine base content of common foodstuffs for facilitating nutritional therapy for gout and hyperuricemia. Biological and Pharmaceutical Bulletin, 37(5), 709-21. [Japan, 2014]"
"Red seabream, raw",129.1,1,Japan,2014,nonNAm,b,"Kaneko, K., et al. (2014). Total purine and purine base content of common foodstuffs for facilitating nutritional therapy for gout and hyperuricemia. Biological and Pharmaceutical Bulletin, 37(5), 709-21. [Japan, 2014]"
"Rockfish (Mebaru), raw",124.1,1,Japan,2014,nonNAm,b,"Kaneko, K., et al. (2014). Total purine and purine base content of common foodstuffs for facilitating nutritional therapy for gout and hyperuricemia. Biological and Pharmaceutical Bulletin, 37(5), 709-21. [Japan, 2014]"
"Roe, flying fish, in soy sauce",91.6,1,Japan,2014,nonNAm,b,"Kaneko, K., et al. (2014). Total purine and purine base content of common foodstuffs for facilitating nutritional therapy for gout and hyperuricemia. Biological and Pharmaceutical Bulletin, 37(5), 709-21. [Japan, 2014]"
"Roe, mixed species, raw",80.79,8,Japan,2014,nonNAm,b,"Kaneko, K., et al. (2014). Total purine and purine base content of common foodstuffs for facilitating nutritional therapy for gout and hyperuricemia. Biological and Pharmaceutical Bulletin, 37(5), 709-21. [Japan, 2014]"
"Sablefish meat, raw",123.4,1,Japan,2014,nonNAm,b,"Kaneko, K., et al. (2014). Total purine and purine base content of common foodstuffs for facilitating nutritional therapy for gout and hyperuricemia. Biological and Pharmaceutical Bulletin, 37(5), 709-21. [Japan, 2014]"
"Sablefish skin, raw",66.9,1,Japan,2014,nonNAm,b,"Kaneko, K., et al. (2014). Total purine and purine base content of common foodstuffs for facilitating nutritional therapy for gout and hyperuricemia. Biological and Pharmaceutical Bulletin, 37(5), 709-21. [Japan, 2014]"
"Sailfin sandfish, raw",98.4,1,Japan,2014,nonNAm,b,"Kaneko, K., et al. (2014). Total purine and purine base content of common foodstuffs for facilitating nutritional therapy for gout and hyperuricemia. Biological and Pharmaceutical Bulletin, 37(5), 709-21. [Japan, 2014]"
"Salmon, canned",132.9,1,Japan,2014,nonNAm,b,"Kaneko, K., et al. (2014). Total purine and purine base content of common foodstuffs for facilitating nutritional therapy for gout and hyperuricemia. Biological and Pharmaceutical Bulletin, 37(5), 709-21. [Japan, 2014]"
"Salmon, chum, raw",124.7,3,China,2017,nonNAm,c,"Qu, X., et al. (2017). Determination of four different purines and their content change in seafood by high‐performance liquid chromatography. Journal of the Science of Food and Agriculture, 97(2), 520-5. [China, 2017]"
"Salmon, mixed species, raw",119.4,1,Japan,2014,nonNAm,b,"Kaneko, K., et al. (2014). Total purine and purine base content of common foodstuffs for facilitating nutritional therapy for gout and hyperuricemia. Biological and Pharmaceutical Bulletin, 37(5), 709-21. [Japan, 2014]"
"Sardine, baby, dried",746.0,1,Japan,2014,nonNAm,b,"Kaneko, K., et al. (2014). Total purine and purine base content of common foodstuffs for facilitating nutritional therapy for gout and hyperuricemia. Biological and Pharmaceutical Bulletin, 37(5), 709-21. [Japan, 2014]"
"Sardine, fermented (Heshiko)",116.3,1,Japan,2020,nonNAm,n,"Kaneko, K., et al. (2020). Determination of total purine and purine base content of 80 food products to aid nutritional therapy for gout and hyperuricemia. Nucleosides, Nucleotides, and Nucleic Acids, 39(10-12), 1449-57. [Japan, 2020]"
"Sardine, half-dried",305.3,1,Japan,2014,nonNAm,b,"Kaneko, K., et al. (2014). Total purine and purine base content of common foodstuffs for facilitating nutritional therapy for gout and hyperuricemia. Biological and Pharmaceutical Bulletin, 37(5), 709-21. [Japan, 2014]"
"Sardine, raw",210.7,1,Japan,2014,nonNAm,b,"Kaneko, K., et al. (2014). Total purine and purine base content of common foodstuffs for facilitating nutritional therapy for gout and hyperuricemia. Biological and Pharmaceutical Bulletin, 37(5), 709-21. [Japan, 2014]"
"Scallops, raw",76.5,1,Japan,2014,nonNAm,b,"Kaneko, K., et al. (2014). Total purine and purine base content of common foodstuffs for facilitating nutritional therapy for gout and hyperuricemia. Biological and Pharmaceutical Bulletin, 37(5), 709-21. [Japan, 2014]"
"Sea cucumber, raw",7.72,4,"Japan, China","2014, 2017",nonNAm,"b,c",
"Sea urchin, raw",137.3,1,Japan,2014,nonNAm,b,"Kaneko, K., et al. (2014). Total purine and purine base content of common foodstuffs for facilitating nutritional therapy for gout and hyperuricemia. Biological and Pharmaceutical Bulletin, 37(5), 709-21. [Japan, 2014]"
"Seabass, Japanese, liver, raw",217.69,3,China,2017,nonNAm,c,"Qu, X., et al. (2017). Determination of four different purines and their content change in seafood by high‐performance liquid chromatography. Journal of the Science of Food and Agriculture, 97(2), 520-5. [China, 2017]"
"Seabass, Japanese, skin, raw",1399.71,3,China,2017,nonNAm,c,"Qu, X., et al. (2017). Determination of four different purines and their content change in seafood by high‐performance liquid chromatography. Journal of the Science of Food and Agriculture, 97(2), 520-5. [China, 2017]"
"Seabass, mixed species, raw",107.3,10,"Japan, China","2014, 2017",nonNAm,"b,c",
"Shad, dotted gizzard",186.8,1,Japan,2020,nonNAm,n,"Kaneko, K., et al. (2020). Determination of total purine and purine base content of 80 food products to aid nutritional therapy for gout and hyperuricemia. Nucleosides, Nucleotides, and Nucleic Acids, 39(10-12), 1449-57. [Japan, 2020]"
"Shishamo with roe, half-dried",149.6,1,Japan,2014,nonNAm,b,"Kaneko, K., et al. (2014). Total purine and purine base content of common foodstuffs for facilitating nutritional therapy for gout and hyperuricemia. Biological and Pharmaceutical Bulletin, 37(5), 709-21. [Japan, 2014]"
"Shrimp, deep-water",221.6,1,Japan,2020,nonNAm,n,"Kaneko, K., et al. (2020). Determination of total purine and purine base content of 80 food products to aid nutritional therapy for gout and hyperuricemia. Nucleosides, Nucleotides, and Nucleic Acids, 39(10-12), 1449-57. [Japan, 2020]"
"Shrimp, raw (sand shrimp and Pacific shrimp species)",177.28,6,China,2017,nonNAm,c,"Qu, X., et al. (2017). Determination of four different purines and their content change in seafood by high‐performance liquid chromatography. Journal of the Science of Food and Agriculture, 97(2), 520-5. [China, 2017]"
"Shrimp, raw (unspecified)",166.5,4,Japan,2014,nonNAm,b,"Kaneko, K., et al. (2014). Total purine and purine base content of common foodstuffs for facilitating nutritional therapy for gout and hyperuricemia. Biological and Pharmaceutical Bulletin, 37(5), 709-21. [Japan, 2014]"
"Shrimp, Sakura, dried",748.9,1,Japan,2014,nonNAm,b,"Kaneko, K., et al. (2014). Total purine and purine base content of common foodstuffs for facilitating nutritional therapy for gout and hyperuricemia. Biological and Pharmaceutical Bulletin, 37(5), 709-21. [Japan, 2014]"
"Smelt, raw",94.9,1,Japan,2014,nonNAm,b,"Kaneko, K., et al. (2014). Total purine and purine base content of common foodstuffs for facilitating nutritional therapy for gout and hyperuricemia. Biological and Pharmaceutical Bulletin, 37(5), 709-21. [Japan, 2014]"
"Snails, raw",182.2,6,China,2017,nonNAm,c,"Qu, X., et al. (2017). Determination of four different purines and their content change in seafood by high‐performance liquid chromatography. Journal of the Science of Food and Agriculture, 97(2), 520-5. [China, 2017]"
"Squid organs, raw",59.6,1,Japan,2014,nonNAm,b,"Kaneko, K., et al. (2014). Total purine and purine base content of common foodstuffs for facilitating nutritional therapy for gout and hyperuricemia. Biological and Pharmaceutical Bulletin, 37(5), 709-21. [Japan, 2014]"
"Squid, raw (unspecified)",150.8,3,Japan,2014,nonNAm,b,"Kaneko, K., et al. (2014). Total purine and purine base content of common foodstuffs for facilitating nutritional therapy for gout and hyperuricemia. Biological and Pharmaceutical Bulletin, 37(5), 709-21. [Japan, 2014]"
"Squid, shredded, dried",94.4,1,Japan,2014,nonNAm,b,"Kaneko, K., et al. (2014). Total purine and purine base content of common foodstuffs for facilitating nutritional therapy for gout and hyperuricemia. Biological and Pharmaceutical Bulletin, 37(5), 709-21. [Japan, 2014]"
"Swordfish (Xiphias), fresh",132.2,1,Japan,2020,nonNAm,n,"Kaneko, K., et al. (2020). Determination of total purine and purine base content of 80 food products to aid nutritional therapy for gout and hyperuricemia. Nucleosides, Nucleotides, and Nucleic Acids, 39(10-12), 1449-57. [Japan, 2020]"
"Tilefish, raw",119.5,1,Japan,2014,nonNAm,b,"Kaneko, K., et al. (2014). Total purine and purine base content of common foodstuffs for facilitating nutritional therapy for gout and hyperuricemia. Biological and Pharmaceutical Bulletin, 37(5), 709-21. [Japan, 2014]"
"Trout, rainbow, raw",181.0,1,Japan,2014,nonNAm,b,"Kaneko, K., et al. (2014). Total purine and purine base content of common foodstuffs for facilitating nutritional therapy for gout and hyperuricemia. Biological and Pharmaceutical Bulletin, 37(5), 709-21. [Japan, 2014]"
"Tuna (Bonito), raw",211.2,1,Japan,2014,nonNAm,b,"Kaneko, K., et al. (2014). Total purine and purine base content of common foodstuffs for facilitating nutritional therapy for gout and hyperuricemia. Biological and Pharmaceutical Bulletin, 37(5), 709-21. [Japan, 2014]"
"Tuna, canned",117.0,1,Japan,2014,nonNAm,b,"Kaneko, K., et al. (2014). Total purine and purine base content of common foodstuffs for facilitating nutritional therapy for gout and hyperuricemia. Biological and Pharmaceutical Bulletin, 37(5), 709-21. [Japan, 2014]"
"Tuna, raw (unspecified)",157.2,1,Japan,2014,nonNAm,b,"Kaneko, K., et al. (2014). Total purine and purine base content of common foodstuffs for facilitating nutritional therapy for gout and hyperuricemia. Biological and Pharmaceutical Bulletin, 37(5), 709-21. [Japan, 2014]"
"Turbot liver, raw",264.33,3,China,2017,nonNAm,c,"Qu, X., et al. (2017). Determination of four different purines and their content change in seafood by high‐performance liquid chromatography. Journal of the Science of Food and Agriculture, 97(2), 520-5. [China, 2017]"
"Turbot skin, raw",142.1,3,China,2017,nonNAm,c,"Qu, X., et al. (2017). Determination of four different purines and their content change in seafood by high‐performance liquid chromatography. Journal of the Science of Food and Agriculture, 97(2), 520-5. [China, 2017]"
"Turbot, European, raw",112.21,3,China,2017,nonNAm,c,"Qu, X., et al. (2017). Determination of four different purines and their content change in seafood by high‐performance liquid chromatography. Journal of the Science of Food and Agriculture, 97(2), 520-5. [China, 2017]"
"Weather loach, raw",136.1,1,Japan,2014,nonNAm,b,"Kaneko, K., et al. (2014). Total purine and purine base content of common foodstuffs for facilitating nutritional therapy for gout and hyperuricemia. Biological and Pharmaceutical Bulletin, 37(5), 709-21. [Japan, 2014]"
"Whitebait, dried",471.1,1,Japan,2014,nonNAm,b,"Kaneko, K., et al. (2014). Total purine and purine base content of common foodstuffs for facilitating nutritional therapy for gout and hyperuricemia. Biological and Pharmaceutical Bulletin, 37(5), 709-21. [Japan, 2014]"
"Whiting (Sillaginidae), raw",144.1,1,Japan,2014,nonNAm,b,"Kaneko, K., et al. (2014). Total purine and purine base content of common foodstuffs for facilitating nutritional therapy for gout and hyperuricemia. Biological and Pharmaceutical Bulletin, 37(5), 709-21. [Japan, 2014]"
"Yellowtail (amberjack), raw",120.8,1,Japan,2014,nonNAm,b,"Kaneko, K., et al. (2014). Total purine and purine base content of common foodstuffs for facilitating nutritional therapy for gout and hyperuricemia. Biological and Pharmaceutical Bulletin, 37(5), 709-21. [Japan, 2014]"
"Yellowtail, young, fresh",152.5,1,Japan,2020,nonNAm,n,"Kaneko, K., et al. (2020). Determination of total purine and purine base content of 80 food products to aid nutritional therapy for gout and hyperuricemia. Nucleosides, Nucleotides, and Nucleic Acids, 39(10-12), 1449-57. [Japan, 2020]"
"Avocado, raw",18.4,1,Japan,2014,nonNAm,b,"Kaneko, K., et al. (2014). Total purine and purine base content of common foodstuffs for facilitating nutritional therapy for gout and hyperuricemia. Biological and Pharmaceutical Bulletin, 37(5), 709-21. [Japan, 2014]"
"Bananas, raw",3.0,1,Japan,2014,nonNAm,b,"Kaneko, K., et al. (2014). Total purine and purine base content of common foodstuffs for facilitating nutritional therapy for gout and hyperuricemia. Biological and Pharmaceutical Bulletin, 37(5), 709-21. [Japan, 2014]"
Goji berry,5.52,1,Japan,2020,nonNAm,n,"Kaneko, K., et al. (2020). Determination of total purine and purine base content of 80 food products to aid nutritional therapy for gout and hyperuricemia. Nucleosides, Nucleotides, and Nucleic Acids, 39(10-12), 1449-57. [Japan, 2020]"
"Strawberries, raw",2.2,1,Japan,2014,nonNAm,b,"Kaneko, K., et al. (2014). Total purine and purine base content of common foodstuffs for facilitating nutritional therapy for gout and hyperuricemia. Biological and Pharmaceutical Bulletin, 37(5), 709-21. [Japan, 2014]"
"Mutton, raw",94.9,2,Japan,2014,nonNAm,b,"Kaneko, K., et al. (2014). Total purine and purine base content of common foodstuffs for facilitating nutritional therapy for gout and hyperuricemia. Biological and Pharmaceutical Bulletin, 37(5), 709-21. [Japan, 2014]"
"Whale, raw",99.45,2,Japan,2014,nonNAm,b,"Kaneko, K., et al. (2014). Total purine and purine base content of common foodstuffs for facilitating nutritional therapy for gout and hyperuricemia. Biological and Pharmaceutical Bulletin, 37(5), 709-21. [Japan, 2014]"
Bean curd lees (Okara),48.5,1,Japan,2014,nonNAm,b,"Kaneko, K., et al. (2014). Total purine and purine base content of common foodstuffs for facilitating nutritional therapy for gout and hyperuricemia. Biological and Pharmaceutical Bulletin, 37(5), 709-21. [Japan, 2014]"
"Beans, adzuki, dried, raw",77.6,1,Japan,2014,nonNAm,b,"Kaneko, K., et al. (2014). Total purine and purine base content of common foodstuffs for facilitating nutritional therapy for gout and hyperuricemia. Biological and Pharmaceutical Bulletin, 37(5), 709-21. [Japan, 2014]"
"Broad beans, dried, raw",35.5,1,Japan,2014,nonNAm,b,"Kaneko, K., et al. (2014). Total purine and purine base content of common foodstuffs for facilitating nutritional therapy for gout and hyperuricemia. Biological and Pharmaceutical Bulletin, 37(5), 709-21. [Japan, 2014]"
"Chickpeas (garbanzo beans), no further specified",26.1,1,Japan,2020,nonNAm,n,"Kaneko, K., et al. (2020). Determination of total purine and purine base content of 80 food products to aid nutritional therapy for gout and hyperuricemia. Nucleosides, Nucleotides, and Nucleic Acids, 39(10-12), 1449-57. [Japan, 2020]"
Miso,56.13,2,Japan,2014,nonNAm,b,"Kaneko, K., et al. (2014). Total purine and purine base content of common foodstuffs for facilitating nutritional therapy for gout and hyperuricemia. Biological and Pharmaceutical Bulletin, 37(5), 709-21. [Japan, 2014]"
"Peanuts, raw",49.1,1,Japan,2014,nonNAm,b,"Kaneko, K., et al. (2014). Total purine and purine base content of common foodstuffs for facilitating nutritional therapy for gout and hyperuricemia. Biological and Pharmaceutical Bulletin, 37(5), 709-21. [Japan, 2014]"
"Peas, green",21.9,1,Japan,2020,nonNAm,n,"Kaneko, K., et al. (2020). Determination of total purine and purine base content of 80 food products to aid nutritional therapy for gout and hyperuricemia. Nucleosides, Nucleotides, and Nucleic Acids, 39(10-12), 1449-57. [Japan, 2020]"
"Peas, red, dried",25.4,1,Japan,2020,nonNAm,n,"Kaneko, K., et al. (2020). Determination of total purine and purine base content of 80 food products to aid nutritional therapy for gout and hyperuricemia. Nucleosides, Nucleotides, and Nucleic Acids, 39(10-12), 1449-57. [Japan, 2020]"
Soy milk,21.91,1,Japan,2014,nonNAm,b,"Kaneko, K., et al. (2014). Total purine and purine base content of common foodstuffs for facilitating nutritional therapy for gout and hyperuricemia. Biological and Pharmaceutical Bulletin, 37(5), 709-21. [Japan, 2014]"
"Soy protein concentrate, produced by acid wash",192.41,1,Czech Republic,2010,nonNAm,f,"Havlik, J.,et al. (2010). Dietary purines in vegetarian meat analogues. Journal of the Science of Food and Agriculture, 90(14), 2352-7. [Czech Republic, Vietnam, Great Britain, 2010]"
Soy sauce made from soy and wheat (shoyu),50.25,2,Japan,2014,nonNAm,b,"Kaneko, K., et al. (2014). Total purine and purine base content of common foodstuffs for facilitating nutritional therapy for gout and hyperuricemia. Biological and Pharmaceutical Bulletin, 37(5), 709-21. [Japan, 2014]"
"Soybean, black, dried",67.2,1,Japan,2020,nonNAm,n,"Kaneko, K., et al. (2020). Determination of total purine and purine base content of 80 food products to aid nutritional therapy for gout and hyperuricemia. Nucleosides, Nucleotides, and Nucleic Acids, 39(10-12), 1449-57. [Japan, 2020]"
"Soybean, fermented (Natto)",113.9,1,Japan,2014,nonNAm,b,"Kaneko, K., et al. (2014). Total purine and purine base content of common foodstuffs for facilitating nutritional therapy for gout and hyperuricemia. Biological and Pharmaceutical Bulletin, 37(5), 709-21. [Japan, 2014]"
"Soybeans, dried, raw",172.5,1,Japan,2014,nonNAm,b,"Kaneko, K., et al. (2014). Total purine and purine base content of common foodstuffs for facilitating nutritional therapy for gout and hyperuricemia. Biological and Pharmaceutical Bulletin, 37(5), 709-21. [Japan, 2014]"
Tofu (Kinu),20.0,1,Japan,2014,nonNAm,b,"Kaneko, K., et al. (2014). Total purine and purine base content of common foodstuffs for facilitating nutritional therapy for gout and hyperuricemia. Biological and Pharmaceutical Bulletin, 37(5), 709-21. [Japan, 2014]"
"Tofu, boiled 3 minutes",21.92,1,Japan,2014,nonNAm,b,"Kaneko, K., et al. (2014). Total purine and purine base content of common foodstuffs for facilitating nutritional therapy for gout and hyperuricemia. Biological and Pharmaceutical Bulletin, 37(5), 709-21. [Japan, 2014]"
"Tofu, boiled 5 minutes",35.78,1,Japan,2008,nonNAm,d,"Kaneko, K., et al. (2008). Purine contents of soybean-derived foods and selected Japanese vegetables and mushrooms. Nucleosides, Nucleotides, and Nucleic Acids, 27(6-7), 628-30. [Japan, 2008]"
"Tofu, deep-fried",54.4,1,Japan,2014,nonNAm,b,"Kaneko, K., et al. (2014). Total purine and purine base content of common foodstuffs for facilitating nutritional therapy for gout and hyperuricemia. Biological and Pharmaceutical Bulletin, 37(5), 709-21. [Japan, 2014]"
"Tofu, dried-frozen (koyadofu)",292.3,1,Japan,2014,nonNAm,b,"Kaneko, K., et al. (2014). Total purine and purine base content of common foodstuffs for facilitating nutritional therapy for gout and hyperuricemia. Biological and Pharmaceutical Bulletin, 37(5), 709-21. [Japan, 2014]"
"Tofu, raw (nigari)",31.1,1,Japan,2014,nonNAm,b,"Kaneko, K., et al. (2014). Total purine and purine base content of common foodstuffs for facilitating nutritional therapy for gout and hyperuricemia. Biological and Pharmaceutical Bulletin, 37(5), 709-21. [Japan, 2014]"
Almonds,31.4,1,Japan,2014,nonNAm,b,"Kaneko, K., et al. (2014). Total purine and purine base content of common foodstuffs for facilitating nutritional therapy for gout and hyperuricemia. Biological and Pharmaceutical Bulletin, 37(5), 709-21. [Japan, 2014]"
Chia seeds,58.64,1,Japan,2020,nonNAm,n,"Kaneko, K., et al. (2020). Determination of total purine and purine base content of 80 food products to aid nutritional therapy for gout and hyperuricemia. Nucleosides, Nucleotides, and Nucleic Acids, 39(10-12), 1449-57. [Japan, 2020]"
Walnuts,19.6,1,Japan,2020,nonNAm,n,"Kaneko, K., et al. (2020). Determination of total purine and purine base content of 80 food products to aid nutritional therapy for gout and hyperuricemia. Nucleosides, Nucleotides, and Nucleic Acids, 39(10-12), 1449-57. [Japan, 2020]"
"Pate, liver",80.0,1,Japan,2014,nonNAm,b,"Kaneko, K., et al. (2014). Total purine and purine base content of common foodstuffs for facilitating nutritional therapy for gout and hyperuricemia. Biological and Pharmaceutical Bulletin, 37(5), 709-21. [Japan, 2014]"
"Pork heart, raw",119.2,1,Japan,2014,nonNAm,b,"Kaneko, K., et al. (2014). Total purine and purine base content of common foodstuffs for facilitating nutritional therapy for gout and hyperuricemia. Biological and Pharmaceutical Bulletin, 37(5), 709-21. [Japan, 2014]"
"Pork kidney, raw",195.0,1,Japan,2014,nonNAm,b,"Kaneko, K., et al. (2014). Total purine and purine base content of common foodstuffs for facilitating nutritional therapy for gout and hyperuricemia. Biological and Pharmaceutical Bulletin, 37(5), 709-21. [Japan, 2014]"
"Pork liver, raw",285.0,1,Japan,2014,nonNAm,b,"Kaneko, K., et al. (2014). Total purine and purine base content of common foodstuffs for facilitating nutritional therapy for gout and hyperuricemia. Biological and Pharmaceutical Bulletin, 37(5), 709-21. [Japan, 2014]"
"Pork tongue, raw",104.0,1,Japan,2014,nonNAm,b,"Kaneko, K., et al. (2014). Total purine and purine base content of common foodstuffs for facilitating nutritional therapy for gout and hyperuricemia. Biological and Pharmaceutical Bulletin, 37(5), 709-21. [Japan, 2014]"
"Pork neck, raw",70.6,1,Japan,2014,nonNAm,b,"Kaneko, K., et al. (2014). Total purine and purine base content of common foodstuffs for facilitating nutritional therapy for gout and hyperuricemia. Biological and Pharmaceutical Bulletin, 37(5), 709-21. [Japan, 2014]"
"Pork ribs, raw",75.8,1,Japan,2014,nonNAm,b,"Kaneko, K., et al. (2014). Total purine and purine base content of common foodstuffs for facilitating nutritional therapy for gout and hyperuricemia. Biological and Pharmaceutical Bulletin, 37(5), 709-21. [Japan, 2014]"
"Pork rump, raw",113.0,1,Japan,2014,nonNAm,b,"Kaneko, K., et al. (2014). Total purine and purine base content of common foodstuffs for facilitating nutritional therapy for gout and hyperuricemia. Biological and Pharmaceutical Bulletin, 37(5), 709-21. [Japan, 2014]"
"Pork shoulder, raw",93.7,4,Japan,2014,nonNAm,b,"Kaneko, K., et al. (2014). Total purine and purine base content of common foodstuffs for facilitating nutritional therapy for gout and hyperuricemia. Biological and Pharmaceutical Bulletin, 37(5), 709-21. [Japan, 2014]"
"Pork sirloin, raw",90.9,1,Japan,2014,nonNAm,b,"Kaneko, K., et al. (2014). Total purine and purine base content of common foodstuffs for facilitating nutritional therapy for gout and hyperuricemia. Biological and Pharmaceutical Bulletin, 37(5), 709-21. [Japan, 2014]"
"Pork tenderloin, raw",119.8,1,Japan,2014,nonNAm,b,"Kaneko, K., et al. (2014). Total purine and purine base content of common foodstuffs for facilitating nutritional therapy for gout and hyperuricemia. Biological and Pharmaceutical Bulletin, 37(5), 709-21. [Japan, 2014]"
"Chicken gizzard, raw",142.9,1,Japan,2014,nonNAm,b,"Kaneko, K., et al. (2014). Total purine and purine base content of common foodstuffs for facilitating nutritional therapy for gout and hyperuricemia. Biological and Pharmaceutical Bulletin, 37(5), 709-21. [Japan, 2014]"
"Chicken heart, raw",224.0,1,Japan,2014,nonNAm,b,"Kaneko, K., et al. (2014). Total purine and purine base content of common foodstuffs for facilitating nutritional therapy for gout and hyperuricemia. Biological and Pharmaceutical Bulletin, 37(5), 709-21. [Japan, 2014]"
"Chicken liver, raw",302.6,2,"Japan, Czech Republic","2014, 2017",nonNAm,"b,f",
Foie gras,81.9,1,Japan,2020,nonNAm,n,"Kaneko, K., et al. (2020). Determination of total purine and purine base content of 80 food products to aid nutritional therapy for gout and hyperuricemia. Nucleosides, Nucleotides, and Nucleic Acids, 39(10-12), 1449-57. [Japan, 2020]"
"Chicken breast, raw",141.3,1,Japan,2014,nonNAm,b,"Kaneko, K., et al. (2014). Total purine and purine base content of common foodstuffs for facilitating nutritional therapy for gout and hyperuricemia. Biological and Pharmaceutical Bulletin, 37(5), 709-21. [Japan, 2014]"
"Chicken leg, raw",118.2,2,"Japan, Czech Republic","2014, 2017",nonNAm,"b,f",
"Chicken skin, raw",119.6,1,Japan,2014,nonNAm,b,"Kaneko, K., et al. (2014). Total purine and purine base content of common foodstuffs for facilitating nutritional therapy for gout and hyperuricemia. Biological and Pharmaceutical Bulletin, 37(5), 709-21. [Japan, 2014]"
"Chicken wing, raw",137.5,1,Japan,2014,nonNAm,b,"Kaneko, K., et al. (2014). Total purine and purine base content of common foodstuffs for facilitating nutritional therapy for gout and hyperuricemia. Biological and Pharmaceutical Bulletin, 37(5), 709-21. [Japan, 2014]"
"Chicken, light meat, raw",111.35,2,Japan,2014,nonNAm,b,"Kaneko, K., et al. (2014). Total purine and purine base content of common foodstuffs for facilitating nutritional therapy for gout and hyperuricemia. Biological and Pharmaceutical Bulletin, 37(5), 709-21. [Japan, 2014]"
Corned beef,46.9,1,Japan,2014,nonNAm,b,"Kaneko, K., et al. (2014). Total purine and purine base content of common foodstuffs for facilitating nutritional therapy for gout and hyperuricemia. Biological and Pharmaceutical Bulletin, 37(5), 709-21. [Japan, 2014]"
Frankfurter,49.9,1,Japan,2014,nonNAm,b,"Kaneko, K., et al. (2014). Total purine and purine base content of common foodstuffs for facilitating nutritional therapy for gout and hyperuricemia. Biological and Pharmaceutical Bulletin, 37(5), 709-21. [Japan, 2014]"
"Ham, pressed and boneless types",69.4,2,Japan,2014,nonNAm,b,"Kaneko, K., et al. (2014). Total purine and purine base content of common foodstuffs for facilitating nutritional therapy for gout and hyperuricemia. Biological and Pharmaceutical Bulletin, 37(5), 709-21. [Japan, 2014]"
"Pork, bacon, unprepared",61.8,1,Japan,2014,nonNAm,b,"Kaneko, K., et al. (2014). Total purine and purine base content of common foodstuffs for facilitating nutritional therapy for gout and hyperuricemia. Biological and Pharmaceutical Bulletin, 37(5), 709-21. [Japan, 2014]"
Prosciutto (Parma ham),138.3,1,Japan,2014,nonNAm,b,"Kaneko, K., et al. (2014). Total purine and purine base content of common foodstuffs for facilitating nutritional therapy for gout and hyperuricemia. Biological and Pharmaceutical Bulletin, 37(5), 709-21. [Japan, 2014]"
Salami,120.4,1,Japan,2014,nonNAm,b,"Kaneko, K., et al. (2014). Total purine and purine base content of common foodstuffs for facilitating nutritional therapy for gout and hyperuricemia. Biological and Pharmaceutical Bulletin, 37(5), 709-21. [Japan, 2014]"
"Sausage, Vienna type",45.5,1,Japan,2014,nonNAm,b,"Kaneko, K., et al. (2014). Total purine and purine base content of common foodstuffs for facilitating nutritional therapy for gout and hyperuricemia. Biological and Pharmaceutical Bulletin, 37(5), 709-21. [Japan, 2014]"
Cayenne pepper powder,19.9,1,Japan,2020,nonNAm,n,"Kaneko, K., et al. (2020). Determination of total purine and purine base content of 80 food products to aid nutritional therapy for gout and hyperuricemia. Nucleosides, Nucleotides, and Nucleic Acids, 39(10-12), 1449-57. [Japan, 2020]"
Curry roux,16.0,1,Japan,2020,nonNAm,n,"Kaneko, K., et al. (2020). Determination of total purine and purine base content of 80 food products to aid nutritional therapy for gout and hyperuricemia. Nucleosides, Nucleotides, and Nucleic Acids, 39(10-12), 1449-57. [Japan, 2020]"
Ketchup,10.6,1,Japan,2020,nonNAm,n,"Kaneko, K., et al. (2020). Determination of total purine and purine base content of 80 food products to aid nutritional therapy for gout and hyperuricemia. Nucleosides, Nucleotides, and Nucleic Acids, 39(10-12), 1449-57. [Japan, 2020]"
Mayonnaise,0.6,1,Japan,2020,nonNAm,n,"Kaneko, K., et al. (2020). Determination of total purine and purine base content of 80 food products to aid nutritional therapy for gout and hyperuricemia. Nucleosides, Nucleotides, and Nucleic Acids, 39(10-12), 1449-57. [Japan, 2020]"
Mirin (cooking wine),1.2,1,Japan,2020,nonNAm,n,"Kaneko, K., et al. (2020). Determination of total purine and purine base content of 80 food products to aid nutritional therapy for gout and hyperuricemia. Nucleosides, Nucleotides, and Nucleic Acids, 39(10-12), 1449-57. [Japan, 2020]"
Mustard,25.3,1,Japan,2020,nonNAm,n,"Kaneko, K., et al. (2020). Determination of total purine and purine base content of 80 food products to aid nutritional therapy for gout and hyperuricemia. Nucleosides, Nucleotides, and Nucleic Acids, 39(10-12), 1449-57. [Japan, 2020]"
"Rice malt, salted",13.9,1,Japan,2020,nonNAm,n,"Kaneko, K., et al. (2020). Determination of total purine and purine base content of 80 food products to aid nutritional therapy for gout and hyperuricemia. Nucleosides, Nucleotides, and Nucleic Acids, 39(10-12), 1449-57. [Japan, 2020]"
Sake lees,89.1,1,Japan,2020,nonNAm,n,"Kaneko, K., et al. (2020). Determination of total purine and purine base content of 80 food products to aid nutritional therapy for gout and hyperuricemia. Nucleosides, Nucleotides, and Nucleic Acids, 39(10-12), 1449-57. [Japan, 2020]"
"Sauce, barbecue",14.9,1,Japan,2014,nonNAm,b,"Kaneko, K., et al. (2014). Total purine and purine base content of common foodstuffs for facilitating nutritional therapy for gout and hyperuricemia. Biological and Pharmaceutical Bulletin, 37(5), 709-21. [Japan, 2014]"
"Sauce, chili bean, Chinese",8.8,1,Japan,2020,nonNAm,n,"Kaneko, K., et al. (2020). Determination of total purine and purine base content of 80 food products to aid nutritional therapy for gout and hyperuricemia. Nucleosides, Nucleotides, and Nucleic Acids, 39(10-12), 1449-57. [Japan, 2020]"
"Sauce, fish",93.1,1,Japan,2014,nonNAm,b,"Kaneko, K., et al. (2014). Total purine and purine base content of common foodstuffs for facilitating nutritional therapy for gout and hyperuricemia. Biological and Pharmaceutical Bulletin, 37(5), 709-21. [Japan, 2014]"
"Sauce, oyster",134.4,1,Japan,2014,nonNAm,b,"Kaneko, K., et al. (2014). Total purine and purine base content of common foodstuffs for facilitating nutritional therapy for gout and hyperuricemia. Biological and Pharmaceutical Bulletin, 37(5), 709-21. [Japan, 2014]"
"Soup, Chinese soup type, powdered",185.9,1,Japan,2014,nonNAm,b,"Kaneko, K., et al. (2014). Total purine and purine base content of common foodstuffs for facilitating nutritional therapy for gout and hyperuricemia. Biological and Pharmaceutical Bulletin, 37(5), 709-21. [Japan, 2014]"
"Soup, clam chowder type, powdered",47.1,1,Japan,2014,nonNAm,b,"Kaneko, K., et al. (2014). Total purine and purine base content of common foodstuffs for facilitating nutritional therapy for gout and hyperuricemia. Biological and Pharmaceutical Bulletin, 37(5), 709-21. [Japan, 2014]"
"Soup, consommé type, powdered",179.8,1,Japan,2014,nonNAm,b,"Kaneko, K., et al. (2014). Total purine and purine base content of common foodstuffs for facilitating nutritional therapy for gout and hyperuricemia. Biological and Pharmaceutical Bulletin, 37(5), 709-21. [Japan, 2014]"
"Soup, matsutake type, powdered",233.9,1,Japan,2014,nonNAm,b,"Kaneko, K., et al. (2014). Total purine and purine base content of common foodstuffs for facilitating nutritional therapy for gout and hyperuricemia. Biological and Pharmaceutical Bulletin, 37(5), 709-21. [Japan, 2014]"
"Soup, potage type, powdered",37.6,1,Japan,2014,nonNAm,b,"Kaneko, K., et al. (2014). Total purine and purine base content of common foodstuffs for facilitating nutritional therapy for gout and hyperuricemia. Biological and Pharmaceutical Bulletin, 37(5), 709-21. [Japan, 2014]"
"Soup, ramen noodle, dry",32.6,1,Japan,2014,nonNAm,b,"Kaneko, K., et al. (2014). Total purine and purine base content of common foodstuffs for facilitating nutritional therapy for gout and hyperuricemia. Biological and Pharmaceutical Bulletin, 37(5), 709-21. [Japan, 2014]"
"Soup, stock, Chinese, dried",508.9,1,Japan,2020,nonNAm,n,"Kaneko, K., et al. (2020). Determination of total purine and purine base content of 80 food products to aid nutritional therapy for gout and hyperuricemia. Nucleosides, Nucleotides, and Nucleic Acids, 39(10-12), 1449-57. [Japan, 2020]"
"Umami broth, powdered",684.8,1,Japan,2014,nonNAm,b,"Kaneko, K., et al. (2014). Total purine and purine base content of common foodstuffs for facilitating nutritional therapy for gout and hyperuricemia. Biological and Pharmaceutical Bulletin, 37(5), 709-21. [Japan, 2014]"
Wasabi,0.7,1,Japan,2020,nonNAm,n,"Kaneko, K., et al. (2020). Determination of total purine and purine base content of 80 food products to aid nutritional therapy for gout and hyperuricemia. Nucleosides, Nucleotides, and Nucleic Acids, 39(10-12), 1449-57. [Japan, 2020]"
"Yeast, dried",847.1,1,Japan,2020,nonNAm,n,"Kaneko, K., et al. (2020). Determination of total purine and purine base content of 80 food products to aid nutritional therapy for gout and hyperuricemia. Nucleosides, Nucleotides, and Nucleic Acids, 39(10-12), 1449-57. [Japan, 2020]"
Chocolate,8.1,1,Japan,2020,nonNAm,n,"Kaneko, K., et al. (2020). Determination of total purine and purine base content of 80 food products to aid nutritional therapy for gout and hyperuricemia. Nucleosides, Nucleotides, and Nucleic Acids, 39(10-12), 1449-57. [Japan, 2020]"
Honey,0.8,1,Japan,2014,nonNAm,b,"Kaneko, K., et al. (2014). Total purine and purine base content of common foodstuffs for facilitating nutritional therapy for gout and hyperuricemia. Biological and Pharmaceutical Bulletin, 37(5), 709-21. [Japan, 2014]"
"Asparagus, raw6",32.85,2,Japan,2014,nonNAm,b,"Kaneko, K., et al. (2014). Total purine and purine base content of common foodstuffs for facilitating nutritional therapy for gout and hyperuricemia. Biological and Pharmaceutical Bulletin, 37(5), 709-21. [Japan, 2014]"
"Balsam pear (goya), raw",9.9,1,Japan,2014,nonNAm,b,"Kaneko, K., et al. (2014). Total purine and purine base content of common foodstuffs for facilitating nutritional therapy for gout and hyperuricemia. Biological and Pharmaceutical Bulletin, 37(5), 709-21. [Japan, 2014]"
"Bamboo shoots, raw6",47.15,2,Japan,2014,nonNAm,b,"Kaneko, K., et al. (2014). Total purine and purine base content of common foodstuffs for facilitating nutritional therapy for gout and hyperuricemia. Biological and Pharmaceutical Bulletin, 37(5), 709-21. [Japan, 2014]"
"Bean sprouts, with bean, raw",57.4,1,Japan,2014,nonNAm,b,"Kaneko, K., et al. (2014). Total purine and purine base content of common foodstuffs for facilitating nutritional therapy for gout and hyperuricemia. Biological and Pharmaceutical Bulletin, 37(5), 709-21. [Japan, 2014]"
"Bean sprouts, without bean, raw",35.0,1,Japan,2014,nonNAm,b,"Kaneko, K., et al. (2014). Total purine and purine base content of common foodstuffs for facilitating nutritional therapy for gout and hyperuricemia. Biological and Pharmaceutical Bulletin, 37(5), 709-21. [Japan, 2014]"
Brassicaceae (blossom),26.9,1,Japan,2020,nonNAm,n,"Kaneko, K., et al. (2020). Determination of total purine and purine base content of 80 food products to aid nutritional therapy for gout and hyperuricemia. Nucleosides, Nucleotides, and Nucleic Acids, 39(10-12), 1449-57. [Japan, 2020]"
"Broccoli sprouts, raw",129.6,1,Japan,2014,nonNAm,b,"Kaneko, K., et al. (2014). Total purine and purine base content of common foodstuffs for facilitating nutritional therapy for gout and hyperuricemia. Biological and Pharmaceutical Bulletin, 37(5), 709-21. [Japan, 2014]"
"Broccoli, boiled",51.82,1,Japan,2008,nonNAm,d,"Kaneko, K., et al. (2008). Purine contents of soybean-derived foods and selected Japanese vegetables and mushrooms. Nucleosides, Nucleotides, and Nucleic Acids, 27(6-7), 628-30. [Japan, 2008]"
"Broccoli, raw",70.0,1,Japan,2014,nonNAm,b,"Kaneko, K., et al. (2014). Total purine and purine base content of common foodstuffs for facilitating nutritional therapy for gout and hyperuricemia. Biological and Pharmaceutical Bulletin, 37(5), 709-21. [Japan, 2014]"
Burdock,5.1,1,Japan,2020,nonNAm,n,"Kaneko, K., et al. (2020). Determination of total purine and purine base content of 80 food products to aid nutritional therapy for gout and hyperuricemia. Nucleosides, Nucleotides, and Nucleic Acids, 39(10-12), 1449-57. [Japan, 2020]"
"Cabbage, chinese (pak-choi), raw",7.0,1,Japan,2014,nonNAm,b,"Kaneko, K., et al. (2014). Total purine and purine base content of common foodstuffs for facilitating nutritional therapy for gout and hyperuricemia. Biological and Pharmaceutical Bulletin, 37(5), 709-21. [Japan, 2014]"
"Cabbage, Chinese (qing-geng-cai)",12.4,1,Japan,2020,nonNAm,n,"Kaneko, K., et al. (2020). Determination of total purine and purine base content of 80 food products to aid nutritional therapy for gout and hyperuricemia. Nucleosides, Nucleotides, and Nucleic Acids, 39(10-12), 1449-57. [Japan, 2020]"
"Cabbage, raw",3.2,1,Japan,2014,nonNAm,b,"Kaneko, K., et al. (2014). Total purine and purine base content of common foodstuffs for facilitating nutritional therapy for gout and hyperuricemia. Biological and Pharmaceutical Bulletin, 37(5), 709-21. [Japan, 2014]"
"Carrots, raw",2.1,1,Japan,2014,nonNAm,b,"Kaneko, K., et al. (2014). Total purine and purine base content of common foodstuffs for facilitating nutritional therapy for gout and hyperuricemia. Biological and Pharmaceutical Bulletin, 37(5), 709-21. [Japan, 2014]"
"Cauliflower, raw",57.2,1,Japan,2014,nonNAm,b,"Kaneko, K., et al. (2014). Total purine and purine base content of common foodstuffs for facilitating nutritional therapy for gout and hyperuricemia. Biological and Pharmaceutical Bulletin, 37(5), 709-21. [Japan, 2014]"
Coriander,39.4,1,Japan,2020,nonNAm,n,"Kaneko, K., et al. (2020). Determination of total purine and purine base content of 80 food products to aid nutritional therapy for gout and hyperuricemia. Nucleosides, Nucleotides, and Nucleic Acids, 39(10-12), 1449-57. [Japan, 2020]"
"Corn, raw",11.8,1,Japan,2014,nonNAm,b,"Kaneko, K., et al. (2014). Total purine and purine base content of common foodstuffs for facilitating nutritional therapy for gout and hyperuricemia. Biological and Pharmaceutical Bulletin, 37(5), 709-21. [Japan, 2014]"
"Cucumber, raw",9.4,1,Japan,2014,nonNAm,b,"Kaneko, K., et al. (2014). Total purine and purine base content of common foodstuffs for facilitating nutritional therapy for gout and hyperuricemia. Biological and Pharmaceutical Bulletin, 37(5), 709-21. [Japan, 2014]"
"Eggplant, raw",50.8,1,Japan,2014,nonNAm,b,"Kaneko, K., et al. (2014). Total purine and purine base content of common foodstuffs for facilitating nutritional therapy for gout and hyperuricemia. Biological and Pharmaceutical Bulletin, 37(5), 709-21. [Japan, 2014]"
Garland chrysanthemum,47.1,1,Japan,2020,nonNAm,n,"Kaneko, K., et al. (2020). Determination of total purine and purine base content of 80 food products to aid nutritional therapy for gout and hyperuricemia. Nucleosides, Nucleotides, and Nucleic Acids, 39(10-12), 1449-57. [Japan, 2020]"
"Garlic chives (nira), raw",19.4,1,Japan,2014,nonNAm,b,"Kaneko, K., et al. (2014). Total purine and purine base content of common foodstuffs for facilitating nutritional therapy for gout and hyperuricemia. Biological and Pharmaceutical Bulletin, 37(5), 709-21. [Japan, 2014]"
"Garlic, raw",17.0,1,Japan,2014,nonNAm,b,"Kaneko, K., et al. (2014). Total purine and purine base content of common foodstuffs for facilitating nutritional therapy for gout and hyperuricemia. Biological and Pharmaceutical Bulletin, 37(5), 709-21. [Japan, 2014]"
"Ginger root, raw",2.3,1,Japan,2014,nonNAm,b,"Kaneko, K., et al. (2014). Total purine and purine base content of common foodstuffs for facilitating nutritional therapy for gout and hyperuricemia. Biological and Pharmaceutical Bulletin, 37(5), 709-21. [Japan, 2014]"
"Ginger, Japanese (myoga), raw",7.7,1,Japan,2014,nonNAm,b,"Kaneko, K., et al. (2014). Total purine and purine base content of common foodstuffs for facilitating nutritional therapy for gout and hyperuricemia. Biological and Pharmaceutical Bulletin, 37(5), 709-21. [Japan, 2014]"
Green beans,7.5,1,Japan,2020,nonNAm,n,"Kaneko, K., et al. (2020). Determination of total purine and purine base content of 80 food products to aid nutritional therapy for gout and hyperuricemia. Nucleosides, Nucleotides, and Nucleic Acids, 39(10-12), 1449-57. [Japan, 2020]"
Honewort,11.5,1,Japan,2020,nonNAm,n,"Kaneko, K., et al. (2020). Determination of total purine and purine base content of 80 food products to aid nutritional therapy for gout and hyperuricemia. Nucleosides, Nucleotides, and Nucleic Acids, 39(10-12), 1449-57. [Japan, 2020]"
Konnyaku,0.4,1,Japan,2020,nonNAm,n,"Kaneko, K., et al. (2020). Determination of total purine and purine base content of 80 food products to aid nutritional therapy for gout and hyperuricemia. Nucleosides, Nucleotides, and Nucleic Acids, 39(10-12), 1449-57. [Japan, 2020]"
"Leek, Japanese (negi), raw",41.4,1,Japan,2014,nonNAm,b,"Kaneko, K., et al. (2014). Total purine and purine base content of common foodstuffs for facilitating nutritional therapy for gout and hyperuricemia. Biological and Pharmaceutical Bulletin, 37(5), 709-21. [Japan, 2014]"
Lettuce,4.7,1,Japan,2020,nonNAm,n,"Kaneko, K., et al. (2020). Determination of total purine and purine base content of 80 food products to aid nutritional therapy for gout and hyperuricemia. Nucleosides, Nucleotides, and Nucleic Acids, 39(10-12), 1449-57. [Japan, 2020]"
Lotus root,0.3,1,Japan,2020,nonNAm,n,"Kaneko, K., et al. (2020). Determination of total purine and purine base content of 80 food products to aid nutritional therapy for gout and hyperuricemia. Nucleosides, Nucleotides, and Nucleic Acids, 39(10-12), 1449-57. [Japan, 2020]"
Mizuna (potherb mustard),20.3,1,Japan,2020,nonNAm,n,"Kaneko, K., et al. (2020). Determination of total purine and purine base content of 80 food products to aid nutritional therapy for gout and hyperuricemia. Nucleosides, Nucleotides, and Nucleic Acids, 39(10-12), 1449-57. [Japan, 2020]"
"Mushroom, bunapii, raw",30.7,1,Japan,2014,nonNAm,b,"Kaneko, K., et al. (2014). Total purine and purine base content of common foodstuffs for facilitating nutritional therapy for gout and hyperuricemia. Biological and Pharmaceutical Bulletin, 37(5), 709-21. [Japan, 2014]"
"Mushroom, hatakeshimeji, raw",16.0,1,Japan,2014,nonNAm,b,"Kaneko, K., et al. (2014). Total purine and purine base content of common foodstuffs for facilitating nutritional therapy for gout and hyperuricemia. Biological and Pharmaceutical Bulletin, 37(5), 709-21. [Japan, 2014]"
"Mushroom, Jew's ear, dried",155.7,1,Japan,2014,nonNAm,b,"Kaneko, K., et al. (2014). Total purine and purine base content of common foodstuffs for facilitating nutritional therapy for gout and hyperuricemia. Biological and Pharmaceutical Bulletin, 37(5), 709-21. [Japan, 2014]"
"Mushroom, tsukuritake, raw",49.6,1,Japan,2014,nonNAm,b,"Kaneko, K., et al. (2014). Total purine and purine base content of common foodstuffs for facilitating nutritional therapy for gout and hyperuricemia. Biological and Pharmaceutical Bulletin, 37(5), 709-21. [Japan, 2014]"
"Mushroom, usu-hiratake, raw",37.9,1,Japan,2014,nonNAm,b,"Kaneko, K., et al. (2014). Total purine and purine base content of common foodstuffs for facilitating nutritional therapy for gout and hyperuricemia. Biological and Pharmaceutical Bulletin, 37(5), 709-21. [Japan, 2014]"
"Mushroom, white aragekikurage, raw",6.9,1,Japan,2014,nonNAm,b,"Kaneko, K., et al. (2014). Total purine and purine base content of common foodstuffs for facilitating nutritional therapy for gout and hyperuricemia. Biological and Pharmaceutical Bulletin, 37(5), 709-21. [Japan, 2014]"
"Mushroom, white hiratake, raw",66.7,1,Japan,2014,nonNAm,b,"Kaneko, K., et al. (2014). Total purine and purine base content of common foodstuffs for facilitating nutritional therapy for gout and hyperuricemia. Biological and Pharmaceutical Bulletin, 37(5), 709-21. [Japan, 2014]"
"Mushroom, yamabushitake, raw",33.5,1,Japan,2014,nonNAm,b,"Kaneko, K., et al. (2014). Total purine and purine base content of common foodstuffs for facilitating nutritional therapy for gout and hyperuricemia. Biological and Pharmaceutical Bulletin, 37(5), 709-21. [Japan, 2014]"
"Mushroom, yanagimatsutake, raw",26.2,1,Japan,2014,nonNAm,b,"Kaneko, K., et al. (2014). Total purine and purine base content of common foodstuffs for facilitating nutritional therapy for gout and hyperuricemia. Biological and Pharmaceutical Bulletin, 37(5), 709-21. [Japan, 2014]"
"Mushrooms, bunashimeji, raw",20.8,1,Japan,2014,nonNAm,b,"Kaneko, K., et al. (2014). Total purine and purine base content of common foodstuffs for facilitating nutritional therapy for gout and hyperuricemia. Biological and Pharmaceutical Bulletin, 37(5), 709-21. [Japan, 2014]"
"Mushrooms, enoki, raw",49.3,1,Japan,2014,nonNAm,b,"Kaneko, K., et al. (2014). Total purine and purine base content of common foodstuffs for facilitating nutritional therapy for gout and hyperuricemia. Biological and Pharmaceutical Bulletin, 37(5), 709-21. [Japan, 2014]"
"Mushrooms, eringi, raw",13.44,1,Japan,2014,nonNAm,b,"Kaneko, K., et al. (2014). Total purine and purine base content of common foodstuffs for facilitating nutritional therapy for gout and hyperuricemia. Biological and Pharmaceutical Bulletin, 37(5), 709-21. [Japan, 2014]"
"Mushrooms, hiratake, raw",142.3,1,Japan,2014,nonNAm,b,"Kaneko, K., et al. (2014). Total purine and purine base content of common foodstuffs for facilitating nutritional therapy for gout and hyperuricemia. Biological and Pharmaceutical Bulletin, 37(5), 709-21. [Japan, 2014]"
"Mushrooms, maitake, raw",98.59,1,Japan,2014,nonNAm,b,"Kaneko, K., et al. (2014). Total purine and purine base content of common foodstuffs for facilitating nutritional therapy for gout and hyperuricemia. Biological and Pharmaceutical Bulletin, 37(5), 709-21. [Japan, 2014]"
"Mushrooms, nameko, raw",19.1,2,Japan,2014,nonNAm,b,"Kaneko, K., et al. (2014). Total purine and purine base content of common foodstuffs for facilitating nutritional therapy for gout and hyperuricemia. Biological and Pharmaceutical Bulletin, 37(5), 709-21. [Japan, 2014]"
"Mushrooms, shiitake, dried",311.55,2,Japan,2014,nonNAm,b,"Kaneko, K., et al. (2014). Total purine and purine base content of common foodstuffs for facilitating nutritional therapy for gout and hyperuricemia. Biological and Pharmaceutical Bulletin, 37(5), 709-21. [Japan, 2014]"
"Mushrooms, shiitake, raw",23.1,4,Japan,2014,nonNAm,b,"Kaneko, K., et al. (2014). Total purine and purine base content of common foodstuffs for facilitating nutritional therapy for gout and hyperuricemia. Biological and Pharmaceutical Bulletin, 37(5), 709-21. [Japan, 2014]"
"Mustard spinach, (komatsuna), mature, raw",10.5,1,Japan,2014,nonNAm,b,"Kaneko, K., et al. (2014). Total purine and purine base content of common foodstuffs for facilitating nutritional therapy for gout and hyperuricemia. Biological and Pharmaceutical Bulletin, 37(5), 709-21. [Japan, 2014]"
"Mustard spinach, (komatsuna), young, raw",39.1,1,Japan,2014,nonNAm,b,"Kaneko, K., et al. (2014). Total purine and purine base content of common foodstuffs for facilitating nutritional therapy for gout and hyperuricemia. Biological and Pharmaceutical Bulletin, 37(5), 709-21. [Japan, 2014]"
"Okra, raw",39.51,1,Japan,2014,nonNAm,b,"Kaneko, K., et al. (2014). Total purine and purine base content of common foodstuffs for facilitating nutritional therapy for gout and hyperuricemia. Biological and Pharmaceutical Bulletin, 37(5), 709-21. [Japan, 2014]"
"Onions, raw",2.2,1,Japan,2014,nonNAm,b,"Kaneko, K., et al. (2014). Total purine and purine base content of common foodstuffs for facilitating nutritional therapy for gout and hyperuricemia. Biological and Pharmaceutical Bulletin, 37(5), 709-21. [Japan, 2014]"
"Paprika, red",1.1,1,Japan,2020,nonNAm,n,"Kaneko, K., et al. (2020). Determination of total purine and purine base content of 80 food products to aid nutritional therapy for gout and hyperuricemia. Nucleosides, Nucleotides, and Nucleic Acids, 39(10-12), 1449-57. [Japan, 2020]"
"Parsley, fresh",289.3,1,Japan,2014,nonNAm,b,"Kaneko, K., et al. (2014). Total purine and purine base content of common foodstuffs for facilitating nutritional therapy for gout and hyperuricemia. Biological and Pharmaceutical Bulletin, 37(5), 709-21. [Japan, 2014]"
"Parsley, Japanese",18.8,1,Japan,2020,nonNAm,n,"Kaneko, K., et al. (2020). Determination of total purine and purine base content of 80 food products to aid nutritional therapy for gout and hyperuricemia. Nucleosides, Nucleotides, and Nucleic Acids, 39(10-12), 1449-57. [Japan, 2020]"
"Peas, green, canned",18.9,1,Japan,2014,nonNAm,b,"Kaneko, K., et al. (2014). Total purine and purine base content of common foodstuffs for facilitating nutritional therapy for gout and hyperuricemia. Biological and Pharmaceutical Bulletin, 37(5), 709-21. [Japan, 2014]"
"Peas, podded",10.4,1,Japan,2020,nonNAm,n,"Kaneko, K., et al. (2020). Determination of total purine and purine base content of 80 food products to aid nutritional therapy for gout and hyperuricemia. Nucleosides, Nucleotides, and Nucleic Acids, 39(10-12), 1449-57. [Japan, 2020]"
"Pepper, green",2.3,1,Japan,2020,nonNAm,n,"Kaneko, K., et al. (2020). Determination of total purine and purine base content of 80 food products to aid nutritional therapy for gout and hyperuricemia. Nucleosides, Nucleotides, and Nucleic Acids, 39(10-12), 1449-57. [Japan, 2020]"
"Pepper, green, pickled",3.1,1,Japan,2020,nonNAm,n,"Kaneko, K., et al. (2020). Determination of total purine and purine base content of 80 food products to aid nutritional therapy for gout and hyperuricemia. Nucleosides, Nucleotides, and Nucleic Acids, 39(10-12), 1449-57. [Japan, 2020]"
"Pepper, red (capsicum)",5.1,1,Japan,2020,nonNAm,n,"Kaneko, K., et al. (2020). Determination of total purine and purine base content of 80 food products to aid nutritional therapy for gout and hyperuricemia. Nucleosides, Nucleotides, and Nucleic Acids, 39(10-12), 1449-57. [Japan, 2020]"
"Pepper, red green",0.9,1,Japan,2020,nonNAm,n,"Kaneko, K., et al. (2020). Determination of total purine and purine base content of 80 food products to aid nutritional therapy for gout and hyperuricemia. Nucleosides, Nucleotides, and Nucleic Acids, 39(10-12), 1449-57. [Japan, 2020]"
"Pepper, sweet, green, raw",69.1,1,Japan,2014,nonNAm,b,"Kaneko, K., et al. (2014). Total purine and purine base content of common foodstuffs for facilitating nutritional therapy for gout and hyperuricemia. Biological and Pharmaceutical Bulletin, 37(5), 709-21. [Japan, 2014]"
"Perilla leaves, shiso, raw",41.5,1,Japan,2014,nonNAm,b,"Kaneko, K., et al. (2014). Total purine and purine base content of common foodstuffs for facilitating nutritional therapy for gout and hyperuricemia. Biological and Pharmaceutical Bulletin, 37(5), 709-21. [Japan, 2014]"
"Potato, raw",6.5,1,Japan,2014,nonNAm,b,"Kaneko, K., et al. (2014). Total purine and purine base content of common foodstuffs for facilitating nutritional therapy for gout and hyperuricemia. Biological and Pharmaceutical Bulletin, 37(5), 709-21. [Japan, 2014]"
"Pumpkin, raw",56.7,1,Japan,2014,nonNAm,b,"Kaneko, K., et al. (2014). Total purine and purine base content of common foodstuffs for facilitating nutritional therapy for gout and hyperuricemia. Biological and Pharmaceutical Bulletin, 37(5), 709-21. [Japan, 2014]"
"Radish leaf, Japanese",33.6,1,Japan,2020,nonNAm,n,"Kaneko, K., et al. (2020). Determination of total purine and purine base content of 80 food products to aid nutritional therapy for gout and hyperuricemia. Nucleosides, Nucleotides, and Nucleic Acids, 39(10-12), 1449-57. [Japan, 2020]"
"Radish root, Japanese",1.7,1,Japan,2020,nonNAm,n,"Kaneko, K., et al. (2020). Determination of total purine and purine base content of 80 food products to aid nutritional therapy for gout and hyperuricemia. Nucleosides, Nucleotides, and Nucleic Acids, 39(10-12), 1449-57. [Japan, 2020]"
"Radish sprouts, white, raw",73.2,1,Japan,2014,nonNAm,b,"Kaneko, K., et al. (2014). Total purine and purine base content of common foodstuffs for facilitating nutritional therapy for gout and hyperuricemia. Biological and Pharmaceutical Bulletin, 37(5), 709-21. [Japan, 2014]"
"Seaweed, hijiki, dried",132.7,1,Japan,2014,nonNAm,b,"Kaneko, K., et al. (2014). Total purine and purine base content of common foodstuffs for facilitating nutritional therapy for gout and hyperuricemia. Biological and Pharmaceutical Bulletin, 37(5), 709-21. [Japan, 2014]"
"Seaweed, kombu, dried",46.4,1,Japan,2014,nonNAm,b,"Kaneko, K., et al. (2014). Total purine and purine base content of common foodstuffs for facilitating nutritional therapy for gout and hyperuricemia. Biological and Pharmaceutical Bulletin, 37(5), 709-21. [Japan, 2014]"
"Seaweed, mozuku, dried",15.5,1,Japan,2014,nonNAm,b,"Kaneko, K., et al. (2014). Total purine and purine base content of common foodstuffs for facilitating nutritional therapy for gout and hyperuricemia. Biological and Pharmaceutical Bulletin, 37(5), 709-21. [Japan, 2014]"
"Seaweed, nori, dried",591.5,1,Japan,2014,nonNAm,b,"Kaneko, K., et al. (2014). Total purine and purine base content of common foodstuffs for facilitating nutritional therapy for gout and hyperuricemia. Biological and Pharmaceutical Bulletin, 37(5), 709-21. [Japan, 2014]"
"Seaweed, wakame, raw",262.3,1,Japan,2014,nonNAm,b,"Kaneko, K., et al. (2014). Total purine and purine base content of common foodstuffs for facilitating nutritional therapy for gout and hyperuricemia. Biological and Pharmaceutical Bulletin, 37(5), 709-21. [Japan, 2014]"
Sesame,36.3,1,Japan,2020,nonNAm,n,"Kaneko, K., et al. (2020). Determination of total purine and purine base content of 80 food products to aid nutritional therapy for gout and hyperuricemia. Nucleosides, Nucleotides, and Nucleic Acids, 39(10-12), 1449-57. [Japan, 2020]"
"Soybeans, green, raw",48.0,1,Japan,2014,nonNAm,b,"Kaneko, K., et al. (2014). Total purine and purine base content of common foodstuffs for facilitating nutritional therapy for gout and hyperuricemia. Biological and Pharmaceutical Bulletin, 37(5), 709-21. [Japan, 2014]"
"Spinach, boiled",39.18,1,Japan,2008,nonNAm,d,"Kaneko, K., et al. (2008). Purine contents of soybean-derived foods and selected Japanese vegetables and mushrooms. Nucleosides, Nucleotides, and Nucleic Acids, 27(6-7), 628-30. [Japan, 2008]"
"Spinach, mature, raw",51.3,1,Japan,2014,nonNAm,b,"Kaneko, K., et al. (2014). Total purine and purine base content of common foodstuffs for facilitating nutritional therapy for gout and hyperuricemia. Biological and Pharmaceutical Bulletin, 37(5), 709-21. [Japan, 2014]"
"Spinach, young, raw",171.8,1,Japan,2014,nonNAm,b,"Kaneko, K., et al. (2014). Total purine and purine base content of common foodstuffs for facilitating nutritional therapy for gout and hyperuricemia. Biological and Pharmaceutical Bulletin, 37(5), 709-21. [Japan, 2014]"
"Squash, zucchini, raw",13.1,1,Japan,2014,nonNAm,b,"Kaneko, K., et al. (2014). Total purine and purine base content of common foodstuffs for facilitating nutritional therapy for gout and hyperuricemia. Biological and Pharmaceutical Bulletin, 37(5), 709-21. [Japan, 2014]"
"Sweet potato, raw",17.0,1,Japan,2014,nonNAm,b,"Kaneko, K., et al. (2014). Total purine and purine base content of common foodstuffs for facilitating nutritional therapy for gout and hyperuricemia. Biological and Pharmaceutical Bulletin, 37(5), 709-21. [Japan, 2014]"
Taro,1.8,1,Japan,2020,nonNAm,n,"Kaneko, K., et al. (2020). Determination of total purine and purine base content of 80 food products to aid nutritional therapy for gout and hyperuricemia. Nucleosides, Nucleotides, and Nucleic Acids, 39(10-12), 1449-57. [Japan, 2020]"
"Tomatoes, cherry type, raw",3.1,1,Japan,2014,nonNAm,b,"Kaneko, K., et al. (2014). Total purine and purine base content of common foodstuffs for facilitating nutritional therapy for gout and hyperuricemia. Biological and Pharmaceutical Bulletin, 37(5), 709-21. [Japan, 2014]"
"Tomatoes, no further specified",6.6,1,Japan,2020,nonNAm,n,"Kaneko, K., et al. (2020). Determination of total purine and purine base content of 80 food products to aid nutritional therapy for gout and hyperuricemia. Nucleosides, Nucleotides, and Nucleic Acids, 39(10-12), 1449-57. [Japan, 2020]"
Turnip,3.9,1,Japan,2020,nonNAm,n,"Kaneko, K., et al. (2020). Determination of total purine and purine base content of 80 food products to aid nutritional therapy for gout and hyperuricemia. Nucleosides, Nucleotides, and Nucleic Acids, 39(10-12), 1449-57. [Japan, 2020]"
"Yam, Japanese",4.0,1,Japan,2020,nonNAm,n,"Kaneko, K., et al. (2020). Determination of total purine and purine base content of 80 food products to aid nutritional therapy for gout and hyperuricemia. Nucleosides, Nucleotides, and Nucleic Acids, 39(10-12), 1449-57. [Japan, 2020]"
"‘Bacon', meatless",74.37,2,Great Britain,2010,nonNAm,f,"Havlik, J.,et al. (2010). Dietary purines in vegetarian meat analogues. Journal of the Science of Food and Agriculture, 90(14), 2352-7. [Czech Republic, Vietnam, Great Britain, 2010]"
"‘Chicken', meatless",76.99,2,Great Britain,2010,nonNAm,f,"Havlik, J.,et al. (2010). Dietary purines in vegetarian meat analogues. Journal of the Science of Food and Agriculture, 90(14), 2352-7. [Czech Republic, Vietnam, Great Britain, 2010]"
"‘Frankfurter', meatless",32.05,2,Great Britain,2010,nonNAm,f,"Havlik, J.,et al. (2010). Dietary purines in vegetarian meat analogues. Journal of the Science of Food and Agriculture, 90(14), 2352-7. [Czech Republic, Vietnam, Great Britain, 2010]"
"‘Sausage', meatless",45.9,9,"Czech Republic, Great Britain",2010,nonNAm,f,"Havlik, J.,et al. (2010). Dietary purines in vegetarian meat analogues. Journal of the Science of Food and Agriculture, 90(14), 2352-7. [Czech Republic, Vietnam, Great Britain, 2010]"
‘Vegetarian 'gizzard' from soy,0.25,1,Vietnam,2010,nonNAm,f,"Havlik, J.,et al. (2010). Dietary purines in vegetarian meat analogues. Journal of the Science of Food and Agriculture, 90(14), 2352-7. [Czech Republic, Vietnam, Great Britain, 2010]"
Egg white schnitzel (vegetarian ‘steak’),39.49,1,Czech Republic,2010,nonNAm,f,"Havlik, J.,et al. (2010). Dietary purines in vegetarian meat analogues. Journal of the Science of Food and Agriculture, 90(14), 2352-7. [Czech Republic, Vietnam, Great Britain, 2010]"
"Ham style vegetarian slices, from mycoprotein",117.45,1,Great Britain,2010,nonNAm,f,"Havlik, J.,et al. (2010). Dietary purines in vegetarian meat analogues. Journal of the Science of Food and Agriculture, 90(14), 2352-7. [Czech Republic, Vietnam, Great Britain, 2010]"
Instant-vegetarian dried 'deer' from soy,115.82,1,Vietnam,2010,nonNAm,f,"Havlik, J.,et al. (2010). Dietary purines in vegetarian meat analogues. Journal of the Science of Food and Agriculture, 90(14), 2352-7. [Czech Republic, Vietnam, Great Britain, 2010]"
Instant-vegetarian dried 'fish' from soy,88.6,1,Vietnam,2010,nonNAm,f,"Havlik, J.,et al. (2010). Dietary purines in vegetarian meat analogues. Journal of the Science of Food and Agriculture, 90(14), 2352-7. [Czech Republic, Vietnam, Great Britain, 2010]"
"Luncheon slices, meatless",97.8,2,Great Britain,2010,nonNAm,f,"Havlik, J.,et al. (2010). Dietary purines in vegetarian meat analogues. Journal of the Science of Food and Agriculture, 90(14), 2352-7. [Czech Republic, Vietnam, Great Britain, 2010]"
Tofu burger,102.6,1,Czech Republic,2010,nonNAm,f,"Havlik, J.,et al. (2010). Dietary purines in vegetarian meat analogues. Journal of the Science of Food and Agriculture, 90(14), 2352-7. [Czech Republic, Vietnam, Great Britain, 2010]"
Vegetarian 'Ba Sa fish' from soy,82.52,1,Vietnam,2010,nonNAm,f,"Havlik, J.,et al. (2010). Dietary purines in vegetarian meat analogues. Journal of the Science of Food and Agriculture, 90(14), 2352-7. [Czech Republic, Vietnam, Great Britain, 2010]"
Vegetarian 'meatloaf' or patties,42.08,2,"Czech Republic, Great Britain",2010,nonNAm,f,"Havlik, J.,et al. (2010). Dietary purines in vegetarian meat analogues. Journal of the Science of Food and Agriculture, 90(14), 2352-7. [Czech Republic, Vietnam, Great Britain, 2010]"
Vegetarian 'quail's eggs',0.04,1,Vietnam,2010,nonNAm,f,"Havlik, J.,et al. (2010). Dietary purines in vegetarian meat analogues. Journal of the Science of Food and Agriculture, 90(14), 2352-7. [Czech Republic, Vietnam, Great Britain, 2010]"
Vegetarian 'steak' from wheat (Robi' schnitzels),21.01,1,Czech Republic,2010,nonNAm,f,"Havlik, J.,et al. (2010). Dietary purines in vegetarian meat analogues. Journal of the Science of Food and Agriculture, 90(14), 2352-7. [Czech Republic, Vietnam, Great Britain, 2010]"
Vegetarian tender 'shrimp',0.06,1,Vietnam,2010,nonNAm,f,"Havlik, J.,et al. (2010). Dietary purines in vegetarian meat analogues. Journal of the Science of Food and Agriculture, 90(14), 2352-7. [Czech Republic, Vietnam, Great Britain, 2010]"
"Veggie burgers or soyburgers, unprepared",65.49,7,"Czech Republic, Great Britain",2010,nonNAm,f,"Havlik, J.,et al. (2010). Dietary purines in vegetarian meat analogues. Journal of the Science of Food and Agriculture, 90(14), 2352-7. [Czech Republic, Vietnam, Great Britain, 2010]"
Vegi 'steak' from soy,62.06,1,Czech Republic,2010,nonNAm,f,"Havlik, J.,et al. (2010). Dietary purines in vegetarian meat analogues. Journal of the Science of Food and Agriculture, 90(14), 2352-7. [Czech Republic, Vietnam, Great Britain, 2010]"
Vegideli fish style fingers,67.3,1,Great Britain,2010,nonNAm,f,"Havlik, J.,et al. (2010). Dietary purines in vegetarian meat analogues. Journal of the Science of Food and Agriculture, 90(14), 2352-7. [Czech Republic, Vietnam, Great Britain, 2010]"
Beer for export (higher wort content than typical Austrian Lager),10.66,1,"Austria, Hungary, Romania, Poland",2002,alcohol,m,"Klampfl, C.W., et al. (2002). Determination of purines and pyrimidines in beer samples by capillary zone electrophoresis. Analytica Chimica Acta, 454(2), 185-91. [Austria, Hungary, Romania, Poland, 2002]"
"Beer, ‘regular’ type, various brands",8.48,38,"Japan, Austria, Hungary, Romania, Poland","2013, 2009, 2002",alcohol,"k,l,m",
"Beer, dark",13.51,1,"Austria, Hungary, Romania, Poland",2002,alcohol,m,"Klampfl, C.W., et al. (2002). Determination of purines and pyrimidines in beer samples by capillary zone electrophoresis. Analytica Chimica Acta, 454(2), 185-91. [Austria, Hungary, Romania, Poland, 2002]"
"Beer, from wheat",8.05,1,"Austria, Hungary, Romania, Poland",2002,alcohol,m,"Klampfl, C.W., et al. (2002). Determination of purines and pyrimidines in beer samples by capillary zone electrophoresis. Analytica Chimica Acta, 454(2), 185-91. [Austria, Hungary, Romania, Poland, 2002]"
"Beer, low alcohol",4.62,12,"Japan, Austria, Hungary, Romania, Poland","2009, 2002",alcohol,"l,m",
"Beer, Pils",9.83,1,"Austria, Hungary, Romania, Poland",2002,alcohol,m,"Klampfl, C.W., et al. (2002). Determination of purines and pyrimidines in beer samples by capillary zone electrophoresis. Analytica Chimica Acta, 454(2), 185-91. [Austria, Hungary, Romania, Poland, 2002]"
Brandy,0.38,1,Japan,2009,alcohol,l,"Kaneko, K.,et al. (2009). Determination of purine contents of alcoholic beverages using high performance liquid chromatography. Biomedical Chromatography, 23(8), 858-64. [Japan, 2009]"
"Malt beverage, including non-alcoholic beer",2.93,15,"Japan, Austria, Hungary, Romania, Poland","2013, 2009, 2002",alcohol,"k,l,m",
Radler (beer and lemonade mixture),3.58,1,"Austria, Hungary, Romania, Poland",2002,alcohol,m,"Klampfl, C.W., et al. (2002). Determination of purines and pyrimidines in beer samples by capillary zone electrophoresis. Analytica Chimica Acta, 454(2), 185-91. [Austria, Hungary, Romania, Poland, 2002]"
Sake,1.41,3,Japan,2009,alcohol,l,"Kaneko, K.,et al. (2009). Determination of purine contents of alcoholic beverages using high performance liquid chromatography. Biomedical Chromatography, 23(8), 858-64. [Japan, 2009]"
Shochu (Japanese spirit liquor),0.02,2,Japan,2009,alcohol,l,"Kaneko, K.,et al. (2009). Determination of purine contents of alcoholic beverages using high performance liquid chromatography. Biomedical Chromatography, 23(8), 858-64. [Japan, 2009]"
Shoko-shu (Chinese liquor),9.65,2,Japan,2009,alcohol,l,"Kaneko, K.,et al. (2009). Determination of purine contents of alcoholic beverages using high performance liquid chromatography. Biomedical Chromatography, 23(8), 858-64. [Japan, 2009]"
Ume liqueur,0.19,1,Japan,2009,alcohol,l,"Kaneko, K.,et al. (2009). Determination of purine contents of alcoholic beverages using high performance liquid chromatography. Biomedical Chromatography, 23(8), 858-64. [Japan, 2009]"
Whiskey,0.21,2,Japan,2009,alcohol,l,"Kaneko, K.,et al. (2009). Determination of purine contents of alcoholic beverages using high performance liquid chromatography. Biomedical Chromatography, 23(8), 858-64. [Japan, 2009]"
Wine,1.19,3,Japan,2009,alcohol,l,"Kaneko, K.,et al. (2009). Determination of purine contents of alcoholic beverages using high performance liquid chromatography. Biomedical Chromatography, 23(8), 858-64. [Japan, 2009]"
